id,ctry,cit,reg,name,url,stat,date,prfs,lat,lon,prts,traf,avg,trgh,ipv6_avg,pch,updt,tc_rank,tw_rank,pc_rank,pr_rank,pw_rank,tr_rank,prts_url,q9,iata,regct
2,Argentina,"Buenos Aires","Latin America","CABASE IXP Buenos Aires",https://ixp.cabase.org.ar/ixp-buenos-aires.php,Active,19980401,44475,-34.57000,-58.42000,180,4000000000,2100000000,1800000000,0.000000,Yes,2015-02-15,1,32,1,10,91,5,https://ixp.cabase.org.ar/ixp-buenos-aires.php,No,EZE,143
8,Australia,Melbourne,Asia-Pacific,"IX Australia (Melbourne VIC)",https://www.ix.asn.au,Active,20110000,0,-37.82000,144.97000,108,165000000,87000000,39000000,0.000000,No,2021-08-03,12,274,7,39,148,66,https://internet.asn.au/about-us/peers-and-partners/,No,,190
9,Australia,Perth,Asia-Pacific,"IX Australia (Perth WA)",https://www.ix.asn.au,Active,19970600,942004,-31.93000,115.95000,82,86000000,35900000,13000000,0.000000,Yes,2021-08-03,13,323,8,49,191,75,https://internet.asn.au/about-us/peers-and-partners/,Yes,PER,190
12,Australia,Sydney,Asia-Pacific,"Equinix Internet Exchange Sydney",https://www.equinix.com/resources/data-sheets/equinix-internet-exchange/,Active,20030000,1251172,-33.95000,151.17999,238,472536728,452148817,448905835,0.000000,Yes,2026-08-25,5,193,2,15,57,41,https://ix.equinix.com/home/locations-and-traffic/,Yes,SYD,190
14,Austria,Graz,Europe,"Grazer Internet Exchange",http://www.grax.at/,Active,20100304,0,47.07030,15.43890,14,36400,0,0,0.000000,No,2017-04-03,5,620,6,235,557,233,http://www.grax.at/,No,,337
15,Austria,Vienna,Europe,"Vienna Internet Exchange",https://www.vix.at/en/,Active,19960400,1562049,48.20000,16.37000,187,1019500000,886500000,698000000,6.373380,Yes,2022-02-28,1,132,1,44,86,40,https://www.vix.at/en/participants-partners/participants,Yes,VIE,337
16,Bangladesh,Dhaka,Asia-Pacific,"Bangladesh Internet Exchange",http://www.bdix.net/,Active,20040826,41505,23.77000,90.38000,124,641509309399,1059901478,72412829616,0.000000,Yes,2026-08-25,1,1,2,32,128,1,http://bdix.net/members/,Yes,DAC,190
17,Belgium,Brussels,Europe,"Belgian National Internet Exchange",https://bnix.net/,Active,19950000,758259,50.90000,4.53000,82,899070616,591939962,236574500,50.000000,Yes,2026-08-25,1,115,1,88,191,35,https://ixpmanager.bnix.net/customer/details,No,BRU2,337
19,Brazil,"Belo Horizonte","Latin America","IX.br (PTT.br) Belo Horizonte",http://ix.br/,Active,20060000,0,-19.63000,-43.97000,120,349390000,222650000,120000000,0.000000,No,2022-02-28,9,212,11,13,132,47,https://ix.br/particip/mg,No,,143
20,Brazil,Brasília,"Latin America","IX.br (PTT.br) Brasília",https://ix.br,Active,20040700,0,-15.78000,-47.93000,279,892000000,619000000,400000000,0.000000,No,2022-02-28,6,140,5,5,44,37,http://ix.br/particip/df,No,,143
29,Brazil,"São Paulo","Latin America","Equinix Internet Exchange São Paulo",https://ix.equinix.com/home/,Active,19980000,0,-23.62000,-46.65000,204,1315674120,1302076290,1296438391,0.000000,No,2026-08-25,4,116,8,8,76,34,https://ix.equinix.com/home/locations-and-traffic/#traffic,No,,143
30,Brazil,"São Paulo","Latin America","IX.br (PTT.br) São Paulo",http://ix.br,Active,20040700,974398,-23.62000,-46.65000,2690,21900000000,17210000000,15000000000,0.000000,Yes,2022-02-28,1,5,1,1,1,1,https://ix.br/particip/sp,No,GRU,143
39,Canada,Toronto,"North America","Toronto Internet Exchange",https://www.torix.ca/,Active,19980724,789586,43.67000,-79.40000,286,2860000000,2067000000,1600000000,0.000000,Yes,2022-02-28,1,71,1,5,41,6,https://www.torix.ca/peers/,Yes,YYZ,157
41,Chile,Santiago,"Latin America","NAP Chile",http://www.nap.cl/,Active,19970900,0,-33.38000,-70.78000,21,0,0,0,0.000000,No,0000-00-00,4,649,2,56,451,127,http://www.nap.cl/f_proveedores.html,No,,143
49,Colombia,Bogotá,"Latin America","NAP Colombia",https://www.nap.co,Active,20000629,0,4.70000,-74.13000,24,0,0,0,0.000000,No,2020-09-21,8,649,3,53,418,127,https://www.nap.co/miembros/,No,,143
51,Croatia,Zagreb,Europe,"Croatian Internet Exchange",https://www.cix.hr/,Active,20010300,769818,45.82000,16.03000,46,353363018,221056458,84330742,49.997670,Yes,2026-08-25,1,185,1,129,296,64,https://www.cix.hr/clanice/clanice,Yes,ZAG,337
53,Cyprus,Lefkosia,Europe,"Cyprus Internet Exchange",https://cynet.ac.cy/cyix/,Active,19990000,0,35.17000,33.37000,16,10000,0,0,0.000000,No,0000-00-00,1,625,1,218,517,236,https://cynet.ac.cy/members/,No,,337
54,"Czech Republic",Brno,Europe,"Brno Internet Exchange Point",http://www.br-ix.cz/,Active,0,0,49.15000,16.70000,8,75000000,0,12000000,0.000000,No,2022-02-28,4,332,4,282,694,121,,No,,337
55,"Czech Republic",Prague,Europe,"NIX.CZ - Neutral Internet eXchange for the Czech Republic",https://www.nix.cz/cs,Active,19960831,0,50.08000,14.43000,206,2880000000,1750000000,594000000,0.000000,No,2020-03-27,2,70,2,38,74,17,https://www.nix.cz/en/networks,No,,337
56,Denmark,Copenhagen,Europe,"Danish Internet Exchange",http://www.dix.dk/,Active,19940500,0,55.67000,12.57000,29,211002034,112102484,37874469,49.658700,No,2026-08-25,2,253,2,165,380,87,https://portal.dix.dk/customer/details,No,,337
57,Ecuador,Guayaquil,"Latin America","NAP Ecuador - Guayaquil",https://aeprovi.org.ec/ixp/,Active,20030000,0,-2.15000,-79.88000,13,253000000,123000000,27000000,0.000000,No,2026-03-17,1,232,3,77,578,52,https://aeprovi.org.ec/ixp/topologia/,No,,143
58,Ecuador,Quito,"Latin America","NAP Ecuador - Quito",https://aeprovi.org.ec/ixp/,Active,20030000,0,-0.15000,-78.48000,18,103499946,27590710,6555123,0.000000,No,2026-08-25,3,307,1,63,485,61,https://aeprovi.org.ec/ixp/topologia/,No,,143
59,Egypt,Cairo,Africa,"Cairo Internet Exchange",http://www.caix.net.eg/,Active,20020500,2209,30.13000,31.40000,7,31100000,15400000,9540000,0.000000,Yes,2022-02-28,2,388,3,51,726,27,http://www.caix.net.eg/index.php/member-list,Yes,CAI,67
62,"United Kingdom",London,Europe,"LINX LON1",https://www.linx.net/,Active,19941108,2265997,51.48000,-0.45000,925,4306000000,3648000000,2774000000,0.000000,Yes,2018-08-22,1,31,1,3,6,12,https://portal.linx.net/members/members-full-list,Yes,LHR,337
64,"United Kingdom",London,Europe,"London Network Access Point",https://www.lonap.net/,Active,19980000,1438127,51.48000,-0.45000,312,2555618688,1674633264,807898940,0.000000,Yes,2026-08-25,2,74,2,18,34,18,https://portal.lonap.net/customer/details,Yes,LHR,337
69,Finland,Helsinki,Europe,"Finnish Communication and Internet Exchange Helsinki",https://www.ficix.fi/,Active,19930000,0,60.17000,25.00000,59,368000000,178000000,50400000,0.000000,No,2013-03-20,1,205,2,109,249,69,https://ficix.fi/membership/ficix-members,No,,337
70,Finland,Tampere,Europe,"Tampere Region Exchange",http://www.trex.fi/,Active,20030803,20047,61.42000,23.58000,27,7770000,3000000,600000,0.000000,Yes,2018-04-02,4,478,4,168,393,174,http://www.trex.fi/members.html,Yes,TMP,337
78,France,Paris,Europe,"Service for French Internet Exchange",https://www.sfinx.fr/,Active,19950000,10102,48.80000,2.33000,24,249,8000000,1500,0.000000,No,2022-02-28,14,637,9,174,418,238,,Yes,CDG,337
80,Germany,Berlin,Europe,"Berlin Commercial Internet Exchange",https://www.bcix.de/,Active,20020906,1261841,52.38000,13.52000,152,1021575642,615814398,262545376,0.000000,Yes,2026-08-25,2,131,8,51,105,39,https://www.bcix.de/members/,Yes,BER,337
81,Germany,Berlin,Europe,"Megaport Berlin IX",https://www.megaport.com/,Active,20030000,689577,52.38000,13.52000,45,32476000,19860000,11460000,0.000000,Yes,0000-00-00,15,382,17,132,302,137,https://www.megaport.com/connected-networks/,Yes,SXF,337
82,Germany,Düsseldorf,Europe,"Megaport Dusseldorf IX",https://www.megaport.com/,Active,20030000,1038438,51.28000,6.76000,97,248710000,179900000,46480000,0.000000,Yes,2012-01-23,7,235,10,73,164,79,https://www.megaport.com/connected-networks/,No,,337
83,Germany,Frankfurt,Europe,"DE-CIX Frankfurt",https://www.de-cix.net/en/locations/germany/frankfurt,Active,19950500,3765167,50.12000,8.68000,1071,8750622598,8651001244,8551379891,0.000000,Yes,2026-08-25,1,14,1,2,4,4,https://www.de-cix.net/en/locations/germany/frankfurt/connected-networks,Yes,FRA,337
88,Germany,Hamburg,Europe,"DE-CIX Hamburg",https://www.de-cix.net/en/locations/germany/hamburg,Active,20070000,1136446,53.55000,10.03000,195,125530686,125311020,125091354,50.000000,Yes,2026-08-25,11,293,7,41,82,105,https://www.de-cix.net/en/locations/germany/hamburg/connected-networks,No,HAM,337
89,Germany,Munich,Europe,"Megaport Munich IX",https://www.megaport.com,Active,19940600,1016399,48.13000,11.70000,38,24170000,15280000,4530000,0.000000,Yes,2015-10-31,17,402,19,147,332,142,https://www.megaport.com/connected-networks/,Yes,FRA,337
92,Germany,Nuremberg,Europe,"Nürnberger Internet Exchange",http://www.n-ix.net/,Active,20010400,8942,49.50000,11.08000,50,18000000,12000000,6000000,0.000000,No,2022-02-28,18,426,15,122,281,147,https://www.n-ix.net/en/participants/,No,,337
93,Ghana,Accra,Africa,"Ghana Internet Exchange Association",http://www.gixa.org.gh/,Active,20051018,9436,5.60000,-0.17000,27,78000000,16200000,3580000,0.000000,Yes,2019-04-20,1,329,1,20,393,23,http://gixa.org.gh/connected-networks/,Yes,ACC,67
94,Greece,Athens,Europe,"Greek Internet Exchange - Athens",https://www.gr-ix.gr/,Active,20000000,1153238,37.90000,23.70000,74,959980880,651758767,235978616,50.001260,Yes,2026-08-25,2,136,2,94,205,43,https://www.gr-ix.gr/members/,No,ATH,337
96,China,"Hong Kong",Asia-Pacific,"Hong Kong Internet Exchange",http://www.hkix.net,Active,19950400,1290695,22.33000,114.18000,307,3210960000,1828000000,1660000000,0.000000,Yes,2022-02-28,2,62,1,7,33,14,http://www.hkix.net/hkix/participant.htm,No,HKG,190
99,Hungary,Budapest,Europe,"Budapest Internet Exchange",http://www.bix.hu/,Active,19960000,657366,47.43000,19.18000,119,1014617370,655294644,0,0.000000,Yes,2026-08-25,1,133,1,61,134,41,https://ixpman.bix.hu/customer/details,No,BUD,337
100,Iceland,Reykjavik,Europe,"Reykjavik Internet Exchange",https://www.rix.is/en/,Active,19990000,10809,64.12000,-21.90000,30,29200000,22700000,15300000,0.000000,Yes,2023-11-14,1,391,1,161,373,140,https://www.rix.is/en/connected,Yes,KEF,337
103,India,Mumbai,Asia-Pacific,"National Internet Exchange of India - Mumbai",https://nixi.in/,Active,20030719,156553,19.10935,72.90144,184,8400000,2710000,1380000,0.000000,Yes,2022-02-28,12,473,3,21,89,111,https://www.peeringdb.com/ix/224,No,BOM2,190
104,India,"New Delhi",Asia-Pacific,"National Internet Exchange of India - New Delhi",https://ix.nixi.in/,Active,20030719,113437,28.58000,77.20000,119,49400000,781000,386000,0.000000,Yes,2022-02-28,8,358,5,34,134,89,https://www.peeringdb.com/ix/198,No,DEL,190
105,India,Chennai,Asia-Pacific,"National Internet Exchange of India - Chennai",https://nixi.in/,Active,20030719,157364,13.07000,80.20000,58,0,0,0,0.000000,Yes,2022-02-28,11,404,9,68,255,100,https://www.peeringdb.com/ix/235,No,MAA,190
106,India,Kolkata,Asia-Pacific,"National Internet Exchange of India - Kolkata",https://nixi.in/,Active,20030719,0,22.57000,88.40000,29,0,0,0,0.000000,No,2022-02-28,18,649,14,95,380,130,https://www.peeringdb.com/ix/1317,No,,190
110,Indonesia,Jakarta,Asia-Pacific,"Indonesian Internet Exchange (IIX-Jakarta)",https://www.iix.net.id/,Active,19970800,95,-6.17444,106.82944,929,17887547817,13085251031,4870130079,0.000000,Yes,2026-08-25,2,6,2,2,5,3,https://squad.iix.net.id/customer/details,Yes,JKT,190
111,Indonesia,Jakarta,Asia-Pacific,"Jakarta Internet Exchange",https://jktix.com/,Active,20180600,0,-6.17444,106.82944,833,3684599223,2316075895,665117065,0.000000,No,2026-08-25,4,57,3,3,9,12,https://ixpmanager.jktix.com/customer/details,No,,190
116,Ireland,Dublin,Europe,"Internet Neutral Exchange Association CLG - LAN1",https://www.inex.ie/,Active,19960000,1406126,53.33000,-6.25000,115,2039143764,1407265064,760025974,50.000000,Yes,2026-08-25,1,84,2,64,138,24,https://www.inex.ie/about-us/inex-members/,Yes,DUB,337
117,Israel,"Petach Tikva",Europe,"Israeli Internet Exchange",https://en.isoc.org.il/iix/about-iix,Active,19960000,4546,32.08404,34.88776,18,338980000,144550000,76820000,0.000000,Yes,2022-02-28,1,214,1,208,485,72,https://en.isoc.org.il/iix/iix-users,Yes,TLV,337
118,Italy,Milan,Europe,"Milan Internet Exchange",http://www.mix-it.net/,Active,20000100,0,45.45000,9.17000,416,3000000000,2430000000,908000000,0.000000,No,2021-05-07,1,65,1,15,24,15,https://www.mix-it.net/en/connected-asns/,No,,337
120,Italy,Rome,Europe,"Roma Internet Exchange Point",https://www.namex.it/,Active,19960000,544972,41.90000,12.45000,225,2396327232,1295524390,385019748,50.017190,Yes,2026-08-25,2,79,2,31,64,21,https://www.namex.it/namex-roma/,Yes,FCO,337
121,Italy,Torino,Europe,"Torino Piemonte Exchange Point",https://www.top-ix.org/en/,Active,20020400,920757,45.22000,7.65000,122,293000000,129000000,145000000,0.000000,Yes,2022-02-28,4,221,3,60,130,75,https://www.top-ix.org/en/connected-network/,Yes,TRN,337
125,Japan,Osaka,Asia-Pacific,"JPIX Osaka",https://www.jpix.ad.jp/en/,Active,20020400,43481,34.53000,135.50000,114,1800000000,1100000000,600000000,0.000000,Yes,2022-02-28,6,97,6,35,140,21,https://www.jpix.ad.jp/en/ix/member.php?qso=undefined&qar=2,No,ITM,190
126,Japan,Osaka,Asia-Pacific,"JPNAP Osaka",http://www.mfeed.co.jp/english/jpnap-osaka/index.html,Active,20020100,0,34.53000,135.50000,99,2740000000,1790000000,1400000000,0.000000,No,2022-02-28,4,73,7,42,162,15,https://www.jpnap.net/en/ix/customer#osaka,No,,190
129,Japan,Tokyo,Asia-Pacific,"JPIX Tokyo",https://www.jpix.ad.jp/en/index.php,Active,19970700,138,35.55000,139.78000,259,4330000000,3200000000,2200000000,0.000000,Yes,2022-02-28,3,30,2,12,51,11,https://www.jpix.ad.jp/en/member.php?qso=b&qar=1,Yes,NRT2,190
130,Japan,Tokyo,Asia-Pacific,"JPNAP Tokyo",https://www.jpnap.net/en/,Active,20010500,0,35.55000,139.78000,240,5070000000,4000000000,3500000000,0.000000,No,2022-02-28,2,25,3,14,56,10,https://www.jpnap.net/en/ix/customer#tokyo,No,,190
134,Japan,Tokyo,Asia-Pacific,"Network Service Provider IXP (Distributed IX in Edo)",http://nspixp.wide.ad.jp/index-e.html,Active,19961000,9328,35.55000,139.78000,28,23000000,0,0,0.000000,Yes,2014-09-20,12,406,9,97,388,101,,Yes,NRT,190
137,Japan,Tokyo,Asia-Pacific,"BroadBand Internet eXchange Tokyo",http://www.bbix.net/en/service/ix/,Active,20030700,729721,35.55000,139.78000,360,9530000000,6940000000,2000000000,0.000000,Yes,0000-00-00,1,12,1,6,27,7,https://www.bbix.net/en/participants_list_tk/,No,NRT2,190
138,Japan,Osaka,Asia-Pacific,"BroadBand Internet eXchange Osaka",http://www.bbix.net/en/service/ix/,Active,20030900,574029,34.53000,135.50000,132,2430000000,1190000000,1200000000,0.000000,Yes,0000-00-00,5,77,4,30,123,16,https://www.bbix.net/en/participants_list_os/,No,ITM,190
141,Japan,Fukuoka,Asia-Pacific,"BroadBand Internet eXchange Fukuoka",http://www.bbix.net/en/service/ix/,Active,20041001,0,33.58000,130.38000,14,106830000,36280000,6000000,0.000000,No,0000-00-00,9,306,12,126,557,73,https://www.bbix.net/en/participants_list_fo/,No,,190
142,Japan,Tokyo,Asia-Pacific,"Equinix Internet Exchange Tokyo",https://ix.equinix.com/home/,Active,20010529,719804,35.55000,139.78000,124,1300000000,840000000,420000000,0.000000,Yes,2026-08-25,7,117,5,32,128,26,https://ix.equinix.com/home/locations-and-traffic/#traffic,No,NRT2,190
143,Kenya,Nairobi,Africa,"Kenya Internet Exchange Point - Nairobi",https://www.tespok.co.ke,Active,20010200,733324,-1.32000,36.82000,151,608773248,274753509,83231912,0.000000,Yes,2026-08-25,1,170,1,4,108,11,https://portal.kixp.or.ke/customer/details,Yes,NBO,67
147,"South Korea",Seoul,Asia-Pacific,"Korea Internet Neutral Exchange KINX",https://www.kinx.net/?lang=en,Active,20000600,1514420,37.50000,126.93000,64,1096000000,729000000,520000000,0.000000,Yes,2016-03-08,1,123,1,61,232,28,https://kpf.kinx.net/about/kinxnetwork/#ixmember,Yes,ICN,190
156,Mauritius,Ebene,Africa,"Mauritius Internet Exchange",https://www.mixp.org/,Active,20051201,1514,-20.24435,57.49175,25,1658116,854364,350406,50.000000,Yes,2026-08-25,1,551,1,24,408,37,https://portal.mixp.org/customer/details,Yes,MRU,67
158,Mozambique,Maputo,Africa,"Mozambique Internet Exchange",http://www.mozix.org.mz/,Active,20020500,4092,-25.92000,32.57000,15,14700,0,0,0.000000,Yes,2016-11-22,1,623,1,33,544,51,,Yes,MPM,67
159,Nepal,Kathmandu,Asia-Pacific,"Nepal Internet Exchange - Putalisadak",http://www.npix.net.np/,Active,20020800,490,27.70000,85.37000,61,122785880,59890511,11326600,50.002310,Yes,2026-08-25,1,295,1,64,244,70,http://www.npix.net.np/members,Yes,KTM,190
160,Netherlands,Amsterdam,Europe,"AMS-IX Amsterdam",https://www.ams-ix.net/ams,Active,19971229,2569304,52.30000,4.77000,896,27934669838,19961225801,11487035574,49.998580,Yes,2026-08-25,2,4,1,4,8,2,https://www.ams-ix.net/ams/connected-networks,Yes,AMS,337
162,Netherlands,Enschede,Europe,"Nederlands-Duitse Internet Exchange",https://www.ndix.net/,Active,20010400,0,52.22000,6.90000,16,0,0,0,0.000000,No,0000-00-00,15,649,18,218,517,240,https://relined.eu/en/about-us/partners/,No,,337
164,"New Zealand",Auckland,Asia-Pacific,"Auckland Peering Exchange",http://ape.nzix.net/,Active,19990810,150075,-37.02000,174.80000,83,12280000,7800000,3000000,0.000000,Yes,2022-02-28,5,452,4,47,188,108,http://ape.nzix.net/ape-peers.html,Yes,AKL,190
165,"New Zealand",Christchurch,Asia-Pacific,"Christchurch Internet Exchange",http://chix.nzix.net/,Active,20070000,3464,-43.48000,172.55000,12,0,0,0,0.000000,No,0000-00-00,7,649,7,137,603,130,http://pnix.nzix.net/chix-peers.html,No,,190
168,"New Zealand","Palmerston North",Asia-Pacific,"Palmerston North Internet Exchange",http://pnix.nzix.net/,Active,20041130,10,-40.32000,175.60001,4,0,0,0,0.000000,No,0000-00-00,7,649,8,177,808,130,,No,,190
171,"New Zealand",Wellington,Asia-Pacific,"Wellington Internet Exchange",http://wix.nzix.net/,Active,19961200,772,-41.33000,174.80000,89,238000,73210,50000,0.000000,Yes,2022-02-28,6,595,3,45,178,124,http://ape.nzix.net/wix-peers.html,Yes,WLG,190
174,Norway,Oslo,Europe,"Norwegian Internet Exchange Oslo 1",http://www.nix.no/,Active,19930300,690080,59.95000,10.70000,71,564232264,355069489,163712360,49.968910,Yes,2026-08-25,1,178,1,95,215,61,https://www.nix.no/who-is-connected/,No,OSL,337
175,Pakistan,Karachi,Asia-Pacific,"Pakistan Internet Exchange Point - Karachi",http://www.pkix.pk,Active,20190101,0,24.90000,67.13000,14,0,0,0,0.000000,No,0000-00-00,1,649,2,126,557,130,https://www.pkix.pk/announcement.html,No,,190
176,Panama,"Panama City","Latin America","Intered Panamá",http://intered.org.pa/intered/,Active,19970420,7026,8.97000,-79.53000,30,247877634,93250163,34365248,0.000000,Yes,2026-08-25,1,236,1,46,373,53,https://portal.intered.org.pa/customer/details,No,PTY,143
181,Peru,Lima,"Latin America","NAP Perú",http://www.nap.pe/,Active,20010510,0,-12.00000,-77.12000,17,4520000,1400000,2940000,0.000000,No,2020-11-19,9,509,4,67,504,106,http://www.nap.pe/nuestros-asociados/,No,,143
186,Portugal,Lisbon,Europe,"Gigabit Portuguese Internet Exchange Point",https://gigapix.pt/en/index/,Active,19951000,943599,38.73000,-9.15000,61,636000000,207000000,174000000,0.000000,Yes,2022-02-28,1,164,2,107,244,56,https://gigapix.pt/en/members/,Yes,LIS,337
187,Portugal,Porto,Europe,"Gigabit Portuguese Internet Exchange Point Porto",https://gigapix.pt/en/index/,Active,20110100,0,41.16210,-8.62200,2,635640000,207130000,234630000,0.000000,No,0000-00-00,2,165,4,329,866,57,https://gigapix.pt/en/members/,No,,337
189,Romania,Bucharest,Europe,"Romanian National Internet Exchange",http://www.ronix.ro/,Active,20010907,0,44.50000,26.13000,41,47000000,30000000,11000000,0.000000,No,2019-02-03,2,360,3,141,321,127,https://www.ronix.ro/en/members-2/,No,,337
190,Russia,Ekaterinburg,Europe,"MSK-IX Ekaterinburg",https://www.msk-ix.ru/about/,Active,20121201,0,56.80000,60.63000,52,43200000,0,0,0.000000,No,2016-06-06,13,368,17,118,270,130,https://www.msk-ix.ru/en/members/,No,,337
191,Russia,Moscow,Europe,"MSK-IX Moscow",https://www.msk-ix.ru/en/,Active,19951125,0,55.75000,37.60000,497,4994900000,3282500000,1346400000,2.208680,No,2016-06-06,3,26,1,10,17,9,https://www.msk-ix.ru/en/members/,No,,337
192,Russia,Novosibirsk,Europe,"MSK-IX Novosibirsk",https://www.msk-ix.ru/en/,Active,20040000,0,55.03000,82.90000,59,26500000,0,0,0.000000,No,2016-06-06,14,398,15,109,249,141,https://www.msk-ix.ru/en/members/,No,,337
193,Russia,Samara,Europe,"MSK-IX Samara",https://www.msk-ix.ru/eng/,Active,20090000,0,53.25000,50.45000,23,12400000,0,0,0.000000,No,2014-08-20,17,451,25,180,431,163,https://www.msk-ix.ru/en/members/,No,,337
195,Russia,"St. Petersburg",Europe,"MSK-IX St. Petersburg",https://www.msk-ix.ru/about/,Active,20090000,0,59.93000,30.30000,96,83400000,0,0,0.000000,No,2016-06-06,12,326,9,76,167,119,http://www.msk-ix.ru/en/members/,No,,337
202,Singapore,Singapore,Asia-Pacific,"Singapore Open Exchange",https://www.sox.net.sg/,Active,20010800,107022,1.37000,103.98000,24,0,0,0,0.000000,Yes,0000-00-00,7,649,6,102,418,130,https://www.sox.net.sg/members.php,No,SIN,190
204,Slovakia,Bratislava,Europe,"Slovak Internet eXchange Bratislava",http://www.six.sk/,Active,19961000,656447,48.20000,17.20000,71,158139912,68252685,23370520,0.000000,Yes,2026-08-25,1,279,1,95,215,98,http://www.six.sk/index.php?lang=en&page=pripojene_siete,No,BTS,337
205,Slovenia,Ljubljana,Europe,"Slovenian Internet Exchange",https://www.six.si/en/home,Active,19940200,83190,46.22000,14.48000,39,221044382,153249751,67641402,49.982520,Yes,2026-08-25,1,246,1,144,326,86,https://www.six.si/en/members,No,LJU,337
206,"South Africa","Cape Town",Africa,"Cape Town Internet Exchange",https://www.inx.net.za/display/pub/CINX+-+Cape+Town+Internet+Exchange,Active,20090700,1046307,-33.98000,18.60000,121,450000000,247950000,174320000,0.000000,Yes,2021-10-24,5,195,5,8,131,13,https://portal.inx.net.za/customer/details,Yes,CPT,67
209,"South Africa",Johannesburg,Africa,"Johannesburg Internet Exchange",https://wiki.inx.net.za/display/pub/JINX+-+Johannesburg+Internet+Exchange,Active,19960606,1091343,-26.13000,28.23000,213,1500000000,417010000,380200000,0.000000,Yes,2025-10-01,3,93,3,3,69,5,https://portal.inx.net.za/customer/details,Yes,JNB,67
211,Spain,Barcelona,Europe,"Catalunya Neutral Internet Exchange Point",http://www.catnix.net/,Active,19990407,337488,41.28000,2.07000,56,158988038,107627781,37817294,0.000000,Yes,2026-08-25,3,278,4,114,260,97,https://ixpmanager.catnix.net/customer/details,Yes,BCN,337
213,Spain,Madrid,Europe,"ESpanix Madrid Lower LAN",http://www.espanix.net/en/index.html,Active,19970000,1189132,40.43000,-3.70000,176,2020000000,1520000000,738000000,0.000000,Yes,2022-02-28,1,87,2,48,95,25,https://www.peeringdb.com/ix/63,Yes,MAD,337
222,Sweden,Gothenburg,Europe,"Netnod Gothenburg",https://www.netnod.se/,Active,19980000,0,57.67000,12.30000,16,21100000,14500000,8020000,0.000000,No,2022-02-28,5,412,11,218,517,143,https://www.netnod.se/ix/networks,No,,337
225,Sweden,Luleå,Europe,"Netnod Luleå",https://www.netnod.se/,Active,20040900,0,65.58000,22.15000,9,163000,45700,5100,0.000000,No,2022-02-28,12,600,14,274,671,228,https://www.netnod.se/ix/networks,No,,337
227,Sweden,Stockholm,Europe,"Netnod Stockholm",https://www.netnod.se/,Active,19970000,870884,59.33000,18.05000,77,0,0,0,0.000000,Yes,2022-02-28,10,575,6,91,199,216,https://www.netnod.se/ix/networks,No,ARN,337
228,Sweden,Stockholm,Europe,SOLIX,https://www.sol-ix.net/en/about-solix/,Active,20011201,0,59.33000,18.05000,66,223022288,133839225,73664816,50.019910,No,2026-08-25,3,245,7,100,228,85,https://www.sol-ix.net/en/members/,No,,337
229,Sweden,Sundsvall,Europe,"Netnod Sundsvall- Gävle",https://www.netnod.se,Active,20000000,0,62.38000,17.30000,18,11100000,6740000,3860000,0.000000,No,2022-02-28,7,458,10,208,485,166,https://www.netnod.se/ix/networks,No,,337
230,Sweden,Umeå,Europe,NorrNod,http://www.norrnod.se/,Active,19960000,0,63.80000,20.28000,7,743000,160000,22000,0.000000,No,2022-02-28,11,579,15,290,726,217,http://www.norrnod.se/knutpunkt/anslutna.html,No,,337
231,Switzerland,Geneva,Europe,"CERN IXP / Equinix Internet Exchange Geneva",https://cixp.net/,Active,19950000,1027407,46.25000,6.13000,54,13284443,13152345,797935,0.000000,Yes,2026-08-25,4,447,6,116,266,160,https://cixp.net/technical/peering,Yes,GVA,337
234,Switzerland,Zurich,Europe,SwissIX,https://www.swissix.ch/,Active,20010309,1174590,47.48000,8.53000,252,1030000000,894000000,609000000,0.000000,Yes,2023-03-31,1,129,2,27,53,38,https://www.swissix.ch/participation/participants,Yes,ZRH,337
236,Switzerland,Zurich,Europe,"Equinix Internet Exchange Zurich",https://ix.equinix.com/home/,Active,19990000,1032429,47.48000,8.53000,44,11934290,11639169,10759666,0.000000,Yes,2026-08-25,5,455,7,135,309,164,https://ix.equinix.com/home/locations-and-traffic/#traffic,No,ZRH2,337
237,Taiwan,Taipei,Asia-Pacific,"Taipei Internet Exchange (TPIX)",http://www.tpix.net.tw/,Active,20020702,792685,25.03000,121.52000,151,556800000,280300000,223600000,0.000000,Yes,2022-02-28,1,180,1,26,108,39,http://www.tpix.net.tw/mem_list.html,No,TPE,190
238,Taiwan,Taipei,Asia-Pacific,"Taiwan Internet Exchange",https://www.twix.net/index_e.html,Active,19971200,35830,25.03000,121.52000,26,332650000,110720000,50000000,0.000000,No,2022-02-28,2,215,4,99,401,49,https://www.twix.net/member_e.html,No,,190
240,Taiwan,Taipei,Asia-Pacific,"Poema IX",https://ix.poema.eu.org,Active,20221201,0,25.03000,121.52000,69,0,0,0,0.000000,No,0000-00-00,4,649,3,57,220,130,https://ix.poema.eu.org/members/,No,,190
242,Tanzania,"Dar es Salaam",Africa,"TIX Tanzania - Dar es Salaam",https://www.tix.or.tz/,Active,20040113,16370,-6.87000,39.20000,37,380000000,210000000,80000000,0.000000,Yes,2022-02-28,1,202,1,14,340,15,https://www.tix.or.tz/peers.html,Yes,DAR,67
243,Australia,Hobart,Asia-Pacific,"IX Australia (Hobart TAS)",https://internet.asn.au/,Active,0,0,-42.83000,147.48000,5,1100000,400000,51000,0.000000,No,0000-00-00,21,563,21,174,783,120,https://internet.asn.au/about-us/peers-and-partners/,No,,190
244,Thailand,Bangkok,Asia-Pacific,"Thailand IX",https://th-ix.net/,Active,19970900,0,13.92000,100.60000,72,0,0,0,0.000000,No,0000-00-00,8,649,3,55,209,130,https://th-ix.net/en/members/,No,,190
248,Uganda,Kampala,Africa,"Uganda Internet Exchange",https://www.uixp.co.ug/,Active,20030700,12150,0.32000,32.62000,35,42817283,30592790,7672421,0.000000,Yes,2026-08-25,1,369,1,15,347,26,https://www.uixp.co.ug/networks,Yes,KLA,67
249,Ukraine,Kyiv,Europe,"Ukrainian Internet Exchange",https://www.ix.net.ua/en,Active,20000700,43962,50.51482,30.52102,180,661000000,458700000,200000000,0.000000,No,2022-02-28,3,160,2,46,91,52,https://www.ix.net.ua/members,No,,337
255,"United States",Ashburn,"North America","Equinix Internet Exchange Ashburn",https://ix.equinix.com/home/,Active,20021031,2132040,39.02000,-77.46000,390,4766807060,4730973632,4728734539,0.000000,Yes,2026-08-25,2,24,2,2,25,2,https://ix.equinix.com/home/locations-and-traffic/,Yes,IAD,157
259,"United States",Atlanta,"North America","Equinix Internet Exchange Atlanta",https://ix.equinix.com/home/,Active,20150000,0,33.86000,-84.40000,28,8690135,8649766,8609214,0.000000,No,2026-08-25,51,470,53,60,388,63,https://ix.equinix.com/home/locations-and-traffic/#traffic,No,,157
268,"United States",Chicago,"North America","Equinix Internet Exchange Chicago",https://ix.equinix.com/home/,Active,20020304,1065903,41.85000,-87.65000,280,3580722355,3263471929,3257393217,0.000000,Yes,2026-08-25,3,58,5,6,43,3,https://ix.equinix.com/home/locations-and-traffic/,Yes,ORD,157
278,"United States",Dallas,"North America","Equinix Internet Exchange Dallas",https://ix.equinix.com/home/,Active,20010615,1033525,32.77000,-96.77000,227,2370137751,2364220444,2311391469,0.000000,Yes,2026-08-25,8,82,7,8,62,9,https://ix.equinix.com/home/locations-and-traffic/,Yes,DFW,157
285,"United States",Denver,"North America","Equinix Internet Exchange Denver",https://ix.equinix.com/home/,Active,,0,39.75000,-105.00000,4,110,55,110,0.000000,No,2026-08-25,74,642,116,137,808,92,https://ix.equinix.com/home/locations-and-traffic/#traffic,No,,157
286,"United States",Eugene,"North America","Oregon Internet Exchange",http://darkwing.uoregon.edu/~oregonix/,Active,0,0,44.05000,-123.08000,4,0,0,0,0.000000,No,0000-00-00,78,649,116,137,808,96,https://darkwing.uoregon.edu/~oregonix/part-frme.html,No,,157
287,"United States",Honolulu,"North America","Hawaii Internet Exchange",http://www.hawaii.edu/hix/,Active,19950700,1130,21.30000,-157.83000,8,0,0,0,0.000000,No,0000-00-00,78,649,87,106,694,96,http://www.hawaii.edu/hix/Hawaii_Internet_Exchange/Networks.html,No,,157
296,"United States","Los Angeles","North America","Equinix Internet Exchange Los Angeles",https://ix.equinix.com/home/,Active,,0,33.97000,-118.25000,81,617152349,614963110,560165883,0.000000,No,2026-08-25,23,168,27,32,193,25,https://ix.equinix.com/home/locations-and-traffic/#traffic,No,,157
297,"United States","Los Angeles","North America","Los Angeles International Internet Exchange",http://www.laiix.net/,Active,19960000,117076,33.97000,-118.25000,32,9200000,0,4600000,0.000000,Yes,2018-09-28,50,466,47,54,359,62,http://www.laiix.net/members/,No,,157
303,"United States",Madison,"North America","Madison Internet Exchange",https://kb.wisc.edu/ns/page.php?id=6636,Active,20000000,0,43.12000,-89.52000,32,0,0,0,0.000000,No,0000-00-00,78,649,47,54,359,96,https://kb.wisc.edu/ns/page.php?id=6636,No,,157
307,"United States",Miami,"North America","NAP of the Americas",https://enterprise.verizon.com/,Active,20040812,619952,25.83000,-80.29000,87,250000000,0,0,0.000000,No,0000-00-00,30,233,25,30,182,35,,No,,157
308,"United States",Miami,"North America","Equinix Internet Exchange Miami",https://ix.equinix.com/home/,Active,20121203,1386130,25.83000,-80.29000,176,1692227069,1682798433,1620954362,0.000000,Yes,2026-08-25,12,101,12,14,95,13,https://ix.equinix.com/home/locations-and-traffic/#traffic,Yes,MIA,157
320,"United States","New York","North America","New York International Internet Exchange",http://www.nyiix.net/,Active,19960000,173,40.75000,-74.00000,217,2380000000,1930000000,1060000000,0.000000,Yes,2022-02-28,7,81,8,9,66,8,http://www.nyiix.net/members/,Yes,LGA,157
321,"United States","New York","North America","Big Apple Peering Exchange",http://www.ny6ix.net/,Active,20010000,0,40.75000,-74.00000,14,0,0,0,0.000000,No,0000-00-00,78,649,73,90,557,96,http://www.ny6ix.net/,No,,157
323,"United States","New York","North America","Equinix Internet Exchange New York",https://ix.equinix.com/home/,Active,20000314,1049811,40.75000,-74.00000,98,916991733,910992477,903512200,0.000000,Yes,2026-08-25,16,139,21,25,163,18,https://ix.equinix.com/home/locations-and-traffic/,No,,157
325,"United States","Palo Alto","North America","Equinix Internet Exchange Palo Alto",https://ix.equinix.com/home/,Active,19941200,2355913,37.44000,-122.15000,76,200486423,184699252,183206407,0.000000,Yes,2026-08-25,33,264,28,33,201,40,https://ix.equinix.com/home/locations-and-traffic,Yes,PAO,157
332,"United States",Portland,"North America","Northwest Access Exchange",http://www.nwax.net/,Active,20021200,695745,45.52000,-122.68000,105,617318840,391813272,240912594,0.000000,Yes,2026-08-25,22,167,18,21,154,24,http://www.nwax.net/Members,Yes,PDX,157
339,"United States","San Jose","North America","Equinix Internet Exchange San Jose (Bay Area)",https://ix.equinix.com/home/,Active,20000525,0,37.33000,-121.88000,194,1181271000,1088364175,1087379452,0.000000,Yes,2026-08-25,14,120,9,11,83,15,https://ix.equinix.com/home/locations-and-traffic/,No,SJC,157
344,"United States",Seattle,"North America","Equinix Internet Exchange Seattle",https://ix.equinix.com/home/,Active,20000313,159,47.61000,-122.33000,43,84443364,82513742,80584120,0.000000,Yes,2026-08-25,39,325,43,49,314,47,https://ix.equinix.com/home/locations-and-traffic/,Yes,SEA,157
345,"United States",Seattle,"North America","Seattle Internet Exchange",https://www.seattleix.net/,Active,19970620,1553848,47.61000,-122.33000,350,3052400000,2200000000,1730000000,0.000000,Yes,2022-02-28,4,64,3,3,29,4,https://www.seattleix.net/participants/,Yes,SEA,157
350,"United States","St. Louis","North America","MidWest-IX - St. Louis",https://www.midwest-ix.com/locations/stlouis/index.html,Active,20170119,736785,38.58000,-90.20000,16,5300000,0,0,0.000000,Yes,0000-00-00,54,500,68,83,517,67,https://www.midwest-ix.com/locations/stlouis/index.html,Yes,STL,157
361,"Viet Nam","Da Nang",Asia-Pacific,"Vietnam National Internet Exchange",https://www.vnnic.vn/en/dns-vnix/about-vnix-system,Active,20050700,0,16.04708,108.20623,2,0,0,0,0.000000,No,0000-00-00,1,649,3,182,866,130,https://www.vnnic.vn/en/dns-vnix/vnix-member-isp,No,,190
362,"Viet Nam",Hanoi,Asia-Pacific,"Vietnam National Internet Exchange",https://www.vnnic.vn/en/dns-vnix/about-vnix-system,Active,20031108,0,21.03000,105.85000,12,0,0,0,0.000000,No,0000-00-00,1,649,2,137,603,130,https://www.vnnic.vn/en/dns-vnix/vnix-member-isp,No,,190
363,"Viet Nam","Ho Chi Minh",Asia-Pacific,"Vietnam National Internet Exchange",https://www.vnnic.vn/en/dns-vnix/about-vnix-system,Active,20040300,0,10.76262,106.66017,16,0,0,0,0.000000,No,0000-00-00,1,649,1,119,517,130,https://www.vnnic.vn/en/dns-vnix/vnix-member-isp,No,,190
369,"United States","San Francisco","North America","San Francisco Metropolitan Internet Exchange",https://www.sfmix.org/,Active,20060500,764943,37.78000,-122.43000,106,100000000,0,25000000,0.000000,Yes,2022-02-28,37,313,17,20,151,45,https://www.sfmix.org/participants,Yes,SFO,157
373,"United States","Los Angeles","North America","Any2 California",https://www.coresite.com/,Active,20051200,1606239,33.97000,-118.25000,323,0,0,0,0.000000,Yes,2009-06-22,41,340,1,1,21,50,https://www.coresite.com/solutions/interconnection/peering-exchanges/any2-internet-peering-exchange/any2-peering-participants,Yes,SNA,157
415,Brazil,"Rio de Janeiro","Latin America","IX.br (PTT.br) Rio de Janeiro",https://ix.br,Active,20040000,0,-22.90000,-43.17000,737,3450000000,2680000000,2000000000,0.000000,No,2022-02-28,3,59,3,3,10,30,https://ix.br/particip/rj,No,,143
464,Singapore,Singapore,Asia-Pacific,"Equinix Internet Exchange Singapore",https://ix.equinix.com/home/,Active,20040426,3121046,1.37000,103.98000,490,9716732563,9685332958,9634835884,0.000000,Yes,2026-08-25,1,11,1,4,18,6,https://ix.equinix.com/home/locations-and-traffic/#traffic,Yes,SIN,190
467,"United States","Los Angeles","North America","Equinix Los Angeles IBX",http://www.equinix.com/,Active,20020711,1107157,33.97000,-118.25000,72,0,0,0,0.000000,Yes,0000-00-00,78,649,30,36,209,96,,Yes,BUR,157
479,"Democratic Republic of Congo",Kinshasa,Africa,"Kinshasa Internet Exchange",http://www.ispa-drc.cd/index.php?option=com_content&view=article&id=10&Itemid=14,Active,20121101,1897,-4.38000,15.43000,18,220880000,146070000,30000000,0.000000,Yes,2022-02-28,1,247,1,29,485,17,http://www.ispa-drc.cd/index.php?option=com_content&view=article&id=23&Itemid=25,Yes,FIH,67
506,Italy,Florence,Europe,"Tuscany Internet Exchange",https://www.tix.it/en/web/guest/home,Active,20030000,0,43.80000,11.20000,33,394000,117000,230000,0.000000,No,2017-10-31,9,589,7,154,353,224,https://www.tix.it/en/elencoisp,No,,337
509,Poland,Warsaw,Europe,"Equinix Internet Exchange Warsaw",https://ix.equinix.com/home/,Active,20060402,1002181,52.23000,21.00000,298,1820000000,56300000,0,0.000000,Yes,2026-08-25,4,95,4,21,38,27,https://ix.equinix.com/home/locations-and-traffic/#traffic,Yes,WAW,337
516,Russia,Krasnoyarsk,Europe,"Krasnoyarsk Internet Exchange",http://www.krs-ix.ru/en,Active,20060000,0,56.17000,92.50000,25,148000000,110000000,96000000,0.000000,No,2022-02-28,10,283,24,172,408,101,http://www.red-ix.ru/members/,No,,337
539,Philippines,Manila,Asia-Pacific,"Philippine Open Internet Exchange",http://phopenix.net/,Active,20070000,725560,14.58000,120.95000,60,51400000,43800000,20000000,0.000000,Yes,2022-02-28,4,353,2,66,247,87,http://phopenix.net/members/,Yes,MNL,190
556,Germany,Frankfurt,Europe,"KleyReX Internet Exchange",http://www.kleyrex.net/,Active,20020900,0,50.12000,8.68000,466,15968548,3439787,1331954,49.986210,No,2026-08-25,19,434,2,11,19,152,https://kleyrex.net/en/participants/,No,,337
559,Estonia,Tallinn,Europe,"Tallinn Internet Exchange (TLLIX)",https://www.citictel-cpc.com/EN/HK/Pages/product-services/tallinn-internet-exchange,Active,20051100,0,59.35000,24.80000,6,2200000,231000,231000,0.000000,No,2018-02-27,3,535,4,296,756,201,,No,,337
572,Netherlands,Amsterdam,Europe,"Neutral Internet Exchange",https://www.nl-ix.net/,Active,20020301,1692102,52.30000,4.77000,666,10390000000,6820000000,2300000000,0.000000,Yes,2022-02-28,3,10,3,6,12,3,https://www.nl-ix.net/network/connected-networks/,Yes,AMS,337
574,Slovakia,Bratislava,Europe,"NIX.SK - exSitelIX",https://www.nix.sk/sk,Active,20050801,0,48.20000,17.20000,53,0,0,14000000,0.000000,No,2020-11-19,3,649,2,117,268,240,https://www.nix.sk/en/networks,No,,337
592,"United States",Honolulu,"North America",DRFxchange,https://www.drfortress.com/services/internet-exchange/drfxchange/,Active,20070108,0,21.30000,-157.83000,13,0,0,0,0.000000,No,0000-00-00,78,649,75,92,578,96,https://www.drfortress.com/services/internet-exchange/peering-and-connectivity/,No,,157
601,Malaysia,"Kuala Lumpur",Asia-Pacific,"Malaysia Internet Exchange",http://www.myix.my/,Active,20061215,1081744,3.13000,101.70000,185,249000000,0,0,0.000000,Yes,0000-00-00,1,234,1,20,87,53,https://ixp.myix.my/customer/details,Yes,KUL,190
606,Tanzania,Arusha,Africa,"Arusha Internet eXchange Point",http://www.aixp.or.tz/,Active,20060626,4183,-3.33000,36.62000,16,2000000,0,0,0.000000,Yes,0000-00-00,3,537,2,31,517,34,https://www.peeringdb.com/ix/1201,Yes,ARK,67
613,"Czech Republic",Prague,Europe,"Neutral czFree eXchange",http://www.nfx.cz/,Active,20070900,0,50.08000,14.43000,12,197330000,145330000,122000000,0.000000,No,2022-02-28,3,268,3,255,603,94,http://www.nfx.cz/clenove,No,,337
616,Nigeria,Lagos,Africa,"Internet Exchange Point of Nigeria - Lagos",http://ixp.net.ng/,Active,20060000,538268,6.55000,3.35000,136,2844415986,1907422092,570370340,49.997350,Yes,2026-08-25,1,72,1,6,120,3,https://ixp.net.ng/connections,Yes,LOS,67
621,"El Salvador","San Salvador","Latin America","IXP de El Salvador",https://ixsal.sv,Active,20210909,0,13.69000,-89.19000,4,58902,19469,5952,50.017980,No,2026-08-25,1,613,1,130,808,118,https://portal.ixsal.sv/customer/details,No,,143
627,Sweden,Stockholm,Europe,"Stockholm Internet Exchange",https://www.sthix.net/,Active,20070000,0,59.33000,18.05000,92,352916423,232665061,83136264,0.000000,No,2026-08-25,2,210,2,81,174,71,https://www.sthix.net/index.php/home/connected-networks/,No,,337
630,"United States","Kansas City","North America","Kansas City Internet Exchange",http://www.kcix.net/,Active,20060000,788807,39.10000,-94.58000,72,700000000,0,300000000,0.000000,Yes,2022-02-28,21,154,30,36,209,23,https://www.kcix.net/participants.php,Yes,MCI,157
693,Lebanon,Beirut,Europe,"Lebanon Internet Exchange",https://lebix.org.lb/,Active,20071206,705,33.82000,35.48000,24,0,0,0,0.000000,Yes,2015-08-08,2,649,2,174,418,240,https://lebix.org.lb/,Yes,BEY,337
703,"United States",Billings,"North America","Yellowstone Regional Internet Exchange",http://www.yrix.org/,Active,20030000,0,45.77000,-108.48000,8,0,0,0,0.000000,No,0000-00-00,78,649,87,106,694,96,http://www.yrix.org/participants.php,No,,157
705,Germany,Stuttgart,Europe,"Stuttgarter Internet Exchange",http://www.stuttgart-ix.de/,Active,20050400,267198,48.83000,9.20000,37,474374254,244584870,72043384,50.000000,Yes,2026-08-25,5,192,20,149,340,65,https://portal.s-ix.de/customer/details,No,STR,337
723,Poland,Kraków,Europe,"Cracow Internet Exchange",http://cix.krakow.pl/,Active,20091100,0,50.08000,19.80000,52,0,0,0,0.000000,No,0000-00-00,10,649,8,118,270,240,http://cix.krakow.pl/?page_id=14,No,,337
725,Poland,Wroclaw,Europe,"Wroclaw Internet eXchange",http://wrix.org/,Active,20010200,0,51.11670,17.03330,43,0,0,0,0.000000,No,0000-00-00,10,649,9,137,314,240,https://wrix.org/uczestnicy_op_wrix/,No,,337
765,Rwanda,Kigali,Africa,"Rwanda Internet exchange",http://www.rinex.org.rw/,Active,20030000,1575,-1.97000,30.12000,29,25624913,15967635,2261941,0.000000,Yes,2026-08-25,1,399,1,18,380,28,https://rinex.org.rw/?-Connected-Networks-,Yes,KGL,67
767,Norway,Oslo,Europe,"Free Internet eXchange Oslo",https://fixo.no/,Active,20080116,0,59.95000,10.70000,47,0,0,0,0.000000,No,0000-00-00,7,649,2,127,293,240,https://portal.fixo.no/customer/details,No,,337
803,Netherlands,Rotterdam,Europe,"Rotterdam Internet eXchange",https://r-ix.nl/,Active,20070000,10450,51.95000,4.45000,675,2230000000,1380000000,500000000,0.000000,Yes,2018-02-28,5,83,2,5,11,23,https://www.nl-ix.net/connected-networks/,No,,337
804,Romania,Bucharest,Europe,InterLAN-IX,https://www.interlan.ro/,Active,20070000,779098,44.50000,26.13000,151,1545603946,1214577860,798821216,50.014200,Yes,2026-08-25,1,106,1,52,108,33,https://www.interlan.ro/parteneri/#continut,Yes,OTP,337
834,China,"Hong Kong",Asia-Pacific,"Equinix Internet Exchange Hong Kong",https://ix.equinix.com/home/,Active,20090000,1603443,22.33000,114.18000,232,2007041163,1705560151,1701487183,0.000000,Yes,2026-08-25,3,88,2,16,59,19,https://ix.equinix.com/home/locations-and-traffic/#traffic,No,HKG2,190
864,Sweden,Gothenburg,Europe,"Gothenburg Internet Exchange",http://www.gix.se/,Active,20051221,0,57.67000,12.30000,15,0,0,0,0.000000,No,0000-00-00,14,649,12,229,544,240,,No,,337
884,"United States",Tampa,"North America","Tampa Internet Exchange",http://www.tpaix.net/,Active,20151005,755567,27.95000,-82.45000,12,3400000,0,550000,0.000000,Yes,2022-02-28,59,524,77,94,603,73,http://tampix.com/members.html,No,TPA,157
897,Ukraine,"Donetsk ",Europe,"Donetsk Internet Exchange",http://www.ix.dn.ua/,Active,20011223,745,48.08000,37.75000,12,1300000,0,0,0.000000,No,2014-06-09,6,558,10,255,603,210,http://www.ix.dn.ua/networks/index.html,No,,337
907,Indonesia,Jakarta,Asia-Pacific,"Biznet Internet Exchange",https://www.biznetnetworks.com/company/network/biznet-internet-exchange,Active,20060000,0,-6.17444,106.82944,232,988349353,567276410,158580373,0.000000,No,2026-08-25,5,135,5,16,59,32,https://portal.bix.id/customer/details,No,,190
917,Poland,Poznan,Europe,"Poznan Internet Exchange",https://www.pozix.pl/,Active,20060310,0,52.42000,16.83000,83,318000000,160000000,100000000,0.000000,No,2020-01-31,7,216,7,87,188,73,https://www.pozix.pl/en/#participants,No,,337
918,Poland,Warsaw,Europe,"Thinx IX",https:/thinx.pl,Active,20081128,657092,52.23000,21.00000,193,1590000000,588000000,464000000,0.000000,Yes,2019-06-30,6,105,5,42,84,32,https://www.atman.pl/en/list-of-all-thinx-ix-members/,No,WAW2,337
926,Lithuania,Vilnius,Europe,"Lithuanian Internet service providers exchange unit",http://is.lt/lt/titulinis.html,Active,20080000,0,54.63000,25.28000,5,0,0,0,0.000000,No,0000-00-00,4,649,4,301,783,240,,No,,337
928,"United States",Chicago,"North America","CoreSite - Any2 Chicago",https://www.coresite.com/solutions/interconnection/peering-exchanges/any2-internet-peering-exchange,Active,20080100,0,41.85000,-87.65000,22,5000000,0,0,0.000000,No,0000-00-00,55,505,61,72,437,68,https://www.coresite.com/interconnection/peering-exchanges/any2-internet-peering-exchange/any2-peering-participants,No,,157
932,Angola,Luanda,Africa,"AngolaIXP - Angola Internet Exchange Point",https://www.angola-ixp.ao/,Active,20060317,989,-8.85000,13.23000,24,7680643679,602944256,160905251,0.000000,Yes,2026-06-20,1,17,2,25,418,2,https://www.angola-ixp.ao/peerings,Yes,NDD,67
933,Ukraine,Odessa,Europe,"Odessa Internet Exchange",http://www.od-ix.net/,Active,20070900,0,46.43000,30.77000,25,28700,0,0,0.000000,No,2017-09-21,9,622,8,172,408,235,http://www.od-ix.net/?page_id=43,No,,337
946,"United States",Phoenix,"North America","Digital Realty Phoenix Internet Exchange",https://ix.digitalrealty.com/,Active,20080602,175670,33.45070,-112.06840,8,1550000,0,1200000,0.000000,Yes,2022-01-05,65,553,87,106,694,79,https://ix.digitalrealty.com/,Yes,PHX,157
978,Ukraine,Kherson,Europe,"Kherson Internet Exchange",https://ix.ks.ua/,Active,20080000,0,46.63000,32.57000,14,120000,105000,50000,0.000000,No,2022-02-28,7,608,9,235,557,231,,No,,337
982,Haiti,"Port au Prince","Latin America","AHTIC Internet Exchange Point",http://ixp.ht/,Active,20090505,139,18.57000,-72.30000,9,12000000,0,200000,0.000000,Yes,2021-03-05,1,453,1,100,671,93,http://190.120.211.245/customer/details,Yes,PAP,143
984,"Dominican Republic","Santo Domingo","Latin America","NAP del Caribe",https://www.napdelcaribe.net.do/,Active,20080700,0,18.43000,-69.88000,15,0,0,0,0.000000,No,0000-00-00,4,649,3,73,544,127,,No,,143
985,Colombia,Bogota,"Latin America","Equinix Internet Exchange Bogota",https://ix.equinix.com,Active,20080300,0,4.70000,-74.13000,45,278678022,275613705,250974237,0.000000,No,2026-08-25,3,224,2,34,302,50,https://ix.equinix.com/home/locations-and-traffic/#traffic,No,,143
987,"Sint Maarten",Philipsburg,"Latin America","Open Caribbean Internet eXchange",http://www.ocix.net/,Active,20081000,0,18.02600,-63.04582,8,1300000,736000,300000,0.000000,No,2018-08-14,1,558,1,107,694,112,http://www.ocix.net/ocix/index.php?option=com_content&task=view&id=14&Itemid=23,No,,143
988,Curaçao,Willemstad,"Latin America","AMS-IX Caribbean",https://www.ams-ix.net/car,Active,20090420,0,12.12240,-68.88240,11,3594337,1142633,441485,0.000000,No,2026-08-25,1,520,1,87,626,107,https://www.ams-ix.net/car/connected-networks,No,,143
1008,Australia,Canberra,Asia-Pacific,"IX Australia (Canberra ACT)",https://internet.asn.au/,Active,20081001,0,-35.30000,149.17999,9,9600000,5000000,483000,0.000000,No,0000-00-00,18,465,18,152,671,110,https://internet.asn.au/about-us/peers-and-partners/,No,,190
1018,Brazil,Salvador,"Latin America","IX.br (PTT.br) Salvador",https://ix.br,Active,20070000,0,-13.02000,-38.52000,206,366300000,264480000,180000000,0.000000,No,2022-02-28,8,206,7,7,74,46,https://ix.br/particip/ba,No,,143
1020,India,Bangalore,Asia-Pacific,"National Internet Exchange of India - Bangalore",http://nixi.in/index.php?option=com_noclocation&task=click&id=60&Itemid=28,Active,20080000,0,12.95000,77.65000,7,640,525,221,0.000000,No,2021-12-30,17,634,24,162,726,129,https://www.peeringdb.com/ix/1689,No,,190
1021,India,Hyderabad,Asia-Pacific,"National Internet Exchange of India - Hyderabad",https://nixi.in/,Active,20080000,197,17.45000,78.47000,23,0,0,0,0.000000,Yes,2022-02-28,18,649,17,103,431,130,https://www.peeringdb.com/ix/598,No,,190
1022,India,Ahmedabad,Asia-Pacific,"National Internet Exchange of India - Ahmedabad",http://nixi.in/index.php?option=com_noclocation&task=click&id=58&Itemid=28,Active,20080000,0,23.07000,72.63000,16,0,0,0,0.000000,No,2022-02-28,18,649,19,119,517,130,https://www.peeringdb.com/ix/1690,No,,190
1029,Malawi,Blantyre,Africa,"Malawi IXP",http://www.mispa.org.mw/mix.html,Active,20081201,868,-15.78333,35.00000,9,10000,0,0,0.000000,Yes,0000-00-00,1,625,1,45,671,52,http://www.mispa.org.mw/members.html,Yes,BLZ,67
1044,Russia,Vladivostok,Europe,"MSK-IX Vladivostok",http://www.msk-ix.ru/eng/,Active,20080000,457,43.12000,131.89999,14,528000,0,0,0.000000,No,2013-12-09,22,585,29,235,557,221,http://www.msk-ix.ru/en/members/,No,,337
1046,Russia,Rostov-on-Don,Europe,"MSK-IX Rostov-on-Don",http://www.msk-ix.ru/eng/,Active,20090000,0,47.25000,39.82000,21,0,0,0,0.000000,No,2014-08-20,25,649,26,191,451,240,http://www.msk-ix.ru/en/members/,No,,337
1052,Germany,Hamburg,Europe,"Megaport Hamburg IX",https://www.megaport.com/,Active,20090121,1015946,53.55000,10.03000,62,80800000,49600000,13900000,0.000000,Yes,0000-00-00,14,327,14,104,236,120,https://www.megaport.com/connected-networks/,Yes,HAM,337
1077,"United States",Boston,"North America","Massachusetts Internet Exchange",http://mass-ix.net/,Active,20150514,750887,42.37000,-71.03000,72,110000000,68000000,36000000,0.000000,Yes,2022-02-28,36,304,30,36,209,44,https://mass-ix.net/peering.html#participants,Yes,BVY,157
1088,Brazil,Londrina,"Latin America","IX.br (PTT.br) Londrina",https://ix.br,Active,20101000,0,-23.33000,-51.13000,46,32000000,23100000,19900000,0.000000,No,2022-02-28,19,383,27,33,296,74,https://ix.br/particip/lda,No,,143
1089,Brazil,Fortaleza,"Latin America","IX.br (PTT.br)  Fortaleza",https://ix.br,Active,20080000,0,-3.78000,-38.53000,920,4580000000,3820000000,3000000000,0.000000,No,2022-02-28,2,29,2,2,7,4,https://ix.br/particip/ce,No,,143
1092,Brazil,"Porto Alegre","Latin America","IX.br (PTT.br) Porto Alegre",https://ix.br,Active,20050000,0,-30.00000,-51.18000,347,943440000,690480000,550000000,0.000000,No,2022-02-28,5,137,4,4,30,36,https://ix.br/particip/rs,No,,143
1097,France,Paris,Europe,"Equinix Internet Exchange Paris",https://ix.equinix.com/home/,Active,20080000,86,48.80000,2.33000,238,271954066,233495563,231812717,0.000000,Yes,2026-08-25,3,228,2,28,57,77,https://ix.equinix.com/home/locations-and-traffic/#traffic,No,,337
1108,Ireland,Galway,Europe,"eXchange West",http://www.exwest.net/,Active,20090604,0,53.28000,-9.02000,2,0,0,0,0.000000,No,0000-00-00,5,649,5,329,866,240,,No,,337
1124,France,Paris,Europe,"France-IX Paris",https://www.franceix.net/en/,Active,20101100,1279187,48.80000,2.33000,570,2970000000,2040000000,1970000000,0.000000,Yes,2022-02-28,1,66,1,7,14,16,https://www.franceix.net/en/france-ix-paris/members-in-paris/,Yes,CDG,337
1128,Italy,Padova,Europe,"VSIX NAP del Nord Est",https://www.vs-ix.org,Active,20090901,0,45.40000,11.85000,96,194000000,156000000,142000000,0.000000,No,2022-02-28,5,269,5,76,167,95,https://www.vs-ix.org/aderenti-partnership#top,No,,337
1132,Italy,Udine,Europe,"Friuli Venezia Giulia Internet Exchange",http://www.fvg-ix.net,Active,20090000,0,46.03000,13.18000,8,0,0,0,0.000000,No,0000-00-00,10,649,12,282,694,240,http://www.fvg-ix.net,No,,337
1134,Russia,Ulyanovsk,Europe,"Ulyanovsk Internet Exchange",http://www.uln-ix.ru/,Active,20090508,0,54.32000,48.33000,12,0,0,0,0.000000,No,2017-03-28,25,649,30,255,603,240,http://www.uln-ix.ru/partners/,No,,337
1137,Bulgaria,Sofia,Europe,"Bulgarian Internet eXchange",https://www.bix.bg/en/home.html,Active,20090801,878745,42.65000,23.38000,137,1390000000,1170000000,876410000,0.000000,Yes,2022-02-28,2,114,2,57,118,34,https://www.bix.bg/en/members/public_peers.html,Yes,SOF,337
1144,"United States",Medford,"North America","Southern Oregon Access Exchange",http://www.soax.org/,Active,,0,42.33190,-122.86190,5,0,0,0,0.000000,No,0000-00-00,78,649,108,129,783,96,http://www.soax.org/members,No,,157
1149,"United States","New York","North America","Digital Realty New York Internet Exchange",https://ix.digitalrealty.com/,Active,20090000,555738,40.75000,-74.00000,75,235000000,0,50000000,0.000000,Yes,2022-02-28,31,242,29,34,204,36,https://ix.digitalrealty.com/,Yes,LGA,157
1194,Bulgaria,Sofia,Europe,"Balkan Internet Exchange",http://www.b-ix.net/,Active,20090000,0,42.65000,23.38000,67,451416876,260176803,111023480,49.986500,No,2026-08-25,3,194,3,84,184,66,https://ixpmanager.b-ix.net/customer/details,No,,337
1198,Argentina,Neuquén,"Latin America","CABASE IXP Neuquén",https://ixp.cabase.org.ar/ixp-neuquen.php,Active,20100510,22113,-38.93330,-68.13330,25,4000000000,2100000000,1800000000,0.000000,Yes,0000-00-00,1,32,3,51,408,5,https://ixp.cabase.org.ar/ixp-neuquen.php,No,NQN,143
1199,Brazil,Campinas,"Latin America","IX.br (PTT.br) Campinas",https://ix.br,Active,20090000,0,-22.90000,-47.08000,51,36770000,24310000,16000000,0.000000,No,2022-02-28,17,376,23,29,274,71,https://ix.br/particip/cas,No,,143
1200,Brazil,Recife,"Latin America","IX.br (PTT.br) Recife",https://ix.br,Active,20090000,0,-8.07000,-34.85000,204,272780000,186590000,90000000,0.000000,No,2022-02-28,10,227,8,8,76,51,https://ix.br/particip/pe,No,,143
1206,"United States",Dallas,"North America","Digital Realty Dallas Internet Exchange",https://ix.digitalrealty.com/,Active,20070000,961990,32.77000,-96.77000,20,2600000,0,79000,0.000000,Yes,2022-02-28,61,532,63,74,463,75,https://ix.digitalrealty.com/,Yes,DFW,157
1223,Russia,Kazan,Europe,"MSK-IX Kazan",https://www.msk-ix.ru/about/,Active,20100500,0,55.81749,49.10889,7,5300000000,4620000000,3800000000,0.000000,No,2013-12-09,2,22,33,290,726,8,https://www.msk-ix.ru/members/,No,,337
1225,Austria,Klagenfurt,Europe,"Alpes Adria Internet Exchange",https://ixp-manager.aaix.at/,Active,20100303,5012,46.65000,14.33000,22,1192516,537920,214544,50.000000,Yes,2026-08-25,4,561,3,183,437,211,https://ixp-manager.aaix.at/customer/details,Yes,KLU,337
1232,"United Kingdom",Leeds,Europe,"Leeds Internet Exchange",https://www.ixleeds.net/,Active,20100920,248035,53.80000,-1.55000,22,5000000,3000000,1000000,0.000000,Yes,2022-02-28,7,505,7,183,437,188,https://www.ixleeds.net/members.shtml,Yes,LBA,337
1233,Italy,Milan,Europe,"Milan Neutral Access Point",https://www.minap.it/,Active,20080000,0,45.45000,9.17000,116,1004515284,689852117,292728956,50.004840,No,2026-08-25,3,134,4,63,137,42,https://manager.minap.it/customer/details,No,,337
1234,Luxembourg,Luxembourg,Europe,"Luxembourg Internet Exchange",http://www.lu-cix.lu/,Active,20090000,897139,49.62000,6.22000,102,278000000,182000000,110000000,0.000000,Yes,2022-02-28,1,225,1,71,155,76,https://www.lu-cix.lu/connected-networks/,No,LUX,337
1236,Latvia,Riga,Europe,"Santa Monica Internet Local Exchange",http://www.smile-ixp.net/,Active,20051011,810403,56.97000,24.05000,24,8900000,0,0,0.000000,Yes,0000-00-00,2,467,2,174,418,168,https://www.peeringdb.com/ix/364,No,RIX,337
1237,Moldova,Chisinau,Europe,"Moldova Internet Exchange",https://backend.moldtelecom.md/mdix_en,Active,20020101,2388,46.99985,28.78814,15,55000000,0,0,0.000000,Yes,0000-00-00,1,350,1,229,544,125,,No,RMO,337
1238,Poland,Lodz,Europe,"Lodz Internet Exchange",https://ix.lodz.pl/,Active,20091100,0,51.75920,19.45600,18,110000000,60000000,35000000,0.000000,No,2017-09-11,8,304,12,208,485,110,https://ix.lodz.pl/uczestnicy/,No,,337
1240,Ukraine,Kyiv,Europe,"Digital Telecom Internet Exchange",https://dtel-ix.net/,Active,20090000,0,50.51482,30.52102,140,2394000000,1529800000,40000,0.640610,No,2022-02-28,1,80,4,54,115,22,https://dtel-ix.net/en/members,No,,337
1241,Russia,Simferopol,Europe,"Crimea Internet Exchange",https://crimea-ix.net/,Active,20060220,0,44.95210,34.10240,93,0,0,0,0.000000,No,2021-09-15,25,649,11,80,172,240,https://bgp.he.net/exchange/Crimea-IX,No,,337
1263,Indonesia,Jakarta,Asia-Pacific,"Matrix Cable Internet Exchange",https://napinfo.co.id/product/mc-ix-matrix-cable-internet-exchange,Active,20110000,1021309,-6.17444,106.82944,68,10000000,0,0,0.000000,Yes,0000-00-00,17,462,11,58,223,109,,Yes,JKT,190
1264,"New Zealand",Hamilton,Asia-Pacific,"Hamilton Internet Exchange",http://hix.nzix.net/hix.html,Active,20100000,0,-37.76692,175.28687,2,0,0,0,0.000000,No,0000-00-00,7,649,9,182,866,130,http://hix.nzix.net/hix-peers.html,No,,190
1265,"United States",Minneapolis,"North America","Midwest Internet Cooperative Exchange",http://www.micemn.net/,Active,20110111,1027736,44.98550,-93.27190,152,2184301846,1430468639,795899494,0.000000,Yes,2026-08-25,6,78,15,17,105,7,http://www.micemn.net/participants.html,No,MSP,157
1269,Russia,"St. Petersburg",Europe,"DataIX St Petersburg",http://www.dataix.ru/,Active,20101020,0,59.93000,30.30000,298,7940000000,6610000000,3120000000,0.000000,No,2022-02-28,1,16,4,21,38,5,http://www.dataix.ru/members/,No,LED,337
1270,Russia,Moscow,Europe,"DataIX Moscow",http://www.dataix.ru/,Active,20101020,0,55.75000,37.60000,282,1600000000,0,200000000,0.000000,No,2022-01-30,4,104,5,24,42,31,https://dataix.eu,No,,337
1271,Germany,Munich,Europe,"DE-CIX Munich",https://www.de-cix.net/en/locations/germany/munich,Active,20100400,1136510,48.13000,11.70000,209,147389350,145276132,143162914,50.000000,Yes,2026-08-25,6,230,6,37,72,78,https://www.de-cix.net/en/locations/germany/munich/connected-networks,No,,337
1272,Singapore,Singapore,Asia-Pacific,"Singapore Internet Exchange",https://www.sgix.sg/,Active,20090900,1438319,1.37000,103.98000,275,5210000000,3080000000,2400000000,0.000000,Yes,2022-02-28,2,23,2,9,47,9,https://www.sgix.sg/peering-participants/,Yes,SIN,190
1275,Brazil,"Campina Grande","Latin America","IX.br (PTT.br) Campina Grande",https://ix.br,Active,20090700,0,-7.22000,-35.88000,52,60970000,33880000,24000000,0.000000,No,2022-02-28,13,345,22,27,270,65,https://ix.br/particip/cpv,No,,143
1276,Brazil,Goiânia,"Latin America","IX.br (PTT.br) Goiânia",https://ix.br,Active,20070800,0,-16.67000,-49.25000,73,53300000,28260000,8000000,0.000000,No,2022-02-28,14,352,13,16,208,67,https://ix.br/particip/gyn,No,,143
1283,Laos,Vientiane,Asia-Pacific,"Lao National Internet Center",http://www.lanic.gov.la/,Active,20100901,0,17.95000,102.57000,7,1000,0,0,0.000000,No,0000-00-00,1,633,1,162,726,128,,No,,190
1297,Grenada,"St. Georges","Latin America","Grenada Internet Exchange",http://ix.gd/,Active,20110512,237753,12.05363,-61.74995,14,14800000,8760000,2310000,0.000000,Yes,2025-11-24,1,440,1,74,557,91,http://ix.gd/members.html,Yes,GND,143
1306,"South Africa",Johannesburg,Africa,"NAPAfrica IX Johannesburg",https://www.napafrica.net/,Active,20120000,1238347,-26.13000,28.23000,603,13300000000,4200000000,2100000000,0.000000,Yes,2026-05-17,1,8,1,1,13,1,https://www.napafrica.net/who-is-peering/,Yes,JNB,67
1308,"South Africa","Cape Town",Africa,"NAPAfrica IX Cape Town",https://www.napafrica.net/,Active,20120301,884629,-33.98000,18.60000,311,2000000000,754000000,400000000,0.000000,Yes,2026-05-17,2,89,2,2,35,4,https://www.napafrica.net/who-is-peering/,Yes,SDB,67
1316,Canada,Winnipeg,"North America","Manitoba Internet Exchange",http://www.mbix.ca/,Active,20130729,737747,49.88330,-97.15000,28,504604014,2972969,17012300,49.903080,Yes,2026-08-25,3,188,7,60,388,29,http://www.mbix.ca/peers/,Yes,YWG,157
1317,"United States",Jacksonville,"North America","Jacksonville Internet Exchange",http://jxix.org/,Active,20120102,644312,30.33218,-81.65565,18,0,0,0,0.000000,Yes,0000-00-00,78,649,65,77,485,96,http://jxix.org/index.php/participants/,Yes,JAX,157
1319,China,"Hong Kong",Asia-Pacific,"AMS-IX Hong Kong",https://www.ams-ix.net/hk,Active,20120401,373338,22.33000,114.18000,51,31790711,20858599,11800259,0.000000,Yes,2026-08-25,7,385,5,73,274,95,https://www.ams-ix.net/hk/connected-networks,No,HKG2,190
1332,"United Kingdom",Manchester,Europe,"LINX Manchester",https://www.linx.net/,Active,20120429,469445,53.35000,-2.27000,139,534000000,434000000,247000000,0.000000,Yes,2018-08-22,4,184,4,55,116,63,https://portal.linx.net/members/members-full-list,Yes,MAN,337
1341,"United Arab Emirates",Dubai,Europe,"UAE-IX by DE-CIX",https://www.uae-ix.net/,Active,20120224,1114089,25.25000,55.33000,108,1140000000,669000000,613000000,0.000000,Yes,2022-02-28,1,122,1,70,148,37,https://www.uae-ix.net/en/location/connected-networks,Yes,DXB,337
1348,"United States",Boston,"North America","Boston Internet Exchange",https://www.markleygroup.com/services/boston-internet-exchange,Active,20120409,163951,42.37000,-71.03000,88,0,0,0,0.000000,Yes,0000-00-00,78,649,23,27,179,96,https://www.markleygroup.com/services/boston-internet-exchange,Yes,BOS,157
1350,Serbia,Belgrade,Europe,"Serbian Open Exchange",http://www.sox.rs/,Active,20100900,1245129,44.82958,20.46547,51,816080000,542570000,240000000,0.000000,Yes,0000-00-00,1,144,1,120,274,46,https://www.sox.rs/en/home-page-2/customers/,Yes,BEG,337
1362,"South Africa",Durban,Africa,"Durban Internet eXchange",https://wiki.inx.net.za/display/pub/DINX+-+Durban+Internet+Exchange,Active,20120914,988632,-29.97000,30.95000,106,254840000,117560000,79700000,0.000000,Yes,2025-10-01,6,231,6,9,151,16,https://portal.inx.net.za/customer/details,Yes,DUR,67
1364,Dominica,Roseau,"Latin America","Dominica National Internet Exchange Point",http://www.danix.dm/,Active,20130227,52,15.30000,-61.40000,2,46072,20680,59,0.000000,Yes,2026-08-25,1,617,1,141,866,120,https://danix.dm/partners/,No,DOM,143
1365,Estonia,Tallinn,Europe,"Tallinn Governmental Internet Exchange",https://www.ria.ee/en/state-information-system/state-network-services/data-communication-services-state-network,Active,20090700,818254,59.35000,24.80000,48,40000000,23000000,0,0.000000,Yes,0000-00-00,1,372,2,125,287,132,https://www.peeringdb.com/ix/538,Yes,TLL,337
1367,Vanuatu,"Port Vila",Asia-Pacific,"Vanuatu Internet Exchange",https://portal.vix.vu,Active,20130214,2,-17.75000,168.32000,9,5690,388,27,0.000000,Yes,2026-08-25,1,628,1,152,671,127,https://portal.vix.vu/customer/details,Yes,VLI,190
1384,Russia,Stavropol,Europe,"MSK-IX Stavropol",http://www.msk-ix.ru/eng/,Active,20090000,0,45.05000,41.96670,2,0,0,0,0.000000,No,2013-12-09,25,649,36,329,866,240,https://www.msk-ix.ru/en/members/,No,,337
1385,Romania,Bucharest,Europe,Balcan-IX,http://www.balcan-ix.net/,Active,20080000,0,44.50000,26.13000,46,16000000,9000000,6000000,0.000000,No,2022-02-28,3,433,2,129,296,151,http://www.balcan-ix.net/ro/balcan-ix-partners/,No,,337
1403,Argentina,"Bahía Blanca","Latin America","CABASE IXP Bahía Blanca",https://ixp.cabase.org.ar/ixp-bahia-blanca.php,Active,20110427,0,-38.71440,-62.26740,10,2920000000,2400000000,1900000000,0.000000,No,0000-00-00,26,69,15,94,649,32,https://ixp.cabase.org.ar/ixp-bahia-blanca.php,No,,143
1404,Argentina,Córdoba,"Latin America","CABASE IXP Córdoba",https://ixp.cabase.org.ar/ixp-cordoba.php,Active,20120424,12696,-31.40360,-64.18580,27,4000000000,2100000000,1800000000,0.000000,Yes,0000-00-00,1,32,2,48,393,5,https://ixp.cabase.org.ar/ixp-cordoba.php,Yes,COR,143
1405,Argentina,"De La Costa","Latin America","CABASE IXP De la Costa",https://ixp.cabase.org.ar/ixp-lacosta.php,Active,20111129,0,-34.60665,-58.37937,9,4000000000,2100000000,1800000000,0.000000,No,0000-00-00,1,32,16,100,671,5,https://ixp.cabase.org.ar/ixp-lacosta.php,No,,143
1406,Argentina,"La Plata","Latin America","CABASE IXP La Plata",https://ixp.cabase.org.ar/ixp-laplata.php,Active,20120606,0,-34.92920,-57.96000,20,4000000000,2100000000,1800000000,0.000000,No,0000-00-00,1,32,4,58,463,5,https://ixp.cabase.org.ar/ixp-laplata.php,No,,143
1407,Argentina,"Mar del Plata","Latin America","CABASE IXP Mar del Plata",https://ixp.cabase.org.ar/ixp-mardelplata.php,Active,20121107,1,-37.93000,-57.58000,11,4000000000,2100000000,1800000000,0.000000,Yes,0000-00-00,1,32,13,87,626,5,https://ixp.cabase.org.ar/ixp-mardelplata.php,No,MDQ,143
1408,Argentina,Mendoza,"Latin America","CABASE IXP Mendoza",https://ixp.cabase.org.ar/ixp-mendoza.php,Active,20111020,0,-32.89050,-68.84200,13,4000000000,2100000000,1800000000,0.000000,No,0000-00-00,1,32,9,77,578,5,https://ixp.cabase.org.ar/ixp-mendoza.php,No,,143
1409,Argentina,Rosario,"Latin America","CABASE IXP Rosario",https://ixp.cabase.org.ar/ixp-rosario.php,Active,20110331,37557,-32.95000,-60.65000,16,4000000000,2100000000,1800000000,0.000000,Yes,0000-00-00,1,32,8,70,517,5,https://ixp.cabase.org.ar/ixp-rosario.php,Yes,ROS,143
1410,Argentina,"Santa Fe","Latin America","CABASE IXP Santa Fe",https://ixp.cabase.org.ar/ixp-santafe.php,Active,20111122,0,-31.62710,-60.70360,9,4000000000,2100000000,1800000000,0.000000,No,0000-00-00,1,32,16,100,671,5,https://ixp.cabase.org.ar/ixp-santafe.php,No,,143
1440,Brazil,Belém,"Latin America","IX.br (PTT.br) Belém",http://ix.br/,Active,20110000,0,-1.46670,-48.48330,62,35860000,19400000,6000000,0.000000,No,2022-02-28,18,377,17,21,236,72,https://ix.br/particip/bel,No,,143
1441,Brazil,"Caxias do Sul","Latin America","IX.br (PTT.br) Caxias do Sul",https://ix.br/adesao/cxj,Active,20110000,0,-29.16670,-51.18330,16,10520000,7790000,5000000,0.000000,No,2022-02-28,30,460,38,70,517,94,https://ix.br/particip/cxj,No,,143
1442,Brazil,Manaus,"Latin America","IX.br (PTT.br) Manaus",https://ix.br,Active,20120000,0,-3.12920,-60.02140,69,145000000,98500000,40000000,0.000000,No,2022-02-28,11,285,16,20,220,58,https://ix.br/particip/mao,No,,143
1443,Brazil,Natal,"Latin America","IX.br (PTT.br) Natal",https://ix.br,Active,20110000,0,-5.76670,-35.20000,53,21590000,15400000,7500000,0.000000,No,2022-02-28,24,409,21,26,268,80,https://ix.br/particip/nat,No,,143
1445,Brazil,"São José do Rio Preto","Latin America","IX.br (PTT.br) São José do Rio Preto",https://ix.br,Active,20120000,0,-20.80810,-49.38110,28,19000000,11100000,6000000,0.000000,No,2022-02-28,27,422,33,47,388,86,https://ix.br/particip/sjp,No,,143
1446,Brazil,Vitória,"Latin America","IX.br (PTT.br) Vitória",https://ix.br,Active,20101026,0,-20.31890,-40.33780,106,42140000,29090000,19000000,0.000000,No,2022-02-28,16,370,12,15,151,70,https://ix.br/particip/vix,No,,143
1461,Canada,Calgary,"North America","YYCIX Calgary Internet Exchange",https://www.yycix.ca/,Active,20121121,754611,51.05440,-114.06690,101,257600000,153000000,82300000,0.000000,Yes,2022-02-28,5,229,4,23,159,34,https://www.yycix.ca/peers.html,Yes,YYC,157
1472,Australia,Brisbane,Asia-Pacific,"IX Australia (Brisbane QLD)",https://internet.asn.au/,Active,20110000,0,-27.38000,153.10001,78,220000000,160000000,80000000,0.000000,No,2021-08-03,9,248,10,51,197,55,https://internet.asn.au/services/peering/,No,,190
1473,Australia,Adelaide,Asia-Pacific,"IX Australia (Adelaide SA)",https://internet.asn.au/,Active,20130227,0,-34.93000,138.52000,38,54000000,32000000,17000000,0.000000,No,2021-08-03,15,351,16,84,332,86,https://internet.asn.au/about-us/peers-and-partners/,No,,190
1474,Tunisia,Tunis,Africa,"Tunisian Internet Exchange Point",https://www.tunixp.tn,Active,20110000,3585,36.81881,10.16596,26,426564000,350817000,300000000,0.000000,Yes,2015-03-05,1,187,1,21,401,12,https://www.tunixp.tn/tunixp4.html,Yes,TUN,67
1484,"United States",Phoenix,"North America","Ninja-IX Phoenix",https://www.ninja-ix.net/,Active,20120901,197742,33.45070,-112.06840,63,525231506,245146428,272852742,0.000000,Yes,2026-08-25,25,183,35,41,233,27,https://www.peeringdb.com/ix/662,Yes,PHX,157
1499,Armenia,Yerevan,Europe,"Armenian Internet Traffic Exchange",http://www.armix.am/eng/index.php,Active,20100000,2450,40.13000,44.47000,21,70340730,10685192,0,50.000000,Yes,2026-08-25,1,318,1,191,451,117,http://www.armix.am/eng/members.php,Yes,EVN,337
1506,Norway,Oslo,Europe,"Norwegian Internet Exchange Oslo 2",https://www.nix.no,Active,20000500,996,59.95000,10.70000,13,4500000,2300000,1000000,0.000000,Yes,2022-02-28,5,510,3,246,578,190,https://www.nix.no/who-is-connected/,No,OSL,337
1507,Norway,Bergen,Europe,"Bergen Internet Exchange",https://www.nix.no/,Active,20040000,0,60.38000,5.34000,4,559000,290000,130000,0.000000,No,2022-02-28,6,582,7,307,808,219,https://www.nix.no/who-is-connected/,No,,337
1508,Norway,Trondheim,Europe,"Trondheim Internet Exchange",https://www.nix.no/,Active,20050000,1473,63.47000,10.93000,10,6000000,3000000,1500000,0.000000,Yes,2022-02-28,3,493,4,266,649,181,https://www.nix.no/who-is-connected/,No,,337
1511,Norway,Stavanger,Europe,"Stavanger Internet exchange",http://www.nix.no/,Active,20070000,0,58.97000,5.71000,10,6000000,3750000,2400000,0.000000,No,2022-02-28,3,493,4,266,649,181,https://www.nix.no/who-is-connected/,No,,337
1512,Norway,Tromsø,Europe,"Tromsø Internet exchange",http://www.nix.no/,Active,20070000,0,69.66670,18.93330,8,564232264,355290304,163712360,50.000000,No,2026-08-25,2,179,6,282,694,62,https://www.nix.no/who-is-connected/,No,,337
1515,Finland,Oulu,Europe,"Finnish Communication and Internet Exchange Oulu",https://www.ficix.fi/,Active,20080300,0,65.05000,25.46670,13,3290000,2310000,1040000,0.000000,No,0000-00-00,6,526,7,246,578,196,https://ficix.fi/membership/ficix-members,No,,337
1516,Finland,Espoo,Europe,"Finnish Communication and Internet Exchange Espoo",https://www.ficix.fi/,Active,19930000,0,60.21000,24.66000,37,69600000,41200000,20000000,0.000000,No,0000-00-00,3,339,3,149,340,123,https://ficix.fi/membership/ficix-members,No,,337
1521,Slovakia,Košice,Europe,"Slovak Internet Exchange Košice",http://www.six.sk/,Active,20080600,0,48.71670,21.25000,4,144281,26401,5125,0.000000,No,2026-08-25,2,602,3,307,808,229,http://www.six.sk/index.php?page=siete&city=ke,No,,337
1530,Bolivia,"La Paz","Latin America","IXP MegaLink",https://ixp.megalink.com/,Active,20131101,228,-16.50000,-68.15000,5,0,0,0,0.000000,Yes,0000-00-00,2,649,2,124,783,127,,Yes,LPB,143
1540,Canada,Winnipeg,"North America","Winnipeg Internet Exchange",http://wpgix.ca/,Active,20130500,78,49.88330,-97.15000,25,0,0,0,0.000000,Yes,2019-03-18,17,649,8,64,408,96,http://wpgix.ca/?page_id=13,Yes,YWG,157
1541,"Republic of Congo",Brazzaville,Africa,"Congo Internet eXchange",https://cgix.cg/,Active,20130510,350,-4.26780,15.29190,8,0,0,0,0.000000,Yes,0000-00-00,1,649,1,47,694,60,https://cgix.cg/index.php/index.php/membres%20nationaux.php,Yes,BZV,67
1546,Indonesia,Jakarta,Asia-Pacific,"NEX Internet Exchange",https://www.nexdatacenter.com/solution/internet-exchange,Active,20100000,0,-6.17444,106.82944,12,0,0,0,0.000000,No,0000-00-00,21,649,25,137,603,130,https://www.nexdatacenter.com/solution/internet-exchange,No,,190
1549,Indonesia,Surabaya,Asia-Pacific,"IIX Jawa Timur",https://ji.iix.net.id/,Active,0,0,-7.24917,112.75083,102,17683928,10854151,2845888,0.000000,No,2026-08-25,16,430,9,40,155,106,https://ji.iix.net.id/partisipans,No,,190
1550,Indonesia,Jakarta,Asia-Pacific,"OpenIXP Internet exchange Point",http://www.openixp.net/,Active,20050000,21380,-6.17444,106.82944,2071,41100000000,4800000000,3600000000,0.000000,Yes,2017-10-25,1,3,1,1,2,2,http://www.openixp.net/routedasn.html,Yes,PCB,190
1553,"United States",Buffalo,"North America","Buffalo Niagara International Internet Exchange",http://www.bniix.net/,Active,20110500,0,42.88640,-78.87860,8,0,0,0,0.000000,No,0000-00-00,78,649,87,106,694,96,,No,,157
1555,"United States",Chicago,"North America","Greater Chicago International Internet Exchange",http://www.gciix.net,Active,20121200,0,41.85000,-87.65000,2,0,0,0,0.000000,No,0000-00-00,78,649,129,152,866,96,,No,,157
1574,"Republic of Congo",Pointe-Noire,Africa,"CG-IX Pointe-Noire",http://pointe-noire.cgix.cg/,Active,20240000,0,-4.76920,11.86640,1,0,0,0,0.000000,No,0000-00-00,1,649,2,66,881,60,,No,,67
1576,Lithuania,Vilnius,Europe,"Lithuania Internet Exchange",http://www.lixp.lt/en,Active,20100000,245146,54.63000,25.28000,11,37000000,27000000,19000000,0.000000,Yes,2019-06-03,3,375,3,262,626,135,http://lixp.lt/en/network/member,Yes,VNO,337
1585,Australia,Sydney,Asia-Pacific,"IX Australia (Sydney NSW)",https://internet.asn.au/,Active,20130710,1138080,-33.95000,151.17999,198,551000000,380000000,190000000,0.000000,Yes,2021-08-03,4,181,3,19,80,40,https://internet.asn.au/services/peering/,Yes,SYD,190
1587,Mongolia,Ulaanbaatar,Asia-Pacific,"Mongolian Internet Exchange and Mongolian National Data Center",http://www.datacenter.gov.mn/,Active,20090000,0,47.90882,106.86346,5,0,0,0,0.000000,No,0000-00-00,1,649,2,174,783,130,,No,,190
1588,Ukraine,Kyiv,Europe,"Giganet Internet Exchange",https://giganet.ua/en,Active,20120000,1114160,50.51482,30.52102,352,1670000000,880000000,260000000,0.000000,Yes,2022-02-28,2,102,1,16,28,30,https://giganet.ua/en/members,Yes,KBP,337
1616,Canada,Montreal,"North America","CANIX Internet Exchange - Montreal",https://qix.ca/?lang=en,Active,20130100,790792,45.47000,-73.75000,88,1057004964,802425668,342474084,50.002800,Yes,2026-08-25,2,125,5,27,179,17,https://ixpm.yul.canix.ca/customer/details,Yes,YUL,157
1623,Bulgaria,Sofia,Europe,NetIX,https://www.netix.net/,Active,20130101,2356011,42.65000,23.38000,264,7270000000,5540000000,3500000000,0.000000,Yes,2022-02-28,1,20,1,25,49,6,https://www.netix.net/members,Yes,SOF,337
1636,Poland,Warsaw,Europe,"TPIX - Internet Exchange",http://www.tpix.pl/en/,Active,20101100,0,52.23000,21.00000,463,2470000000,1590000000,1000000000,0.000000,No,2022-02-28,3,76,3,12,20,20,http://www.tpix.pl/en/uczestnicy_en.html,No,,337
1656,France,Marseille,Europe,"France-IX Marseille",https://www.franceix.net/en/,Active,20130900,644599,43.45000,5.23000,126,652000000,500000000,320000000,0.000000,Yes,2022-02-28,2,162,4,59,127,54,https://www.franceix.net/en/france-ix-marseille/members-in-marseille/,Yes,MRS,337
1663,Germany,Frankfurt,Europe,"Megaport Frankfurt IX",https://www.megaport.com/,Active,20130408,1338432,50.12000,8.68000,114,942360000,775000000,409750000,0.000000,Yes,0000-00-00,3,138,9,66,140,44,https://www.megaport.com/connected-networks/,No,,337
1667,Germany,Düsseldorf,Europe,"OpenCarrier e.G. Member IX Dusseldorf",https://www.opencarrier.eu/,Active,20060900,0,51.28000,6.76000,21,0,0,0,0.000000,No,0000-00-00,21,649,23,191,451,240,https://opencarrier.eu/mitgliedschaft/,No,,337
1678,"United States",Reston,"North America","LINX NoVa",https://www.linx.net/,Active,20140300,52000,38.95669,-77.34210,48,137301000,124741000,70273000,0.000000,Yes,2018-08-22,34,289,39,45,287,42,https://portal.linx.net/members/list-ip-asn,Yes,IAD,157
1693,Canada,Halifax,"North America","Atlantic IXP- HFXIX",https://hfxix.ca/,Active,20150501,749883,44.67000,-63.61000,24,0,0,0,0.000000,Yes,0000-00-00,17,649,10,68,418,96,https://aixp.ca/peers-halifax/,Yes,YHZ,157
1701,"United Kingdom",Scotland,Europe,"LINX Scotland",https://www.linx.net/about/network/linx-scotland/,Active,20131000,906072,57.00000,-5.00000,14,13200000,7350000,4450000,0.000000,Yes,2018-08-22,6,448,11,235,557,161,https://portal.linx.net/members/members-full-list,Yes,EDI,337
1702,Kosovo,Prishtinë,Europe,"KOSIX Internet Exchange Point",http://www.kosix.net/,Active,20110623,0,42.66670,21.16670,5,0,0,0,0.000000,Yes,0000-00-00,1,649,1,301,783,240,https://www.kosix.net/en-us/members.aspx,No,PRN,337
1705,Afghanistan,Kabul,Asia-Pacific,"National Internet Exchange of Afghanistan",http://www.nixa.af/,Active,20180721,1146,34.55395,68.91754,20,920000,2190000,58300,0.000000,Yes,2022-02-28,1,574,1,108,463,122,https://nixa.af/our-partners,Yes,KBL,190
1709,Uzbekistan,Tashkent,Asia-Pacific,"Uzbekistan Internet Exchange",http://tas-ix.uz/,Active,20041224,0,41.26670,69.21670,66,65100000,42300000,34000000,0.000000,No,0000-00-00,2,342,1,60,228,83,http://tas-ix.uz/,No,,190
1719,"United States",Boston,"North America","Coresite - Any2 Boston",https://www.coresite.com/solutions/interconnection/peering-exchanges/any2-internet-peering-exchange,Active,20130000,0,42.37000,-71.03000,5,0,0,0,0.000000,No,0000-00-00,78,649,108,129,783,96,https://www.coresite.com/interconnection/peering-exchanges/any2-internet-peering-exchange/any2-peering-participants,No,,157
1720,"United States",Denver,"North America","Coresite - Any2 Denver",https://www.coresite.com/solutions/interconnection/peering-exchanges/any2-internet-peering-exchange,Active,20130000,0,39.75000,-105.00000,88,0,0,0,0.000000,No,0000-00-00,78,649,23,27,179,96,https://www.coresite.com/interconnection/peering-exchanges/any2-internet-peering-exchange/any2-peering-participants,No,,157
1721,"United States",Florida,"North America","Coresite - Any2 Florida",https://www.coresite.com/solutions/interconnection/peering-exchanges/any2-internet-peering-exchange,Active,20130000,0,27.69864,-83.80460,3,0,0,0,0.000000,No,0000-00-00,78,649,123,145,839,96,https://www.coresite.com/interconnection/peering-exchanges/any2-internet-peering-exchange/any2-peering-participants,No,,157
1722,"United States","New York","North America","Coresite - Any2 New York",http://www.coresite.com/solutions/interconnection/Peering-Exchanges/ANY2,Active,20130000,0,40.75000,-74.00000,8,0,0,0,0.000000,Yes,0000-00-00,78,649,87,106,694,96,https://www.coresite.com/interconnection/peering-exchanges/any2-internet-peering-exchange/any2-peering-participants,Yes,EWR,157
1723,"United States",Reston,"North America","Coresite - Any2 East",http://www.coresite.com/solutions/interconnection/Peering-Exchanges/ANY2,Active,20130000,0,38.95669,-77.34210,63,0,0,0,0.000000,No,0000-00-00,78,649,35,41,233,96,https://www.coresite.com/interconnection/peering-exchanges/any2-internet-peering-exchange/any2-peering-participants,No,,157
1724,"United States","San Jose","North America","Coresite - Any 2 Northern California",http://www.coresite.com/solutions/interconnection/Peering-Exchanges/ANY2,Active,20130000,0,37.33000,-121.88000,24,0,0,0,0.000000,No,0000-00-00,78,649,58,68,418,96,http://www.coresite.com/solutions/interconnection/Peering-Exchanges/ANY2/ANY2-Peering-Participants,No,,157
1758,"Czech Republic",Prague,Europe,Peering.cz,https://www.peering.cz/,Active,20121017,1272355,50.08000,14.43000,211,4600000000,3700000000,3100000000,0.000000,Yes,2018-05-01,1,28,1,36,71,11,https://www.peering.cz/networks,Yes,PRG,337
1778,"United States","New York","North America","DE-CIX New York",https://www.de-cix.net/en/locations/united-states/new-york,Active,20130000,1526940,40.75000,-74.00000,278,1887299748,1881465240,1875630733,0.000000,Yes,2026-08-25,10,94,6,7,45,11,https://www.de-cix.net/en/locations/united-states/new-york/connected-networks,Yes,LGA,157
1781,Denmark,Copenhagen,Europe,"Netnod Copenhagen",https://www.netnod.se/,Active,20140500,0,55.67000,12.57000,69,443000000,311000000,195000000,0.000000,No,2022-02-28,1,196,1,97,220,67,https://www.netnod.se/ix/networks,No,,337
1784,Namibia,Windhoek,Africa,"Windhoek IXP",http://ixp.org.na/,Active,20140307,448,-22.56429,17.08514,12,590000,0,0,0.000000,Yes,0000-00-00,1,581,1,37,603,41,http://ixp.org.na/customer/details,Yes,WDH,67
1789,Bolivia,"La Paz","Latin America","Punto de Intercambio de Trafico de Bolivia",http://www.pit.bo/,Active,20131113,4106,-16.50000,-68.15000,20,160347378,92944956,20076674,50.011440,Yes,2026-08-25,1,276,1,58,463,56,https://www.portal.pit.bo/customer/details,Yes,LPB2,143
1790,France,Saint-Denis,Europe,"Réunion Internet Exchange",https://www.renater.fr/reunix?lang=en,Active,20060200,0,-20.89070,55.45510,10,0,0,0,0.000000,No,0000-00-00,15,649,16,266,649,240,"https://www.renater.fr/connected-members,579",No,,337
1792,France,Cayenne,Europe,Guyanix,https://www.renater.fr/guyanix,Active,20131001,0,4.92240,-52.31350,9,0,0,0,0.000000,No,0000-00-00,15,649,18,274,671,240,https://www.renater.fr/les-membres-connectes-1885?lang=fr,No,,337
1795,"United States",Bend,"North America","Central Oregon Internet eXchange",https://www.centraloregonix.org/,Active,20200800,2345,44.05640,-121.30810,14,773519,269466,79712,0.000000,Yes,2026-08-25,68,578,73,90,557,84,https://www.centraloregonix.org/members/,No,RDM,157
1801,"Cote D'Ivoire",Abidjan,Africa,"Côte d'Ivoire Internet Exchange Point",http://www.civix.ci/index.php?lang=fr,Active,20130700,1332,5.25000,-3.93000,15,14000000,12000000,3000000,0.000000,Yes,0000-00-00,1,445,1,33,544,29,www.civix.ci/index.php/membres/membres-connectes,Yes,ABJ,67
1802,Canada,Vancouver,"North America","Vancouver Internet Exchange",http://www.vanix.ca/,Active,20131130,0,49.18000,-123.17000,74,475000000,350000000,125000000,0.000000,No,2022-02-28,4,191,6,35,205,31,http://www.vanix.ca/participants/,No,YVR,157
1803,"Trinidad and Tobago",Barataria,"Latin America","Trinidad and Tobago Internet Exchange - Barataria",https://ix.tt/,Active,20140418,175,10.64688,-61.46287,11,0,0,0,0.000000,Yes,2018-11-23,2,649,1,87,626,127,https://www.peeringdb.com/ix/940,Yes,POS,143
1806,"Costa Rica","San Jose","Latin America","Costa Rica Neutral Internet Exchange Point",https://www.crix.cr/,Active,20140429,22350,9.93504,-84.08300,52,1253820756,715517588,233389102,50.006620,Yes,2026-08-25,1,118,1,27,270,35,https://ixpmanager.crix.cr/customer/details,Yes,SJO,143
1807,Brazil,Cuiabá,"Latin America","IX.br (PTT.br) Cuiabá",https://ix.br/adesao/cgb,Active,20140300,0,-15.60140,-56.09790,59,27260000,19300000,10000000,0.000000,No,2022-02-28,23,397,19,24,249,79,https://ix.br/particip/cgb,No,,143
1808,Brazil,Lajeado,"Latin America","IX.br (PTT.br) Lajeado",https://ix.br,Active,20130900,0,-29.45960,-51.96490,31,31220000,20570000,14800000,0.000000,No,2022-02-28,20,387,32,45,365,75,https://ix.br/particip/laj,No,,143
1812,Belarus,Minsk,Europe,"Belarus National Internet Exchange Point",https://ncot.by/en/services/by-ix/,Active,20200000,0,53.88401,27.45489,9,0,0,0,0.000000,No,0000-00-00,1,649,1,274,671,240,https://ntec.by/en/home/services/national-services/peering#participants_,No,,337
1813,"United Kingdom",Cardiff,Europe,"LINX Wales",https://www.linx.net/,Active,20141015,0,51.48158,-3.17909,9,318366,186197,20901,0.000000,No,2018-08-22,10,593,13,274,671,227,https://portal.linx.net/members/members-full-list,No,,337
1814,Jamaica,Kingston,"Latin America","Jamaica Internet Exchange Point",https://jaixp.com,Active,20140831,406,17.93000,-76.78000,6,18003066,12177676,4904660,50.008630,Yes,2026-08-25,1,425,1,119,756,88,https://jaixp.com/,Yes,KIN,143
1815,France,Nantes,Europe,"Ouest IX",http://www.ouestix.fr/,Active,20140402,0,47.21840,-1.55360,10,0,0,0,0.000000,No,0000-00-00,15,649,16,266,649,240,http://www.ouestix.fr/membres/,No,,337
1816,"United States",Milwaukee,"North America","Milwaukee Internet Exchange",HTTP://www.mkeix.net/,Active,20110000,672,43.03890,-87.90650,7,2800000,0,400000,0.000000,Yes,2020-05-21,60,530,94,114,726,74,https://www.mkeix.net/participants,Yes,MKE,157
1819,Argentina,Resistencia,"Latin America","CABASE IXP Resistencia",https://ixp.cabase.org.ar/ixp-resistencia.php,Active,20170217,0,-27.46064,-59.06539,17,4000000000,2100000000,1800000000,0.000000,No,0000-00-00,1,32,7,67,504,5,https://ixp.cabase.org.ar/ixp-resistencia.php,No,,143
1820,Argentina,Posadas,"Latin America","CABASE IXP Posadas",https://ixp.cabase.org.ar/ixp-posadas.php,Active,20131128,52002,-27.36708,-55.89608,20,4000000000,2100000000,1800000000,0.000000,Yes,0000-00-00,1,32,4,58,463,5,https://ixp.cabase.org.ar/ixp-posadas.php,Yes,PSS,143
1822,Argentina,Bariloche,"Latin America","CABASE IXP Bariloche",https://ixp.cabase.org.ar/ixp-bariloche.php,Active,20140915,0,-41.13350,-71.31030,7,2950000000,2100000000,1800000000,0.000000,No,0000-00-00,25,67,20,113,726,31,https://ixp.cabase.org.ar/ixp-bariloche.php,No,,143
1823,Argentina,"Puerto Madryn","Latin America","CABASE IXP Puerto Madryn",https://ixp.cabase.org.ar/ixp-puerto-madryn.php,Active,20141030,0,-42.76940,-65.03170,9,4000000000,2100000000,1800000000,0.000000,No,0000-00-00,1,32,16,100,671,5,https://ixp.cabase.org.ar/ixp-puerto-madryn.php,No,,143
1825,Thailand,Bangkok,Asia-Pacific,"True International Gateway NIX",http://www.trueintergateway.com,Active,20070700,0,13.92000,100.60000,38,1932995297,1035458623,301220432,0.000000,No,2026-08-25,1,92,5,84,332,20,https://trueix.trueintergateway.com/customer/details,No,,190
1828,Thailand,Bangkok,Asia-Pacific,"JASTEL IX",https://www.jastel.co.th/en/jastel-ourservice/jastel-interservice/jastel-ins-nix/,Active,20100100,0,13.92000,100.60000,15,359885852,262503990,59869506,50.000000,No,2026-08-25,4,208,8,125,544,47,https://jtix.jastel.co.th/customer/details,No,,190
1831,Thailand,Bangkok,Asia-Pacific,"Symphony IX",https://www.symphony.net.th/our-services/internet-service/internet-exchange-iig-nix/,Active,20131200,0,13.92000,100.60000,3,0,0,0,0.000000,No,0000-00-00,8,649,9,177,808,130,,No,,190
1832,Brazil,Curitiba,"Latin America","IX.br (PTT.br) Curitiba",https://ix.br/adesao/pr,Active,20050000,0,-25.52000,-49.17000,244,539580000,332470000,130000000,0.000000,No,2022-02-28,7,182,6,6,55,43,https://ix.br/particip/pr,No,,143
1833,Brazil,Maringá,"Latin America","IX.br (PTT.br)  Maringá",https://ix.br,Active,20131000,0,-23.42100,-51.93310,70,17920000,11310000,8000000,0.000000,No,2022-02-28,28,429,15,18,217,89,https://ix.br/particip/mgf,No,,143
1835,Singapore,Singapore,Asia-Pacific,"BroadBand Internet eXchange Singapore",HTTP://www.bbix.net/,Active,20141001,879141,1.37000,103.98000,151,2030000000,1600000000,400000000,0.000000,Yes,0000-00-00,3,86,3,26,108,18,https://www.bbix.net/en/participants_list_sg/,No,SIN,190
1836,China,"Hong Kong",Asia-Pacific,"BroadBand Internet eXchange Hong Kong",https://www.bbix.net/en/,Active,20141001,815226,22.33000,114.18000,100,1040000000,778630000,400000000,0.000000,Yes,0000-00-00,6,128,3,41,161,31,https://www.bbix.net/en/participants_list_hk/,No,HKG2,190
1838,Benin,Cotonou,Africa,"Benin IX",http://benin-ix.org.bj/,Active,20131200,150,6.36183,2.39768,5,967000,621000,8500,0.000000,Yes,2021-06-08,1,571,1,59,783,39,https://benin-ix.org.bj/,Yes,COO,67
1839,"Burkina Faso",Ouagadougou,Africa,"Burkina Faso Internet Exchange Point (BFIX) Ouaga",HTTP://www.bfix.bf/,Active,20150626,2110,12.37140,-1.51970,18,100215452,53784606,7552520,50.025840,Yes,2026-08-25,1,312,2,29,485,21,https://bfix.bf/index.php?option=com_content&view=article&id=8&Itemid=126,Yes,OUA,67
1840,"South Africa",Durban,Africa,"NAPAfrica IX Durban",https://www.napafrica.net/,Active,20140000,1036399,-29.97000,30.95000,145,1022000000,365000000,146000000,0.000000,Yes,2026-05-17,4,130,4,5,114,9,https://www.napafrica.net/who-is-peering/,Yes,DUR,67
1842,India,Mumbai,Asia-Pacific,"DE-CIX Mumbai",https://www.de-cix.in/locations/de-cix-mumbai,Active,20140814,132200,19.10935,72.90144,277,0,0,0,0.000000,Yes,2022-01-15,18,649,1,8,46,130,https://www.de-cix.in/connected-networks/,Yes,BOM2,190
1844,Mexico,"Ciudad de Mexico","Latin America","IXP.MX - Mexico City",http://ixp.mx/,Active,20140430,123,19.45105,-99.12140,14,6352300,2064199,325240,0.000000,Yes,2025-09-26,4,487,2,74,557,101,https://cdmx.ixp.mx/customer/details,Yes,MEX,143
1845,"United States","Northern Virginia","North America","Community IX - Northern Virginia",https://www.communityix.org/,Active,20140000,0,38.65776,77.71527,20,861820910,700157520,498796560,50.000000,No,2026-08-25,18,142,63,74,463,20,https://www.communityix.org/cix-nova-networks-traffic/,No,,157
1848,Angola,Luanda,Africa,ANGONIX,http://www.angonix.net/,Active,20150309,41630,-8.85000,13.23000,38,63000000,33000000,24000000,0.000000,Yes,2022-02-28,2,344,1,13,332,24,http://www.angonix.net/customers-partners/customers/,Yes,LAD,67
1852,Canada,Toronto,"North America","Equinix Internet Exchange Toronto",https://ix.equinix.com/home/,Active,20100501,493572,43.67000,-79.40000,17,331320,321335,311350,0.000000,Yes,2026-08-25,15,591,13,80,504,85,https://ix.equinix.com/home/locations-and-traffic/#traffic,No,,157
1854,France,Lille,Europe,Lillix,http://www.lillix.fr/,Active,20140627,0,50.62920,3.05730,48,18000000,14000000,4000000,0.000000,No,2022-02-28,9,426,8,125,287,147,https://www.lillix.fr/membres,No,,337
1855,Germany,Bremen,Europe,"Bremen Internet Exchange",https://www.brem-ix.net/,Active,20130000,0,53.07930,8.80170,6,0,0,0,0.000000,No,2017-02-22,21,649,30,296,756,240,https://www.brem-ix.net/,No,,337
1856,Germany,Dortmund,Europe,"Dortmund Internet exchange",https://www.do-ix.net/,Active,20130901,7331,51.51610,7.46830,12,31873069,6661054,2313871,0.000000,Yes,2026-08-25,16,384,26,255,603,138,https://portal.do-ix.net/customer/details,No,DTM,337
1857,Japan,Niigata,Asia-Pacific,"Echigo Internet Exchange",http://www.echigo-ix.jp/,Active,20110900,0,37.92000,139.05000,4,0,0,0,0.000000,No,0000-00-00,15,649,18,177,808,130,http://www.echigo-ix.jp/list.html,No,,190
1859,Liechtenstein,Eschen,Europe,"Rheintal Internet Exchange",https://www.rheintal-ix.net/,Active,20111027,182,47.20950,9.52200,38,15044310,8004954,4346544,50.000000,Yes,2026-08-25,1,437,1,147,332,155,https://www.rheintal-ix.net/rheintal_ix/participants/,Yes,ACH,337
1860,Russia,Ufa,Europe,"DataIX Ufa",http://www.dataix.ru/,Active,20130000,0,54.73880,55.97210,94,130000000,0,20000000,0.000000,No,2020-02-13,11,291,10,78,170,104,http://www.dataix.ru/eng/members/,No,,337
1861,Russia,Novosibirsk,Europe,"DataIX Novosibirsk",http://www.dataix.ru/,Active,20120000,0,55.03000,82.90000,27,8000000,0,1500000,0.000000,No,2017-11-01,19,476,22,168,393,172,http://www.dataix.ru/eng/members/,No,,337
1862,Russia,Khabarovsk,Europe,"DataIX Khabarovsk",http://www.dataix.ru/,Active,20130000,0,48.50270,135.06630,30,1600,0,0,0.000000,No,2017-11-08,24,631,21,161,373,237,http://www.dataix.ru/eng/members/,No,,337
1863,Russia,Omsk,Europe,"Omsk Internet exchange",http://www.omsk-ix.ru/,Active,20060000,0,54.98850,73.32420,15,10700000,5200000,1000000,0.000000,No,2019-07-28,18,459,27,229,544,167,http://www.omsk-ix.ru/members,No,,337
1864,Russia,"St. Petersburg",Europe,PIRIX,http://pirix.ru/,Active,20080000,0,59.93000,30.30000,50,7900000,5100000,3600000,0.000000,No,2018-06-29,20,477,19,122,281,173,http://pirix.ru/members/,No,,337
1866,Thailand,Bangkok,Asia-Pacific,"Bangkok Neutral Internet Exchange",https://bknix.co.th/en/,Active,20150209,730890,13.92000,100.60000,78,370927042,247797074,76296238,0.000000,Yes,2026-08-25,3,204,1,51,197,45,https://bknix.co.th/en/members/bkk/,Yes,BKK,190
1867,Russia,Krasnodar,Europe,"Sea-IX Internet exchange",http://sea-ix.ru/,Active,20121008,0,45.03930,38.98720,66,299770000,220640000,146240000,0.000000,No,2022-02-28,9,219,14,100,228,74,http://sea-ix.ru/participants,No,,337
1868,Ukraine,Khmelnytsky,Europe,"Khmelnytsky Internet exchange point",http://ix.km.ua/,Active,20030809,0,49.42300,26.98710,3,35164,596,594,0.000000,No,2026-08-25,8,621,15,319,839,234,http://ix.km.ua/members.html,No,,337
1870,"United States","Los Angeles","North America","CENIC International Internet eXchange",http://www.ciix.net/,Active,19960000,0,33.97000,-118.25000,6,0,0,0,0.000000,No,0000-00-00,78,649,100,120,756,96,http://www.ciix.net/participants/,No,,157
1871,"United States",Carrollton,"North America",CyrusOne,https://cyrusone.com/solutions/connectivity-solutions/national-internet-exchange/peering-exchange/,Active,20110000,0,32.97560,-96.89000,3,0,0,0,0.000000,No,0000-00-00,78,649,123,145,839,96,,No,,157
1872,"United States","Salt Lake City","North America","Salt Lake Internet Exchange",http://www.slix.net/,Active,20140101,956296,40.77000,-111.90000,40,580511358,361114706,165150248,50.000000,Yes,2026-08-25,24,177,44,50,322,26,https://slix.net/participants/,No,SLC,157
1873,"United States",Atlanta,"North America","South East Network Access Point",http://www.southeastnap.com/,Active,20120000,0,33.86000,-84.40000,7,0,0,0,0.000000,No,0000-00-00,78,649,94,114,726,96,http://www.southeastnap.com/members/,No,,157
1874,"United States","St. George","North America","Southern Utah Peering Regional Network",https://suprnet.net/,Active,20060500,1209,37.09650,-113.56840,24,0,0,0,0.000000,Yes,0000-00-00,78,649,58,68,418,96,https://suprnet.net/,Yes,SGU,157
1875,"United States",Atlanta,"North America","Digital Realty Atlanta Internet Exchange",https://ix.digitalrealty.com/,Active,20070000,913594,33.86000,-84.40000,175,1400000000,0,450000000,0.000000,Yes,2022-02-28,13,112,13,15,97,14,http://tieatl-server1.telx.com/participants/,Yes,ATL,157
1876,"United States",Duluth,"North America","Twin Ports Internet Exchange",HTTP://www.tp-ix.net/,Active,20121101,0,46.78670,-92.10050,2,0,0,0,0.000000,No,0000-00-00,78,649,129,152,866,96,,No,,157
1877,France,Paris,Europe,Hopus,http://hopus.net,Active,20140100,0,48.80000,2.33000,58,200000000,160000000,98000000,0.000000,No,2022-02-28,5,265,7,112,255,93,https://hopus.net/members,No,,337
1878,"United States",Reno,"North America","Tahoe Internet Exchange",http://www.tahoeix.org/,Active,20140912,989717,39.46926,-119.76983,16,2000000,1200000,800000,0.000000,Yes,2024-03-04,62,537,68,83,517,76,http://www.tahoeix.org/,Yes,RNO,157
1879,"New Zealand",Auckland,Asia-Pacific,"MegaPort-IX Auckland",https://www.megaport.com/,Active,20141120,1069428,-37.02000,174.80000,96,89660000,56860000,24260000,0.000000,Yes,0000-00-00,3,319,2,43,167,74,https://www.megaport.com/connected-networks/,Yes,SYD,190
1880,"New Zealand",Auckland,Asia-Pacific,"New Zealand Internet Exchange Auckland",https://ix.nz/,Active,20141107,615912,-37.02000,174.80000,110,782000000,587000000,404000000,0.000000,Yes,2018-10-08,1,147,1,37,146,34,https://ix.nz/service/peering/,No,AKL2,190
1882,Canada,Edmonton,"North America","YEGIX Edmonton Internet Exchange",HTTP://www.yegix.ca/,Active,20150130,0,53.54440,-113.49090,16,935600,182600,33500,0.000000,No,0000-00-00,14,573,15,83,517,83,http://www.yegix.ca/peers.html,No,,157
1883,"United States",Chicago,"North America","United IX Chicago",https://unitedix.net/,Active,20140000,390735,41.85000,-87.65000,70,346884771,185853223,81992455,0.000000,Yes,2026-08-25,28,213,33,39,217,32,https://unitedix.net/location/chicago/networks,Yes,ORD,157
1884,Nigeria,Abuja,Africa,"Internet Exchange Point of Nigeria - Abuja",http://ixp.net.ng/,Active,20120000,0,9.25000,7.00000,129,1429996939,959585932,286522062,0.589670,No,2026-08-25,2,109,2,7,125,6,https://ixp.net.ng/connections,No,,67
1885,Nigeria,"Port Harcourt",Africa,"Internet Exchange Point of Nigeria - Port Harcourt",http://ixp.net.ng,Active,20120517,0,4.82416,6.96351,4,1422207993,953761636,285185170,0.000000,No,2026-08-25,4,111,5,61,808,8,https://ixp.net.ng/connections,No,,67
1886,Nigeria,Kano,Africa,"Internet Exchange Point of Nigeria - Kano",http://ixp.net.ng,Active,20170000,0,11.99788,8.47086,0,1422484244,954050223,285185711,0.012860,No,2026-08-25,3,110,4,21,401,7,https://ixp.net.ng/connections,No,,67
1887,Gabon,Libreville,Africa,"Gabon Internet Exchange",http://www.gabix.ga/,Active,20140000,28,0.41620,9.46730,10,194408,35433,2338,50.040920,Yes,2026-08-25,1,598,1,40,649,45,https://ixp.gabix.ga/customer/details,Yes,LBV,67
1890,Italy,Palermo,Europe,"DE-CIX Palermo",https://www.de-cix.net/en/locations/italy/palermo,Active,20150902,0,38.18000,13.10000,24,3865035,3864576,3864118,0.000000,No,2026-08-25,7,516,9,174,418,193,https://www.de-cix.net/en/locations/italy/palermo/connected-networks,No,,337
1891,"United States",Indianapolis,"North America","FD-IX - Indianapolis",https://www.fd-ix.com/,Active,20150000,146149,39.77511,-86.10947,44,28000000,0,4000000,0.000000,Yes,2020-01-17,43,395,42,48,309,53,https://www.fd-ix.com/locations/indianapolis/,Yes,IND,157
1892,Bulgaria,Sofia,Europe,T-CIX,http://www.t-cix.net/index.php?lang=bg,Active,20150518,123,42.65000,23.38000,20,0,0,0,0.000000,Yes,0000-00-00,6,649,5,198,463,240,https://www.t-cix.net/members.php,Yes,SOF,337
1893,"United States",Richmond,"North America","DE-CIX Richmond",https://www.de-cix.net/en/locations/united-states/richmond,Active,20150215,645767,37.54070,-77.43600,23,14658646,13216924,11775203,0.000000,Yes,2026-08-25,48,441,60,71,431,59,https://www.de-cix.net/en/locations/richmond/connected-networks,Yes,RIC,157
1894,France,Marseille,Europe,"DE-CIX Marseille",https://www.de-cix.net/en/locations/france/marseille,Active,20150900,521797,43.45000,5.23000,111,178771257,176512014,174252771,0.000000,Yes,2026-08-25,6,273,5,68,144,96,https://www.de-cix.net/en/locations/france/marseille/connected-networks,Yes,MRS,337
1895,Turkey,Istanbul,Europe,"DE-CIX Istanbul",https://www.de-cix.net/en/locations/turkey/istanbul,Active,20151001,1703915,40.97000,28.82000,67,242374509,239142513,235910517,0.000000,Yes,2026-08-25,1,238,1,98,224,81,https://www.de-cix.net/en/locations/turkey/istanbul/connected-networks,Yes,IST,337
1896,Austria,Salzburg,Europe,"Salzburg Internet eXchange",https://www.saix.at/,Active,20150515,3071,47.80000,13.00000,33,1943673,738919,319620,0.000000,Yes,2026-07-12,3,544,2,154,353,205,https://portal.saix.at/customer/details,Yes,SZG,337
1897,Liberia,Monrovia,Africa,"Liberia Internet Exchange Point",https://www.lixpa.org.lr/,Active,20150804,47,6.31617,-10.80272,4,2000,0,0,0.000000,Yes,0000-00-00,1,630,1,61,808,54,https://www.lixpa.org.lr/,Yes,ROB,67
1898,"Papua New Guinea","Port Moresby",Asia-Pacific,PNG-IXP-POM,http://www.pgix.org.pg/,Active,20170510,0,-9.51360,147.21880,13,0,0,0,0.000000,No,0000-00-00,1,649,1,131,578,130,http://www.pgix.org.pg/index.php/ix-peering,No,,190
1899,Martinique,Fort-de-France,"Latin America",Martinix,https://www.renater.fr/martinix?lang=fr,Active,20150101,0,14.64886,-61.13883,6,966000,120000,175000,0.000000,No,2022-02-28,1,572,1,119,756,115,https://www.renater.fr/isp-raccordes-sur-le-martinix,No,,143
1900,"United States",Omaha,"North America",OmahaIX,https://omahaix.com/,Active,20140100,0,41.25240,-95.99800,47,519000000,331000000,200000000,0.000000,No,2021-10-15,26,186,40,46,293,28,https://omahaix.com/participants/,No,,157
1901,"United States",Denver,"North America","Interconnection eXchange Denver",https://ix-denver.org/,Active,20150000,769766,39.75000,-105.00000,92,872511992,525948624,235763422,0.000000,Yes,2026-08-25,17,141,22,26,174,19,https://ix-denver.org/members/,Yes,DEN,157
1902,Iran,Tehran,Europe,"Tehran IX",http://www.tehran-ix.ir/,Active,20160515,0,35.71028,51.42357,44,3240000000,2220000000,690000000,0.000000,No,2024-07-26,1,61,1,135,309,13,http://www.tehran-ix.ir/members,No,,337
1903,Honduras,Tegucigalpa,"Latin America","IXP-HN Puntos de Intercambio de Tráfico – Honduras",http://www.ixp.hn/,Active,20150700,79,14.07230,-87.19210,7,0,0,0,0.000000,Yes,0000-00-00,2,649,3,113,726,127,http://www.ixp.hn/?p=20,Yes,TGU,143
1905,"United States",Detroit,"North America","Detroit Internet Exchange",http://www.detroitix.com/,Active,20150331,615464,42.34453,-83.05988,102,1809000000,1261435540,636000000,0.000000,Yes,2026-08-25,11,96,19,22,155,12,http://www.detroitix.com/,No,DTW,157
1906,Cambodia,"Phnom Penh",Asia-Pacific,"Cambodian Network Exchange",http://cnx.net.kh/,Active,20081201,1001618,11.55000,104.85000,55,50000000,40000000,28000000,0.000000,Yes,2022-02-28,1,355,1,71,263,88,https://cnx.net.kh/members/,Yes,PNH,190
1907,"United States",Montgomery,"North America","Montgomery Internet Exchange",https://mgmix.net/,Active,20160100,96,32.34401,-86.38612,25,0,0,0,0.000000,Yes,0000-00-00,78,649,56,64,408,96,https://mgmix.net/,Yes,MGM,157
1909,"Democratic Republic of Congo",Lubumbashi,Africa,"Lubumbashi Internet Exchange",http://www.ispa-drc.cd/index.php?option=com_content&view=article&id=12&Itemid=27,Active,20191025,443,-11.67533,27.43215,10,121660000,78410000,10000000,0.000000,Yes,2022-02-28,2,297,2,40,649,19,http://www.ispa-drc.cd/index.php?option=com_content&view=article&id=29&Itemid=28,No,FBM,67
1910,"Democratic Republic of Congo",Goma,Africa,"Goma Internet Exchange",http://www.ispa-drc.cd/index.php?option=com_content&view=article&id=11&Itemid=32,Active,20210917,0,-1.65868,29.17309,8,50980000,32860000,5000000,0.000000,No,0000-00-00,3,354,3,47,694,25,http://www.ispa-drc.cd/index.php?option=com_content&view=article&id=33&Itemid=33,No,,67
1911,Tanzania,Dodoma,Africa,"Dodoma Internet Exchange Point",https://www.tix.or.tz/dixp/,Active,20180101,527,-6.20600,35.79500,9,214870,120670,30700,0.000000,Yes,0000-00-00,4,596,4,45,671,44,http://tix.or.tz/dixp/peers.html,No,DOD,67
1912,Tanzania,Mwanza,Africa,"Mwanza Internet Exchange Point",http://tispa.or.tz/index.php/projects/,Active,20160601,0,-2.52600,32.90000,12,187,43000,30,0.000000,No,2022-02-28,5,641,3,37,603,57,http://tispa.or.tz/index.php/projects/,No,,67
1913,China,Beijing,Asia-Pacific,"CHN-IX Beijing",http://www.chn-ix.net/,Active,20151201,0,39.93000,116.28000,7,0,0,0,0.000000,No,0000-00-00,8,649,9,162,726,130,,No,,190
1914,Germany,Wuppertal,Europe,"United Peering",https://united-peering.net/,Active,20150910,77,51.25620,7.15080,13,0,0,0,0.000000,Yes,0000-00-00,21,649,25,246,578,240,,Yes,SGE,337
1915,Singapore,Singapore,Asia-Pacific,"MegaPort IX Singapore",https://www.megaport.com/,Active,20170000,0,1.37000,103.98000,46,28300000,25100000,11300000,0.000000,Yes,0000-00-00,6,393,5,78,296,97,https://www.megaport.com/services/internet-exchange/,Yes,SIN,190
1916,Australia,Sydney,Asia-Pacific,"Megaport IX Sydney",https://www.megaport.com/,Active,20130900,1114065,-33.95000,151.17999,270,419000000,313000000,130000000,0.000000,Yes,0000-00-00,6,197,1,10,48,42,https://www.megaport.com/connected-networks/,Yes,SYD,190
1917,Morocco,Casablanca,Africa,"Casablanca Internet Exchange",https://casix.ma/,Active,20191000,188,33.57245,-7.65744,3,0,0,0,0.000000,Yes,0000-00-00,1,649,1,64,839,60,,No,CMN,67
1918,Belize,"Belize City","Latin America","Belize Internet Exchange Point",,Active,20160427,86,17.51587,-88.20404,9,44400,44300,44400,0.000000,Yes,2020-05-11,1,618,1,100,671,121,,Yes,BZE,143
1919,Germany,Düsseldorf,Europe,"DE-CIX Dusseldorf",https://www.de-cix.net/en/locations/germany/dusseldorf,Active,20110000,1130948,51.28000,6.76000,226,102006710,97316576,92626440,50.000000,Yes,2026-08-25,12,311,3,30,63,113,https://www.de-cix.net/en/locations/germany/dusseldorf/connected-networks,No,,337
1920,Qatar,Doha,Europe,"Qatar Internet Exchange Point",https://www.qix.qa/index.html,Active,20160604,1950,25.25000,51.57000,23,0,0,0,0.000000,Yes,0000-00-00,1,649,1,180,431,240,https://www.qix.qa/participants.html,No,DOH2,337
1924,Kenya,Mombasa,Africa,"Kenya Internet Exchange Point - Mombasa",https://www.tespok.co.ke/?page_id=11648,Active,20160601,1591028,-4.05000,39.66670,31,93506788,26462311,7013166,0.000000,Yes,2026-08-25,2,317,3,16,365,22,https://portal.kixp.or.ke/customer/details,Yes,MBA,67
1925,Lesotho,Maseru,Africa,"Lesotho Internet Exchange Point",http://www.lixp.org.ls/,Active,20170000,0,-29.32630,27.50110,8,80000,60000,5000,0.000000,No,0000-00-00,1,610,1,47,694,49,http://www.lixp.org.ls,No,,67
1927,"United States","Portland, ME","North America","Northern New England Neutral Internet Exchange",http://www.nnenix.net/,Active,20170000,989147,43.68003,-70.31043,11,24124432,13939468,5733888,49.993670,Yes,2026-08-25,45,403,80,97,626,55,http://www.nnenix.net/participants/,Yes,BGR,157
1928,Senegal,Dakar,Africa,"Senegal IX",https://senix.sn/,Active,20170829,48,14.73000,-17.50000,6,556000,0,2000,0.000000,Yes,2022-02-28,2,583,2,55,756,42,,Yes,DKR,67
1929,Djibouti,"Djibouti City",Africa,"AMS-IX Djibouti",https://www.ams-ix.net/dji,Active,20160501,781246,11.82510,42.59030,22,1929618,958338,284468,50.000000,Yes,2026-08-25,1,546,1,26,437,35,https://www.ams-ix.net/dji/connected-networks,No,JIB,67
1931,Chile,Santiago,"Latin America","PIT Chile - Santiago",https://www.pitchile.cl/wp,Active,20160701,1119555,-33.38000,-70.78000,171,7600000000,7270000000,1660000000,0.000000,Yes,2022-02-28,1,19,1,11,101,3,https://www.pitchile.cl/wp/nuestros-miembros/,Yes,SCL,143
1932,"United States","Los Angeles","North America","Megaport IX Los Angeles",https://www.megaport.com/services/ix-connected-networks/,Active,20161104,141,33.97000,-118.25000,29,24000000,19000000,112000000,0.000000,Yes,0000-00-00,46,404,52,59,380,56,https://www.megaport.com/connected-networks/,Yes,BUR,157
1933,Georgia,Tbilisi,Europe,"Georgian Internet Exchange Point",http://gix.ge/,Active,20160928,0,41.68000,44.95000,16,63,27,0,0.000000,No,2021-01-31,3,643,3,218,517,239,,No,,337
1934,"United Kingdom",Liverpool,Europe,"IX Liverpool",https://www.ixliverpool.net/,Active,20160000,0,53.42003,-3.05093,7,0,0,0,0.000000,No,0000-00-00,11,649,14,290,726,240,http://www.ixliverpool.net/our-members/,No,,337
1935,"United States",Dallas,"North America","DE-CIX Dallas",https://www.de-cix.net/en/locations/dallas,Active,20161115,1193327,32.77000,-96.77000,174,1975095071,1949875919,1924656767,0.000000,Yes,2026-08-25,9,90,14,16,100,10,https://www.de-cix.net/en/locations/dallas/connected-networks,No,DAL,157
1936,Spain,Madrid,Europe,"DE-CIX Madrid",https://www.de-cix.net/en/locations/spain/madrid,Active,20160601,1067990,40.43000,-3.70000,228,602985481,595595297,588205114,0.000000,Yes,2026-08-25,2,171,1,29,61,59,https://www.de-cix.net/en/locations/spain/madrid/connected-networks,Yes,MAD,337
1937,Argentina,"San Luis","Latin America","CABASE IXP San Luis",https://ixp.cabase.org.ar/ixp-sanluis.php,Active,20141010,0,-33.90361,-68.37764,3,4000000000,2100000000,1800000000,0.000000,No,0000-00-00,1,32,25,134,839,5,https://ixp.cabase.org.ar/ixp-sanluis.php,No,,143
1938,Argentina,Junin,"Latin America","CABASE IXP Junin",https://ixp.cabase.org.ar/ixp-junin.php,Active,20150327,0,-34.59076,-60.99045,8,4000000000,2100000000,1800000000,0.000000,No,0000-00-00,1,32,19,107,694,5,https://ixp.cabase.org.ar/ixp-junin.php,No,,143
1939,Argentina,Pergamino,"Latin America","CABASE IXP Pergamino",https://ixp.cabase.org.ar/ixp-pergamino.php,Active,20151125,0,-33.89357,-60.60045,7,4000000000,2100000000,1800000000,0.000000,No,0000-00-00,1,32,20,113,726,5,https://ixp.cabase.org.ar/ixp-pergamino.php,No,,143
1941,Argentina,"Saenz Peña","Latin America","CABASE IXP Saenz Peña",https://ixp.cabase.org.ar/ixp-saenzpenia.php,Active,20160426,0,-34.59915,-58.54120,11,4000000000,2100000000,1800000000,0.000000,No,0000-00-00,1,32,13,87,626,5,https://ixp.cabase.org.ar/ixp-saenzpenia.php,No,,143
1942,Argentina,Pilar,"Latin America","CABASE IXP Norte de Gran Buenos Aires",https://ixp.cabase.org.ar/ixp-gba-zonanorte.php,Active,20160419,0,-34.49344,-58.98695,13,4000000000,2100000000,1800000000,0.000000,No,0000-00-00,1,32,9,77,578,5,https://ixp.cabase.org.ar/ixp-gba-zonanorte.php,No,,143
1943,Argentina,"San Salvador de Jujuy","Latin America","CABASE IXP Jujuy",https://ixp.cabase.org.ar/ixp-jujuy.php,Active,20160322,0,-24.20532,-65.37560,12,4000000000,2100000000,1800000000,0.000000,No,0000-00-00,1,32,12,84,603,5,https://ixp.cabase.org.ar/ixp-jujuy.php,No,,143
1944,Argentina,"Buenos Aires","Latin America","CABASE IXP Oeste de Gran Buenos Aires",https://ixp.cabase.org.ar/ixp-gba-zonaoeste.php,Active,20160705,0,-34.57000,-58.42000,7,4000000000,2,2,0.000000,No,0000-00-00,1,32,20,113,726,5,https://ixp.cabase.org.ar/ixp-gba-zonaoeste.php,No,,143
1946,Paraguay,Asuncion,"Latin America","Punto de Intercambio de Tráfico de Paraguay",http://ix.py/,Active,20160000,5693,-25.24000,-57.52000,38,35622116,21757541,6986011,0.000000,Yes,2026-08-25,2,378,2,40,332,73,https://portal.ix.py/customer/details,Yes,ASU,143
1947,India,Kolkata,Asia-Pacific,"Kolkata IX",https://iifon.org/,Active,20160000,188,22.57000,88.40000,33,4030000,2390000,1860000,0.000000,Yes,2019-05-03,14,515,12,92,353,116,https://www.peeringdb.com/ix/1577,No,CCU,190
1948,India,Mumbai,Asia-Pacific,"AMS-IX Mumbai",https://www.ams-ix.net/mum,Active,20170202,0,19.10935,72.90144,86,35436533,21220514,4363966,0.000000,No,2026-08-25,10,379,7,46,183,94,https://www.ams-ix.net/mum/connected-networks,No,,190
1951,Spain,Valencia,Europe,"Neutral Internet Exchange Valencia",https://www.nixval.com/internet-exchange/,Active,20090000,0,39.40797,-0.50160,22,20700000,10000000,4000000,0.000000,No,2019-09-25,4,415,7,183,437,144,https://www.nixval.com/internet-exchange/,No,,337
1952,Cameroon,Yaoundé,Africa,"Cameroon Internet Exchange Point - Yaoundé",https://www.camix.cm/,Active,20140124,0,3.87350,11.51642,4,6510,0,2,0.000000,No,2022-02-28,2,627,3,61,808,53,https://www.camix.cm/membres,No,DLA,67
1954,Bhutan,Thimphu,Asia-Pacific,"Bhutan Internet Exchange",https://www.btix.bt,Active,20171207,818,27.48000,89.59000,20,46735298,30705500,5104534,50.009530,Yes,2026-08-25,1,362,1,108,463,90,https://www.btix.bt/members/,Yes,PBH,190
1956,"United States",Ashburn,"North America","Megaport IX Ashburn",https://www.megaport.com/,Active,20161104,0,39.02000,-77.46000,51,226155000,185000000,137208000,0.000000,No,0000-00-00,32,244,38,44,274,37,https://www.megaport.com/connected-networks/,No,,157
1957,Australia,Brisbane,Asia-Pacific,"Megaport IX Brisbane",https://www.megaport.com/megaport-exchange/,Active,20130900,560675,-27.38000,153.10001,114,72100000,42800000,16000000,0.000000,Yes,0000-00-00,14,337,6,35,140,80,https://www.megaport.com/connected-networks/,Yes,SYD,190
1958,Australia,Melbourne,Asia-Pacific,"Megaport IX Melbourne",https://www.megaport.com,Active,20130900,830190,-37.82000,144.97000,152,204000000,145000000,40200000,0.000000,Yes,0000-00-00,10,263,5,25,105,62,https://www.megaport.com/connected-networks/,Yes,MEL,190
1959,Australia,Perth,Asia-Pacific,"Megaport IX Perth",https://www.megaport.com,Active,20140100,799327,-31.93000,115.95000,67,21800000,15900000,4820000,0.000000,Yes,0000-00-00,17,408,12,59,224,102,https://www.megaport.com/connected-networks/,Yes,SYD,190
1960,Ecuador,Pasaje,"Latin America","IXP APROSVA PASAJE",https://aprosva.ec/,Active,20171123,0,-3.32664,-79.84297,7,0,0,0,0.000000,No,0000-00-00,5,649,4,113,726,127,http://aprosva.ec/nuestros-aliados/empresas-aliadas/,No,,143
1965,Canada,Moncton,"North America","Atlantic IXP- MonctonIX",http://monctonix.ca/,Active,20180122,989722,46.11323,-64.87064,11,0,0,0,0.000000,Yes,0000-00-00,17,649,17,97,626,96,https://aixp.ca/peers-moncton/,Yes,YQM,157
1966,Canada,Saskatoon,"North America","YXEIX Saskatoon Internet Exchange",http://www.yxeix.ca/,Active,20170607,413596,52.14246,-106.62720,25,13870000,8540000,4000000,0.000000,Yes,2022-02-28,11,446,8,64,408,60,http://www.yxeix.ca/peers.html,Yes,YXE,157
1967,Argentina,Viedma,"Latin America","CABASE IXP VIEDMA",https://ixp.cabase.org.ar/ixp-viedma.php,Active,20160330,0,-40.82502,-63.03516,3,4000000000,2100000000,1800000000,0.000000,No,0000-00-00,1,32,25,134,839,5,https://ixp.cabase.org.ar/ixp-viedma.php,No,,143
1968,Argentina,Tandil,"Latin America","CABASE IXP TANDIL",https://ixp.cabase.org.ar/ixp-tandil.php,Active,20161229,0,-37.31952,-59.17772,5,4000000000,2100000000,1800000000,0.000000,No,0000-00-00,1,32,24,124,783,5,https://ixp.cabase.org.ar/ixp-tandil.php,No,,143
1969,Argentina,Salta,"Latin America","CABASE IXP SALTA",https://ixp.cabase.org.ar/ixp-salta.php,Active,20160629,0,-24.79607,-65.50067,7,4000000000,2100000000,1800000000,0.000000,No,0000-00-00,1,32,20,113,726,5,https://ixp.cabase.org.ar/ixp-salta.php,No,,143
1970,Argentina,"Rio Gallegos","Latin America","CABASE IXP RIO GALLEGOS",https://ixp.cabase.org.ar/ixp-riogallegos.php,Active,20161115,0,-51.62643,-69.34179,3,4000000000,2100000000,1800000000,0.000000,No,0000-00-00,1,32,25,134,839,5,https://ixp.cabase.org.ar/ixp-riogallegos.php,No,,143
1971,Argentina,"San Juan","Latin America","CABASE IXP SAN JUAN",https://ixp.cabase.org.ar/ixp-sanjuan.php,Active,20170426,0,-31.53177,-68.56770,13,4000000000,2100000000,1800000000,0.000000,No,0000-00-00,1,32,9,77,578,5,https://ixp.cabase.org.ar/ixp-sanjuan.php,No,,143
1973,Togo,Lome,Africa,"Togo Internet Exchange Point",http://www.tgix.tg/,Active,20170615,655,6.17000,1.25000,8,121719,17676,0,0.000000,Yes,2025-10-27,1,607,1,47,694,48,http://www.tgix.tg/membres-connectes,Yes,LFW,67
1974,Russia,Krasnoyarsk,Europe,Sibir-IX,https://www.sibir-ix.ru/,Active,20170300,0,56.17000,92.50000,51,14600000,10400000,7900000,0.000000,No,2019-07-28,16,442,18,120,274,158,http://www.sibir-ix.ru/provider-list/,No,,337
1975,India,"New Delhi",Asia-Pacific,"Extreme IX New Delhi",https://extreme-ix.org/,Active,20160623,63506,28.58000,77.20000,175,3431479714,1964772114,344362946,50.000000,Yes,2026-08-25,2,60,4,22,97,13,https://extreme-ix.org/members/peers?location=delhi,No,DEL,190
1976,Russia,Moscow,Europe,SVAO-IX,http://www.svao-ix.ru/,Active,20040400,0,55.75000,37.60000,76,0,0,0,0.000000,No,0000-00-00,25,649,13,92,201,240,http://www.svao-ix.ru/regpartners/,No,,337
1977,"United Arab Emirates",Fujairah,Europe,"SMARTHUB Internet Exchange",http://www.smarthubix.ae/,Active,20130300,0,25.14363,56.29187,39,0,0,0,0.000000,No,0000-00-00,2,649,2,144,326,240,https://www.smarthubix.ae/en/connected-ecosystem.html,No,,337
1978,Bulgaria,Sofia,Europe,"Megaport MegaIX Sofia",https://www.megaport.com/services/internet-exchange/,Active,20160600,509174,42.65000,23.38000,20,7088000,4980000,2027000,0.000000,Yes,0000-00-00,5,482,5,198,463,177,https://www.megaport.com/connected-networks/,No,SXF,337
1979,Austria,Innsbruck,Europe,Tirol-IX,http://www.citynet.at/de/Ueber-Uns/Tirol-IX,Active,20170000,0,47.26286,11.40090,19,4374848,2578224,1183760,50.000000,No,2026-08-25,2,512,4,203,476,191,http://www.citynet.at/Ueber-Uns/Tirol-IX/Teilnehmer,No,,337
1980,Russia,Moscow,Europe,DataLine-IX,https://www.dtln.ru/en/services/telecom/dataline-ix,Active,20150000,0,55.75000,37.60000,84,0,0,0,0.000000,No,0000-00-00,25,649,12,84,184,240,,No,,337
1985,Kyrgyzstan,Bishkek,Asia-Pacific,KG-IX,http://ix.kg/,Active,20180214,17112,42.87679,74.45178,12,120000000,3000000,400000,0.000000,Yes,0000-00-00,1,298,1,137,603,72,https://ix.kg/%d1%83%d1%87%d0%b0%d1%81%d1%82%d0%bd%d0%b8%d0%ba%d0%b8/,No,FRU,190
1986,Denmark,Copenhagen,Europe,"STHIX - Copenhagen",https://www.sthix.net/,Active,20170915,0,55.67000,12.57000,21,34493540,21599693,8655916,50.025710,No,2026-08-25,3,380,3,191,451,136,https://portal.sthix.net/customer/details,No,,337
1987,Russia,Moscow,Europe,W-IX,https://www.w-ix.ru/,Active,20081225,0,55.75000,37.60000,177,0,0,0,0.000000,No,2017-09-27,25,649,7,47,94,240,https://www.w-ix.ru/members/,No,,337
1988,Russia,Yaroslavl,Europe,"Yaroslavl Internet Exchange",http://yar-ix.net/,Active,,0,57.65238,39.72444,9,325000,229000,168000,0.000000,No,2022-02-28,23,592,32,274,671,226,http://yar-ix.net/members/,No,,337
1989,Russia,Tomsk,Europe,"Tomsk Internet eXchange",http://tsk-ix.ru/,Active,20130524,0,56.49969,84.99420,43,1320000,550000,360000,0.000000,No,2022-02-28,21,557,20,137,314,209,http://tsk-ix.ru/members,No,,337
1990,Germany,Berlin,Europe,Community-IX,https://www.community-ix.de/,Active,20160805,0,52.38000,13.52000,45,156024136,136458929,101760408,0.000000,No,2026-08-25,10,280,17,132,302,99,https://www.community-ix.de/ixp/customer/details,No,,337
1991,Russia,Yaroslavl,Europe,Volga-IX,http://volga-ix.ru/,Active,,0,57.65238,39.72444,10,0,0,0,0.000000,No,0000-00-00,25,649,31,266,649,240,http://volga-ix.ru/,No,,337
1992,Burundi,Bujumbura,Africa,"Burundi Internet Exchange Point",https://bdixp.org.bi/en/home/,Active,20170929,181,-3.36138,29.35988,10,4671365,2644111,473623,0.000000,Yes,2026-08-25,1,507,1,40,649,32,https://portail.bdixp.org.bi/customer/details,Yes,BJM,67
1993,Zimbabwe,Harare,Africa,"Harare Internet Exchange Point",http://www.hix.org.zw/,Active,20171107,472,-17.83000,31.02000,13,1021300,777604,135017,0.000000,Yes,2026-08-25,1,567,1,36,578,38,https://portal.hix.org.zw/customer/details,Yes,HRE,67
1994,"United States",Pittsburgh,"North America","Pittsburgh Internet Exchange",https://pit-ix.net/,Active,20171001,723476,40.45000,-79.95000,45,1084814348,549524459,295101348,50.003470,Yes,2026-08-25,15,124,41,47,302,16,https://pit-ix.net/participants/,No,PIT,157
1995,Brazil,Aracaju,"Latin America","IX.br (PTT.br) Aracaju",http://ix.br/,Active,20170500,0,-10.94406,-37.07077,59,10390000,7820000,5000000,0.000000,No,2022-02-28,31,461,19,24,249,95,https://ix.br/particip/se,No,,143
1996,Brazil,"Foz do Iguaçu","Latin America","IX.br (PTT.br) Foz do Iguaçu",https://ix.br/,Active,20160400,0,-25.45296,-54.73734,33,5160000,2090000,1140000,0.000000,No,2022-02-28,38,502,31,42,353,105,https://ix.br/particip/igu,No,,143
1997,Albania,Tirana,Europe,"Albanian Neutral Internet eXchange",https://www.anix.al/,Active,20180301,647038,41.32750,19.81870,32,114777049,78693533,24596882,50.318470,Yes,2026-08-25,1,302,1,157,359,108,https://ixpm.anix.al/customer/details,Yes,TIA,337
1998,Montenegro,Podgorica,Europe,"Montenegro Internet eXchange Point",http://www.mixp.me/,Active,20150722,0,42.37000,19.25000,5,1000000,350000,0,0.000000,No,0000-00-00,1,569,1,301,783,214,https://www.mixp.me/clanovi.html,No,,337
2000,Netherlands,Amsterdam,Europe,"Asteroid Amsterdam IX",https://www.asteroidhq.com/ixp-locations/1,Active,20170000,0,52.30000,4.77000,27,15000000,6000000,2000000,0.000000,No,0000-00-00,13,438,15,168,393,156,https://www.asteroidhq.com/ixp-locations/1/networks-connected,No,,337
2001,Chile,Concepcion,"Latin America","PITChile Concepcion",https://www.pitchile.cl/wp/,Active,20180105,0,-36.83330,-73.05000,11,0,0,0,0.000000,No,2022-02-28,4,649,3,87,626,127,https://www.pitchile.cl/wp/nuestros-miembros/,No,,143
2002,"United States",McAllen,"North America","MEX-IX McAllen",https://www.mdcdatacenters.com/services/interconnection/internet-exchange-point/,Active,20171000,0,26.17580,-98.23860,18,479000000,0,0,0.000000,No,0000-00-00,27,190,65,77,485,30,https://www.mdcdatacenters.com/services/interconnection/internet-exchange-point/,No,,157
2004,India,Mumbai,Asia-Pacific,"Extreme IX Mumbai",https://extreme-ix.org/,Active,20160623,137460,19.10935,72.90144,248,17346974826,2470156133,518277804,49.997400,Yes,2026-08-25,1,7,2,13,54,4,https://extreme-ix.org/members/peers?location=mumbai,No,BOM2,190
2005,"United States",Dallas,"North America","Megaport Dallas"," https://www.megaport.com",Active,0,0,32.77000,-96.77000,31,33790000,26000000,17520000,0.000000,No,0000-00-00,42,381,49,56,365,52,https://www.megaport.com/services/ix-connected-networks/,No,,157
2007,"United States","Las Vegas","North America","Megaport Las Vegas",https://www.megaport.com,Active,0,0,35.99463,-115.11897,5,7471000,5727000,3225000,0.000000,No,0000-00-00,52,479,108,129,783,64,https://www.megaport.com/services/ix-connected-networks/,No,,157
2008,"United States",Seattle,"North America","Megaport IX Seattle",https://www.megaport.com,Active,20150900,159,47.61000,-122.33000,17,4380000,3000000,1990000,0.000000,Yes,0000-00-00,56,511,67,80,504,69,https://www.megaport.com/connected-networks/,Yes,SEA,157
2009,Canada,Toronto,"North America","Megaport Toronto",https://www.megaport.com,Active,20150000,382595,43.67000,-79.40000,17,22050000,15300000,11230000,0.000000,Yes,0000-00-00,10,407,13,80,504,57,https://www.megaport.com/connected-networks/,No,,157
2010,India,Chennai,Asia-Pacific,"Extreme IX Chennai",https://extreme-ix.org/,Active,20160623,0,13.07000,80.20000,93,1437645454,789437674,124195958,50.029530,No,2026-08-25,3,108,6,44,172,24,https://extreme-ix.org/members/peers?location=chennai,No,,190
2011,India,Hyderabad,Asia-Pacific,"Extreme IX Hyderabad",https://extreme-ix.org/,Active,20160623,0,17.45000,78.47000,17,161753834,79996136,9127630,50.000000,No,2026-08-25,5,275,18,114,504,67,https://extreme-ix.org/members/peers?location=hyderabad,No,,190
2012,Lithuania,Vilnius,Europe,"Baltic Internet Exchange",https://www.balt.net/baltix,Active,20170000,0,54.63000,25.28000,76,93900000,35000000,10000000,0.000000,No,2022-02-28,2,316,1,92,201,116,https://www.balt.net/other-services/balt-ix-internet-exchange/,No,,337
2013,Ireland,Dublin,Europe,"Equinix Internet Exchange Dublin",https://ix.equinix.com/home/,Active,20180222,0,53.33000,-6.25000,18,6776874,6618954,6461036,50.000000,No,2026-08-25,3,484,4,208,485,179,https://ix.equinix.com/home/locations-and-traffic/,No,,337
2014,Germany,Frankfurt,Europe,"Equinix Internet Exchange Frankfurt",https://ix.equinix.com/home/,Active,20180000,0,50.12000,8.68000,97,96075194,95815932,95556669,0.000000,No,2026-08-25,13,315,10,73,164,115,https://ix.equinix.com/home/locations-and-traffic/#traffic,No,,337
2015,"United Kingdom",London,Europe,"Equinix Internet Exchange London",https://ix.equinix.com/home/,Active,20180000,0,51.48000,-0.45000,66,31656198,31142804,30633372,0.000000,No,2026-08-25,5,386,5,100,228,139,https://ix.equinix.com/home/locations-and-traffic/#traffic,No,,337
2016,Sweden,Stockholm,Europe,"Equinix Internet Exchange Stockholm",https://ix.equinix.com/home/,Active,20180000,0,59.33000,18.05000,20,16086259,15875895,15665531,0.000000,No,2026-08-25,6,432,9,198,463,150,https://ix.equinix.com/home/locations-and-traffic/#traffic,No,,337
2017,"United Kingdom",Manchester,Europe,"Equinix Internet Exchange Manchester",https://ix.equinix.com/home/,Active,20180000,0,53.35000,-2.27000,22,2946570,2896091,2845612,0.000000,No,2026-08-25,8,528,7,183,437,198,https://ix.equinix.com/home/locations-and-traffic/#traffic,No,,337
2018,Italy,Milan,Europe,"Equinix Internet Exchange Milan",https://ix.equinix.com/home/,Active,20180000,0,45.45000,9.17000,46,115081128,111416016,107750904,50.000000,No,2026-08-25,6,301,6,129,296,107,https://ix.equinix.com/home/locations-and-traffic/,No,,337
2019,Mali,Bamako,Africa,"Mali Internet Exchange",http://www.mlix.ml/,Active,20180223,7,12.61255,-8.13560,3,124988,58717,2743,0.000000,Yes,2026-08-25,1,605,1,64,839,47,http://www.mlix.ml/membres/,Yes,BKO,67
2020,Myanmar,Yangon,Asia-Pacific,"Myanmar Internet Exchange - Yangon",http://www.mm-ix.net/index.php,Active,20170900,2002,16.90377,96.02942,12,231197042,119479311,16929123,0.000000,Yes,2026-08-25,1,243,2,137,603,54,https://ixpmanager.mm-ix.net:9654/customer/details,No,RGN,190
2021,France,Clermont-Ferrand,Europe,AuvernIX,http://www.auvernix.org/,Active,20121030,0,45.78706,3.07771,17,3250000,140000,50000,0.000000,No,2022-01-05,11,527,11,216,504,197,https://www.auvernix.org/#membres,No,,337
2022,Poland,Katowice,Europe,EPIX.Katowice,https://www.epix.net.pl/,Active,20130000,0,50.23000,19.03000,546,2549000000,0,0,0.000000,No,2022-02-28,2,75,2,9,16,19,https://www.epix.net.pl/o-epix/uczestnicy/,No,,337
2023,Poland,Warsaw,Europe,EPIX.Warszawa-KIX,https://www.epix.net.pl/,Active,20130000,0,52.23000,21.00000,551,1780000000,0,0,0.000000,No,2022-02-28,5,99,1,8,15,29,https://www.epix.net.pl/o-epix/uczestnicy/,No,,337
2024,Chile,Temuco,"Latin America","PIT Chile Temuco",https://www.pitchile.cl/wp/graficos-con-indicadores-pit-temuco/,Active,0,0,-38.72908,-72.63774,5,1060000,30000000,181000,0.000000,No,2022-02-28,2,566,5,124,783,114,https://www.pitchile.cl/wp/nuestros-miembros/,No,,143
2028,"Saudi Arabia",Riyadh,Europe,"SAIX Saudi Arabia Riyadh",https://www.saix.sa,Active,20170500,47656,24.72000,46.72000,34,658000000,254000000,0,0.000000,Yes,2020-09-07,3,161,1,152,350,53,https://www.saix.sa/members/member-list/,Yes,RUH,337
2029,"Trinidad and Tobago","Princes Town","Latin America","Trinidad and Tobago Internet Exchange - Princes Town",https://ix.tt/,Active,20170131,0,10.26570,-61.38167,10,17334318,9549307,4045822,0.000000,No,2026-08-25,1,431,2,94,649,90,https://ixp.airlinkdc.com/customer/details,No,,143
2030,Canada,Ottawa,"North America","CANIX  Internet Exchange - Ottawa",https://ogix.ca/,Active,20190500,989598,45.40000,-75.72000,15,6080434,212544,7214,50.967800,Yes,2026-08-25,12,491,16,88,544,66,https://ixpm.yow.canix.ca/customer/details,No,YOW2,157
2031,"United States",Baltimore,"North America","The Baltimore Internet Exchange",https://baltimoreix.net,Active,20180000,1,39.30000,-76.62000,3,0,0,0,0.000000,Yes,0000-00-00,78,649,123,145,839,96,https://baltimoreix.net/participants,Yes,BWI,157
2032,Netherlands,Amsterdam,Europe,"Equinix Internet Exchange Amsterdam",https://ix.equinix.com/home/,Active,20170705,0,52.30000,4.77000,67,123839566,115008062,106176558,50.000000,No,2026-08-25,12,294,10,98,224,106,https://ix.equinix.com/home/locations-and-traffic/,No,,337
2033,Portugal,Lisbon,Europe,"Equinix Internet Exchange Lisbon",https://ix.equinix.com/home/,Active,20180000,0,38.73000,-9.15000,19,19989966,14792590,14746422,50.000000,No,2026-08-25,4,420,3,203,476,146,https://ix.equinix.com/home/locations-and-traffic/,No,,337
2034,Spain,Madrid,Europe,"Equinix Internet Exchange Madrid",https://ix.equinix.com/home/,Active,20180000,0,40.43000,-3.70000,13,534849,357746,180881,0.000000,No,2026-08-25,6,584,8,246,578,220,https://ix.equinix.com/home/locations-and-traffic/#traffic,No,,337
2035,"Saint Vincent and the Grenadines",Kingstown,"Latin America","Saint Vincent & The Grenadines Internet Exchange",https://svgix.vc/,Active,20160126,0,13.16023,-61.22458,5,0,0,0,0.000000,No,0000-00-00,1,649,1,124,783,127,https://svgix.vc/members/,No,,143
2036,Tanzania,Zanzibar,Africa,"Zanzibar Internet Exchange Point",https://www.tix.or.tz/zixp/,Active,20180528,0,-6.09990,39.10081,6,139000000,83950000,21760000,0.000000,No,2020-09-09,2,287,5,55,756,18,http://tix.or.tz/zixp/peers.html,No,,67
2037,India,Amaravati,Asia-Pacific,"Amaravati Internet Exchange",https://www.amr-ix.net/,Active,20180517,0,16.57197,80.34896,16,6200000,5000000,600000,0.000000,No,0000-00-00,13,489,19,119,517,114,https://www.amr-ix.net/members/,No,,190
2038,"United States",Philadelphia,"North America","Philadelphia Internet Exchange",http://phillyix.net/,Active,20180500,0,40.11691,-75.01428,31,116000000,66700000,33300000,0.000000,No,0000-00-00,35,300,49,56,365,43,http://phillyix.net/members/,No,,157
2041,"Bosnia and Herzegovina",Sarajevo,Europe,"Bosnia and Herzegovina Neutral Internet Exchange",https://bhnix.ba/en/home/,Active,20191127,652,43.89364,18.24291,10,12706260,7631346,2759916,49.994760,Yes,2026-08-25,1,450,1,266,649,162,https://bhnix.ba/en/members/,Yes,SJJ,337
2042,Switzerland,Lausanne,Europe,RomandIX,http://www.romandix.ch/,Active,20180000,378213,46.52839,6.51241,21,206178628,130481310,51982600,0.000000,Yes,2026-08-25,2,254,9,191,451,88,https://www.romandix.ch/en/participation/members.html,Yes,QLS,337
2043,Lithuania,Vilnius,Europe,"Lithuanian peering center",https://delska.com/services/network-solutions/,Active,20100101,0,54.63000,25.28000,23,140000000,0,0,0.000000,No,0000-00-00,1,286,2,180,431,102,https://www.peeringdb.com/ix/542,No,,337
2045,India,"New Delhi",Asia-Pacific,"ANI Peering Exchange",https://ano-ix.org/,Active,20180000,0,28.58000,77.20000,30,0,0,0,0.000000,No,0000-00-00,18,649,13,94,373,130,https://www.peeringdb.com/ix/2210,No,,190
2046,India,Guwahati,Asia-Pacific,"National Internet Exchange of India - Guwahati",https://nixi.in/,Active,20180000,0,26.14329,91.56280,7,0,0,0,0.000000,No,2022-05-28,18,649,24,162,726,130,https://www.peeringdb.com/ix/2812,No,,190
2047,"United States",Fremont,"North America","Fremont Cabal Internet Exchange",http://fcix.net/,Active,20180400,0,37.56283,-122.00044,182,6100000,4000000,2500000,0.000000,No,2022-02-28,53,490,10,12,90,65,http://fcix.net/participants/,No,,157
2048,Australia,Melbourne,Asia-Pacific,"Equinix Internet Exchange Melbourne",https://ix.equinix.com/home/,Active,20150300,844104,-37.82000,144.97000,59,25346710,24867944,24373513,0.000000,Yes,2026-08-25,16,400,13,67,249,99,https://ix.equinix.com/home/locations-and-traffic/,No,MEL,190
2049,Canada,Charlottetown,"North America","Atlantic IXP- PEIX",https://aixp.ca/,Active,20190800,0,46.26206,-63.20593,3,0,0,0,0.000000,No,0000-00-00,17,649,21,145,839,96,https://aixp.ca/charlottetown-peers-2/,No,,157
2050,Singapore,Singapore,Asia-Pacific,"DE-CIX ASEAN (Singapore, Malaysia, Brunei)",https://www.de-cix.net/en/asia,Active,20180000,867369,1.37000,103.98000,135,214536162,211051934,207567706,0.000000,Yes,2026-08-25,4,251,4,28,121,58,https://www.de-cix.net/en/asia/connected-networks,No,,190
2051,"United States",Cleveland,"North America","FD-IX - Cleveland",https://www.fd-ix.com,Active,20190000,0,41.49307,-81.66832,6,0,0,0,0.000000,No,2020-04-07,75,645,100,120,756,93,https://www.fd-ix.com/locations/cleveland/,No,,157
2052,India,Kolkata,Asia-Pacific,"Extreme IX Kolkata",https://extreme-ix.org,Active,0,0,22.57000,88.40000,25,85906482,47954358,8263526,50.000000,No,2026-08-25,7,324,16,101,408,76,https://extreme-ix.org/members/peers?location=kolkata,No,,190
2053,Canada,"Saint John","North America","Atlantic IXP- SJIX",https://aixp.ca/,Active,20180901,0,45.11043,-66.32203,6,0,0,0,0.000000,No,0000-00-00,17,649,11,76,476,96,https://aixp.ca/peers-saint-john/,No,,157
2054,Guam,Mangilao,Asia-Pacific,"Mariana Islands Internet Exchange",https://mariix.net,Active,20180400,0,13.42335,144.73019,10,0,0,0,0.000000,No,0000-00-00,2,649,2,150,649,130,https://mariix.net/peering,No,,190
2055,Cameroon,Douala,Africa,"Cameroon Internet Exchange Point - Douala",https://www.camix.cm/,Active,20180000,2934,4.03590,9.67176,10,103000000,65200000,26000000,0.000000,Yes,2026-05-30,1,310,1,40,649,20,https://www.camix.cm/membres,No,,67
2056,"Puerto Rico","San Juan","North America","Puerto Rico Internet Exchange",https://www.puertoricoix.net/,Active,20190000,2436,18.47000,-66.11000,33,160000000,100000000,30000000,0.000000,Yes,0000-00-00,1,277,1,53,353,41,https://puertoricoix.net/,No,SJU,157
2057,Russia,"St. Petersburg",Europe,"PITER-IX St. Petersburg",https://piter-ix.ru/,Active,,0,59.93000,30.30000,333,354000000,208000000,73500000,0.000000,No,2022-03-04,8,209,3,17,32,70,https://piter-ix.ru/participants,No,,337
2058,Russia,Moscow,Europe,"PITER-IX Moscow",https://piter-ix.ru/,Active,,0,55.75000,37.60000,424,676000000,533000000,156000000,0.000000,No,2022-03-04,6,159,2,13,22,51,https://piter-ix.ru/participants,No,,337
2059,Estonia,Tallinn,Europe,"PITER-IX Tallinn",https://piter-ix.eu/,Active,0,0,59.35000,24.80000,137,6960000,10400000,2330000,0.000000,No,2022-03-04,2,483,1,57,118,178,https://piter-ix.eu/participants,No,,337
2061,Philippines,Manila,Asia-Pacific,"GetaFIX Manila",https://getafix.ph/,Active,20180000,207118,14.58000,120.95000,109,1051565430,632995894,195644083,0.000000,Yes,2026-08-25,1,126,1,38,147,29,https://getafix.ph/,No,MNL2,190
2062,Portugal,Lisbon,Europe,"DE-CIX Lisbon",https://www.de-cix.net/locations/lisbon,Active,20190000,1054197,38.73000,-9.15000,62,38020161,37421869,36823576,0.000000,Yes,2026-08-25,3,374,1,104,236,134,https://www.de-cix.net/en/locations/lisbon/connected-networks,Yes,MAD,337
2063,Switzerland,Zurich,Europe,"CH Swiss Internet Exchange",https://ch-ix.ch/,Active,20180000,677693,47.48000,8.53000,111,15061656,10453440,7493528,50.009400,Yes,2026-08-25,3,436,5,68,144,154,https://ixpmanager.ch-ix.ch/customer/details,No,,337
2064,India,Chennai,Asia-Pacific,"REDIX Chennai",https://redix.org/,Active,20180000,0,13.07000,80.20000,2,0,0,0,0.000000,No,0000-00-00,18,649,29,182,866,130,https://www.peeringdb.com/ix/2341,No,,190
2065,Greece,Thessaloniki,Europe,"Greek Internet Exchange - Thessaloniki",https://www.gr-ix.gr,Active,20180000,0,40.62125,22.91101,22,14064052,9066752,3044683,0.000000,No,2026-08-25,4,444,3,183,437,159,https://www.gr-ix.gr/members/,No,,337
2066,Kazakhstan,Semey,Europe,KazNIX,https://kaznix.kz/en/,Active,20181101,2358,50.43330,80.26670,16,5742048,3299948,924616,50.000000,Yes,2026-08-25,8,496,1,218,517,184,https://ixp.kaznix.kz/customer/details,Yes,PLX,337
2067,Ireland,Cork,Europe,"Internet Neutral Exchange Association CLG - Cork",https://www.inex.ie/,Active,20160400,0,51.85000,-8.48000,118,1960470,673363,175434,49.978240,No,2026-08-25,4,543,1,62,136,204,https://www.inex.ie/ixp/customer/details,No,,337
2068,Nigeria,Lagos,Africa,"AMS-IX Lagos",https://www.ams-ix.net/lag,Active,20181000,5972,6.55000,3.35000,55,397655339,268138431,57309108,0.000000,Yes,2026-08-25,5,200,3,10,263,14,https://www.ams-ix.net/lag/connected-networks,No,LOS2,67
2069,Germany,Frankfurt,Europe,"Local Internet Exchange Frankfurt",https://locix.online,Active,20180000,465201,50.12000,8.68000,223,206178628,130481310,51982600,50.000000,Yes,2026-08-25,8,254,4,32,65,88,https://locix.online/frankfurt.html,Yes,FRA2,337
2070,Guinea,Conakry,Africa,IXP-GUINEE,https://ixp-guinee.org.gn/,Active,20190000,148,9.63454,-13.71942,11,52665,6571,1316,0.000000,Yes,2026-06-18,1,614,1,39,626,50,https://ixp-guinee.org.gn/reseaux-connecte/,No,CKY,67
2072,Somalia,Mogadishu,Africa,"Somali Internet Exchange Point ",http://www.soixp.so,Active,20181120,103,2.02051,45.30546,6,24,14,10,0.000000,Yes,2022-02-28,1,646,1,55,756,59,http://soixp.so/members/,Yes,MGQ,67
2073,Pakistan,Islamabad,Asia-Pacific,"Pakistan Internet Exchange Point - Islamabad",http://www.pkix.pk/index.html,Active,20170127,0,33.66911,72.91477,13,0,0,0,0.000000,No,0000-00-00,1,649,3,131,578,130,https://www.pkix.pk/announcement.html,No,,190
2074,Pakistan,Lahore,Asia-Pacific,"Pakistan Internet Exchange Point - Lahore",http://www.pkix.pk/index.html,Active,20210801,0,31.52000,74.40000,16,0,0,0,0.000000,No,0000-00-00,1,649,1,119,517,130,https://www.pkix.pk/announcement.html,No,,190
2075,Kenya,Mombasa,Africa,"Asteroid Mombasa",https://www.asteroidhq.com/ixp-locations/4,Active,20181200,255386,-4.05000,39.66670,54,5030000,0,500000,0.000000,Yes,0000-00-00,4,504,2,11,266,31,https://www.asteroidhq.com/ixp-locations/4/networks-connected,Yes,MBA2,67
2079,Switzerland,Zurich,Europe,"4b42 Internet Exchange Point",https://www.4ixp.com/,Active,20180000,919,47.48000,8.53000,1242,0,0,0,0.000000,Yes,0000-00-00,6,649,1,1,3,240,https://www.4ixp.com/statistics/members,Yes,ZRH3,337
2081,Canada,Vancouver,"North America","UNMETERED Exchange",http://unmetered.exchange/,Active,20181200,372140,49.18000,-123.17000,128,50000000,0,0,0.000000,Yes,2019-05-27,9,355,3,18,126,51,http://unmetered.exchange/#peers,No,YVR2,157
2083,Kuwait,"Kuwait City",Europe,"Kuwait Internet Exchange",https://ix.kw/,Active,20180000,137,29.22000,47.98000,19,49000000,0,0,0.000000,Yes,2022-02-28,1,359,1,203,476,126,https://ix.kw/members.html,No,KWI,337
2085,Mongolia,Ulaanbaatar,Asia-Pacific,"MISPA internet exchange point",https://mispa.mn/en/p,Active,20130101,1287,47.90882,106.86346,21,0,0,0,0.000000,Yes,0000-00-00,1,649,1,107,451,130,https://mispa.mn/en/p/participants/customers,No,UBN,190
2104,Belgium,Brussels,Europe,"Belgium Internet Exchange",https://belgiumix.net/,Active,20190200,0,50.90000,4.53000,29,0,0,0,0.000000,No,0000-00-00,2,649,2,165,380,240,https://belgiumix.net/current_members/,No,,337
2119,Italy,Bolzano,Europe,"South Tyrol Internet Exchange",http://www.stix.bz/,Active,20190101,0,46.48929,11.31214,13,0,0,0,0.000000,No,0000-00-00,10,649,11,246,578,240,https://www.stix.bz/en/participants/,No,,337
2120,"Saint Kitts and Nevis",Basseterre,"Latin America","St.Kitts & Nevis Internet Exchange",https://sknix.kn/,Active,20190000,143,17.28000,-62.73000,9,1231750,7090,1474,50.634700,Yes,2026-08-25,1,560,1,100,671,113,https://traffic.sknix.kn/customer/details,No,SKB,143
2121,"Saudi Arabia",Jeddah,Europe,"Jeddah IX",https://www.jedix.net/,Active,20181200,0,21.67000,39.15000,14,685000000,364000000,273000000,0.000000,No,0000-00-00,2,157,2,235,557,50,https://www.jedix.net/customer-list/,No,,337
2122,Qatar,Doha,Europe,"Doha IX",https://www.doha-ix.com/,Active,20250204,0,25.25000,51.57000,3,0,0,0,0.000000,No,0000-00-00,1,649,2,319,839,240,https://www.doha-ix.com/location/connected-networks/,No,,337
2123,"North Macedonia",Skopje,Europe,IXP.mk,http://ixp.mk/,Active,20160000,92906,41.99920,21.28481,21,20441618,11910260,4633940,50.000000,Yes,2026-08-25,1,417,1,191,451,145,https://manager.ixp.mk/customer/details,No,SKP,337
2125,Brazil,Blumenau,"Latin America","FURB Internet Exchange",https://ix.furb.br/,Active,20180901,0,-26.85625,-49.23919,3,1860000,700000,400000,0.000000,No,2022-02-28,41,548,43,134,839,110,https://ix.furb.br/member,No,,143
2126,Switzerland,Zurich,Europe,"Securebit Internet Exchange Zurich",https://www.securebit.ch/internet/exchange#sites,Active,20180000,1356,47.48000,8.53000,156,0,0,0,0.000000,Yes,0000-00-00,6,649,4,50,104,240,https://www.securebit.ch/internet/exchange#member,Yes,ZRH3,337
2127,Peru,Lima,"Latin America","PIT Lima - PIT Peru",https://www.peruix.net/,Active,20180000,41592,-12.00000,-77.12000,120,8100000000,1700000000,878000000,0.000000,Yes,2020-11-25,1,15,1,13,132,2,https://peruix.net/lista-de-participantes/,No,LIM,143
2128,India,Chennai,Asia-Pacific,"DE-CIX Chennai",https://www.de-cix.in/locations/de-cix-chennai,Active,20190000,0,13.07000,80.20000,55,0,0,0,0.000000,No,0000-00-00,18,649,10,71,263,130,https://www.de-cix.in/connected-networks/,No,,190
2129,India,"New Delhi",Asia-Pacific,"DE-CIX Delhi",https://www.de-cix.in/locations/de-cix-delhi,Active,20190000,0,28.58000,77.20000,72,0,0,0,0.000000,No,0000-00-00,18,649,8,55,209,130,https://www.de-cix.in/connected-networks/,No,,190
2130,India,Kolkata,Asia-Pacific,"DE-CIX Kolkata",https://www.de-cix.in/locations/de-cix-kolkata,Active,20190000,0,22.57000,88.40000,14,0,0,0,0.000000,No,0000-00-00,18,649,21,126,557,130,https://www.de-cix.in/connected-networks/,No,,190
2131,Spain,Barcelona,Europe,"Equinix Internet Exchange Barcelona",https://ix.equinix.com/home/,Active,20190000,0,41.28000,2.07000,10,72937,56108,39280,0.000000,No,2026-08-25,7,611,10,266,649,232,https://ix.equinix.com/home/locations-and-traffic/#traffic,No,,337
2132,Bahrain,Manama,Europe,Manama-IX,https://www.mn-ix.com/index.html,Active,20190000,12673,26.27000,50.65000,28,236000000,190000000,93700000,0.000000,Yes,2020-10-23,1,241,1,161,373,84,https://www.mn-ix.com/index.html,No,BAH2,337
2133,"United States","St. Louis","North America","Saint Louis Internet Exchange",http://www.stlix.net/,Active,20190000,0,38.58000,-90.20000,107,80000000,45000000,33000000,0.000000,No,2022-02-28,40,328,16,19,150,48,https://www.stlix.net/participants.php,No,,157
2134,Switzerland,Zurich,Europe,Community-IX.ch,https://www.community-ix.ch/,Active,20220300,0,47.48000,8.53000,24,0,0,0,0.000000,No,0000-00-00,6,649,8,174,418,240,https://www.community-ix.ch/teilnehmer/,No,ACH2,337
2135,"United States",Orlando,"North America","Central Florida Internet Exchange",http://www.cflix.org/,Active,20190000,0,28.54151,-81.37414,5,0,0,0,0.000000,No,2026-07-21,78,649,108,129,783,96,http://www.cflix.org/members/,No,,157
2137,Brazil,"João Pessoa","Latin America","IX.br (PTT.br) João Pessoa",https://ix.br,Active,20171000,0,-7.14643,-34.95164,43,21100000,14290000,8200000,0.000000,No,2022-02-28,25,412,29,37,314,81,https://ix.br/particip/jpa,No,,143
2138,Brazil,Maceió,"Latin America","IX.br (PTT.br) Maceió",https://ix.br,Active,20180100,0,-9.59309,-35.82677,45,14350000,9680000,5000000,0.000000,No,2022-02-28,29,443,28,34,302,92,https://ix.br/particip/mcz,No,,143
2139,Brazil,"Santa Maria","Latin America","IX.br (PTT.br) Santa Maria",https://ix.br,Active,20170800,0,-29.71992,-53.84453,12,8750000,3800000,1900000,0.000000,No,2022-02-28,33,468,40,84,603,98,https://ix.br/particip/ria,No,,143
2140,Brazil,"São Luís","Latin America","IX.br (PTT.br) São Luís",https://ix.br,Active,20180100,0,-2.56046,-44.32816,72,29680000,14280000,2000000,0.000000,No,2022-02-28,21,390,14,17,209,77,https://ix.br/particip/slz,No,,143
2141,Brazil,Teresina,"Latin America","IX.br (PTT.br) Teresina",https://ix.br,Active,20180100,0,-5.18570,-43.06438,62,28240000,12160000,6000000,0.000000,No,2022-02-28,22,394,17,21,236,78,https://ix.br/particip/the,No,,143
2144,"United States",Columbus,"North America","Ohio IX",http://ohioix.net,Active,20160000,963815,40.00000,-83.02000,57,787014956,480446022,286701808,50.000000,Yes,2026-08-25,19,146,37,43,257,21,https://ohioix.net/members/,No,CMH,157
2145,Chad,N'Djamena,Africa,"N'Djamena Internet Exchange Point ",http://www.djamix.td/,Active,20230201,212,12.12038,14.98742,16,52,33,7,0.000000,Yes,2025-09-08,1,644,1,31,517,58,https://portal.djamix.td/customer/details,No,NDJ,67
2146,Bulgaria,Varna,Europe,"Varna Internet Exchange",http://www.varnaix.net/en/index.html,Active,20190000,,43.19400,27.89757,37,38800000,24000000,16000000,0.000000,No,2022-02-28,4,373,4,149,340,133,http://www.varnaix.net/en/members.html,No,,337
2147,Australia,Hobart,Asia-Pacific,"Edge Internet Exchange - Hobart",https://www.edgeix.net/,Active,20190000,,-42.83000,147.48000,7,1400000000,1250000000,1080000000,0.000000,No,2026-08-25,2,112,19,162,726,25,https://www.edgeix.net/who-is-peering/,No,,190
2148,Australia,Darwin,Asia-Pacific,"Edge Internet Exchange - Darwin",https://www.edgeix.net/,Active,20190900,,-12.42572,130.86327,6,1966844,83516,7296,49.959290,No,2026-08-25,20,542,20,170,756,119,https://www.edgeix.net/who-is-peering/,No,,190
2149,Australia,Adelaide,Asia-Pacific,"Edge Internet Exchange - Adelaide",https://www.edgeix.net/,Active,20190900,,-34.93000,138.52000,45,183703218,105306088,44796798,49.948760,No,2026-08-25,11,271,15,80,302,64,https://www.edgeix.net/who-is-peering/,No,,190
2150,"United States",Davenport,"North America","Quad Cities Internet Exchange",https://www.qcix.net/,Active,20200111,1431321,41.54119,-90.65902,67,295680928,169835455,99664453,0.000000,Yes,2026-08-25,29,220,34,40,224,33,https://ixpmgr.qcix.net/customer/details,Yes,DVN,157
2151,"South Korea",Seoul,Asia-Pacific,"Equinix Internet Exchange Seoul",https://ix.equinix.com/home/,Active,20190000,,37.50000,126.93000,12,184248,176718,169188,50.000000,Yes,2026-08-25,4,599,3,137,603,125,https://ix.equinix.com/home/locations-and-traffic,No,ICN2,190
2152,Indonesia,Batam,Asia-Pacific,"Batam Internet Exchange - Batam",https://batamix.net/,Active,20190000,,0.83784,103.77291,13,0,0,0,0.000000,No,0000-00-00,21,649,23,131,578,130,https://bgp.he.net/exchange/BatamIX,No,,190
2153,Brazil,"Ponta Grossa","Latin America","UEPG Internet Exchange",https://ix.uepg.br/,Active,20190901,1139,-25.13869,-50.22905,19,6270104,2400004,300014,0.000170,Yes,2026-08-25,35,488,36,61,476,102,https://ix.uepg.br/membros/,No,PGZ,143
2154,Sweden,Sundsvall,Europe,"STHIX - Sundsvall",https://www.sthix.net/,Active,20200200,,62.38000,17.30000,3,128890,13510,2,50.000000,No,2026-08-25,13,604,17,319,839,230,https://www.sthix.net/index.php/connected-networks-sdl/,No,,337
2155,Sweden,Gothenburg,Europe,"STHIX - Gothenburg",https://www.sthix.net/,Active,20160000,,57.67000,12.30000,14,3299402,1641482,737372,50.000000,No,2026-08-25,8,525,13,235,557,195,https://www.sthix.net/index.php/connected-networks-gbg/,No,,337
2156,Netherlands,Meppel,Europe,"Local Internet Exchange Netherlands",https://locix.online/netherland.html,Active,20190900,,52.71164,6.12895,57,206178628,130481310,51982600,50.000000,No,2026-08-25,10,254,11,113,257,88,https://locix.online/netherland.html,No,,337
2157,Romania,Bucharest,Europe,"Romania Internet eXchange Point",https://www.ix.ro/,Active,20180000,,44.50000,26.13000,3,0,0,0,0.000000,No,0000-00-00,5,649,6,319,839,240,https://www.ix.ro/membri,No,,337
2158,Indonesia,Denpasar,Asia-Pacific,"cloudXchange Denpasar",https://cloudxchange.id/,Active,20190000,,-8.67251,115.15423,50,6770000,3700000,1000000,0.000000,No,2026-08-25,18,485,15,76,281,113,https://cloudxchange.id/participants,No,,190
2160,Romania,Bucharest,Europe,"Romania Commercial Internet Exchange",https://roix.net,Active,20200000,,44.50000,26.13000,11,0,0,0,0.000000,No,0000-00-00,5,649,5,262,626,240,https://roix.net/locations/bucuresti.html,No,,337
2161,Ukraine,Ivano-Frankivsk,Europe,"IVANO-FRANKIVSK INTERNET EXCHANGE",http://ix.if.ua/en/about-project/,Active,20200000,,48.92010,24.70890,8,0,0,0,0.000000,No,0000-00-00,10,649,11,282,694,240,,No,,337
2162,Canada,Vancouver,"North America","CloudSingularity Internet Exchange",https://cloudsingularity.exchange/,Active,20200000,275713,49.18000,-123.17000,18,206178628,130481310,51982600,50.000000,Yes,2026-08-25,6,254,12,77,485,38,https://portal.cloudsingularity.exchange/customer/details,No,YVR2,157
2163,Ukraine,Mariupol,Europe,"Meshroom IXP",http://ix.meshroom.net/,Active,,,47.12269,37.51175,7,0,0,0,0.000000,No,0000-00-00,10,649,14,290,726,240,http://ix.meshroom.net/#members,No,,337
2165,Indonesia,Denpasar,Asia-Pacific,"Bali Internet eXchange",https://www.iix.net.id/,Active,0,,-8.67251,115.15423,37,124980,5661,1154,0.000000,No,2026-08-25,20,606,19,88,340,126,https://bgp.he.net/exchange/IIX-Bali,No,,190
2166,Indonesia,Bandung,Asia-Pacific,IIX-Jabar,https://www.iix.net.id,Active,0,,-6.90344,107.57312,39,305582,136496,53873,0.000000,No,2026-08-25,19,594,17,83,326,123,,No,,190
2167,Indonesia,"Bandar Lampung",Asia-Pacific,IIX-Lampung,http://lampung.apjii.or.id,Active,,,-5.44790,105.26530,18,12600000000,7200000000,3400000000,0.000000,No,0000-00-00,3,9,22,112,485,5,https://lampung.apjii.or.id/anggota-apjii,No,,190
2168,Netherlands,Amsterdam,Europe,"Neutral Internet Exchange 2",https://www.nl-ix.net,Active,,,52.30000,4.77000,19,0,0,0,0.000000,No,0000-00-00,15,649,17,203,476,240,,No,,337
2169,"United States",Ashburn,"North America","Digital Realty Ashburn Internet Exchange",https://ix.digitalrealty.com/,Active,20190121,,39.02000,-77.46000,16,0,0,0,0.000000,No,0000-00-00,78,649,68,83,517,96,https://ix.digitalrealty.com/,No,,157
2170,"United States",Ashburn,"North America","Gig IX Ashburn",https://gigix.org,Active,20190000,,39.02000,-77.46000,6,0,0,0,0.000000,No,0000-00-00,78,649,100,120,756,96,https://gigix.org/peers.html,No,,157
2171,Kazakhstan,Astana,Europe,"Kazakhstan Government Internet Exchange Astana",https://sts.kz/en,Active,20180600,,51.14761,71.19920,13,74000000,63000000,20000000,0.000000,No,2022-02-28,2,333,2,246,578,122,https://www.peeringdb.com/ix/2250,No,,337
2172,"United States",Atlanta,"North America","Community IX - Atlanta",http://www.communityix.org,Active,20190000,,33.86000,-84.40000,101,2936135446,1810297801,914761117,0.000000,No,2026-08-25,5,68,20,23,159,5,https://atl.communityix.org/customer/details,No,,157
2173,"United States",Baltimore,"North America","DACS-IX East",https://www.dacs-ix.com/,Active,20190900,307047,39.30000,-76.62000,12,0,0,0,0.000000,Yes,0000-00-00,78,649,77,94,603,96,https://www.dacs-ix.com/east,No,BWI2,157
2174,Thailand,Bangkok,Asia-Pacific,"Thai-IX Bangkok by CS Loxinfo",https://www.cslthai-ix.net/,Active,,,13.92000,100.60000,34,72690000,45550000,22080000,0.000000,No,2026-08-25,6,335,6,91,350,78,http://49.230.34.62/customer/details,No,,190
2175,Malaysia,"Kuala Lumpur",Asia-Pacific,"Thai-IX Malaysia by CS Loxinfo",https://www.cslthai-ix.net,Active,,,3.13000,101.70000,13,0,0,0,0.000000,No,0000-00-00,3,649,3,131,578,130,https://www.cslthai-ix.net/members/,No,,190
2176,Singapore,Singapore,Asia-Pacific,"Thai-IX Singapore by CS Loxinfo",https://www.cslthai-ix.net,Active,,,1.37000,103.98000,17,0,0,0,0.000000,No,0000-00-00,7,649,8,114,504,130,https://www.cslthai-ix.net/members/,No,,190
2177,Russia,Barnaul,Europe,SFO-IX,https://sfo-ix.ru/,Active,,,53.34970,83.78360,113,390000000,286000000,108000000,0.000000,No,0000-00-00,7,201,8,67,143,68,https://sfo-ix.ru/uchastniki.html,No,,337
2181,Germany,Bremen,Europe,"Central Internet Exchange",http://www.centralix.net/,Active,20151100,,53.07930,8.80170,3,0,0,0,0.000000,No,0000-00-00,21,649,32,319,839,240,https://www.peeringdb.com/ix/1151,No,,337
2183,"United States",Charlotte,"North America","Ninja-IX Charlotte",http://www.charlotte-ix.net,Active,20181000,,35.19428,-80.82665,4,8,6,5,0.000000,No,2026-08-25,76,647,116,137,808,94,https://www.peeringdb.com/ix/2317,No,,157
2184,"United States",Honolulu,"North America","Ninja-IX Aloha",http://www.aloha-ix.net,Active,20161000,,21.30000,-157.83000,3,0,0,0,0.000000,No,0000-00-00,78,649,123,145,839,96,http://www.aloha-ix.net/participants.html,No,,157
2185,"United States",Dallas,"North America","Ninja-IX Dallas",http://www.dallas-ix.net/,Active,20181000,,32.77000,-96.77000,9,1836100,317634,142572,50.000000,No,2026-08-25,64,549,86,104,671,78,https://www.peeringdb.com/ix/2318,No,,157
2186,"United States",Houston,"North America","Ninja-IX Houston",http://www.houston-ix.net/,Active,20170700,,29.75000,-95.35000,3,0,0,0,0.000000,No,2026-08-25,78,649,123,145,839,96,https://www.peeringdb.com/ix/2319,No,,157
2187,"United States",Richmond,"North America","Ninja-IX Richmond",http://www.richmond-ix.net,Active,20170700,,37.54070,-77.43600,10,11743919,2957880,1856215,0.000000,No,2026-08-25,49,456,85,103,649,61,https://www.peeringdb.com/ix/1490,No,,157
2188,"United States",Sacramento,"North America","Ninja-IX Sacramento",http://www.sacramento-ix.net/,Active,20170700,,38.58543,-121.49255,7,619,194,9,0.000000,No,2026-08-25,73,635,94,114,726,90,https://www.peeringdb.com/ix/2032,No,,157
2189,"United States","Las Vegas","North America","Ninja-IX Las Vegas",http://www.vegas-ix.net/,Active,20161000,,35.99463,-115.11897,11,21342426,7539280,5974757,0.000000,No,2026-08-25,47,410,80,97,626,58,https://www.peeringdb.com/ix/1488,No,,157
2190,"United States",Chicago,"North America","Digital Realty Chicago Internet Exchange",https://ix.digitalrealty.com,Active,,,41.85000,-87.65000,11,0,0,0,0.000000,No,0000-00-00,78,649,80,97,626,96,https://ix.digitalrealty.com/,No,,157
2191,Russia,Chita,Europe,DV-IX,https://dv-ix.ru/,Active,,,52.05150,113.47120,5,0,0,0,0.000000,No,0000-00-00,25,649,34,301,783,240,https://dv-ix.ru/index.php/uchastniki,No,,337
2192,"New Zealand",Christchurch,Asia-Pacific,"New Zealand Internet Exchange Christchurch",https://ix.nz,Active,20200000,,-43.48000,172.55000,18,28000000,21000000,5000000,0.000000,No,0000-00-00,4,395,6,112,485,98,https://ix.nz/service/peering/,No,,190
2194,Bangladesh,Dhaka,Asia-Pacific,"aamra Internet Exchange",https://www.aamratechnologies.com/aamra-ix/,Active,20040000,,23.77000,90.38000,35,0,0,0,0.000000,No,0000-00-00,3,649,3,90,347,130,https://www.aamratechnologies.com/partners/,No,,190
2196,Netherlands,Dronten,Europe,"Speed Internet Exchange",https://speed-ix.net,Active,20170000,,52.53124,5.58506,288,1793641310,1369014586,973738534,49.994560,No,2026-08-25,7,98,6,23,40,28,https://speed-ix.net/members-and-partners/,No,,337
2197,Germany,Düsseldorf,Europe,"Local Internet Exchange Düsseldorf",https://locix.online/duesseldorf.html,Active,20190000,,51.28000,6.76000,214,206178628,130481310,51982600,50.000000,No,2026-08-25,8,254,5,34,68,88,https://locix.online/duesseldorf.html,No,,337
2200,Finland,Helsinki,Europe,"Equinix Internet Exchange Helsinki",https://ix.equinix.com/home/,Active,20170000,,60.17000,25.00000,18,4100137,4032592,3965047,0.000000,No,2026-08-25,5,514,5,208,485,192,https://ix.equinix.com/home/locations-and-traffic/,No,,337
2201,China,"Hong Kong",Asia-Pacific,"iAdvantage Internet Exchange",https://www.iadvantage.net/index.php/locations/mega-i,Active,0,,22.33000,114.18000,8,0,0,0,0.000000,No,0000-00-00,8,649,8,156,694,130,,No,,190
2202,"United States",Houston,"North America","Equinix Internet Exchange Houston",https://ix.equinix.com/home/,Active,20180000,,29.75000,-95.35000,1,0,0,0,0.000000,No,2026-08-25,78,649,131,154,881,96,https://ix.equinix.com/home/locations-and-traffic/,No,,157
2203,Russia,Irkutsk,Europe,BAIKAL-IX,https://baikal-ix.ru/index.php,Active,20200000,,52.28550,104.28900,8,0,0,0,0.000000,No,0000-00-00,25,649,22,168,393,240,https://www.peeringdb.com/ix/1669,No,,337
2204,Indonesia,Jakarta,Asia-Pacific,"Cyber 2 Internet Exchange",http://www.cyber2dc.com,Active,,,-6.17444,106.82944,36,0,0,0,0.000000,No,0000-00-00,21,649,20,89,345,130,,No,,190
2205,Germany,Karlsruhe,Europe,"Baden-Württemberg Internet Exchange",http://www.bw-ix.net/,Active,20160000,,49.00689,8.40365,6,0,0,0,0.000000,No,0000-00-00,21,649,30,296,756,240,,No,,337
2207,Nepal,Lalitpur,Asia-Pacific,"Nepal Internet Exchange - Jawalakhel",https://www.npix.net.np,Active,20020000,,27.66440,85.31879,43,57791712,30457944,6623534,50.000000,No,2026-08-25,2,348,2,82,314,85,https://www.npix.net.np/members,No,,190
2208,Ukraine,Lviv,Europe,"Lviv Internet Exchange",https://ix.lviv.ua/,Active,20180000,,49.85754,24.04498,8,0,0,0,0.000000,No,0000-00-00,10,649,11,282,694,240,,No,,337
2210,Australia,Melbourne,Asia-Pacific,"Edge Internet Exchange - Melbourne",https://www.edgeix.net/,Active,20220500,501254,-37.82000,144.97000,74,691641194,447153693,225922218,49.999840,Yes,2026-08-25,3,156,11,54,205,36,https://www.edgeix.net/who-is-peering/#participants-melbourne,No,MEL,190
2211,"United States",Miami,"North America","FL-IX - The Florida Internet Exchange / Community IX - Florida",https://www.communityix.org/index.php/about-fl-ix/,Active,20150000,1701827,25.83000,-80.29000,180,7679579682,5012209350,2215890122,50.000000,Yes,2026-08-25,1,18,11,13,91,1,https://my.fl-ix.net/customer/details,Yes,MIA,157
2213,Russia,"Nizhny Novgorod",Europe,"Nizhny Novgorod Internet Exchange",http://ix-nnov.ru/,Active,,,56.32690,44.00590,15,0,0,0,0.000000,No,0000-00-00,25,649,27,229,544,240,,No,,337
2214,Russia,Novokuznetsk,Europe,TN-IX.net,http://tn-ix.net,Active,,,53.75960,87.12160,3,0,0,0,0.000000,No,0000-00-00,25,649,35,319,839,240,http://tn-ix.net/members/,No,,337
2215,"United States",Oklahoma,"North America","Internet Exchange Oklahoma City",https://www.ix-okc.net/,Active,20190500,,35.22597,-103.20823,26,24213541,16179811,5956828,0.000000,No,2026-08-25,44,401,54,62,401,54,https://ixp.onenet.net/customer/details,No,,157
2216,Japan,Osaka,Asia-Pacific,"Equinix Internet Exchange Osaka",https://ix.equinix.com/home/,Active,0,,34.53000,135.50000,28,20725908,20019238,19312568,50.000000,Yes,2026-08-25,13,414,9,97,388,104,https://ix.equinix.com/home/locations-and-traffic/#traffic,No,ITM,190
2217,Australia,Perth,Asia-Pacific,"Edge Internet Exchange - Perth",https://www.edgeix.net/,Active,20191000,456812,-31.93000,115.95000,80,277346034,181150806,76836052,50.000000,Yes,2026-08-25,8,226,9,50,196,52,https://www.edgeix.net/who-is-peering/,No,,190
2218,Australia,Perth,Asia-Pacific,"Equinix Internet Exchange Perth",https://ix.equinix.com/home/,Active,20211200,499692,-31.93000,115.95000,29,4293667,4134963,3078077,0.000000,Yes,2026-08-25,19,513,17,95,380,115,https://ix.equinix.com/home/locations-and-traffic/,No,PER2,190
2220,Italy,Piacenza,Europe,"Piacenza Internet Exchange",https://www.pcix.it/,Active,20150000,,45.05260,9.69300,33,0,0,0,0.000000,No,0000-00-00,10,649,7,154,353,240,https://www.pcix.it/pcixers,No,,337
2221,France,Rennes,Europe,BreizhIX,https://www.ix.bzh,Active,20170000,,48.11730,-1.67780,24,517222,27018,8242,50.003700,No,2026-08-25,13,586,9,174,418,222,https://www.ix.bzh/?page_id=31,No,,337
2222,"United States","San Antonio","North America","San Antonio Internet Exchange",https://sat-ix.net,Active,20190000,,29.47335,-98.53556,4,0,0,0,0.000000,No,0000-00-00,78,649,116,137,808,96,,No,,157
2224,Russia,Simferopol,Europe,Media-IX,https://m-ix.net/,Active,20180000,,44.95210,34.10240,59,15000000,0,0,0.000000,No,0000-00-00,15,438,15,109,249,156,https://m-ix.net/,No,,337
2225,Australia,Sydney,Asia-Pacific,"Edge Internet Exchange - Sydney",https://www.edgeix.net/,Active,20191200,512804,-33.95000,151.17999,163,2042528700,1149262634,486298780,50.000000,Yes,2026-08-25,1,85,4,24,103,17,https://www.edgeix.net/who-is-peering/,Yes,SYD,190
2226,Uzbekistan,Tashkent,Asia-Pacific,ITI-IX,https://iti-ix.uz/,Active,,,41.26670,69.21670,5,0,0,0,0.000000,No,0000-00-00,3,649,3,174,783,130,https://iti-ix.uz/pages/members.html,No,,190
2227,Netherlands,"The Hague",Europe,"LayerSwitch Internet Exchange",https://lsix.net,Active,20170300,,52.07174,4.23983,102,749680732,558770809,429846958,50.032130,No,2026-08-25,9,150,9,71,155,48,https://lsix.net/connected-networks,No,,337
2230,Indonesia,Yogyakarta,Asia-Pacific,"Universitas Negeri Yogyakarta Internet Exchange Point",https://ix.uny.id/,Active,,,-7.79558,110.36949,38,0,0,0,0.000000,No,0000-00-00,21,649,18,84,332,130,https://ix.uny.id/about/members/,No,,190
2232,Guatemala,Guatemala,"Latin America",IXP-GT,https://ixp.gt/,Active,20191121,7915,14.58000,-90.52000,13,0,57000,0,0.000000,Yes,2023-02-25,2,649,2,77,578,127,https://ixp.gt/?page_id=1769,No,GUA,143
2233,"South Korea",Seoul,Asia-Pacific,"Korea Internet Exchange (SejongTelecom)",https://www.sejongtelecom.net/en/pages/service/data_network_nix,Active,20170400,,37.50000,126.93000,17,70000000,0,0,0.000000,No,0000-00-00,3,338,2,114,504,81,,No,,190
2234,Sweden,Umeå,Europe,"STHIX - Umeå",https://www.sthix.net,Active,20130000,,63.80000,20.28000,4,2375202,235897,13613,50.089230,No,2026-08-25,9,533,16,307,808,199,https://www.sthix.net/index.php/connected-networks-ume/,No,,337
2237,"United Kingdom",Bradford,Europe,"Bradford IX",https://bfd-ix.net/,Active,,,53.79380,-1.75640,30,0,0,0,0.000000,No,0000-00-00,11,649,6,161,373,240,https://bfd-ix.net/status/,No,,337
2238,Latvia,Riga,Europe,"PITER-IX Riga",https://www.piter-ix.ru/,Active,,,56.97000,24.05000,139,15200000,19900000,0,0.000000,No,2022-03-04,1,435,1,55,116,153,https://piter-ix.ru/participants,No,,337
2239,"United States",Columbus,"North America","North East Ohio Internet Exchange",http://neo-ix.com,Active,,2,40.00000,-83.02000,7,67800,0,0,0.000000,Yes,2022-02-28,71,612,94,114,726,88,http://ixpmanager.neo-ix.com/customer/details,Yes,CAK,157
2240,"United Kingdom",Douglas,Europe,ManxIX,http://www.manxix.im,Active,20200703,,55.55730,-3.84720,3,0,0,0,0.000000,No,0000-00-00,11,649,15,319,839,240,https://manxix.im/members-list.html,No,,337
2241,Germany,Frankfurt,Europe,"Staclar Internet Exchange",https://stacix.net/,Active,20200800,148203,50.12000,8.68000,9,0,0,0,0.000000,Yes,0000-00-00,21,649,28,274,671,240,https://stacix.net/peers/,Yes,FRA2,337
2242,Turkey,Istanbul,Europe,"TURKISH Internet eXchange",https://tr-ix.com,Active,20150000,,40.97000,28.82000,14,0,0,0,0.000000,No,0000-00-00,3,649,4,235,557,240,http://tr-ix.com/Uyelerimiz.html,No,,337
2243,"Costa Rica","San Jose","Latin America","IXP Infocom Costa Rica",https://www.infocom.cr/,Active,20190600,,9.93504,-84.08300,8,843000,570000,20000,0.000000,No,0000-00-00,2,576,2,107,694,116,https://www.infocom.cr/servicios-infocom/#punto_intercambio,No,,143
2244,Palestine,Ramallah,Europe,"State of Palestine Internet Exchange",https://www.ps-ix.ps,Active,20200301,917,31.90380,35.20340,20,2000000,0,0,0.000000,Yes,0000-00-00,1,537,1,198,463,203,https://ps-ix.ps/members/,No,ZDM,337
2245,Mexico,Merida,"Latin America","Internet Exchange Services Yucatan",https://ixsy.org.mx,Active,20210100,812,21.00829,-89.58268,9,18128829,9563088,1075260,0.000000,Yes,2026-08-24,2,424,5,100,671,87,https://portal.ixsy.org.mx/customer/details,No,MID,143
2246,Germany,Ruhr,Europe,RUHR-CIX,https://www.ruhr-cix.net/en/about,Active,20210216,1228,51.51621,6.58278,7,0,0,0,0.000000,Yes,0000-00-00,21,649,29,290,726,240,https://www.ruhr-cix.net/en/location/connected-networks,Yes,FRA,337
2249,Jordan,Aqaba,Europe,"Aqaba IX",http://aqabaix.com,Active,20200101,3098,29.53216,35.00640,18,40660000,20870000,17660000,0.000000,Yes,0000-00-00,1,371,1,208,485,131,https://www.aqabaix.com/en/location/connected-networks,No,AQJ,337
2252,"Burkina Faso",Bobo-Dioulasso,Africa,"Burkina Faso Internet Exchange Point (BFIX) Bobo",https://bfix.bf,Active,20210110,38,11.17609,-4.33765,22,162214,58592,9488,50.000000,Yes,2026-08-25,2,601,1,26,437,46,https://bfixmanager.bfix.bf/customer/details,No,BOY,67
2253,"United States",Albuquerque,"North America","Albuquerque IXP",https://abqix.net,Active,20210300,,35.08000,-106.65000,16,3471940,1441801,582826,49.995600,No,2026-08-25,58,523,68,83,517,72,https://ixpmanager.abqix.net/customer/details,No,,157
2255,Taiwan,Taipei,Asia-Pacific,"Student & Technology United Internet Exchanges",https://stuix.io,Active,20210115,834687,25.03000,121.52000,133,214877905,164323403,107290823,0.000000,Yes,2026-08-25,3,250,2,29,122,57,https://ixpm.stuix.io/customer/details,No,TPE2,190
2256,"United States","Chicago ","North America","DE-CIX Chicago ",https://www.de-cix.net/en/locations/united-states/chicago,Active,,567490,41.85000,-87.65000,84,757397588,752918091,748438594,0.000000,Yes,2026-08-25,20,149,26,31,184,22,https://www.de-cix.net/en/locations/united-states/chicago/connected-networks,No,,157
2257,Malaysia,"Kuala Lumpur",Asia-Pacific,"DE-CIX Kuala Lumpur",https://www.de-cix.net/en/locations/kuala-lumpur,Active,20210401,659770,3.13000,101.70000,46,214536162,211051934,207567706,0.000000,Yes,2026-08-25,2,251,2,78,296,58,https://www.peeringdb.com/ix/3473,No,KUL2,190
2258,Greece,Athens,Europe,"The South East Europe Cloud & Interconnection Exchange",https://www.seecix.net,Active,20200900,,37.90000,23.70000,14,0,0,0,0.000000,No,0000-00-00,7,649,5,235,557,240,https://www.seecix.net/en/location/connected-networks,No,,337
2260,Ukraine,Kremenchuk,Europe,kremen-IX,https://kremen-ix.net.ua/#statistika,Active,19970000,,49.11606,33.44468,8,5580000,2500000,526000,0.000000,No,0000-00-00,5,498,11,282,694,185,https://kremen-ix.net.ua/#uchasniki,No,,337
2262,"United States",Fremont,"North America","DACS-IX West",https://www.dacs-ix.com,Active,20210301,177,37.56283,-122.00044,6,0,0,0,0.000000,Yes,0000-00-00,78,649,100,120,756,96,https://www.dacs-ix.com/west,No,SFO2,157
2263,Spain,Barcelona,Europe,"DE-CIX Barcelona",https://www.de-cix.net/en/locations/spain/barcelona,Active,20210901,1007333,41.28000,2.07000,49,5174543,5156565,5138587,0.000000,Yes,2026-08-25,5,501,6,124,285,186,https://www.de-cix.net/en/locations/barcelona/connected-networks,No,,337
2264,"United States",Denver,"North America","Denver Internet Exchange",https://www.denverix.com,Active,20210325,,39.75000,-105.00000,4,3,3,3,0.000000,No,0000-00-00,77,648,116,137,808,95,https://www.denverix.com/members,No,,157
2266,Russia,Perm,Europe,"Perm traffic exchange point",https://perm-ix.ru/,Active,,,58.01872,56.21914,1,0,0,0,0.000000,No,0000-00-00,25,649,37,334,881,240,,No,,337
2267,Romania,Bucharest,Europe,"DreamServer InternetExchange",https://dreamserver.ro/,Active,20210000,,44.50000,26.13000,14,2120608,442142,24152,50.000000,No,2026-08-25,4,536,4,218,517,202,https://ix.dreamserver.ro/customer/details,No,,337
2270,"United States",Paducah,"North America","Paducah Internet Exchange",https://paducahix.net,Active,20210000,345779,37.06268,-88.72103,11,130000,73000,35000,0.000000,Yes,2026-08-25,69,603,80,97,626,86,https://paducahix.net/participants/,No,PAH,157
2271,"United States",Fremont,"North America","Amateur Radio Internet Exchange",https://arix.dev,Active,,,37.56283,-122.00044,21,0,0,0,0.000000,No,0000-00-00,78,649,62,73,451,96,https://arix.dev,No,,157
2272,Netherlands,Amsterdam,Europe,"Hamro Internet Exchange - Amsterdam",https://ix.hamro.com/,Active,,,52.30000,4.77000,16,0,0,0,0.000000,No,0000-00-00,15,649,18,218,517,240,https://ix.hamro.com/,No,,337
2274,France,Pau,Europe,BéarnIX,https://bearnix.stolon.fr,Active,20200601,,43.32194,-0.37848,15,0,0,0,0.000000,No,0000-00-00,15,649,14,229,544,240,https://bearnix.stolon.fr,No,,337
2275,"United Kingdom",Newcastle,Europe,"Newcastle Internet Exchange",https://www.ncl-ix.uk,Active,20201220,,54.99943,-1.75717,12,973110,129802,7064,0.000000,No,2026-08-25,9,570,12,255,603,215,https://www.ncl-ix.uk/about/members,No,,337
2276,"United States",Phoenix,"North America","48 IX",https://48ix.net/about,Active,20200000,,33.45070,-112.06840,5,46450,21300,5450,0.000000,No,0000-00-00,72,616,108,129,783,89,https://48ix.net/participants,No,,157
2277,Liechtenstein,Balzers,Europe,"Virtual Internet Exchange Point",https://www.vixp.org,Active,,,47.06975,9.50809,0,0,0,0,0.000000,No,0000-00-00,2,649,2,336,886,240,,No,,337
2278,Germany,Düsseldorf,Europe,"Securebit Internet Exchange Dusseldorf",https://www.securebit.ch/internet/exchange#sites,Active,20230700,,51.28000,6.76000,47,0,0,0,0.000000,No,0000-00-00,21,649,16,127,293,240,https://www.securebit.ch/internet/exchange#member,No,,337
2279,"United Kingdom",London,Europe,"Securebit Internet Exchange London",https://www.securebit.ch/internet/exchange#sites,Active,20190400,,51.48000,-0.45000,19,0,0,0,0.000000,No,0000-00-00,11,649,10,203,476,240,https://www.securebit.ch/internet/exchange#member,No,,337
2280,"Dominican Republic","Santo Domingo","Latin America","Internet Traffic Exchange Point of the Dominican Republic",https://ix.do/,Active,20200915,,18.43000,-69.88000,3,3420,334,0,0.000000,No,2023-01-27,3,629,4,134,839,124,https://portal.ixp.org.do/customer/details,No,,143
2281,Greece,Thessaloniki,Europe,"Thessaloniki Internet Exchange",https://www.thess-ix.net,Active,20210000,,40.62125,22.91101,16,103089314,65240655,25991300,0.000000,No,2026-08-25,3,308,4,218,517,111,https://www.thess-ix.net/participants/,No,,337
2282,Indonesia,Jakarta,Asia-Pacific,"Batam Internet Exchange - Jakarta",https://batamix.net/,Active,20200101,,-6.17444,106.82944,13,28500000,18400000,4070000,0.000000,No,2022-11-22,15,392,23,131,578,96,https://bgp.he.net/exchange/BatamIX,No,,190
2285,Uzbekistan,Tashkent,Asia-Pacific,"Science Network Solution IX",https://www.sns-ix.uz,Active,20170922,325,41.26670,69.21670,23,801000000,0,0,0.000000,Yes,0000-00-00,1,145,2,103,431,33,https://www.sns-ix.uz/en/connected-networks/,No,TAS,190
2286,Japan,Fukuoka,Asia-Pacific,"JPNAP Fukuoka",https://www.jpnap.net/en/,Active,20210100,,33.58000,130.38000,13,181000000,114000000,70000000,0.000000,No,0000-00-00,8,272,13,131,578,65,https://www.jpnap.net/en/ix/customer#jpnap_fukuoka_customers,No,,190
2287,Japan,Sendai,Asia-Pacific,"JPNAP Sendai",https://www.jpnap.net/,Active,20210300,,38.13000,140.93000,6,45700000,25000000,11500000,0.000000,No,0000-00-00,10,364,16,170,756,91,https://www.jpnap.net/en/ix/customer#sendai,No,,190
2288,Ukraine,Kyiv,Europe,"PITER-IX Kiev",https://piter-ix.ru/,Active,20190000,,50.51482,30.52102,90,56800000,34300000,0,0.000000,No,2022-02-28,4,349,5,83,177,124,https://piter-ix.ru/participants,No,,337
2289,Finland,Helsinki,Europe,"PITER-IX Helsinki",http://www.piter-ix.eu/,Active,0,,60.17000,25.00000,199,0,0,0,0.000000,No,0000-00-00,7,649,1,39,78,240,https://piter-ix.eu/participants,No,,337
2291,"United States",Eugene,"North America","Willamette Internet Exchange",https://www.thewix.net/,Active,20181200,,44.05000,-123.08000,13,1330000,459000,137000,0.000000,No,0000-00-00,67,556,75,92,578,81,https://portal.thewix.net/customer/details,No,,157
2293,China,Hangzhou,Asia-Pacific,"National (Hangzhou) Novel Internet Exchange Point",https://www.nnix.cn,Active,20200600,,30.23000,120.17000,10,9220000000,7260000000,5610000000,0.000000,No,0000-00-00,1,13,7,150,649,8,https://www.peeringdb.com/ix/3654,No,,190
2294,"United States","Des Moines","North America","DesMoines Internet eXchange",https://www.desmoinesix.net/index.php,Active,20210900,,41.60054,-93.60911,11,0,0,0,0.000000,No,0000-00-00,78,649,80,97,626,96,https://www.desmoinesix.net/participants.php,No,,157
2295,Peru,Lima,"Latin America","Jumbo Internet Exchange - Lima",https://www.iptp.com/es_ES/jumbo-internet-exchange/,Active,20180000,,-12.00000,-77.12000,27,59400000,25000000,10000000,0.000000,No,0000-00-00,6,347,2,48,393,66,https://www.peeringdb.com/ix/3312,No,,143
2296,"United States",Houston,"North America","FD-IX - Houston",https://www.fd-ix.com/,Active,20240900,,29.75000,-95.35000,7,0,0,0,0.000000,No,0000-00-00,78,649,94,114,726,96,https://www.fd-ix.com/locations/houston/,No,,157
2298,"United States",Fremont,"North America","Lambda Internet Exchange",https://lambda-ix.net,Active,20210901,,37.56283,-122.00044,26,0,0,0,0.000000,No,0000-00-00,78,649,54,62,401,96,https://lambda-ix.net/participant,No,,157
2299,Russia,Moscow,Europe,"Eurasia Peering Moscow",https://www.eurasiapeering.com,Active,20140918,,55.75000,37.60000,213,851000000,464,155000000,0.000000,No,0000-00-00,5,143,6,35,69,45,https://www.eurasiapeering.com/peers/,No,,337
2300,Iraq,Baghdad,Europe,IRAQ-IXP,https://iraqixp.com/,Active,20210501,1311,33.15450,44.14040,40,241150000,112510000,75450000,0.000000,Yes,0000-00-00,1,239,1,142,322,82,https://iraqixp.com/connected-networks,No,BGW,337
2301,Egypt,Cairo,Africa,"Egypt Internet Exchange",https://eg-ix.com.eg/,Active,20220401,,30.13000,31.40000,29,731000000,428000000,220000000,0.000000,No,0000-00-00,1,152,2,18,380,10,https://eg-ix.com.eg/,No,,67
2302,Netherlands,Frysian,Europe,"The Frys  Internet Exchange",http://www.eritap.com/frys-ix/,Active,20210400,,53.16416,5.78175,305,3136133856,2477973431,1779168574,50.000130,No,2026-08-25,4,63,5,19,36,14,https://ixpmanager.frys-ix.net/customer/details,No,,337
2303,Netherlands,Amsterdam,Europe,"ERA-IX Amsterdam",https://www.era-ix.com/,Active,20220500,,52.30000,4.77000,197,1960000000,1700000,972000000,0.000000,No,0000-00-00,6,91,8,40,81,26,https://www.era-ix.com/members,No,,337
2304,Suriname,Paramaribo,"Latin America","Suriname Internet Exchange",http://www.sur-ix.sr,Active,20190000,658,5.82000,-55.18000,8,52138,38730,20004,50.000000,Yes,2026-07-23,1,615,1,107,694,119,https://traffic.sur-ix.sr/customer/details,No,PBM,143
2305,Bangladesh,Dhaka,Asia-Pacific,"Internet Service Providers Association of Bangladesh",https://www.ispabix.org.bd/,Active,20221127,15982,23.77000,90.38000,261,1478357042,450985994,98401994,50.000000,Yes,2026-08-25,2,107,1,11,50,23,http://103.169.105.38/customer/details,Yes,DAC2,190
2306,"Saint Barthélemy",Saint-Barthelemy,"Latin America","Saint Barthelemy Internet Exchange",http://sbh-ix.fr,Active,20220630,717,17.90100,-62.82029,11,200000,150000,100000,0.000000,Yes,0000-00-00,1,597,1,87,626,117,https://sbh-ix.eservices-comstbarth.fr/members-en.html,No,SBH,143
2307,Philippines,Cebu,Asia-Pacific,"GetaFIX Cebu",https://getafix.ph/,Active,,,10.32000,123.75000,9,1051565430,632962286,195644083,0.000000,No,2026-08-25,1,126,5,152,671,29,https://getafix.ph/,No,,190
2308,China,Shenzhen,Asia-Pacific,"China (Qianhai) Internet Exchange",https://cnix.cn,Active,20210414,,22.54288,114.06300,61,1710000000,1300000000,560000000,0.000000,No,0000-00-00,4,100,4,64,244,22,https://www.cnix.cn/#/union,No,,190
2310,Peru,Arequipa,"Latin America","PIT Arequipa - PIT Peru",https://pit.net,Active,20210000,,-16.40900,-71.53750,18,600000000,200000000,0,0.000000,No,0000-00-00,2,172,3,63,485,40,https://www.peeringdb.com/ix/3418,No,,143
2311,Oman,Muscat,Europe,"Equinix Internet Exchange Muscat",https://ix.equinix.com/home/,Active,20201200,,23.58000,58.28000,11,11121826,10344956,9568084,50.000000,No,2026-08-25,1,457,1,262,626,165,https://ix.equinix.com/home/locations-and-traffic/#traffic,No,MCT,337
2313,Maldives,Male,Asia-Pacific,"Maldives Internet Exchange",https://mvixp.org,Active,20220928,147,4.20000,73.53000,8,8098188,5006372,1111056,49.998220,Yes,2026-08-25,1,474,1,156,694,112,http://portal.mvixp.org/customer/details,No,MLE,190
2314,Switzerland,Zurich,Europe,"FogIXP Zurich",https://fogixp.org,Active,20220223,148545,47.48000,8.53000,185,0,0,0,0.000000,Yes,0000-00-00,6,649,3,45,87,240,https://fogixp.org/members/member-list-zrh,No,ACH2,337
2315,"British Virgin Islands","Road Town","Latin America","British Virgin Islands Internet Exchange Point",http://www.bvix.vg/,Active,20221003,555,18.41667,-64.61667,8,1264,60,16,50.000000,Yes,2026-08-25,1,632,1,107,694,125,http://206.81.110.224/customer/details,No,EIS,143
2316,Fiji,Suva,Asia-Pacific,"Fiji Internet Exchange Point",https://taf.org.fj/,Active,20171100,,-18.13000,178.42999,7,0,0,0,0.000000,No,0000-00-00,1,649,1,162,726,130,https://taf.org.fj/fiji-internet-exchange-point-ixp/,No,,190
2317,Malaysia,"Johor Bahru",Asia-Pacific,"DE-CIX Johor Bahru",https://www.de-cix.net/en/locations/johor-bahru,Active,20180725,,1.54485,103.63959,4,0,0,0,0.000000,Yes,0000-00-00,3,649,4,177,808,130,,Yes,JHB,190
2319,Colombia,Bogota,"Latin America","PIT Colombia - Bogota",http://www.pitcolombia.net/,Active,20220000,840886,4.70000,-74.13000,70,4000000000,2000000000,0,0.000000,Yes,0000-00-00,1,32,1,18,217,5,,No,BOG2,143
2320,"Saudi Arabia",Jeddah,Europe,"SAIX Saudi Arabia Jeddah",https://www.saix.sa/en/,Active,20230123,,21.67000,39.15000,13,18000000,4000000,0,0.000000,No,0000-00-00,5,426,3,246,578,147,https://www.saix.sa/en/members/member-list/,No,,337
2321,Kenya,Nairobi,Africa,"LINX Nairobi",https://www.linx.net/about/network/linx-nairobi/,Active,20231113,,-1.32000,36.82000,31,12000000,6370000,3900000,0.000000,No,0000-00-00,3,453,3,16,365,30,https://portal.linx.net/members/members-full-list,No,,67
2322,Indonesia,Yogyakarta,Asia-Pacific,"CitranetIX Yogyakarta",https://citraix.net/,Active,20200101,9414,-7.79558,110.36949,51,290250968,193261020,53124618,49.999490,Yes,2026-08-25,9,222,13,73,274,50,https://www.citraix.net/participants.html,Yes,YIA,190
2323,Indonesia,Surakarta,Asia-Pacific,"CitranetIX Surakarta",https://citraix.net/,Active,20200101,8532,-7.55068,110.82832,19,290250968,193259056,53124618,50.000000,Yes,2026-08-25,9,222,21,111,476,50,https://www.citraix.net/participants.html,Yes,YIA,190
2324,"Cape Verde",Praia,Africa,"Associação Cabo Verde Internet Exchange Point",https://cvixp.cv/about-us/,Active,20221129,,14.93300,-23.51330,5,0,0,0,0.000000,No,0000-00-00,1,649,1,59,783,60,https://cvixp.cv/clients/,No,,67
2325,Ukraine,Kyiv,Europe,"1-IX UA",https://1-ix.net/en/,Active,20210000,,50.51482,30.52102,165,0,0,0,0.000000,No,0000-00-00,10,649,3,49,102,240,https://1-ix.net/en/,No,,337
2326,Poland,Warsaw,Europe,"1-IX EU",http://1-ix.net,Active,20220000,,52.23000,21.00000,189,4750000000,2900000000,806000000,0.000000,No,0000-00-00,1,27,6,43,85,10,https://1-ix.eu/#connected_networks,No,,337
2327,Mexico,Querétaro,"Latin America","Querétaro IXP",https://ixp.mx/ixp-qro/,Active,20201001,,20.60248,-100.40274,0,0,0,0,0.000000,No,0000-00-00,6,649,7,142,886,127,,No,,143
2328,"United States","North Kansas City","North America","Great Plains Connect",https://greatplains.io,Active,20230201,,39.14290,-94.57300,25,1500000,1000000,500000,0.000000,No,0000-00-00,66,554,56,64,408,80,https://greatplains.io/members,No,,157
2329,Japan,Fukuoka,Asia-Pacific,"JPIX Fukuoka",https://www.jpix.ad.jp/en/,Active,20220200,,33.58000,130.38000,11,0,0,0,0.000000,No,0000-00-00,15,649,14,145,626,130,https://www.jpix.ad.jp/en/member.php?qso=b&qar=3,No,,190
2332,Honduras,"San Pedro Sula","Latin America","PIT Honduras",https://www.pithonduras.hn,Active,20200101,1315,15.51972,-88.05553,32,20500000,12000000,0,0.000000,Yes,0000-00-00,1,416,1,43,359,82,http://ixp.pithonduras.hn/customer/details,No,SAP,143
2333,Georgia,Tbilisi,Europe,"Internet Exchange Association of Georgia-Tbilisi",https://ixp.ge,Active,20200101,,41.68000,44.95000,18,6030703,2837998,0,73.291100,No,2026-02-26,1,492,1,208,485,180,https://ixp.ge/ge/members/,No,,337
2334,Georgia,Kutaisi,Europe,"Internet Exchange Association of Georgia-Kutaisi",https://ixp.ge,Active,20210901,,42.27180,42.70600,18,1730000,758000,0,0.000000,No,2026-02-26,2,550,1,208,485,207,https://ixp.ge/ge/members/,No,,337
2335,"South Africa",Gqeberha,Africa,"Nelson Mandela Bay Internet Exchange Point",https://www.inx.net.za,Active,20230601,617,-33.95084,25.57413,10,500000,10870,96,0.000000,Yes,2025-10-01,7,587,7,40,649,43,https://portal.inx.net.za/customer/details,No,PLZ,67
2337,Thailand,"Chiang Mai",Asia-Pacific,"BKNIX Chiang Mai",https://bknix.co.th/en/location/cmi/,Active,20200910,2203,18.90629,98.66272,77,741854084,495659385,152592476,49.998370,Yes,2026-08-25,2,151,2,53,199,35,https://bknix.co.th/en/members/cmi/,No,CNX,190
2338,Myanmar,Mandalay,Asia-Pacific,"Myanmar Internet Exchange - Mandalay",https://www.mmix.net.mm,Active,20230600,664,21.95883,96.08910,22,0,0,0,0.000000,Yes,0000-00-00,2,649,1,105,437,130,https://www.mmix.net.mm/members/peeringMembers/,No,,190
2339,Thailand,Bangkok,Asia-Pacific,"BBIX Thailand",https://www.bbix.net/th/,Active,20181010,530135,13.92000,100.60000,49,139000000,67000000,40000000,0.000000,Yes,0000-00-00,5,287,4,77,285,69,https://www.bbix.net/th/participants_list_th/,No,BKK2,190
2342,"Brunei Darussalam",Brunei,Asia-Pacific,"Borneo Internet Exchange",https://unn.com.bn/borneo-ix,Active,20210204,1269,4.53530,114.72770,11,0,0,0,0.000000,Yes,0000-00-00,1,649,1,145,626,130,https://lg.de-cix.net/routeservers/rs1_bwn_ipv4,No,,190
2343,Mexico,Querétaro,"Latin America","PIT MX",http://www.pit.mx/,Active,20230601,37112,20.60248,-100.40274,62,680000000,466000000,50500000,0.000000,Yes,0000-00-00,1,158,1,21,236,39,https://www.pit.mx/nuestros-miembros/,No,QRO,143
2344,Turkey,Edirne,Europe,"TurkIX Internet Exchange",https://www.turkix.com.tr/,Active,20260000,,41.67710,26.55570,31,103065847,41577991,9762569,0.000000,No,2026-08-25,2,309,2,158,365,112,https://turkix.bg/members.html,No,,337
2346,Zambia,Lusaka,Africa,"Lusaka Internet Exchange Point",http://lusakaixp.co.zm,Active,20230901,4711,-15.41639,28.28428,21,3670806,1832266,377222,50.000000,Yes,2026-08-25,1,519,1,28,451,33,https://portal.lskix.net.zm/customer/details,No,LUN,67
2347,India,Mumbai,Asia-Pacific,"Equinix Internet Exchange Mumbai",https://ix.equinix.com/home/,Active,0,2281,19.10935,72.90144,26,1017991,962270,893427,0.000000,Yes,2026-08-25,16,568,15,99,401,121,https://ix.equinix.com/home/locations-and-traffic/,No,BOM2,190
2348,Estonia,Tallinn,Europe,"I Internet Exchange",http://iix.ee,Active,20220208,,59.35000,24.80000,8,0,0,0,0.000000,No,0000-00-00,4,649,3,282,694,240,http://iix.ee,No,,337
2349,Malaysia,Kuching,Asia-Pacific,"Irix Internet Exchange",https://www.irix.my/ix/,Active,20230925,,1.55340,110.35950,2,0,0,0,0.000000,No,0000-00-00,3,649,5,182,866,130,https://www.peeringdb.com/ix/4252,No,,190
2350,Cameroon,Douala,Africa,"Douala Internet Exchange",https://www.douala-ix.net,Active,20211210,,4.03590,9.67176,7,196,52,36,50.000000,No,2026-08-25,3,639,2,51,726,56,https://portal.douala-ix.net/customer/details,No,,67
2351,Singapore,Singapore,Asia-Pacific,"AMS-IX Singapore",https://www.ams-ix.net/sin/,Active,20220511,364062,1.37000,103.98000,14,73255464,38089247,22538695,0.000000,Yes,2026-08-25,5,334,10,126,557,77,https://www.ams-ix.net/sin/connected-networks,No,SIN,190
2353,Singapore,Singapore,Asia-Pacific,"Internet Exchange 42 Singapore",https://ix42.org,Active,20200800,,1.37000,103.98000,22,0,0,0,0.000000,No,0000-00-00,7,649,7,105,437,130,https://ix42.org/members/sg,No,,190
2354,Japan,Tokyo,Asia-Pacific,"INIXP Asia",https://inixp.io/,Active,20231001,,35.55000,139.78000,11,0,0,0,0.000000,Yes,0000-00-00,15,649,14,145,626,130,https://mgr.asia.inixp.io/customer/details,No,NRT2,190
2355,India,Bangalore,Asia-Pacific,"Extreme IX Bangalore",https://extreme-ix.org/,Active,0,16172,12.95000,77.65000,38,586438830,349074164,64466668,50.015720,Yes,2026-08-25,4,175,11,84,332,38,https://extreme-ix.org/members/peers?location=bangalore,No,BLR,190
2356,"United States",Chicago,"North America","DACS-IX Central",http://www.dacs-ix.com,Active,,,41.85000,-87.65000,6,0,0,0,0.000000,No,0000-00-00,78,649,100,120,756,96,https://www.dacs-ix.com/central,No,,157
2357,Paraguay,"Ciudad del Este","Latin America","IX CDE SOCIEDAD ANONIMA",https://ixcde.com.py/inicio/,Active,20231020,9125,-25.49297,-54.81113,39,152454575,85982394,17752531,0.000000,Yes,2026-08-24,1,281,1,38,326,57,https://portal.ixcde.com.py/customer/details,No,AGT,143
2358,Philippines,Manila,Asia-Pacific,"Maharlika Internet Exchange",https://maharlikaix.ph/,Active,20230600,17870,14.58000,120.95000,57,376198103,206332329,55716507,0.000000,Yes,2026-08-25,3,203,3,69,257,44,https://maharlikaix.ph/#members,No,MNL3,190
2359,Indonesia,Jakarta,Asia-Pacific,"Digital Edge EPIX Jakarta",https://www.digitaledgedc.com/products/interconnect,Active,,52249,-6.17444,106.82944,83,0,0,0,0.000000,Yes,0000-00-00,21,649,10,47,188,130,https://www.peeringdb.com/ix/4047,No,JKT2,190
2360,Peru,Trujillo,"Latin America","PIT Trujillo - PIT Peru",https://peruix.net/,Active,20230000,,-8.11599,-79.02998,10,400000000,200000000,0,0.000000,No,0000-00-00,4,199,6,94,649,45,https://www.peeringdb.com/ix/3557,No,,143
2361,Peru,Chiclayo,"Latin America","PIT Chiclayo - PIT Peru",www.pit.net,Active,20230000,,-6.77130,-79.84520,17,600000000,300000000,0,0.000000,No,0000-00-00,2,172,4,67,504,40,https://www.peeringdb.com/ix/3997,No,,143
2362,Peru,Cusco,"Latin America","PIT Cusco - PIT Peru",https://www.peruix.net/,Active,20240000,,-13.52945,-71.96008,5,20000000,9000000,0,0.000000,No,0000-00-00,7,418,9,124,783,83,https://www.peeringdb.com/ix/3998,No,,143
2363,Peru,Piura,"Latin America","PIT Piura - PIT Peru",www.pit.net,Active,20240000,,-5.18931,-80.66646,8,300000000,100000000,0,0.000000,No,0000-00-00,5,218,7,107,694,49,https://www.peeringdb.com/ix/4151,No,,143
2364,Colombia,Cali,"Latin America","PIT Colombia - Cali",https://pitcolombia.net/,Active,20240000,,3.39523,-76.59570,13,600000000,200000000,0,0.000000,No,0000-00-00,2,172,4,77,578,40,,No,,143
2365,Colombia,Medellin,"Latin America","PIT Colombia - Medellin",https://pitcolombia.net/,Active,20240000,,6.17138,-75.42821,11,200000000,100000000,0,0.000000,No,0000-00-00,4,265,5,87,626,54,,No,,143
2366,Colombia,Barranquilla,"Latin America","PIT Colombia - Barranquilla",https://pitcolombia.net/,Active,0,,10.97682,-74.80493,10,200000000,100000000,0,0.000000,No,0000-00-00,4,265,6,94,649,54,,No,,143
2368,Ghana,Accra,Africa,"Accra Internet Exchange",https://www.accra-ix.net/,Active,20230801,,5.60000,-0.17000,26,0,0,0,0.000000,No,0000-00-00,3,649,2,21,401,60,https://www.accra-ix.net/solutions/,No,,67
2369,Italy,Pomezia,Europe,"Southern Italy Internet Exchange",https://www.siix.it/,Active,20220101,,41.66073,12.50281,14,2230000,1730000,940000,0.000000,No,0000-00-00,8,534,10,235,557,200,https://www.siix.it/#members,No,,337
2370,Peru,Huancayo,"Latin America","IX AndeSpark Perú Huancayo",https://andespark-ixp.net/,Active,20241031,8,-12.06193,-75.19354,6,263,6,6,0.000000,Yes,2026-08-25,10,636,8,119,756,126,https://www.portal.andespark-ixp.net/customer/details,No,JAU,143
2371,Malawi,Lilongwe,Africa,"Lilongwe Open and Neutral Internet Exchange",https://www.lionex.org,Active,20230401,,-13.95377,33.79253,7,235,32,20,0.000000,No,2026-08-25,2,638,2,51,726,55,http://ixpmanager.lionex.org/customer/details,No,,67
2372,"Dominican Republic","Santiago de los Caballeros","Latin America","Santiago Internet Exchange",https://stix.do/,Active,20230102,1202,19.34022,-70.61120,39,75870900,38014482,7116876,50.007630,Yes,2026-08-25,2,331,2,38,326,63,https://portal.stix.do/customer/details,No,STI,143
2373,Indonesia,Semarang,Asia-Pacific,"CitranetIX Semarang",https://www.citraix.net/,Active,0,8160,-6.99337,110.42702,11,145125484,96631492,26562309,0.000000,Yes,2026-08-25,12,284,26,145,626,68,https://www.citraix.net/participants.html,No,,190
2374,Venezuela,Caracas,"Latin America","NAP VE Caracas",https://nap.com.ve/,Active,20240909,3198,10.50000,-66.88000,19,300981524,170268164,12510538,50.000000,Yes,2026-08-25,1,217,3,61,476,48,https://ixpmanager.nap.com.ve/customer/details,No,CCS,143
2375,"United States",Brookings,"North America","The South Coast Access Exchange",https://thescax.net,Active,20231108,,42.05750,-124.28639,2,1979716,696336,86880,50.018090,No,2026-08-25,63,541,108,129,783,77,https://thescax.net/members,No,,157
2376,"United States","Grand Rapids","North America","Grand Rapids Internet Exchange",https://www.grr-ix.com,Active,,,42.96111,-85.65556,8,0,0,0,0.000000,No,0000-00-00,78,649,87,106,694,96,https://www.grr-ix.com/#members,No,,157
2377,Ecuador,Quito,"Latin America","PIT Ecuador - Quito",http://www.pit.net,Active,20250000,,-0.15000,-78.48000,14,120000000,50000000,0,0.000000,No,0000-00-00,2,298,2,74,557,60,https://pit.net/miembrospit/,No,,143
2378,Mexico,Guadalajara,"Latin America",IXGDL,https://www.gdlix.mx/,Active,20230301,,20.67000,-103.38000,4,0,0,0,0.000000,No,0000-00-00,6,649,6,130,808,127,https://www.gdlix.mx/#members-section,No,,143
2379,Guatemala,Guatemala,"Latin America","PIT Guatemala - Punto de Intercambio de Tráfico Neutral de Guatemala",https://pit.gt/,Active,20230000,5692,14.58000,-90.52000,32,700000000,300000000,0,0.000000,Yes,0000-00-00,1,154,1,43,359,38,,No,GUA2,143
2380,"Dominican Republic","Santiago de los Caballeros","Latin America","Punto de Intercambio de Trafico Dominicano",https://pitdominicano.com,Active,20200914,,19.34022,-70.61120,44,1605366464,901728492,165865532,49.996840,No,2026-08-25,1,103,1,36,309,33,https://portal.pitdominicano.com/customer/details,No,,143
2381,Guam,Tamuning,Asia-Pacific,"Guam IX",https://ix.gu,Active,20240815,1068,13.49664,144.79030,14,206178628,130481310,51982600,50.000000,Yes,2026-08-25,1,254,1,126,557,60,https://ix.gu/peering,No,,190
2382,Germany,Dresden,Europe,"Dresden Internet Exchange",https://dd-ix.net,Active,20241128,72794,51.13000,13.78000,12,8036300,4697338,1700876,49.972300,Yes,2026-08-25,20,475,26,255,603,171,https://portal.dd-ix.net/customer/details,No,DRS,337
2383,Greece,Thessaloniki,Europe,"Free IX Greece",https://free-ix.gr,Active,20240400,,40.62125,22.91101,12,1400260,691186,308530,0.000000,No,2026-08-25,5,555,8,255,603,208,https://ixpmanager.free-ix.gr/customer/details,No,,337
2384,Greece,Thessaloniki,Europe,"NetIX Greece",https://www.netix.net/peering-services/netixs-regional-ixps,Active,20160100,566269,40.62125,22.91101,256,6690000000,4830000000,3600000000,0.000000,Yes,0000-00-00,1,21,1,26,52,7,https://www.netix.net/members#netix-peering-members,No,SKG,337
2385,Indonesia,Depok,Asia-Pacific,"Alien Internet Exchange",https://area31.id/,Active,20240801,22646,-6.40250,106.79420,382,609545400,226035743,62205927,0.000000,Yes,2026-08-25,6,169,4,5,26,37,http://aix.area31.id/customer/details,No,,190
2386,"Saudi Arabia",Jeddah,Europe,"Equinix Internet Exchange Jeddah",https://ix.equinix.com/home/,Active,20230500,,21.67000,39.15000,5,86477600,86385568,86293534,50.000000,No,2026-08-25,4,322,4,301,783,118,https://ix.equinix.com/home/locations-and-traffic/#traffic,No,,337
2387,"Saudi Arabia",Riyadh,Europe,"Riyadh IX",https://www.linx.net/news/new-ixp-for-riyadh-goes-live/,Active,20240610,,24.72000,46.72000,5,768000000,277000000,202000000,0.000000,No,0000-00-00,1,148,4,301,783,47,https://portal.linx.net/members,No,,337
2388,Turkey,Istanbul,Europe,"GIBIR Internet Exchange",https://ix.gibir.net.tr/en,Active,,,40.97000,28.82000,29,0,0,0,0.000000,No,0000-00-00,3,649,3,165,380,240,https://ix.gibir.net.tr/en/members,No,,337
2389,Oman,Muscat,Europe,Oman-IX,https://om-ix.com,Active,20231201,,23.58000,58.28000,9,0,0,0,0.000000,No,0000-00-00,2,649,2,274,671,240,https://www.peeringdb.com/ix/4371,No,MCT,337
2390,Pakistan,Karachi,Asia-Pacific,"Pakistan Internet Exchange (PIE) Karachi",https://www.de-cix.net/en/locations/karachi,Active,20240129,,24.90000,67.13000,12,0,0,0,0.000000,No,0000-00-00,1,649,4,137,603,130,https://www.de-cix.net/en/locations/karachi/connected-networks,No,,190
2391,Netherlands,Amsterdam,Europe,"North Sea Internet Exchange",https://ns-ix.net,Active,20241101,,52.30000,4.77000,22,206178628,130481310,51982600,50.000000,No,2026-08-25,10,254,16,183,437,88,https://ixpmanager.nsix.net/customer/details,No,,337
2392,Indonesia,"Jakarta Selatan",Asia-Pacific,"Indonesia Local Exchange",https://ilixchange.com,Active,20240909,,-6.24740,106.80610,62,349626854,215173412,48293599,0.000000,No,2026-08-25,8,211,12,62,236,48,https://ilixchange.com/partisipan,No,,190
2393,Ukraine,Kiev,Europe,RUDAKI-IX,https://www.rudaki-ix.net/,Active,20211118,,50.40000,30.45000,42,0,0,0,0.000000,No,0000-00-00,10,649,7,140,320,240,https://www.rudaki-ix.net/members/,No,,337
2394,Poland,Gdansk,Europe,POMIX,https://pomix.pl,Active,20240501,,54.35200,18.64660,14,0,0,0,0.000000,No,0000-00-00,10,649,13,235,557,240,https://en.pomix.pl/#members,No,,337
2395,China,Shanghai,Asia-Pacific,"National (Shanghai) New-Type Internet Exchange Point",https://www.shixp.cn,Active,20211220,,31.40000,121.47000,20,1240000000,994000000,626000000,0.000000,No,0000-00-00,5,119,6,108,463,27,https://www.shixp.cn/switch/linkNet,No,,190
2396,"United States",Boise,"North America","Idaho Internet Exchange",https://www.idahoix.net/,Active,20230101,,43.61500,-116.20230,5,0,0,0,0.000000,No,0000-00-00,78,649,108,129,783,96,https://portal.idahoix.net/customer/details,No,,157
2397,"United States",Tucson,"North America","Tucson Internet Exchange",https://tusix.net,Active,20230100,,32.21609,-110.97099,7,0,0,0,0.000000,No,0000-00-00,78,649,94,114,726,96,https://portal.tusix.net/customer/details,No,,157
2398,Mexico,Monterrey,"Latin America","NIX Monterrey",https://www.nixnetwork.mx/,Active,,,25.87000,-100.20000,10,8536805,5839748,1361573,0.000000,No,2026-08-25,3,471,4,94,649,99,https://portal.nixnetwork.mx/customer/details,No,,143
2399,Chile,"Punta Arenas","Latin America","Patagonia IX",https://patagoniaix.cl/,Active,20250228,,-53.16340,-70.90780,6,39200,4340,1960,0.000000,No,0000-00-00,3,619,4,119,756,122,https://patagoniaix.cl/miembros,No,,143
2401,"Sri Lanka",Colombo,Asia-Pacific,"Colocix Internet Exchange",https://colocix.com/,Active,20120000,,6.90000,79.87000,7,0,0,0,0.000000,No,0000-00-00,1,649,1,162,726,130,https://www.peeringdb.com/ix/4605,No,,190
2402,France,Paris,Europe,"Nine IX",https://nine-ix.net,Active,0,,48.80000,2.33000,149,244000000,148,121,0.000000,No,0000-00-00,4,237,3,53,112,80,https://nine-ix.net/members,No,,337
2404,"United States","Salt Lake City","North America","Mountain West Internet Exchange",https://www.mwestix.net/,Active,,,40.77000,-111.90000,0,0,0,0,0.000000,No,0000-00-00,78,649,133,156,886,96,,No,,157
2405,"United States",Utah,"North America","Mountain West Internet Exchange",https://www.mwestix.net,Active,,,-111.09373,39.32098,0,0,0,0,0.000000,No,0000-00-00,78,649,133,156,886,96,,No,,157
2406,"Sierra Leone",Freetown,Africa,"Michcom Internet Exchange Point",https://www.michcom-ix.net,Active,20250000,,8.47500,-13.25100,15,0,0,0,0.000000,No,0000-00-00,1,649,1,33,544,60,https://www.michcom-ix.net/#members,No,,67
2407,Lebanon,Beirut,Europe,"OpenIX Beirut",https://openix.ong/beirut,Active,20250513,,33.82000,35.48000,45,5130000,4260000,1370000,0.000000,No,0000-00-00,1,503,1,132,302,187,https://manager.openix.ong/customer/details,No,,337
2408,"United States",Indianapolis,"North America","Indianapolis Internet Exchange",https://indyix.com/,Active,20250401,,39.77511,-86.10947,8,3709974,1286825,349690,50.040060,No,2026-08-25,57,518,87,106,694,70,https://ixp.indyix.com/customer/details,No,,157
2409,Ghana,Accra,Africa,"London Internet Exchange - Accra",https://www.linx.net/about/network/linx-accra/,Active,20250703,,5.60000,-0.17000,6,790137,63409,3430,0.000000,No,0000-00-00,2,577,3,55,756,40,https://portal.linx.net/members,No,,67
2410,"United States",Phoenix,"North America","DE-CIX Phoenix",https://www.de-cix.net/en/locations/phoenix,Active,20220300,518435,33.45070,-112.06840,40,89121554,89091350,89061147,0.000000,Yes,2026-08-25,38,320,44,50,322,46,https://www.de-cix.net/en/locations/phoenix/connected-networks,No,,157
2411,Tuvalu,Funafuti,Asia-Pacific,"Tuvalu Telecommunications Corporation",www.tuvalutelecom.tv,Active,,187,-8.51670,179.19980,0,0,0,0,0.000000,Yes,0000-00-00,1,649,1,189,886,130,,No,,190
2412,Argentina,"Buenos Aires","Latin America","PIT Buenos Aires - PIT Argentina",http://www.pit.net.ar/,Active,20250000,,-34.57000,-58.42000,18,500000000,200000000,0,0.000000,No,0000-00-00,27,189,6,63,485,44,,No,,143
2413,"United States","Mount Pleasant","North America","Central Michigan Internet Exchange",https://www.cm-ix.com,Active,20240000,,43.59774,-84.76861,12,0,0,0,0.000000,No,0000-00-00,78,649,77,94,603,96,https://www.cm-ix.com,No,,157
2415,Canada,Toronto,"North America","Ontario Internet Exchange",https://www.onix.cx,Active,20221227,514936,43.67000,-79.40000,199,206178628,130481310,51982600,50.000000,Yes,2026-08-25,6,254,2,10,78,38,https://www.onix.cx/?page=members,No,,157
2416,Indonesia,Jakarta,Asia-Pacific,"cloudXchange Jakarta",https://cloudxchange.id/,Active,20190000,,-6.17444,106.82944,207,66000000,45000000,1000000,0.000000,No,2026-08-25,14,341,6,18,73,82,https://cloudxchange.id/participants,No,,190
2417,Indonesia,Surabaya,Asia-Pacific,"cloudXchange Surabaya",https://cloudxchange.id/,Active,0,,-7.24917,112.75083,8,0,0,0,0.000000,No,0000-00-00,21,649,27,156,694,130,https://cloudxchange.id/participants,No,,190
2418,Ireland,Dublin,Europe,"Internet Neutral Exchange Association CLG - LAN2",https://www.inex.ie/,Active,,,53.33000,-6.25000,115,582673704,399552567,172368832,49.994550,No,2026-08-25,2,176,2,64,138,60,https://www.inex.ie/about-us/inex-members/,No,,337
2419,Peru,Huancayo,"Latin America","PIT Huancayo - PIT Peru",https://peruix.net/,Active,20250000,,-12.06193,-75.19354,4,10000000,4000000,0,0.000000,No,0000-00-00,8,462,10,130,808,96,https://www.peeringdb.com/ix/4152,No,,143
2421,Poland,Poznan,Europe,EPIX.Poznan,https://www.epix.net.pl/,Active,20200000,,52.42000,16.83000,34,46000000,0,0,0.000000,No,0000-00-00,9,363,10,152,350,129,https://www.epix.net.pl/o-epix/uczestnicy/,No,,337
2422,"South Korea",Seoul,Asia-Pacific,"Packet IX",https://packetix.io/,Active,20250000,,37.50000,126.93000,9,206178628,130481310,51982600,50.000000,No,2026-08-25,2,254,4,152,671,60,https://portal.packetix.io/customer/details,No,,190
2423,Tajikistan,Dushanbe,Asia-Pacific,"TojikTelecom - IXP",https://tj-ix.tj/en/,Active,20250000,,38.56967,68.77498,11,60000000,0,0,0.000000,No,0000-00-00,1,346,1,145,626,84,https://tj-ix.tj/en/,No,,190
2424,Philippines,Manila,Asia-Pacific,"Digital Edge EPIX Philippines",https://www.digitaledgedc.com/,Active,20240925,,14.58000,120.95000,2,0,0,0,0.000000,No,0000-00-00,7,649,7,182,866,130,,No,,190
2425,Australia,Brisbane,Asia-Pacific,"Edge Internet Exchange - Brisbane",https://www.edgeix.net/,Active,20191200,,-27.38000,153.10001,56,405142050,241800142,109510828,50.000000,No,2026-08-25,7,198,14,70,260,43,https://www.edgeix.net/who-is-peering/,No,,190
2426,"New Zealand",Auckland,Asia-Pacific,"Edge Internet Exchange - Auckland",https://www.edgeix.net/,Active,20230800,,-37.02000,174.80000,62,218692864,112266472,54921053,0.000000,No,2026-08-25,2,249,5,62,236,56,https://www.edgeix.net/who-is-peering/,No,,190
2427,Indonesia,Jakarta,Asia-Pacific,"EdgeNXT Internet Exchange",https://edgenxt.com/,Active,,,-6.17444,106.82944,130,191201359,103157345,45720488,0.000000,No,2026-07-20,11,270,8,31,124,63,https://care.edgenxt.com/customer/details,No,,190
2428,Indonesia,Batam,Asia-Pacific,"Omni Internet Exchange",https://omnidc.co.id/,Active,,,0.83784,103.77291,44,72414555,27542602,92335,0.000000,Yes,2026-08-25,13,336,16,81,309,79,https://console.omni-ix.com/customer/details,Yes,JKT,190
2429,"United Kingdom",Birmingham,Europe,"Edge Internet Exchange - Birmingham",https://www.ixbirmingham.net/,Active,20230000,,52.47707,-1.85608,3,0,0,0,0.000000,No,0000-00-00,11,649,15,319,839,240,https://www.ixbirmingham.net/members,No,,337
2430,"United Kingdom",London,Europe,"LINX LON2",https://www.linx.net/,Active,,,51.48000,-0.45000,301,620000000,484000000,350980000,0.000000,No,0000-00-00,3,166,3,20,37,58,https://portal.linx.net/members/members-full-list,No,,337
2431,Spain,Madrid,Europe,"IXPlay Global Peers",https://ixplay.global,Active,,,40.43000,-3.70000,62,0,0,0,0.000000,No,0000-00-00,8,649,3,104,236,240,https://www.peeringdb.com/ix/3149,No,,337
2432,"United States","New York","North America","DACS-IX North",https://www.dacs-ix.com/,Active,,,40.75000,-74.00000,3,0,0,0,0.000000,No,0000-00-00,78,649,123,145,839,96,https://www.dacs-ix.com/north,No,,157
2433,Germany,Nuremberg,Europe,frankonIX,https://frankonix.de/,Active,20240700,,49.50000,11.08000,31,0,0,0,0.000000,No,0000-00-00,21,649,21,158,365,240,https://frankonix.de/#members,No,,337
2434,India,Pune,Asia-Pacific,"Extreme IX Pune",https://extreme-ix.org/eix/pune,Active,20190700,,18.53333,73.86667,7,122722560,69475099,6359164,50.000540,No,2026-08-25,6,296,24,162,726,71,https://extreme-ix.org/members/peers?location=pune,No,,190
2435,"Saint Martin",Marigot,"Latin America","Saint-Martin Internet Exchange",https://www.smart-ix.fr/,Active,20221021,,18.06685,-63.08489,6,0,0,0,0.000000,No,0000-00-00,1,649,1,119,756,127,https://www.smart-ix.fr/participants,No,,143
2436,"United States",Chicago,"North America","FD-IX - Chicago",https://www.fd-ix.com/,Active,20220000,,41.85000,-87.65000,4,0,0,0,0.000000,No,0000-00-00,78,649,116,137,808,96,https://www.fd-ix.com/locations/chicago/,No,,157
2437,"United States","St. Louis","North America","FD-IX - St. Louis",https://www.fd-ix.com/,Active,20250000,,38.58000,-90.20000,15,0,0,0,0.000000,No,0000-00-00,78,649,72,88,544,96,https://www.fd-ix.com/locations/stlouis/,No,,157
2439,"United States",Amarillo,"North America","FD-IX - Amarillo",https://www.fd-ix.com/,Active,20240900,,-101.83163,35.20570,4,0,0,0,0.000000,No,0000-00-00,78,649,116,137,808,96,https://www.fd-ix.com/locations/amarillo/,No,,157
2441,Sweden,Stockholm,Europe,"STHIX - Stockholm",https://sthix.net/networks,Active,20060000,,59.33000,18.05000,92,705832846,465300489,166272528,50.003180,No,2026-08-25,1,153,2,81,174,49,https://portal.sthix.net/customer/details,No,,337
2442,Kazakhstan,Almaty,Europe,"Kazakhstan Government Internet Exchange Almaty",https://sts.kz/en,Active,20100700,,43.21688,76.66398,6,238000000,170000000,56000000,0.000000,No,0000-00-00,1,240,3,296,756,83,https://www.peeringdb.com/ix/4915,No,,337
2443,Senegal,Dakar,Africa,HubSIX,https://www.hubsix.sn,Active,20240701,524,14.73000,-17.50000,7,1890000,606000,161000,0.000000,Yes,0000-00-00,1,547,1,51,726,36,https://hubsix.sn/communaute/nos-clients,No,DKR2,67
2445,"United States",Austin,"North America","FD-IX - Austin",https://fd-ix.com/,Active,,,30.27000,-97.74000,5,0,0,0,0.000000,No,0000-00-00,78,649,108,129,783,96,https://fd-ix.com/,No,,157
2446,Singapore,Singapore,Asia-Pacific,"GNM Internet Exchange Singapore",https://gnm.net/,Active,,,1.37000,103.98000,17,0,0,0,0.000000,No,0000-00-00,7,649,8,114,504,130,https://www.peeringdb.com/ix/4205,No,,190
2447,Ukraine,Kiev,Europe,"GNM Internet Exchange Ukraine",https://gnm.net/,Active,,,50.40000,30.45000,60,0,0,0,0.000000,No,0000-00-00,10,649,6,108,247,240,https://www.peeringdb.com/ix/4640,No,,337
2448,Netherlands,Amsterdam,Europe,"GNM Internet Exchange Amsterdam",https://gnm.net/,Active,20090000,,52.30000,4.77000,420,108983538294,46863230605,22180293252,49.999970,No,2026-08-25,1,2,4,14,23,1,https://www.peeringdb.com/ix/358,No,,337
2449,India,Hyderabad,Asia-Pacific,"DE-CIX Hyderabad",https://www.de-cix.in/de-cix-hyderabad/,Active,20230800,1036,17.45000,78.47000,8,0,0,0,0.000000,Yes,0000-00-00,18,649,22,156,694,130,https://www.de-cix.in/connected-networks/,No,,190
2450,"United States","Los Angeles","North America","Coresite - Any2 West",https://www.coresite.com/interconnection/peering-exchanges/any2-internet-peering-exchange,Active,,,33.97000,-118.25000,344,0,0,0,0.000000,No,0000-00-00,78,649,4,4,31,96,https://www.coresite.com/interconnection/peering-exchanges/any2-internet-peering-exchange/any2-peering-participants,No,,157
2451,Guyana,Georgetown,"Latin America","Guyana internet exchange point",www.ixp.gy,Active,20250500,,6.78763,-58.22157,0,0,0,0,0.000000,No,0000-00-00,1,649,1,142,886,127,https://ixp.gy/members-participants/,No,,143
2452,France,Lyon,Europe,"France-IX Lyon",https://www.franceix.net/en/infrastructure/our-exchange-points-in-france/france-ix-lyon/,Active,20210100,1262453,45.72000,4.95000,94,151000000,50800000,25000000,0.000000,Yes,0000-00-00,7,282,6,78,170,100,https://www.franceix.net/en/communaut%C3%A9/list-of-france-ix-clients/,No,,337
2453,France,Lille,Europe,"France-IX Lille",https://www.franceix.net/en/infrastructure/our-exchange-points-in-france/france-ix-lille/,Active,20220500,,50.62920,3.05730,16,1930000,1350000,494340,0.000000,No,0000-00-00,12,545,12,218,517,206,https://www.franceix.net/en/communaut%C3%A9/list-of-france-ix-clients/,No,,337
2454,France,Toulouse,Europe,"France-IX Toulouse",https://www.franceix.net/en/infrastructure/our-exchange-points-in-france/france-ix-toulouse/,Active,20211100,,43.60530,1.44280,9,7120000,3780000,1800000,0.000000,No,0000-00-00,10,481,18,274,671,176,https://www.franceix.net/en/communaut%C3%A9/list-of-france-ix-clients/,No,,337
2455,Finland,Helsinki,Europe,"Netnod Helsinki",https://www.netnod.se/,Active,20220308,,60.17000,25.00000,16,132040000,64320000,1680000,0.000000,No,0000-00-00,2,290,6,218,517,103,https://www.netnod.se/ix/connected-networks,No,,337
2456,Brazil,"Boa Vista","Latin America","IX.br (PTT.br) Boa Vista",https://ix.br,Active,20210800,,-8.05528,-34.89750,16,2620000,173510,129590,0.000000,No,0000-00-00,39,531,38,70,517,108,https://ix.br/particip/rr,No,,143
2457,Brazil,Cascavel,"Latin America","IX.br (PTT.br) Cascavel",http://ix.br,Active,20200100,,-24.95420,-53.48030,50,10000000,5250000,4000000,0.000000,No,0000-00-00,32,462,24,30,281,96,https://ix.br/particip/cac,No,,143
2458,Brazil,Florianópolis,"Latin America","IX.br (PTT.br) Florianópolis",http://ix.br,Active,20080000,,-27.58000,-48.57000,149,127290000,77880000,40000000,0.000000,No,0000-00-00,12,292,10,12,112,59,https://ix.br/particip/sc,No,,143
2459,Brazil,"Campo Gande","Latin America","IX.br (PTT.br) Campo Grande",http://ix.br,Active,20200300,,-22.90093,-43.55640,48,19100000,11920000,5000000,0.000000,No,0000-00-00,26,421,25,31,287,85,https://ix.br/particip/cgr,No,,143
2460,"United States",Raleigh,"North America","Ninja-IX Raleigh",https://www.ninja-ix.net/,Active,20210218,,35.77399,-78.63276,6,0,0,0,0.000000,No,2026-08-25,78,649,100,120,756,96,https://www.peeringdb.com/ix/3445,No,,157
2461,"United States",Fremont,"North America","Ninja-IX Bay Area",https://www.ninja-ix.net/,Active,,,37.56283,-122.00044,6,85840,4,5,0.000000,No,2026-08-25,70,609,100,120,756,87,https://www.peeringdb.com/ix/3973,No,,157
2463,"United States","Auburn, CA","North America","Ninja-IX Auburn",https://www.ninja-ix.net/,Active,,,38.89861,-121.07444,6,0,0,0,0.000000,No,2026-08-25,78,649,100,120,756,96,https://www.peeringdb.com/ix/3974,No,,157
2464,"United States",Norfolk,"North America","Ninja-IX Norfolk",https://norfolk-ix.net,Active,,,36.84694,-76.28528,1,0,0,0,0.000000,No,2026-08-25,78,649,131,154,881,96,https://www.peeringdb.com/ix/3761,No,,157
2465,Netherlands,Leeuwarden,Europe,Noord-IX,https://www.noord-ix.nl/,Active,,,53.22000,5.57000,8,636998,89465,1458,50.018440,No,2026-08-25,14,580,20,282,694,218,https://portal.noord-ix.nl/customer/details,No,,337
2466,Canada,Toronto,"North America","CANIX Internet Exchange - Toronto",https://canix.ca/,Active,20251021,,43.67000,-79.40000,9,76874810,68214009,53976742,50.001040,No,2026-08-25,8,330,18,104,671,49,https://ixpm.yyz.canix.ca/customer/details,No,,157
2467,Canada,Quebec,"North America","CANIX Internet Exchange - Quebec",https://ogix.ca/,Active,20130400,,46.80000,-71.38000,6,1061136,100953,5926,50.025260,No,2026-08-25,13,565,19,120,756,82,https://ixpm.yqb.canix.ca/customer/details,No,,157
2475,Malawi,Lilongwe,Africa,"Lilongwe Internet Exchange",https://llix.mispa.org.mw,Active,20240801,,-13.95377,33.79253,0,0,0,0,0.000000,No,0000-00-00,3,649,3,67,886,60,,No,,67
2476,Brazil,"Rio de Janeiro","Latin America","Equinix Internet Exchange Rio de Janeiro",https://ix.equinix.com/home/,Active,0,,-22.90000,-43.17000,27,43381965,42602673,42068279,0.000000,No,2026-08-25,15,367,34,48,393,69,https://ix.equinix.com/home/locations-and-traffic/#traffic,No,,143
2477,Brazil,Caruaru,"Latin America","IX.br (PTT.br) Caruaru",https://ix.br/,Active,20241000,,-8.28334,-35.97170,10,5590000,851700,350000,0.000000,No,0000-00-00,36,497,42,94,649,103,https://ix.br/particip/cau,No,,143
2478,Brazil,"Feira De Santana","Latin America","IX.br (PTT.br) Feira de Santana",https://ix.br/,Active,20241000,,-12.26673,-38.94837,48,0,16600000,5000000,0.000000,No,0000-00-00,43,649,25,31,287,127,https://ix.br/particip/fec,No,,143
2479,Brazil,Palmas,"Latin America","IX.br (PTT.br) Palmas",https://ix.br/,Active,20211100,,-10.25859,-48.33194,36,6480000,2540000,900000,0.000000,No,0000-00-00,34,486,30,41,345,100,https://ix.br/particip/to,No,,143
2480,Brazil,"Porto Velho","Latin America","IX.br (PTT.br) Porto Velho",https://ix.br/,Active,20240900,,-8.76002,-63.85233,24,5560000,4000000,2200000,0.000000,No,0000-00-00,37,499,35,53,418,104,https://ix.br/particip/ro,No,,143
2481,Brazil,"Ribeirão Preto","Latin America","IX.br (PTT.br) Ribeirão Preto",https://ix.br/,Active,20251000,,-21.17784,-47.79456,18,1560000,551800,50000,0.000000,No,0000-00-00,42,552,37,63,485,111,https://ix.br/particip/rao,No,,143
2482,Brazil,"Rio Branco","Latin America","IX.br (PTT.br) Rio Branco",https://ix.br/,Active,20230400,,-9.98008,-67.82526,12,2000000,822370,175410,0.000000,No,0000-00-00,40,537,40,84,603,109,https://ix.br/particip/ac,No,,143
2483,Bangladesh,Dhaka,Asia-Pacific,"Kloud Technologies National Internet Exchange",https://kloudnix.com,Active,20190000,,23.77000,90.38000,16,0,0,0,0.000000,No,0000-00-00,3,649,4,119,517,130,https://www.peeringdb.com/ix/3467,No,,190
2484,Kazakhstan,Semey,Europe,"Kazakhstan Government Internet Exchange Semey",https://sts.kz/en,Active,,,50.43330,80.26670,4,5800000,3600000,900000,0.000000,No,0000-00-00,7,495,5,307,808,183,https://www.peeringdb.com/ix/4925,No,,337
2485,Kazakhstan,Aqtau,Europe,"Kazakhstan Government Internet Exchange Aqtau",https://sts.kz/en,Active,20160000,,43.67328,51.22727,3,7200000,4800000,1500000,0.000000,No,0000-00-00,6,480,12,319,839,175,https://www.peeringdb.com/ix/4935,No,,337
2486,Kazakhstan,Aqtobe,Europe,"Kazakhstan Government Internet Exchange Aqtobe",https://sts.kz/en,Active,,,50.27970,57.20720,4,3800000,2000000,500000,0.000000,No,0000-00-00,10,517,5,307,808,194,https://www.peeringdb.com/ix/4926,No,,337
2487,Kazakhstan,Atyrau,Europe,"Kazakhstan Government Internet Exchange Atyrau",https://sts.kz/en,Active,,,47.10505,51.92462,4,8500000,6300000,1800000,0.000000,No,0000-00-00,5,472,5,307,808,170,https://www.peeringdb.com/ix/4941,No,,337
2488,Kazakhstan,Kokshetau,Europe,"Kazakhstan Government Internet Exchange Kokshetau",https://sts.kz/en,Active,,,53.28245,69.39692,4,365000,225000,80000,0.000000,No,0000-00-00,13,590,5,307,808,225,https://www.peeringdb.com/ix/4942,No,,337
2489,Kazakhstan,Pavlodar,Europe,"Kazakhstan Government Internet Exchange Pavlodar",https://sts.kz/en,Active,,,52.27601,76.96881,6,0,0,0,0.000000,No,0000-00-00,14,649,3,296,756,240,https://www.peeringdb.com/ix/4923,No,,337
2490,Kazakhstan,Karaganda,Europe,"Kazakhstan Government Internet Exchange Karaganda",https://sts.kz/en,Active,,,49.80881,73.13884,4,47000000,28000000,7000000,0.000000,No,0000-00-00,3,360,5,307,808,127,https://www.peeringdb.com/ix/4921,No,,337
2491,Kazakhstan,Shymkent,Europe,"Kazakhstan Government Internet Exchange Shymkent",https://sts.kz/en,Active,,,42.30260,69.57270,4,470000,375000,140000,0.000000,No,0000-00-00,12,588,5,307,808,223,https://www.peeringdb.com/ix/4922,No,,337
2492,Kazakhstan,Qostanay,Europe,"Kazakhstan Government Internet Exchange Qostanay",https://sts.kz/en,Active,,,53.21435,63.62463,3,8700000,7000000,1300000,0.000000,No,0000-00-00,4,469,12,319,839,169,https://www.peeringdb.com/ix/4943,No,,337
2493,Kazakhstan,Qyzylorda,Europe,"Kazakhstan Government Internet Exchange Qyzylorda",https://sts.kz/en,Active,,,44.83866,65.51462,4,4600000,3500000,700000,0.000000,No,0000-00-00,9,508,5,307,808,189,https://www.peeringdb.com/ix/4944,No,,337
2494,Kazakhstan,Taldykorgan,Europe,"Kazakhstan Government Internet Exchange Taldyqorgan",https://sts.kz/en,Active,,,45.01556,78.37389,0,1080000,710000,198000,0.000000,No,0000-00-00,11,564,14,336,886,213,https://www.peeringdb.com/ix/4948,No,,337
2495,Venezuela,Valencia,"Latin America","NAPVEN Valencia",https://nap.com.ve/,Active,,,10.15026,-68.00384,21,64077042,43652892,3009221,0.000000,No,2026-08-25,3,343,2,56,451,64,https://ixpmanager-vln.nap.com.ve/customer/details,No,,143
2496,Venezuela,Maracaibo,"Latin America","NAPVEN Maracaibo",https://nap.com.ve/,Active,20240000,,10.59905,-71.69344,22,87075004,52867240,10108851,0.000000,No,2026-08-25,2,321,1,55,437,62,https://ixpmanager-mcbo.nap.com.ve/customer/details,No,,143
2498,Sweden,Stockholm,Europe,"Sweden Internet Exchange (KeFF-IX)",https://ix.se/,Active,0,,59.33000,18.05000,22,114341764,56584056,38435673,0.000000,No,2026-08-25,4,303,8,183,437,109,https://ixp.ix.se/customer/details,No,,337
2499,Egypt,Cairo,Africa,"Pyramids Internet Exchange",https://pyramix.as207740.net/,Active,,,30.13000,31.40000,48,0,0,0,0.000000,No,0000-00-00,3,649,1,12,287,60,https://pyramix.as207740.net/members.html,No,,67
2500,Ecuador,Quito,"Latin America","PIT Zero Latitude - IXEcuador",https://ixecuador.com/,Active,20251100,,-0.15000,-78.48000,5,0,0,0,0.000000,No,0000-00-00,5,649,5,124,783,127,https://ixecuador.com/asn,No,,143
2501,Ecuador,Guayaquil,"Latin America","PIT Ecuador - Guayaquil",https://pit.net/,Active,20250000,,-2.15000,-79.88000,4,20000000,10000000,0,0.000000,No,0000-00-00,4,418,6,130,808,83,https://pit.net/miembrospit/,No,,143
2502,Thailand,Bangkok,Asia-Pacific,"AMS-IX Bangkok",https://www.ams-ix.net/ban,Active,20230516,,13.92000,100.60000,17,21287155,10928550,5076153,0.000000,No,2026-08-25,7,411,7,114,504,103,https://www.ams-ix.net/ban/connected-networks,No,,190
2503,India,Hyderabad,Asia-Pacific,"AMS-IX Hyderabad",https://www.ams-ix.net/hyd,Active,20220609,,17.45000,78.47000,8,3531900,1625626,295184,0.000000,No,2026-08-25,15,522,22,156,694,117,https://www.ams-ix.net/hyd/connected-networks,No,,190
2504,India,Kolkata,Asia-Pacific,"AMS-IX Kolkata",https://www.ams-ix.net/kol,Active,20220609,,22.57000,88.40000,6,45041218,22533623,1956875,0.000000,No,2026-08-25,9,366,27,170,756,93,https://www.ams-ix.net/kol/connected-networks,No,,190
2505,Philippines,Manila,Asia-Pacific,"AMS-IX Manila",https://www.ams-ix.net/mnl/,Active,20230323,,14.58000,120.95000,12,18226492,9849766,3455502,50.000270,No,2026-08-25,5,423,4,137,603,105,https://www.ams-ix.net/mnl/connected-networks,No,,190
2506,"Sint Eustatius",Oranjestad,"North America","AMS-IX Eastern Caribbean",https://www.ams-ix.net/eca/,Active,20251114,648,17.48303,-62.98640,8,3590000,2000000,600000,0.000000,Yes,0000-00-00,1,521,1,106,694,71,https://www.ams-ix.net/eca/connected-networks,No,EUX,157
2508,Greece,Athens,Europe,"Novelcomm Internet Exchange",https://nvl-ix.org/,Active,20250000,,37.90000,23.70000,14,1155857,694737,95203,0.000000,No,2026-08-25,6,562,5,235,557,212,https://nvl-ix.com/customer/details,No,,337
2509,Greece,Thessaloniki,Europe,"MIX Thessaloniki",https://www.mix-it.net/en/,Active,20250600,,40.62125,22.91101,13,0,0,0,0.000000,No,0000-00-00,7,649,7,246,578,240,https://www.peeringdb.com/ix/4797,No,,337
2510,Canada,Montreal,"North America","Equinix Internet Exchange Montreal",https://ix.equinix.com/home/,Active,20201000,,45.47000,-73.75000,4,190,95,190,0.000000,No,2026-08-25,16,640,20,137,808,91,https://ix.equinix.com/home/locations-and-traffic/,No,,157
2511,Mexico,"Mexico DF","Latin America","Equinix Internet Exchange Mexico",https://ix.equinix.com/home/,Active,20200109,,19.41894,-99.13408,13,11308,9882,8456,50.000000,No,2026-08-25,5,624,3,77,578,123,https://ix.equinix.com/home/locations-and-traffic/,No,,143
2512,Malaysia,"Kuala Lumpur",Asia-Pacific,"Equinix Internet Exchange Kuala Lumpur",https://ix.equinix.com/home/,Active,20240500,,3.13000,101.70000,2,0,0,0,0.000000,No,2026-08-25,3,649,5,182,866,130,https://ix.equinix.com/home/locations-and-traffic/,No,,190
2513,Indonesia,Jakarta,Asia-Pacific,"Equinix Internet Exchange Jakarta",https://ix.equinix.com/home/,Active,0,,-6.17444,106.82944,51,0,0,0,0.000000,No,2026-08-25,21,649,13,73,274,130,https://ix.equinix.com/home/locations-and-traffic/,No,,190
2514,Honduras,Tegucigalpa,"Latin America","Internet Exchange Point Latin America",https://ixplatam.org/,Active,20260000,,14.07230,-87.19210,25,0,0,0,0.000000,No,0000-00-00,2,649,2,51,408,127,https://ixplatam.org/#benefits,No,,143
2515,Germany,Frankfurt,Europe,"FogIXP Frankfurt regional IXP",https://fogixp.org/our-ixps/frankfurt,Active,20220000,,50.12000,8.68000,63,0,0,0,0.000000,No,0000-00-00,21,649,13,103,233,240,https://fogixp.org/members/member-list-fra,No,,337
2516,Netherlands,Amsterdam,Europe,"FogIXP Amsterdam regional IXP",https://fogixp.org/our-ixps/amsterdam,Active,20220000,,52.30000,4.77000,39,0,0,0,0.000000,No,2026-08-25,15,649,14,144,326,240,https://fogixp.org/members/member-list-ams,No,,337
2517,Sweden,Stockholm,Europe,"Sweden Open Network Internet eXchange Stockholm",https://sonix.network/,Active,20210000,,59.33000,18.05000,97,0,0,0,0.000000,No,0000-00-00,14,649,1,73,164,240,https://sonix.network/members/,No,,337
2518,Sweden,Gothenburg,Europe,"Sweden Open Network Internet eXchange Gothenburg",https://sonix.network/,Active,20210000,,57.67000,12.30000,81,0,0,0,0.000000,No,0000-00-00,14,649,4,89,193,240,https://sonix.network/members/,No,,337
2519,Sweden,Malmö,Europe,"Sweden Open Network Internet eXchange Malmo",https://sonix.network/,Active,,,55.57000,13.07000,81,0,0,0,0.000000,No,0000-00-00,14,649,4,89,193,240,https://sonix.network/members/,No,,337
2520,Germany,Frankfurt,Europe,"Securebit Internet Exchange Frankfurt",https://www.securebit.ch/internet/exchange#sites,Active,0,,50.12000,8.68000,31,0,0,0,0.000000,No,0000-00-00,21,649,21,158,365,240,https://www.securebit.ch/internet/exchange#member,No,,337
2521,"United States",Fremont,"North America","Securebit Internet Exchange Fremont",https://www.securebit.ch/internet/exchange#sites,Active,20191227,,37.56283,-122.00044,35,0,0,0,0.000000,No,0000-00-00,78,649,46,52,347,96,https://www.securebit.ch/internet/exchange#member,No,,157
2522,Netherlands,Amsterdam,Europe,"Securebit Internet Exchange Amsterdam",https://www.securebit.ch/internet/exchange#sites,Active,20230700,,52.30000,4.77000,43,0,0,0,0.000000,No,0000-00-00,15,649,12,137,314,240,https://www.securebit.ch/internet/exchange#member,No,,337
2523,Netherlands,Amsterdam,Europe,"InterIX Internet Exchange",https://www.inter-ix.net,Active,20221200,,52.30000,4.77000,217,1178175682,732384462,485145144,49.994230,No,2026-08-25,8,121,7,33,66,36,https://www.inter-ix.net/members/,No,,337
2524,Netherlands,Amsterdam,Europe,"Lynqia Internet Exchange",https://lynqia.company/,Active,20260000,,52.30000,4.77000,7,0,0,0,0.000000,No,0000-00-00,15,649,21,290,726,240,https://www.peeringdb.com/ix/4819,No,,337
2525,Spain,Madrid,Europe,"ESpanix Madrid Upper LAN",https://www.espanix.net/en/,Active,,,40.43000,-3.70000,56,0,0,0,0.000000,No,0000-00-00,8,649,4,114,260,240,https://www.peeringdb.com/ix/1146,No,,337
2526,Spain,Barcelona,Europe,"ESpanix Barcelona Lower LAN",https://www.espanix.net/en/,Active,,,41.28000,2.07000,2,0,0,0,0.000000,No,0000-00-00,8,649,11,329,866,240,https://www.peeringdb.com/ix/4583,No,,337
2527,Spain,Barcelona,Europe,"ESpanix Barcelona Upper LAN",https://www.espanix.net/en/,Active,,,41.28000,2.07000,2,0,0,0,0.000000,No,0000-00-00,8,649,11,329,866,240,https://www.peeringdb.com/ix/4584,No,,337
2528,Japan,Sapporo,Asia-Pacific,"JPNAP Sapporo",https://www.jpnap.net/en/ix/basic,Active,20231100,,42.98550,140.96778,6,45660000,25000000,11500000,0.000000,No,0000-00-00,11,365,16,170,756,92,https://www.jpnap.net/en/ix/customer#sapporo,No,,190
2529,Japan,Tokyo,Asia-Pacific,"Japan Community IX - INIXP",https://jcix.net/,Active,20231000,,35.55000,139.78000,16,0,0,0,0.000000,No,0000-00-00,15,649,11,119,517,130,https://www.peeringdb.com/ix/4296,No,,190
2530,Japan,Tokyo,Asia-Pacific,"Japan Community IX - JCIX",https://jcix.net/en/,Active,20240200,,35.55000,139.78000,32,2847108,675871,28684,49.972110,No,2026-08-25,14,529,8,93,359,118,https://www.peeringdb.com/ix/4448,No,,190
2531,"United States","Las Vegas","North America","Internet eXchange 42 Las Vegas",https://ix42.org/,Active,20200800,,35.99463,-115.11897,30,0,0,0,0.000000,No,0000-00-00,78,649,51,58,373,96,https://ix42.org/members/las,No,,157
2532,Bulgaria,Sofia,Europe,1-BG,https://1-ix.eu/1bg,Active,20250700,,42.65000,23.38000,17,0,0,0,0.000000,No,0000-00-00,6,649,7,216,504,240,,No,,337
2533,Slovakia,Bratislava,Europe,1-SK,https://1-ix.eu/1sk,Active,,,48.20000,17.20000,4,0,0,0,0.000000,No,0000-00-00,3,649,3,307,808,240,https://www.peeringdb.com/ix/4997,No,,337
2534,Spain,Madrid,Europe,1-ES,https://1-ix.eu/1es,Active,,,40.43000,-3.70000,13,0,0,0,0.000000,No,0000-00-00,8,649,8,246,578,240,https://www.peeringdb.com/ix/4993,No,,337
2535,"Czech Republic",Prague,Europe,1-CZ,https://1-ix.eu/1cz,Active,0,,50.08000,14.43000,4,0,0,0,0.000000,No,0000-00-00,5,649,5,307,808,240,https://1-ix.eu/#connected_networks,No,,337
2536,Germany,Frankfurt,Europe,1-DE,https://1-ix.eu/1de,Active,,,50.12000,8.68000,20,0,0,0,0.000000,No,0000-00-00,21,649,24,198,463,240,https://1-ix.eu/#connected_networks,No,,337
2537,France,Paris,Europe,"1-FR FREE",https://1-ix.eu/1fr,Active,20260400,,48.80000,2.33000,11,0,0,0,0.000000,No,0000-00-00,15,649,15,262,626,240,https://www.peeringdb.com/ix/4994,No,,337
2538,Netherlands,"Den Haag",Europe,1-NL,https://1-ix.eu/1nl,Active,,,52.07050,4.30070,40,0,0,0,0.000000,No,0000-00-00,15,649,13,142,322,240,https://www.peeringdb.com/ix/4918,No,,337
2539,Poland,Warsaw,Europe,1-PL,https://1-ix.eu/1pl,Active,,,52.23000,21.00000,22,0,0,0,0.000000,No,0000-00-00,10,649,11,183,437,240,https://www.peeringdb.com/ix/4916,No,,337
2540,Germany,Frankfurt,Europe,"ERA-IX Frankfurt",https://www.era-ix.com/,Active,20220000,,50.12000,8.68000,84,642000000,427000000,305000000,0.000000,No,0000-00-00,4,163,12,84,184,55,https://www.era-ix.com/members,No,,337
2541,France,Paris,Europe,"ERA-IX Paris",https://www.era-ix.com/,Active,20260300,,48.80000,2.33000,16,98000000,61000000,40000000,0.000000,No,0000-00-00,8,314,12,218,517,114,https://www.era-ix.com/members,No,,337
2542,Austria,Vienna,Europe,"ERA-IX Vienna",https://www.era-ix.com/vienna,Active,20260528,,48.20000,16.37000,15,0,0,0,0.000000,No,0000-00-00,6,649,5,229,544,240,https://www.era-ix.com/vienna/members,No,,337
2543,Australia,"Surry Hills",Asia-Pacific,BGP.Exchange,https://bgp.exchange,Active,20230810,,33.88510,151.21400,0,0,0,0,0.000000,No,0000-00-00,22,649,22,189,886,130,https://bgp.exchange/connected-members/,No,,190
2546,Philippines,"General Santos",Asia-Pacific,"Konek Internet Exchange",https://konekix.dbbs.ph/,Active,20251000,,6.13693,125.19521,8,12863006,6753528,1620392,49.932580,No,2026-08-25,6,449,6,156,694,107,https://ixp.dbbs.ph/customer/details,No,,190
2547,Colombia,Cucuta,"Latin America","PIT Colombia - Cucuta",https://pitcolombia.net/,Active,20250000,,7.88869,-72.50614,3,50000000,20000000,0,0.000000,No,0000-00-00,6,355,7,134,839,68,,No,,143
2548,"United Kingdom",Eastnor,Europe,"Electromagnetic Field 2026 Popup IX",https://emf-ix.benjojo.co.uk/,Active,20260000,,52.03300,-2.40000,21,0,0,0,0.000000,No,0000-00-00,11,649,9,191,451,240,https://emf-ix.benjojo.co.uk/,No,,337
2549,"United Arab Emirates",Dubai,Europe,"MX-IX Dubai",https://www.mx-ix.com/about,Active,20260000,,25.25000,55.33000,1,0,0,0,0.000000,No,0000-00-00,2,649,3,334,881,240,https://www.mx-ix.com/locations/dubai,No,,337
2550,India,Mumbai,Asia-Pacific,"MX-IX Mumbai",https://www.mx-ix.com/about/,Active,20260000,,19.10935,72.90144,2,0,0,0,0.000000,No,0000-00-00,18,649,29,182,866,130,https://www.mx-ix.com/locations/mumbai,No,,190
2551,India,"New Delhi",Asia-Pacific,"MX-IX Delhi",https://www.mx-ix.com/about/,Active,20260000,,28.58000,77.20000,3,0,0,0,0.000000,No,0000-00-00,18,649,28,181,839,130,https://www.mx-ix.com/locations/new-delhi,No,,190
2553,Colombia,Pasto,"Latin America","PIT Colombia - Pasto",https://pitcolombia.net/,Active,20250000,,,,3,30000000,10000000,0,0.000000,No,0000-00-00,7,389,7,134,839,76,,No,,143
2554,Indonesia,Jakarta,Asia-Pacific,"DE-CIX Jakarta",https://www.de-cix.net/en/locations/jakarta,Active,20240507,,-6.17444,106.82944,175,363000000,188000000,114000000,0.000000,Yes,0000-00-00,7,207,7,22,97,46,https://www.de-cix.net/en/locations/jakarta/connected-networks,No,,190
2555,Finland,Helsinki,Europe,"DE-CIX Helsinki",https://www.de-cix.net/en/locations/helsinki,Active,20230531,,60.17000,25.00000,10,0,0,0,0.000000,No,0000-00-00,7,649,8,266,649,240,https://www.de-cix.net/en/locations/helsinki/connected-networks,No,,337
