id,companyId,companyName,locationName,locationType,address,country,latitude,longitude,coordinateAccuracy,status,sourceUrl,sourceType,verifiedOn,geocodeCheckedOn,geocodeSource,geocodeLabel,geocodeOsmType,geocodeOsmId,geocodeQuery,coordinateSource,coordinateVerifiedOn,entityIds,companyGroupId,coordinateSourceUrl,researchNote,researchComplete,geocodeFeatureType,coordinateSourceType,supportingCoordinateSourceUrl,supportingSourceUrl,additionalSupportingSourceUrl,geocodeQueries,addressSourceUrl
asml-001,asml,ASML,ASML Leuven,office,"Kapeldreef 75, B-3001 Leuven, Belgium",Belgium,,,unlocated,needs_review,https://www.asml.com/en/company/about-asml/locations,company_locations_page,2026-08-24,2026-08-25,https://nominatim.openstreetmap.org/,,,,,,,,,,,,,,,,,,
asml-013,asml,ASML,ASML Beijing,office,"13th Ke‑Chuang Street, Building #17, Block 18# (V‑Park), Tongzhou District, 101100 Beijing, China",China,39.7797348,116.5627764,building,map_ready,https://www.asml.com/en/company/about-asml/locations,company_locations_page,2026-08-24,2026-08-25,https://nominatim.openstreetmap.org/,"ASML Building 19, 经海路, 北京市高级别自动驾驶示范区（亦庄）, 通州区, 北京市, 100032, 中国",way,1257335514,"ASML Beijing, China",,,,,,,,,,,,,,
asml-028,asml,ASML,ASML Chengdu,office,"Heshun Road #2, 18F, Unit 1, Building 2, IC Design Industrial Park, High‑tech Zone, 610095 Chengdu, China",China,,,unlocated,needs_review,https://www.asml.com/en/company/about-asml/locations,company_locations_page,2026-08-24,2026-08-25,https://nominatim.openstreetmap.org/,,,,,,,,,,,,,,,,,,
asml-015,asml,ASML,ASML Dalian,office,"Yong De Street 1, 11F, Unit 9–13, Jinma International Building, 116602 Dalian, China",China,,,unlocated,needs_review,https://www.asml.com/en/company/about-asml/locations,company_locations_page,2026-08-24,2026-08-25,https://nominatim.openstreetmap.org/,,,,,,,,,,,,,,,,,,
asml-016,asml,ASML,ASML Hefei,office,"Chuangxin Avenue, Floor 7/8, Building A, Chuangxin International Plaza, Gaoxin District, 230088 Hefei, China",China,,,unlocated,needs_review,https://www.asml.com/en/company/about-asml/locations,company_locations_page,2026-08-24,2026-08-25,https://nominatim.openstreetmap.org/,,,,,,,,,,,,,,,,,,
asml-017,asml,ASML,ASML Jinjiang,office,"Century Avenue #520, Room 701, Powerlong Center, 362200 Jinjiang, China",China,,,unlocated,needs_review,https://www.asml.com/en/company/about-asml/locations,company_locations_page,2026-08-24,2026-08-25,https://nominatim.openstreetmap.org/,,,,,,,,,,,,,,,,,,
asml-018,asml,ASML,ASML Nanjing,office,"Tuanjie Road #99, 7F, Building C, Nanjing High‑tech Zone Research & Innovation Park, 210001 Nanjing, China",China,,,unlocated,needs_review,https://www.asml.com/en/company/about-asml/locations,company_locations_page,2026-08-24,2026-08-25,https://nominatim.openstreetmap.org/,,,,,,,,,,,,,,,,,,
asml-019,asml,ASML,ASML Qingdao,office,"Jiulianshan Road #2, 18F, Xinjiang Center, Huangdao District, 266599 Qingdao, China",China,,,unlocated,needs_review,https://www.asml.com/en/company/about-asml/locations,company_locations_page,2026-08-24,2026-08-25,https://nominatim.openstreetmap.org/,,,,,,,,,,,,,,,,,,
asml-020,asml,ASML,ASML Shanghai (China Headquarters),headquarters,"Jinke Road 2889, 7F/9F, Building A & 11F, Building B, Chamtime Plaza, Pudong New Area, 201203 Shanghai, China",China,,,unlocated,needs_review,https://www.asml.com/en/company/about-asml/locations,company_locations_page,2026-08-24,2026-08-25,https://nominatim.openstreetmap.org/,,,,,,,,,,,,,,,,,,
asml-022,asml,ASML,ASML Shenzhen — Longgang,office,"Huilongpu Community, Longcheng Street, 37F, Yanlord Dream Plaza, Longgang District, 518172 Shenzhen, China",China,,,unlocated,needs_review,https://www.asml.com/en/company/about-asml/locations,company_locations_page,2026-08-24,2026-08-25,https://nominatim.openstreetmap.org/,,,,,,,,,,,,,,,,,,
asml-021,asml,ASML,ASML Shenzhen — Nanshan (Brion),office,"Nanhai Avenue #2163, 17F & 20F & 21F, Raffles City, Nanshan District, 518054 Shenzhen, China",China,,,unlocated,needs_review,https://www.asml.com/en/company/about-asml/locations,company_locations_page,2026-08-24,2026-08-25,https://nominatim.openstreetmap.org/,,,,,,,,,,,,,,,,,,
asml-023,asml,ASML,ASML Tianjin,office,"Intersection of Hei Niucheng Road & Dongting Road, Units 09, 10 & 11, 25F, Zhonghai Fortune Center, Hexi District, 300200 Tianjin, China",China,,,unlocated,needs_review,https://www.asml.com/en/company/about-asml/locations,company_locations_page,2026-08-24,2026-08-25,https://nominatim.openstreetmap.org/,,,,,,,,,,,,,,,,,,
asml-024,asml,ASML,ASML Wuhan,office,"Gaoxin Avenue #999, 10/12F, Building #3, Block C, Longshan Innovation Park, Wuhan East Lake New Technology Development Zone, 430206 Wuhan, China",China,,,unlocated,needs_review,https://www.asml.com/en/company/about-asml/locations,company_locations_page,2026-08-24,2026-08-25,https://nominatim.openstreetmap.org/,,,,,,,,,,,,,,,,,,
asml-025,asml,ASML,ASML Wuxi,office,"Hefeng Road #26, 10F, Building C, Xinfa Huirong Plaza, Xinwu District, 214028 Wuxi, China",China,,,unlocated,needs_review,https://www.asml.com/en/company/about-asml/locations,company_locations_page,2026-08-24,2026-08-25,https://nominatim.openstreetmap.org/,,,,,,,,,,,,,,,,,,
asml-027,asml,ASML,ASML Xi’an,office,"Tiangu Eighth Road #211, 10F, Building G3, Yanta District, 710076 Xi’an, China",China,,,unlocated,needs_review,https://www.asml.com/en/company/about-asml/locations,company_locations_page,2026-08-24,2026-08-25,https://nominatim.openstreetmap.org/,,,,,,,,,,,,,,,,,,
asml-026,asml,ASML,ASML Xiamen,office,"Lianting Road #837, Room 401 & 402, 4F, Healthy Intelligence Valley, Building 39, Xiang’an District, 361023 Xiamen, China",China,,,unlocated,needs_review,https://www.asml.com/en/company/about-asml/locations,company_locations_page,2026-08-24,2026-08-25,https://nominatim.openstreetmap.org/,,,,,,,,,,,,,,,,,,
asml-014,asml,ASML,HMI Beijing,office,"13th Ke‑Chuang Street, Building #19, Block 18# (V‑Park), Tongzhou District, 101100 Beijing, China",China,,,unlocated,needs_review,https://www.asml.com/en/company/about-asml/locations,company_locations_page,2026-08-24,2026-08-25,https://nominatim.openstreetmap.org/,,,,,,,,,,,,,,,,,,
asml-002,asml,ASML,ASML Crolles,office,"127, Rue Marcel Reynaud, 38920 Crolles, France",France,45.2759209,5.885704,building,map_ready,https://www.asml.com/en/company/about-asml/locations,company_locations_page,2026-08-24,2026-08-25,https://nominatim.openstreetmap.org/,"Rue Marcel Reynaud, Crolles, Grenoble, Isère, Auvergne-Rhône-Alpes, France métropolitaine, 38920, France",way,53202611,,,,,,,,,,,,,,,
asml-003,asml,ASML,ASML Berlin,office,"Waldkraiburger Straße 5, 12347 Berlin, Germany",Germany,52.4502014,13.4330549,building,map_ready,https://www.asml.com/en/company/about-asml/locations,company_locations_page,2026-08-24,2026-08-25,https://nominatim.openstreetmap.org/,"5, Waldkraiburger Straße, Britz, Neukölln, Berlin, 12347, Deutschland",node,2821191613,,,,,,,,,,,,,,,
asml-004,asml,ASML,ASML Dresden,office,"Hermann-Reichelt-Straße 3a, 01109 Dresden, Germany",Germany,51.121722,13.7619584,street_or_area_candidate,geocoded,https://www.asml.com/en/company/about-asml/locations,company_locations_page,2026-08-24,2026-08-25,https://nominatim.openstreetmap.org/,"3a, Hermann-Reichelt-Straße, Flughafen/Industriegebiet Klotzsche, Hellerau, Klotzsche, Dresden, Sachsen, 01109, Deutschland",node,957241985,,,,,,,,,,,,,,,
asml-005,asml,ASML,ASML Erlangen,office,"Staudtstrasse 2 Max Planck Institut, 91058 Erlangen, Germany",Germany,,,unlocated,needs_review,https://www.asml.com/en/company/about-asml/locations,company_locations_page,2026-08-24,2026-08-25,https://nominatim.openstreetmap.org/,,,,,,,,,,,,,,,,,,
asml-006,asml,ASML,ASML Maynooth,office,"Maynooth Business Park, Block C Office, Ground Floor (West Wing), Maynooth, Co. Kildare, Ireland",Ireland,,,unlocated,needs_review,https://www.asml.com/en/company/about-asml/locations,company_locations_page,2026-08-24,2026-08-25,https://nominatim.openstreetmap.org/,,,,,,,,,,,,,,,,,,
asml-007,asml,ASML,ASML Kiryat‑Gat,office,"Mevo Sivan Street 1, 2F, 82021 Kiryat‑Gat, Israel",Israel,,,unlocated,needs_review,https://www.asml.com/en/company/about-asml/locations,company_locations_page,2026-08-24,2026-08-25,https://nominatim.openstreetmap.org/,,,,,,,,,,,,,,,,,,
asml-008,asml,ASML,ASML Migdal Ha’emek,office,"Ramat Gabriel Industry Area 5, Africa Israel Building, 23513 Migdal Ha’emek, Israel",Israel,,,unlocated,needs_review,https://www.asml.com/en/company/about-asml/locations,company_locations_page,2026-08-24,2026-08-25,https://nominatim.openstreetmap.org/,,,,,,,,,,,,,,,,,,
asml-009,asml,ASML,ASML Avezzano,office,"Piazzale J.F. Kennedy, Scala A - IV Piano, Ground Floor, Galleria Kennedy, 67051 Avezzano, Italy",Italy,,,unlocated,needs_review,https://www.asml.com/en/company/about-asml/locations,company_locations_page,2026-08-24,2026-08-25,https://nominatim.openstreetmap.org/,,,,,,,,,,,,,,,,,,
asml-029,asml,ASML,ASML Chitose,office,"1789-3, Chiyoda‑Cho 7, Chitose Station Plaza 3F, 066‑0062 Hokkaido, Japan",Japan,,,unlocated,address_verified,https://www.asml.com/en/company/about-asml/locations,company_locations_page,2026-08-24,,,,,,,,,,,,,,,,,,,,
asml-030,asml,ASML,ASML Hiroshima,office,"Saijo Okamachi 10‑7, 739‑0016 Higashihiroshima‑shi Hiroshima, Japan",Japan,,,unlocated,address_verified,https://www.asml.com/en/company/about-asml/locations,company_locations_page,2026-08-24,,,,,,,,,,,,,,,,,,,,
asml-031,asml,ASML,ASML Kitakami,office,"2‑3‑8 Odori, Iwate‑Jisho Kitakami‑Ekimae Bldg. 5F, 024‑0061 Kitakami‑shi Iwate, Japan",Japan,,,unlocated,address_verified,https://www.asml.com/en/company/about-asml/locations,company_locations_page,2026-08-24,,,,,,,,,,,,,,,,,,,,
asml-032,asml,ASML,ASML Kumamoto,office,"2422‑4 Tsukure, Carino Kikuyo 3F, 869‑1101 Kikuyo‑machi Kikuchi‑gun Kumamoto, Japan",Japan,,,unlocated,address_verified,https://www.asml.com/en/company/about-asml/locations,company_locations_page,2026-08-24,,,,,,,,,,,,,,,,,,,,
asml-033,asml,ASML,ASML Nagasaki,office,"Higashikouji‑Machi 28‑3, 4F, Room 401, Shigyo #2 Building, 854‑0014 Nagasaki, Japan",Japan,,,unlocated,address_verified,https://www.asml.com/en/company/about-asml/locations,company_locations_page,2026-08-24,,,,,,,,,,,,,,,,,,,,
asml-034,asml,ASML,ASML Tokyo (Japan HQ),headquarters,"Kita Shinagawa 4‑7‑35, 4F, Gotenyama Trust Tower Building, 140‑0001 Tokyo, Japan",Japan,,,unlocated,address_verified,https://www.asml.com/en/company/about-asml/locations,company_locations_page,2026-08-24,,,,,,,,,,,,,,,,,,,,
asml-035,asml,ASML,ASML Tsuruoka,office,"2‑68 Nishiki‑machi, Tsuruoka‑shi, SS Building 4F, 997‑0031 Yamagata, Japan",Japan,,,unlocated,address_verified,https://www.asml.com/en/company/about-asml/locations,company_locations_page,2026-08-24,,,,,,,,,,,,,,,,,,,,
asml-036,asml,ASML,ASML Yokkaichi,office,"Yasujima 2‑1‑15, Masuda Building, 510‑0075 Yokkaichi, Japan",Japan,,,unlocated,address_verified,https://www.asml.com/en/company/about-asml/locations,company_locations_page,2026-08-24,,,,,,,,,,,,,,,,,,,,
asml-037,asml,ASML,ASML Kulim,office,"KHTP Business Centre, 2F Suite 2.02, Kulim Hi‑Tech Park, 09000 Kulim, Malaysia",Malaysia,,,unlocated,address_verified,https://www.asml.com/en/company/about-asml/locations,company_locations_page,2026-08-24,,,,,,,,,,,,,,,,,,,,
asml-038,asml,ASML,ASML Penang,office,"Unit #1‑1‑07, Suntech @ Penang Cybercity, Lintang Mayang Pasir 3, 11950 Bayan Baru Penang, Malaysia",Malaysia,,,unlocated,address_verified,https://www.asml.com/en/company/about-asml/locations,company_locations_page,2026-08-24,,,,,,,,,,,,,,,,,,,,
asml-039,asml,ASML,ASML Singapore,office,"151 Lorong Chuan, New Tech Park #06‑08, 556741 Singapore, Singapore",Singapore,,,unlocated,address_verified,https://www.asml.com/en/company/about-asml/locations,company_locations_page,2026-08-24,,,,,,,,,,,,,,,,,,,,
asml-041,asml,ASML,ASML Cheongju,office,"141 Jinjae‑ro, Unit #101, Ground Floor, Heungdeok‑gu, Chungcheongbuk‑do, 28425 Cheongju‑si, South Korea",South Korea,,,unlocated,address_verified,https://www.asml.com/en/company/about-asml/locations,company_locations_page,2026-08-24,,,,,,,,,,,,,,,,,,,,
asml-040,asml,ASML,ASML Hwaseong (South Korea HQ),headquarters,"47, Dongtan‑daero 9ga‑gil, Hwaseong‑si, Gyeonggi‑do, 18488 Hwaseong‑si, South Korea",South Korea,,,unlocated,address_verified,https://www.asml.com/en/company/about-asml/locations,company_locations_page,2026-08-24,,,,,,,,,,,,,,,,,,,,
asml-042,asml,ASML,ASML Icheon,office,"866 Daewol‑ro, Daewol‑myeon, Icheon‑si, Gyeonggi‑do, 17342 Icheon‑si, South Korea",South Korea,,,unlocated,address_verified,https://www.asml.com/en/company/about-asml/locations,company_locations_page,2026-08-24,,,,,,,,,,,,,,,,,,,,
asml-043,asml,ASML,ASML Pyeongtaek,office,"128 Dosijiwon‑ro, 4F–8F, Godeok‑myeon, Pyeongtaek‑si, Gyeonggi‑do, 18021 Pyeongtaek‑si, South Korea",South Korea,,,unlocated,address_verified,https://www.asml.com/en/company/about-asml/locations,company_locations_page,2026-08-24,,,,,,,,,,,,,,,,,,,,
asml-068,asml,ASML,Asia Training Center,training_center,"Keji 6th Road #59, Hwa‑Ya Technology Park, Kuei‑Shan Township, Taoyuan County, 33383 Taoyuan, Taiwan",Taiwan,,,unlocated,address_verified,https://www.asml.com/en/company/about-asml/locations,company_locations_page,2026-08-24,,,,,,,,,,,,,,,,,,,,
asml-044,asml,ASML,ASML Hsinchu (Taiwan HQ),headquarters,"Sec. 3, Gongdao 5th Road #1, 11F., East Dist., 300042 Hsinchu City, Taiwan",Taiwan,,,unlocated,address_verified,https://www.asml.com/en/company/about-asml/locations,company_locations_page,2026-08-24,,,,,,,,,,,,,,,,,,,,
asml-045,asml,ASML,ASML Linkou (Field Office),office,"Wenhe Road #188, 8F., Guishan Dist. Taoyuan City, 333001 Taoyuan City, Taiwan",Taiwan,,,unlocated,address_verified,https://www.asml.com/en/company/about-asml/locations,company_locations_page,2026-08-24,,,,,,,,,,,,,,,,,,,,
asml-046,asml,ASML,ASML Linkou Factory,factory,"Keji 6th Road #59, Hwa‑Ya Technology Park, Guishan Dist. Taoyuan City, 333411 Taoyuan City, Taiwan",Taiwan,,,unlocated,address_verified,https://www.asml.com/en/company/about-asml/locations,company_locations_page,2026-08-24,,,,,,,,,,,,,,,,,,,,
asml-047,asml,ASML,ASML Taichung (Field Office),office,"Shizheng Road #480, 10F., Xitun Dist. Taichung City, 407028 Taichung City, Taiwan",Taiwan,,,unlocated,address_verified,https://www.asml.com/en/company/about-asml/locations,company_locations_page,2026-08-24,,,,,,,,,,,,,,,,,,,,
asml-048,asml,ASML,ASML Tainan (Field Office),office,"Guoji Road #13, 1F., Building C, Xinshi Dist. Tainan City, 744002 Tainan City, Taiwan",Taiwan,,,unlocated,address_verified,https://www.asml.com/en/company/about-asml/locations,company_locations_page,2026-08-24,,,,,,,,,,,,,,,,,,,,
asml-049,asml,ASML,ASML Tainan Factory,factory,"Dali 1st Road #9, Xinshi Dist. Tainan City, Tainan City 744093, 744093 Tainan City, Taiwan",Taiwan,,,unlocated,address_verified,https://www.asml.com/en/company/about-asml/locations,company_locations_page,2026-08-24,,,,,,,,,,,,,,,,,,,,
asml-011,asml,ASML,ASML Delft,office,"Computerlaan 15, 2628 XK Delft, The Netherlands",The Netherlands,,,unlocated,address_verified,https://www.asml.com/en/company/about-asml/locations,company_locations_page,2026-08-24,,,,,,,,,,,,,,,,,,,,
asml-010,asml,ASML,ASML Veldhoven,office,"De Run 6501, 5504 DR Veldhoven, The Netherlands",The Netherlands,,,unlocated,address_verified,https://www.asml.com/en/company/about-asml/locations,company_locations_page,2026-08-24,,,,,,,,,,,,,,,,,,,,
asml-067,asml,ASML,Europe Customer Training Center (Veldhoven),training_center,"De Run 1120–1130, 5503 LA Veldhoven, The Netherlands",The Netherlands,,,unlocated,address_verified,https://www.asml.com/en/company/about-asml/locations,company_locations_page,2026-08-24,,,,,,,,,,,,,,,,,,,,
asml-012,asml,ASML,ASML Lanarkshire,office,"Maxim 1, Maxim Business Park, 2 Parklands Way, Eurocentral, ML1 4WR Lanarkshire, United Kingdom",United Kingdom,,,unlocated,address_verified,https://www.asml.com/en/company/about-asml/locations,company_locations_page,2026-08-24,,,,,,,,,,,,,,,,,,,,
asml-050,asml,ASML,ASML Albany,office,"255 Fuller Road, NanoFab South, Albany, NY 12203, United States",United States,,,unlocated,address_verified,https://www.asml.com/en/company/about-asml/locations,company_locations_page,2026-08-24,,,,,,,,,,,,,,,,,,,,
asml-051,asml,ASML,ASML Austin,office,"201 West Howard Lane, Suite 300, Austin, TX 78753, United States",United States,,,unlocated,address_verified,https://www.asml.com/en/company/about-asml/locations,company_locations_page,2026-08-24,,,,,,,,,,,,,,,,,,,,
asml-052,asml,ASML,ASML Boise,office,"3130 South Owyhee Street, Parkview Plaza, Boise, ID 83705, United States",United States,,,unlocated,address_verified,https://www.asml.com/en/company/about-asml/locations,company_locations_page,2026-08-24,,,,,,,,,,,,,,,,,,,,
asml-053,asml,ASML,ASML Chandler,office,"2625 West Geronimo Place, Chandler, AZ 85224, United States",United States,,,unlocated,address_verified,https://www.asml.com/en/company/about-asml/locations,company_locations_page,2026-08-24,,,,,,,,,,,,,,,,,,,,
asml-054,asml,ASML,ASML Clifton Park,office,"800 State Route 146, Suite 365, Town Plaza, Clifton Park, NY 12065, United States",United States,,,unlocated,address_verified,https://www.asml.com/en/company/about-asml/locations,company_locations_page,2026-08-24,,,,,,,,,,,,,,,,,,,,
asml-055,asml,ASML,ASML Dallas (Richardson),office,"870 North Dorothy Drive, Suite 706, Richardson, TX 75081, United States",United States,,,unlocated,address_verified,https://www.asml.com/en/company/about-asml/locations,company_locations_page,2026-08-24,,,,,,,,,,,,,,,,,,,,
asml-056,asml,ASML,ASML Eagan,office,"2020 Silver Bell Road, Suite 1, Eagan, MN 55122, United States",United States,,,unlocated,address_verified,https://www.asml.com/en/company/about-asml/locations,company_locations_page,2026-08-24,,,,,,,,,,,,,,,,,,,,
asml-057,asml,ASML,ASML Fishkill,office,"60 Merritt Boulevard, Suite 105, Fishkill, NY 12524, United States",United States,,,unlocated,address_verified,https://www.asml.com/en/company/about-asml/locations,company_locations_page,2026-08-24,,,,,,,,,,,,,,,,,,,,
asml-058,asml,ASML,ASML Hillsboro,office,"7451 Northeast Evergreen Parkway, Two Technology Building, Hillsboro, OR 97124, United States",United States,,,unlocated,address_verified,https://www.asml.com/en/company/about-asml/locations,company_locations_page,2026-08-24,,,,,,,,,,,,,,,,,,,,
asml-059,asml,ASML,ASML Lehi,office,"4000 North Flash Drive, Building 20 c/o Texas Instruments, Lehi, UT 84043, United States",United States,,,unlocated,address_verified,https://www.asml.com/en/company/about-asml/locations,company_locations_page,2026-08-24,,,,,,,,,,,,,,,,,,,,
asml-060,asml,ASML,ASML Manassas,office,"9450 Innovation Drive, Ground Floor, Unit 1, The Logis-Tech Building, Manassas, VA 20110, United States",United States,,,unlocated,address_verified,https://www.asml.com/en/company/about-asml/locations,company_locations_page,2026-08-24,,,,,,,,,,,,,,,,,,,,
asml-061,asml,ASML,ASML North Phoenix,office,"25700 Norterra Drive, Phoenix, AZ 85085, United States",United States,,,unlocated,address_verified,https://www.asml.com/en/company/about-asml/locations,company_locations_page,2026-08-24,,,,,,,,,,,,,,,,,,,,
asml-063,asml,ASML,ASML San Diego,office,"17075 Thornmint Court, San Diego, CA 92127, United States",United States,,,unlocated,address_verified,https://www.asml.com/en/company/about-asml/locations,company_locations_page,2026-08-24,,,,,,,,,,,,,,,,,,,,
asml-064,asml,ASML,ASML Silicon Valley,office,"80 West Tasman Drive, San Jose, CA 95131, United States",United States,,,unlocated,address_verified,https://www.asml.com/en/company/about-asml/locations,company_locations_page,2026-08-24,,,,,,,,,,,,,,,,,,,,
asml-062,asml,ASML,ASML Westbrook,office,"590 County Road, Suite 1, Westbrook, ME  04092, United States",United States,,,unlocated,address_verified,https://www.asml.com/en/company/about-asml/locations,company_locations_page,2026-08-24,,,,,,,,,,,,,,,,,,,,
asml-065,asml,ASML,ASML Wilton,office,"77 Danbury Road, Wilton, CT 06897, United States",United States,,,unlocated,address_verified,https://www.asml.com/en/company/about-asml/locations,company_locations_page,2026-08-24,,,,,,,,,,,,,,,,,,,,
asml-066,asml,ASML,HMI San Jose,office,"80 West Tasman, San Jose, CA 95131, United States",United States,,,unlocated,address_verified,https://www.asml.com/en/company/about-asml/locations,company_locations_page,2026-08-24,,,,,,,,,,,,,,,,,,,,
lam-research-001,lam-research,Lam Research,Salzburg (AUT-08),office,"Semsysco GmbH, Karolingerstrasse 7 C, Salzburg 5020",Austria,0,0,building,map_ready,https://www.lamresearch.com/company/locations/,company_locations_page,2026-08-24,,,,,,,official_company_map,,,,,,,,,,,,,
lam-research-002,lam-research,Lam Research,Salzburg (AUT-09),office,"Bachstrasse 41,, Salzburg 5023",Austria,0,0,building,map_ready,https://www.lamresearch.com/company/locations/,company_locations_page,2026-08-24,,,,,,,official_company_map,,,,,,,,,,,,,
lam-research-003,lam-research,Lam Research,Villach (Europe Manufacturing) (AUT-01),factory,"SEZ-Strasse 1, 9500 Villach",Austria,46.61938749999999,13.835976999999957,building,map_ready,https://www.lamresearch.com/company/locations/,company_locations_page,2026-08-24,,,,,,,official_company_map,,,,,,,,,,,,,
lam-research-004,lam-research,Lam Research,"Villach, Austria",factory,"SEZ-Strasse 1, 9500 Villach, Austria",Austria,46.61938749999999,13.835976999999957,building,map_ready,https://www.lamresearch.com/company/locations/,company_locations_page,2026-08-24,,,,,,,official_company_map,,,,,,,,,,,,,
lam-research-005,lam-research,Lam Research,Leuven (BEL-01),office,"Kapeldreef 75, 3001 Leuven",Belgium,50.8651127,4.678436,building,map_ready,https://www.lamresearch.com/company/locations/,company_locations_page,2026-08-24,,,,,,,official_company_map,,,,,,,,,,,,,
lam-research-006,lam-research,Lam Research,Beijing (CHN-41),office,"Room 1001, Building D CATIC Square, No.15 South Ronghua Road, Beijing 100176, 北京市经济技术开发区, 荣华南路15号中航技广场, D座1001室",China,39.78176,116.5173,building,map_ready,https://www.lamresearch.com/company/locations/,company_locations_page,2026-08-24,,,,,,,official_company_map,,,,,,,,,,,,,
lam-research-007,lam-research,Lam Research,Chengdu (CHN-88),office,"Room 507, Building 2,, Chengdu Integrated Circuit Design Innovation Center,, No.2 Heshun Road,, West Area of CDHT, Chengdu, 成都市高新西区, 合顺路2号IC设计产业园2栋2单元507号",China,0,0,building,map_ready,https://www.lamresearch.com/company/locations/,company_locations_page,2026-08-24,,,,,,,official_company_map,,,,,,,,,,,,,
lam-research-008,lam-research,Lam Research,China Training Center (CHN-58),training_center,"Building #16, No.2699 Jiangshan Road, Pudong New Area, Shanghai 201306, 中国培训中心, 上海市浦东新区, 江山路2699号16号楼",China,31.09907,121.61644,building,map_ready,https://www.lamresearch.com/company/locations/,company_locations_page,2026-08-24,,,,,,,official_company_map,,,,,,,,,,,,,
lam-research-009,lam-research,Lam Research,Chongqing (CHN-76),office,"Room 411 & 412, Tower A, No. 35 Jinyang Road,, Shapingba District, Chongqing, 重庆市沙坪坝区, 大学城景阳路35号A座411-412",China,0,0,building,map_ready,https://www.lamresearch.com/company/locations/,company_locations_page,2026-08-24,,,,,,,official_company_map,,,,,,,,,,,,,
lam-research-010,lam-research,Lam Research,Dalian (CHN-37),office,"10F, Jinma International Building, No.1 Yongde Street, Dalian 116602, 辽宁省大连市金州新区, 永德街1号金玛国际大厦1001单元",China,39.049781,121.788176,building,map_ready,https://www.lamresearch.com/company/locations/,company_locations_page,2026-08-24,,,,,,,official_company_map,,,,,,,,,,,,,
lam-research-011,lam-research,Lam Research,Guangdong (CHN-96),office,"Room 409/410, 4th Floor, No. 7, Tengfei 1st Street, Huangpu District, 广东省广州市黄埔区, （中新广州知识城）, 腾飞一街7号4层409/410室",China,0,0,building,map_ready,https://www.lamresearch.com/company/locations/,company_locations_page,2026-08-24,,,,,,,official_company_map,,,,,,,,,,,,,
lam-research-012,lam-research,Lam Research,Hangzhou (CHN-77),office,"Room 1003, Building 5, Zhong Ou Industrial Innovation Center, No. 2199 Jiang Dong Avenue, Qiantang District, Hangzhou, 杭州市钱塘区, 江东大道2199号智涌东湖科创中心5幢1003室",China,0,0,building,map_ready,https://www.lamresearch.com/company/locations/,company_locations_page,2026-08-24,,,,,,,official_company_map,,,,,,,,,,,,,
lam-research-013,lam-research,Lam Research,Hefei (CHN-62),office,"Room 507, Floor 5, China (Hefei) Digital Creative, Hefei, Anhui 230012, 合肥市新站区, 玉皇山路以北中国（合肥）数字产业园5楼507",China,0,0,building,map_ready,https://www.lamresearch.com/company/locations/,company_locations_page,2026-08-24,,,,,,,official_company_map,,,,,,,,,,,,,
lam-research-014,lam-research,Lam Research,Hefei (CHN-85),office,"Room 501-512, 5th Floor, 2-C Pilot Building,, China Sound Valley International Intelligent Voice Industrial Park,, Hefei High-tech Zone, Hefei, Anhui 230094, 安徽省合肥市高新区, 中国声谷国际智能语音产业园, 习友路与石莲南路交口西南角2-C中试楼5层501-512室",China,0,0,building,map_ready,https://www.lamresearch.com/company/locations/,company_locations_page,2026-08-24,,,,,,,official_company_map,,,,,,,,,,,,,
lam-research-015,lam-research,Lam Research,Nanjing (CHN-89),office,"Jingfeng Lechuang Center, No.68 Huachuang Road, Jiangbei New District,, Room 1002, 10th Floor, Building B2, Nanjing, Jiangsu, 江苏省南京市江北新区, 华创路68号景枫乐创中心B2楼10层1002室",China,0,0,building,map_ready,https://www.lamresearch.com/company/locations/,company_locations_page,2026-08-24,,,,,,,official_company_map,,,,,,,,,,,,,
lam-research-016,lam-research,Lam Research,Qingdao (CHN-79),office,"Room 903-907, No.666 YuanJiang Road, Huangdao District, Qingdao, 青岛市黄岛区, 沅江路666号903-907房间",China,0,0,building,map_ready,https://www.lamresearch.com/company/locations/,company_locations_page,2026-08-24,,,,,,,official_company_map,,,,,,,,,,,,,
lam-research-017,lam-research,Lam Research,Shanghai (CHN-16),office,"Area B 1&2F, No.177 Bibo Road, Shanghai 201203, 上海市浦东新区, 碧波路177号华虹科技园区, B区1楼&2楼",China,31.20748,121.58521,building,map_ready,https://www.lamresearch.com/company/locations/,company_locations_page,2026-08-24,,,,,,,official_company_map,,,,,,,,,,,,,
lam-research-018,lam-research,Lam Research,Shanghai (CHN-93),office,"Room 401, No. 2 building, No. 800 Qingdai Road,, Pudong New Area, Pudong New District, Shanghai 201203, 上海市浦东新区, 青黛路800号2幢4层401",China,0,0,building,map_ready,https://www.lamresearch.com/company/locations/,company_locations_page,2026-08-24,,,,,,,official_company_map,,,,,,,,,,,,,
lam-research-019,lam-research,Lam Research,Shanghai Jiading (CHN-56),office,"Room 1001, Building 6, No.599 East Huiwang Road, Shanghai 201815, 上海市嘉定区, 汇旺东路599号6幢1001室",China,31.40773,121.21974,building,map_ready,https://www.lamresearch.com/company/locations/,company_locations_page,2026-08-24,,,,,,,official_company_map,,,,,,,,,,,,,
lam-research-020,lam-research,Lam Research,Shaoxing (CHN-66),office,"6F, Building 3, No.2 Pingjiang Road,, Yuecheng District,, Shaoxing, Zhejiang Province, 浙江省绍兴市越城区, 平江路2号3号楼6楼",China,30.00178,120.60954,building,map_ready,https://www.lamresearch.com/company/locations/,company_locations_page,2026-08-24,,,,,,,official_company_map,,,,,,,,,,,,,
lam-research-021,lam-research,Lam Research,Shenzhen (CHN-80),office,"CHN-80A 18th floor, BTR New Energy Technology Building, Guangyuan Second Street, Fenghuang Community, Guangming District, Shenzhen, 深圳市光明区, 凤凰街道光源二路贝特瑞新能源科技大厦18层",China,0,0,building,map_ready,https://www.lamresearch.com/company/locations/,company_locations_page,2026-08-24,,,,,,,official_company_map,,,,,,,,,,,,,
lam-research-022,lam-research,Lam Research,Shenzhen (CHN-84),office,"Room 2402, Block A, Innovation Plaza, No.2007 Pingshan Avenue, Pingshan District, Shenzhen, 深圳市坪山区, 坪山大道2007号创新广场A座2402室",China,0,0,building,map_ready,https://www.lamresearch.com/company/locations/,company_locations_page,2026-08-24,,,,,,,official_company_map,,,,,,,,,,,,,
lam-research-023,lam-research,Lam Research,Wuhan (CHN-90),office,"Room 10-13 12F, Block B G2 Building No. 797 Gaoxin Avenue, 430075, Wuhan, Hubei, 湖北省武汉市东湖高新区, 高新大道中建光谷之星G2座B栋12层",China,0,0,building,map_ready,https://www.lamresearch.com/company/locations/,company_locations_page,2026-08-24,,,,,,,official_company_map,,,,,,,,,,,,,
lam-research-024,lam-research,Lam Research,Wuhan (CHN-91),office,"Room 609-611, 6th Floor, Office Building 5, Network Security Software Park, Wuhan, Hubei, 武汉市东西湖区, 网安大道创芯岛609-611",China,0,0,building,map_ready,https://www.lamresearch.com/company/locations/,company_locations_page,2026-08-24,,,,,,,official_company_map,,,,,,,,,,,,,
lam-research-025,lam-research,Lam Research,Wuxi (CHN-50),office,"Room 1701, IC Building, No.33-1 Xinda Road, Wuxi 214028, 江苏省无锡市, 无锡新区, 新达路33-1, IC 设计大厦B栋1701 室",China,31.54597,120.39554,building,map_ready,https://www.lamresearch.com/company/locations/,company_locations_page,2026-08-24,,,,,,,official_company_map,,,,,,,,,,,,,
lam-research-026,lam-research,Lam Research,Wuxi (CHN-92),office,"No.180 Hongyi Road, 16th Floor, Building 8, Xinwu District,, Wuxi City, Jiangsu Province, 214111, 江苏省无锡新吴区, 弘毅路180号8栋16楼",China,0,0,building,map_ready,https://www.lamresearch.com/company/locations/,company_locations_page,2026-08-24,,,,,,,official_company_map,,,,,,,,,,,,,
lam-research-027,lam-research,Lam Research,Xi&#8217;an (CHN-52),office,"13F, Main Building of Customs Clearance Service Center, No.5 Tong Hai Road, Xi'an 430074, 陕西省西安市, 通海一路5号高新综合保税区, 通关服务中心主楼E层（13层）",China,34.11894,108.798729,building,map_ready,https://www.lamresearch.com/company/locations/,company_locations_page,2026-08-24,,,,,,,official_company_map,,,,,,,,,,,,,
lam-research-028,lam-research,Lam Research,Xiamen (CHN-36),office,"Room 705, Qiangye Building, Xiang'an Industrial Park, Xiamen 361115, 福建省厦门市, 火炬高新区, 强业楼705 室",China,24.64416,118.24419,building,map_ready,https://www.lamresearch.com/company/locations/,company_locations_page,2026-08-24,,,,,,,official_company_map,,,,,,,,,,,,,
lam-research-029,lam-research,Lam Research,Corbeil (FRA-07),office,"Essonne Nanopole 224 Boulevard John Kennedy, 91105 Corbeil Essonnes Cedex",France,48.5711788,2.4747427,building,map_ready,https://www.lamresearch.com/company/locations/,company_locations_page,2026-08-24,,,,,,,official_company_map,,,,,,,,,,,,,
lam-research-030,lam-research,Lam Research,Meylan (FRA-11),office,"22 chemin du Vieux Chêne, Meylan 38240",France,0,0,building,map_ready,https://www.lamresearch.com/company/locations/,company_locations_page,2026-08-24,,,,,,,official_company_map,,,,,,,,,,,,,
lam-research-031,lam-research,Lam Research,Paris (FRA-12),office,"Coventor Paris, 1 Impasse Reille, Paris 75014",France,0,0,building,map_ready,https://www.lamresearch.com/company/locations/,company_locations_page,2026-08-24,,,,,,,official_company_map,,,,,,,,,,,,,
lam-research-032,lam-research,Lam Research,Dresden (GER-08),office,"Manfred-von-Ardenne-Ring 20 Haus A, 01099 Dresden",Germany,51.1001391,13.7704654,building,map_ready,https://www.lamresearch.com/company/locations/,company_locations_page,2026-08-24,,,,,,,official_company_map,,,,,,,,,,,,,
lam-research-033,lam-research,Lam Research,Bengaluru (IND-06),office,"Ground Floor, Crown Building No 65/2-1,, Bagmane Tech Park, Krishnappa Garden,, C V Raman Nagar,, Bangalore, 560093, India",India,12.9772954,77.6579077,building,map_ready,https://www.lamresearch.com/company/locations/,company_locations_page,2026-08-24,,,,,,,official_company_map,,,,,,,,,,,,,
lam-research-034,lam-research,Lam Research,Bengaluru (IND-07),office,"Bagmane Cosmos Business Park, 1st-4th Floor,, Byrasandra Village, Marathahalli hobli,, Bangalore East Taluk, Bangalore.",India,12.9772954,77.6579077,building,map_ready,https://www.lamresearch.com/company/locations/,company_locations_page,2026-08-24,,,,,,,official_company_map,,,,,,,,,,,,,
lam-research-035,lam-research,Lam Research,Dublin (IRE-04),office,"Part First Floor Bewley's House, Northern Cross, Bewley's House, Dublin 17",Ireland,53.400454,-6.2057418,building,map_ready,https://www.lamresearch.com/company/locations/,company_locations_page,2026-08-24,,,,,,,official_company_map,,,,,,,,,,,,,
lam-research-036,lam-research,Lam Research,Kildare (IRE-03),office,"Units A1, A7, Celbridge M4 Business Park, Celbridge, Kildare",Ireland,53.35771,-6.54844,building,map_ready,https://www.lamresearch.com/company/locations/,company_locations_page,2026-08-24,,,,,,,official_company_map,,,,,,,,,,,,,
lam-research-037,lam-research,Lam Research,Qiryat Gat (ISR-02),office,"17 Tzoran Street, Gat Industrial Park, Qiryat Gat 8258121",Israel,31.611148,34.768459,building,map_ready,https://www.lamresearch.com/company/locations/,company_locations_page,2026-08-24,,,,,,,official_company_map,,,,,,,,,,,,,
lam-research-038,lam-research,Lam Research,Agrate Brianza (ITA-01),office,"Centro Direzionale Colleoni Viale Colleoni 11 Palazzo Sirio #3, 20864 Agrate Brianza-MB",Italy,45.5734863,9.3363237,building,map_ready,https://www.lamresearch.com/company/locations/,company_locations_page,2026-08-24,,,,,,,official_company_map,,,,,,,,,,,,,
lam-research-039,lam-research,Lam Research,Catania (ITA-03),office,"c/o Business Center Via Ottava Strada 7, Office 3, Zona Industriale, Catania",Italy,37.4404919,15.062089,building,map_ready,https://www.lamresearch.com/company/locations/,company_locations_page,2026-08-24,,,,,,,official_company_map,,,,,,,,,,,,,
lam-research-040,lam-research,Lam Research,Hiroshima (JPN-40),office,"Hiroshima Office, Sakaemachi Bldg. 1F, 10-27 Saijosakaemachi, Higashi-Hiroshima-shi, Hiroshima 739-0015, 広島県, 広島オフィス, 〒739-0015, 広島県東広島市西条栄町 10-27, 栄町ビルディング 1階",Japan,34.4264074,132.7412932,building,map_ready,https://www.lamresearch.com/company/locations/,company_locations_page,2026-08-24,,,,,,,official_company_map,,,,,,,,,,,,,
lam-research-041,lam-research,Lam Research,Hokkaido (JPN-49),office,"1-3-2 Kashiwadaiminami, Chitose, Hokkaido 066-0009, 北海道オフィス, 〒066-0009, 北海道千歳市柏台南１丁目3-2, Tel: +81-123-43-8001",Japan,0,0,building,map_ready,https://www.lamresearch.com/company/locations/,company_locations_page,2026-08-24,,,,,,,official_company_map,,,,,,,,,,,,,
lam-research-042,lam-research,Lam Research,Hokkaido (JPN-51),office,"Chitose Arcadia Plaza 360,, 1-3-1 Kashiwadai Minami,, Chitose-shi, Hokkaido",Japan,0,0,building,map_ready,https://www.lamresearch.com/company/locations/,company_locations_page,2026-08-24,,,,,,,official_company_map,,,,,,,,,,,,,
lam-research-043,lam-research,Lam Research,Iwate (JPN-41),office,"Kitakami Service Center, 22-25 Kitakami Ryutsucenter, Kitakami-shi, Iwate 024-0014, 岩手県, 北上サービスセンター, 〒024-0014, 岩手県北上市流通センター22-25",Japan,39.3161956,141.0956702,building,map_ready,https://www.lamresearch.com/company/locations/,company_locations_page,2026-08-24,,,,,,,official_company_map,,,,,,,,,,,,,
lam-research-044,lam-research,Lam Research,Kanagawa (JPN-22),office,"Shinyokohama Head Office, Yusen Shinyokohama 1-chome Bldg. 7F,, 1-7-9 Shinyokohama, Kohoku-ku,, Yokohama-shi, Kanagawa 222-0033, 神奈川県, 新横浜本社, 〒222-0033, 神奈川県横浜市港北区新横浜 1-7-9, 友泉新横浜 1 丁目ビル７階",Japan,35.5060815,139.6152461,building,map_ready,https://www.lamresearch.com/company/locations/,company_locations_page,2026-08-24,,,,,,,official_company_map,,,,,,,,,,,,,
lam-research-045,lam-research,Lam Research,Kumamoto (JPN-48),office,"Kumamoto Service Center, 272-15 Takaono, Ozu-machi, Kikuchi-gun, Kumamoto 869-1232, 熊本県, 熊本サービスセンター, 〒869-1232, 熊本県菊池郡大津町高尾野272-15, Tel:+81-96-240-1040",Japan,0,0,building,map_ready,https://www.lamresearch.com/company/locations/,company_locations_page,2026-08-24,,,,,,,official_company_map,,,,,,,,,,,,,
lam-research-046,lam-research,Lam Research,Mie (JPN-27),office,"Yokkaichi Service Center, Daisan Kato Bldg. 3F, 4F, 8F, 9F, 5-27 Hamada-cho, Yokkaichi-shi, Mie 510-0067, 三重県, 四日市サービスセンター, 〒510-0067, 三重県四日市市浜田町 5-27, 第三加藤ビル 9階",Japan,34.9655144,136.6189941,building,map_ready,https://www.lamresearch.com/company/locations/,company_locations_page,2026-08-24,,,,,,,official_company_map,,,,,,,,,,,,,
lam-research-047,lam-research,Lam Research,Mie (JPN-37),office,"Yokkaichi Technology Center, Yokkaichi Suwacho Bldg. 5F, 6F, 8F,, 4-5 Suwacho, Yokkaichi-shi,, Mie 510-0085, 三重県, 四日市テクノロジーセンター, 〒510-0085, 三重県四日市市諏訪町 4-5, 四日市諏訪町ビル 6 階",Japan,34.965618,136.6227713,building,map_ready,https://www.lamresearch.com/company/locations/,company_locations_page,2026-08-24,,,,,,,official_company_map,,,,,,,,,,,,,
lam-research-048,lam-research,Lam Research,Mie (JPN-45),office,"Chubu Parts Center, Bldg A 3F, 301-304,1340-8,, NX Yokkaichi Tarusaka NX Logistics Center, 1340-8 Yamagamitani, Tarusakacho Aza, Yokkaichi-shi, Mie, 510-8037, 中部パーツセンター, 〒510-8037, 三重県四日市市垂坂町字, 山上谷1340-8, NX四日市垂坂物流センターA棟3階",Japan,0,0,building,map_ready,https://www.lamresearch.com/company/locations/,company_locations_page,2026-08-24,,,,,,,official_company_map,,,,,,,,,,,,,
lam-research-049,lam-research,Lam Research,Mie (JPN-50),office,"4-20 Hamada-cho, Yokkaichi-shi, Mie, Japan.",Japan,0,0,building,map_ready,https://www.lamresearch.com/company/locations/,company_locations_page,2026-08-24,,,,,,,official_company_map,,,,,,,,,,,,,
lam-research-050,lam-research,Lam Research,Nagasaki (JPN-43),office,"Nagasaki Service Center, 9-26 Eisho-Higashimachi,, Isahaya-shi, Nagasaki, Nagasaki 854-0072, 長崎県, 長崎サービスセンター, 〒854-0071, 長崎県諫早市永昌東町 9-26, ニューウインドビル 102 号室",Japan,32.8515346,130.04279,building,map_ready,https://www.lamresearch.com/company/locations/,company_locations_page,2026-08-24,,,,,,,official_company_map,,,,,,,,,,,,,
lam-research-051,lam-research,Lam Research,Oita (JPN-21),office,"Oita Service Center, Sakura Bldg. 2C,, 6-15 Harashin-machi, Oita-shi, Oita 870-0912, 大分県, 大分サービスセンター, 〒870-0912, 大分県大分市原新町 6-15, SAKURA ビル 2階-C",Japan,33.2492322,131.6504411,building,map_ready,https://www.lamresearch.com/company/locations/,company_locations_page,2026-08-24,,,,,,,official_company_map,,,,,,,,,,,,,
lam-research-052,lam-research,Lam Research,Toyama (JPN-30),office,"Toyama Service Center, Block M5-7, Wing-Wing Takaoka Bldg. 5F, 1-8 Suehiro-cho, Takaoka-shi, Toyama 933-0023, 富山県, 富山サービスセンター, 〒933-0023, 富山県高岡市末広町 1-8, ウイング・ウイング高岡 5階",Japan,36.7428482,137.0143741,building,map_ready,https://www.lamresearch.com/company/locations/,company_locations_page,2026-08-24,,,,,,,official_company_map,,,,,,,,,,,,,
lam-research-053,lam-research,Lam Research,Yamagata (JPN-36),office,"Yamagata Office, Office 14-A, 18-3 Otsuka-machi, Tsuruoka-shi, Yamagata 997-0047, 山形県, 山形オフィス, 〒997-0047, 山形県鶴岡市大塚町 18-8, オフィス 14A",Japan,38.7377845,139.8079973,building,map_ready,https://www.lamresearch.com/company/locations/,company_locations_page,2026-08-24,,,,,,,official_company_map,,,,,,,,,,,,,
lam-research-054,lam-research,Lam Research,Kulim (MYS-01),office,"Suite 1.050, 1st Floor, Business Center Kulim Hi-Tech Park, Kulim, Kedah 09000",Malaysia,5.423232,100.583877,building,map_ready,https://www.lamresearch.com/company/locations/,company_locations_page,2026-08-24,,,,,,,official_company_map,,,,,,,,,,,,,
lam-research-055,lam-research,Lam Research,Kulim (MYS-07),office,"LOT 72910, LOT 199 & LOT 72946, Seksyen 39,, Bandar Kulim, Dearah Kulim, Kedah",Malaysia,0,0,building,map_ready,https://www.lamresearch.com/company/locations/,company_locations_page,2026-08-24,,,,,,,official_company_map,,,,,,,,,,,,,
lam-research-056,lam-research,Lam Research,Penang (MYS-02),office,"Plot 30, Hilir Sungai Kluang 1,, Bayan Lepas Industrial Zone, Phase 4, 11900, Bayan Lepas, Penang",Malaysia,5.302469,100.2931964,building,map_ready,https://www.lamresearch.com/company/locations/,company_locations_page,2026-08-24,,,,,,,official_company_map,,,,,,,,,,,,,
lam-research-057,lam-research,Lam Research,Penang (MYS-04),office,"14110 Bandar Cassia, Persiaran Cassia Selatan 1, Batu Kawan, Penang 11909",Malaysia,0,0,building,map_ready,https://www.lamresearch.com/company/locations/,company_locations_page,2026-08-24,,,,,,,official_company_map,,,,,,,,,,,,,
lam-research-058,lam-research,Lam Research,"Penang, Malaysia",factory,"PMT 789, Persiaran Cassia Selatan 1,, Taman Perindustrian, Batu Kawan, 14110, Bandar Cassia, Pulau Pinang",Malaysia,5.2282783,100.4525429,building,map_ready,https://www.lamresearch.com/company/locations/,company_locations_page,2026-08-24,,,,,,,official_company_map,,,,,,,,,,,,,
lam-research-059,lam-research,Lam Research,Singapore (SIN-03),office,"67 Ubi Avenue 1, #06-12, StarHub Green, Singapore 408942",Singapore,1.324099,103.892922,building,map_ready,https://www.lamresearch.com/company/locations/,company_locations_page,2026-08-24,,,,,,,official_company_map,,,,,,,,,,,,,
lam-research-060,lam-research,Lam Research,Singapore (SIN-05),office,"1 North Coast Ave, #05-06, Singapore 737663",Singapore,1.4466643,103.7915714,building,map_ready,https://www.lamresearch.com/company/locations/,company_locations_page,2026-08-24,,,,,,,official_company_map,,,,,,,,,,,,,
lam-research-061,lam-research,Lam Research,Cheongju (KOR-43),office,"501ho 15, Pungsan-ro, Heungdeok-gu, Cheongju-si, Chungcheongbuk-do, Republic of Korea, 청주, 충청북도 청주시 흥덕구 풍산로 15 메가폴리스 5층 501호 우)28396",South Korea,36.6268218,127.4317494,building,map_ready,https://www.lamresearch.com/company/locations/,company_locations_page,2026-08-24,,,,,,,official_company_map,,,,,,,,,,,,,
lam-research-062,lam-research,Lam Research,Cheongju (KOR-43B),office,"2F, Megapolis, 15, Pungsan-ro, Heungdeok-gu, Cheongju-si, Chungcheongbuk-do, Republic of Korea, 충청북도 청주시 흥덕구 풍산로 15 메가폴리스 2층 2C-026호",South Korea,36.6268218,127.4317494,building,map_ready,https://www.lamresearch.com/company/locations/,company_locations_page,2026-08-24,,,,,,,official_company_map,,,,,,,,,,,,,
lam-research-063,lam-research,Lam Research,Hwaseong (Lam Research Manufacturing Korea) (KOR-47),factory,"71-15, Barangongdan-ro 4-gil,, Hyangnam-eup, Hwaseong-si, Gyeonggi-do,, 18623, Rep. of KOREA, 화성 (매뉴팩춰링), 경기도 화성시 향남읍 발안공단로 4길 71-15 (우)18623",South Korea,37.0825217,126.9033287,building,map_ready,https://www.lamresearch.com/company/locations/,company_locations_page,2026-08-24,,,,,,,official_company_map,,,,,,,,,,,,,
lam-research-064,lam-research,Lam Research,Hwaseong-si (KOR-59),office,"7F 701ho, 86, Dongtanjiseong-ro, Hwaseong-si, Gyeonggi",South Korea,0,0,building,map_ready,https://www.lamresearch.com/company/locations/,company_locations_page,2026-08-24,,,,,,,official_company_map,,,,,,,,,,,,,
lam-research-065,lam-research,Lam Research,Hwaseong-si (KOR-63),office,"7F, 150, Dongtanyeongcheon-ro,, Dongtan-gu",South Korea,0,0,building,map_ready,https://www.lamresearch.com/company/locations/,company_locations_page,2026-08-24,,,,,,,official_company_map,,,,,,,,,,,,,
lam-research-066,lam-research,Lam Research,Hwaseong-si (KOR-64),office,"743-2, Songsan-ri,, Yanggam-myeon",South Korea,0,0,building,map_ready,https://www.lamresearch.com/company/locations/,company_locations_page,2026-08-24,,,,,,,official_company_map,,,,,,,,,,,,,
lam-research-067,lam-research,Lam Research,"Hwaseong-si, Korea",factory,"71-15, Barangongdan-ro 4-gil, Hyangnam-eup",South Korea,37.0825217,126.9033287,building,map_ready,https://www.lamresearch.com/company/locations/,company_locations_page,2026-08-24,,,,,,,official_company_map,,,,,,,,,,,,,
lam-research-068,lam-research,Lam Research,Icheon (KOR-38),office,"Unit# 501 & 502 107, Daesan-ro 288beon-gil,, Icheon-si, Gyeonggi-do, Rep. of KOREA, 경기도 이천시 대산로288번길 107 (고담동) 501호 한국램리서치",South Korea,37.2503015,127.4736358,building,map_ready,https://www.lamresearch.com/company/locations/,company_locations_page,2026-08-24,,,,,,,official_company_map,,,,,,,,,,,,,
lam-research-069,lam-research,Lam Research,Korea Technology Center (KOR-46),office,"52, Jisam-ro 201beon-gil,, Giheung-gu, Yongin-si, Gyeonggi-do,, 17088, Rep. of KOREA, 경기도 용인시 기흥구 지삼로201번길 52 우",South Korea,37.241775,127.1396222,building,map_ready,https://www.lamresearch.com/company/locations/,company_locations_page,2026-08-24,,,,,,,official_company_map,,,,,,,,,,,,,
lam-research-070,lam-research,Lam Research,Osan (KOR-39),office,"14-11, Gajangsaneopdong-ro,, Osan-si, Gyeonggi-do,, 18103, Rep. of KOREA, 오산 (매뉴팩춰링), 경기도 오산시 가장산업동로 14-11 (우)18103",South Korea,37.1627436,127.0408859,building,map_ready,https://www.lamresearch.com/company/locations/,company_locations_page,2026-08-24,,,,,,,official_company_map,,,,,,,,,,,,,
lam-research-071,lam-research,Lam Research,Osan (Lam Research Manufacturing Korea) (KOR-33),factory,"14-9, Gajangsaneopdong-ro,, Osan-si, Gyeonggi-do, 18103, Rep. of KOREA, 오산 (매뉴팩춰링), 경기도 오산시 가장산업동로 14-9 (우)18103",South Korea,0,0,building,map_ready,https://www.lamresearch.com/company/locations/,company_locations_page,2026-08-24,,,,,,,official_company_map,,,,,,,,,,,,,
lam-research-072,lam-research,Lam Research,"Osan, Korea",factory,"14-9, Gajangsaneopdong-ro, Osan-si, Gyeonggi-do, Korea 18103",South Korea,37.16246539999999,127.03747020000003,building,map_ready,https://www.lamresearch.com/company/locations/,company_locations_page,2026-08-24,,,,,,,official_company_map,,,,,,,,,,,,,
lam-research-073,lam-research,Lam Research,Pyeongtaek (KOR-48),office,"2F, 200-5, Godeokjungang-ro, Pyeongtaek-si, Gyeonggi-do, 18014, Rep. of KOREA, 평택, 경기도 평택시 고덕중앙로 200-5, 대창빌딩 2층 램리서치",South Korea,36.99105,127.1049272,building,map_ready,https://www.lamresearch.com/company/locations/,company_locations_page,2026-08-24,,,,,,,official_company_map,,,,,,,,,,,,,
lam-research-074,lam-research,Lam Research,Pyeongtaek (KOR-61),office,"201ho~208ho, 75, Godeokjungang 2-ro, SEC Pyeongtaek 2nd office, Pyeongtaek-si,, Gyeonggi-do, Republic of Korea, 경기도 평택시 고덕중앙2로 75 , 밸류카운티고덕 201호 ~ 208호",South Korea,36.99105,127.1049272,building,map_ready,https://www.lamresearch.com/company/locations/,company_locations_page,2026-08-24,,,,,,,official_company_map,,,,,,,,,,,,,
lam-research-075,lam-research,Lam Research,Seobuk-bu (KOR-58),office,"B134~137, 196, Handeul 1-ro, Seobuk-gu, Cheonan-si, Chungcheongnam-do, 31112, Rep. of KOREA, 천안, 충청남도 천안시 서북구 한들1로 196, 마치 에비뉴2, B134~137, (우) 31112",South Korea,0,0,building,map_ready,https://www.lamresearch.com/company/locations/,company_locations_page,2026-08-24,,,,,,,official_company_map,,,,,,,,,,,,,
lam-research-076,lam-research,Lam Research,Songdo (KOR-54),office,"4203, Tower C, 323, Incheon tower-daero,, Yeonsu-Gu, Incheon-Si, 22004, Rep. of KOREA, 송도, 인천 연수구 아트센터대로 87 402동 508호(D동)",South Korea,0,0,building,map_ready,https://www.lamresearch.com/company/locations/,company_locations_page,2026-08-24,,,,,,,official_company_map,,,,,,,,,,,,,
lam-research-077,lam-research,Lam Research,Y-campus Head Office (KOR),office,"54, Jisam-ro 201beongil, Giheung-gu Yongin-si, Gyeonggi-do, 17088, Rep. of KOREA, 용인 캠퍼스 (오피스), 경기도 용인시 기흥구 지삼로201번길 54 (우) 17088",South Korea,0,0,building,map_ready,https://www.lamresearch.com/company/locations/,company_locations_page,2026-08-24,,,,,,,official_company_map,,,,,,,,,,,,,
lam-research-078,lam-research,Lam Research,Yongin (Lam Research Manufacturing Korea) (KOR-34),factory,"187, Wonam-ro, Namsa-eup,, Cheoin-gu, Yongin-si, Gyeonggi-do,, 17124, Rep. of KOREA, 용인 (매뉴팩춰링), 경기도 용인시 처인구 남사면 원암로 187 (우)17124",South Korea,37.0867528,127.16763719999994,building,map_ready,https://www.lamresearch.com/company/locations/,company_locations_page,2026-08-24,,,,,,,official_company_map,,,,,,,,,,,,,
lam-research-079,lam-research,Lam Research,Yongin-si (KOR-56),office,"54 Jisam-ro 201beon-gil, Giheung-gu,, Yongin-si, Gyeonggi-do, Republic of KOREA., 경기도 용인시 기흥구 지삼로201번길 54",South Korea,0,0,building,map_ready,https://www.lamresearch.com/company/locations/,company_locations_page,2026-08-24,,,,,,,official_company_map,,,,,,,,,,,,,
lam-research-080,lam-research,Lam Research,"Yongin, Korea",factory,"187, Wonam-ro, Namsa-eup,, Cheoin-gu, Yongin-si, Gyeonggi-do,, 17124, Rep. of KOREA",South Korea,37.0867528,127.16763719999994,building,map_ready,https://www.lamresearch.com/company/locations/,company_locations_page,2026-08-24,,,,,,,official_company_map,,,,,,,,,,,,,
lam-research-081,lam-research,Lam Research,Kriens (SWZ-05),office,"Langsagestrasse 2, Kriens 6010",Switzerland,0,0,building,map_ready,https://www.lamresearch.com/company/locations/,company_locations_page,2026-08-24,,,,,,,official_company_map,,,,,,,,,,,,,
lam-research-082,lam-research,Lam Research,Lausanne (SWZ-06),office,"EPFL Innovation Park Building A, 1015 Lausanne",Switzerland,0,0,building,map_ready,https://www.lamresearch.com/company/locations/,company_locations_page,2026-08-24,,,,,,,official_company_map,,,,,,,,,,,,,
lam-research-083,lam-research,Lam Research,Neuchatel (SWZ-02),office,"Avenue Edouard-Dubois 20, 2000 Neuchatel",Switzerland,46.988767,6.9064899,building,map_ready,https://www.lamresearch.com/company/locations/,company_locations_page,2026-08-24,,,,,,,official_company_map,,,,,,,,,,,,,
lam-research-084,lam-research,Lam Research,Chiayi (TWN-40),office,"3F, No. 27, Taibao 2nd Road, Taibo City, Chiayi County 612009 , Taiwan, 612009 嘉義縣太保市太保二路 27 號 3 樓",Taiwan,0,0,building,map_ready,https://www.lamresearch.com/company/locations/,company_locations_page,2026-08-24,,,,,,,official_company_map,,,,,,,,,,,,,
lam-research-085,lam-research,Lam Research,HsinChu (TWN-05),office,"1F, No. 17 and 19, R&D Road II, East District, HsinChu City 300092, Taiwan, 300092 新竹市東區研發二路 17 & 19 號 1 樓",Taiwan,24.7823005,121.0062859,building,map_ready,https://www.lamresearch.com/company/locations/,company_locations_page,2026-08-24,,,,,,,official_company_map,,,,,,,,,,,,,
lam-research-086,lam-research,Lam Research,Hsinchu (TWN-17),office,"2F, No. 7, R&D Road II,, East District, Hsinchu City 300092, Taiwan, 300092 新竹市東區研發二路 7 號 2 樓",Taiwan,24.7823005,121.0062859,building,map_ready,https://www.lamresearch.com/company/locations/,company_locations_page,2026-08-24,,,,,,,official_company_map,,,,,,,,,,,,,
lam-research-087,lam-research,Lam Research,Hsinchu (TWN-19),office,"2F, No. 9, R&D Road II, East District, Hsinchu City 300092, Taiwan, 300092 新竹市東區研發二路 9 號 2 樓",Taiwan,24.7823005,121.0062859,building,map_ready,https://www.lamresearch.com/company/locations/,company_locations_page,2026-08-24,,,,,,,official_company_map,,,,,,,,,,,,,
lam-research-088,lam-research,Lam Research,Hsinchu (TWN-26),office,"8F-C, No. 1, Sec. 3, Gongdao 5 Road, East District, Hsinchu City 300042, Taiwan, 300042 新竹市東區公道五路三段1號8樓之C",Taiwan,24.7835379,121.0404633,building,map_ready,https://www.lamresearch.com/company/locations/,company_locations_page,2026-08-24,,,,,,,official_company_map,,,,,,,,,,,,,
lam-research-089,lam-research,Lam Research,Hsinchu (TWN-29),office,"1F, No. 22, R&D Road II, East District, Hsinchu City 300092, Taiwan, 300092 新竹市東區研發二路 22 號 1 樓",Taiwan,24.7795894,121.0017817,building,map_ready,https://www.lamresearch.com/company/locations/,company_locations_page,2026-08-24,,,,,,,official_company_map,,,,,,,,,,,,,
lam-research-090,lam-research,Lam Research,Hsinchu (TWN-30),office,"3F, No. 8, Innovation Road, III, East District, Hsinchu City 300092, Taiwan, 300092 新竹市東區創新三路 8 號 3 樓",Taiwan,24.7795894,121.0017817,building,map_ready,https://www.lamresearch.com/company/locations/,company_locations_page,2026-08-24,,,,,,,official_company_map,,,,,,,,,,,,,
lam-research-091,lam-research,Lam Research,Hsinchu (TWN-38),office,"3F, No. 21, Lixing Road, East District, Hsinchu City 300094, Taiwan, 300094 新竹市東區力行路 21 號 3 樓",Taiwan,0,0,building,map_ready,https://www.lamresearch.com/company/locations/,company_locations_page,2026-08-24,,,,,,,official_company_map,,,,,,,,,,,,,
lam-research-092,lam-research,Lam Research,Kaohsiung (TWN-28),office,"3F, No. 3 Luke 3rd Road, Luzhu District, Kaohsiung City 821011 , Taiwan, 821011 高雄市路竹區路科三路 3 號 3 樓",Taiwan,24.7795894,121.0017817,building,map_ready,https://www.lamresearch.com/company/locations/,company_locations_page,2026-08-24,,,,,,,official_company_map,,,,,,,,,,,,,
lam-research-093,lam-research,Lam Research,Kaohsiung (TWN-35),office,"7F., No. 503, Mengzi Rd., Zuoying Dist., Kaohsiung City 813027, Taiwan, 813027 高雄市左營區孟子路503號7樓",Taiwan,0,0,building,map_ready,https://www.lamresearch.com/company/locations/,company_locations_page,2026-08-24,,,,,,,official_company_map,,,,,,,,,,,,,
lam-research-094,lam-research,Lam Research,Kaohsiung (TWN-39),office,"3F, No. 3 Luke 3rd Road",Taiwan,0,0,building,map_ready,https://www.lamresearch.com/company/locations/,company_locations_page,2026-08-24,,,,,,,official_company_map,,,,,,,,,,,,,
lam-research-095,lam-research,Lam Research,Kaohsiung (TWN-41),office,"4F, no. 77, Liwen Road, Zuoying District, Kaohsiung City 813626, Taiwan, 813626 高雄市左營區立文路 77 號 4 樓",Taiwan,0,0,building,map_ready,https://www.lamresearch.com/company/locations/,company_locations_page,2026-08-24,,,,,,,official_company_map,,,,,,,,,,,,,
lam-research-096,lam-research,Lam Research,Miaoli (TWN-34),office,"Rm. 1, 6F., No. 67-22, Dongtianyang, Tongluo Township, Miaoli County 366004 , Taiwan, 366004 苗栗縣銅鑼鄉銅鑼村 25 鄰東田洋段 67-22 號 6 樓之 1",Taiwan,0,0,building,map_ready,https://www.lamresearch.com/company/locations/,company_locations_page,2026-08-24,,,,,,,official_company_map,,,,,,,,,,,,,
lam-research-097,lam-research,Lam Research,Miaoli (TWN-43),office,"Datong Sec. 668-6, Zhunan Township,, Miaoli County, Taiwan",Taiwan,0,0,building,map_ready,https://www.lamresearch.com/company/locations/,company_locations_page,2026-08-24,,,,,,,official_company_map,,,,,,,,,,,,,
lam-research-098,lam-research,Lam Research,Miaoli (TWN-46),office,"No. 96, Kezhuan 3rd Rd., Zhunan Township,, Miaoli County 350012, Taiwan",Taiwan,0,0,building,map_ready,https://www.lamresearch.com/company/locations/,company_locations_page,2026-08-24,,,,,,,official_company_map,,,,,,,,,,,,,
lam-research-099,lam-research,Lam Research,Taichung (TWN-10),office,"1F, No. 8-12, Nancun Rd., Houli District, Taichung City 421007, Taiwan, 421007 台中市后里區南村路 8-12 號 1 樓",Taiwan,24.2953571,120.722659,building,map_ready,https://www.lamresearch.com/company/locations/,company_locations_page,2026-08-24,,,,,,,official_company_map,,,,,,,,,,,,,
lam-research-100,lam-research,Lam Research,Taichung (TWN-23A),office,"25F-1, No. 925, Sec. 4, Taiwan Blvd., Xitun Dist.,, Taichung City 407205, Taiwan, 407205 台中市西屯區台灣大道四段925號25樓之1",Taiwan,24.1818633,120.6169953,building,map_ready,https://www.lamresearch.com/company/locations/,company_locations_page,2026-08-24,,,,,,,official_company_map,,,,,,,,,,,,,
lam-research-101,lam-research,Lam Research,Taichung (TWN-45),office,"2F & 3F, No. 808, Sec. 3,, Taiwan Blvd., Xitun Dist., Taichung City, Taiwan",Taiwan,0,0,building,map_ready,https://www.lamresearch.com/company/locations/,company_locations_page,2026-08-24,,,,,,,official_company_map,,,,,,,,,,,,,
lam-research-102,lam-research,Lam Research,Tainan (TWN-15),office,"1F, No. 27, Nanke 3rd Rd., Xinshi Dist.,, Tainan City 744094, Taiwan, 744094 台南市新市區南科三路27號1樓",Taiwan,23.09718,120.281998,building,map_ready,https://www.lamresearch.com/company/locations/,company_locations_page,2026-08-24,,,,,,,official_company_map,,,,,,,,,,,,,
lam-research-103,lam-research,Lam Research,Tainan (TWN-44),office,"No. 31, Gongye 2nd Road, Room 407,, Southern Taiwan Innovation & Research Park, Building 3, Annan District,, Tainan City, 709410, Taiwan.",Taiwan,0,0,building,map_ready,https://www.lamresearch.com/company/locations/,company_locations_page,2026-08-24,,,,,,,official_company_map,,,,,,,,,,,,,
lam-research-104,lam-research,Lam Research,Taoyuan (Taiwan Manufacturing) (TWN-27),factory,"No. 3, Ziqiang 3rd Road, Zhongli District, Taoyuan City 320023, Taiwan, 320023 桃園市中壢區自強三路 3 號",Taiwan,24.9680245,121.243377,building,map_ready,https://www.lamresearch.com/company/locations/,company_locations_page,2026-08-24,,,,,,,official_company_map,,,,,,,,,,,,,
lam-research-105,lam-research,Lam Research,Taoyuan (TWN-24),office,"2F, No. 8-3, Wenchang 3rd St., Guishan Dist.,, Taoyuan City 333007, Taiwan, 333007 桃園市龜山區文昌三街8-3號2樓",Taiwan,25.0582593,121.3686419,building,map_ready,https://www.lamresearch.com/company/locations/,company_locations_page,2026-08-24,,,,,,,official_company_map,,,,,,,,,,,,,
lam-research-106,lam-research,Lam Research,Taoyuan (TWN-37),office,"No. 89 Longyuan 1st Road, Longtan District, Taoyuan City 325002, Taiwan, 325002 桃園市龍潭區龍園一路 89 號",Taiwan,0,0,building,map_ready,https://www.lamresearch.com/company/locations/,company_locations_page,2026-08-24,,,,,,,official_company_map,,,,,,,,,,,,,
lam-research-107,lam-research,Lam Research,"Taoyuan City, Taiwan",factory,"No. 3, Ziqiang 3rd Rd., Zhongli Dist.,, Taoyuan City 320023, Taiwan",Taiwan,24.9680245,121.243377,building,map_ready,https://www.lamresearch.com/company/locations/,company_locations_page,2026-08-24,,,,,,,official_company_map,,,,,,,,,,,,,
lam-research-108,lam-research,Lam Research,Amsterdam (NLD-02),office,"Dirk Storklaan 61, Second floor, Amsterdam EMEA Spares and Logistics Office, Hoofddorp 2130-2136",The Netherlands,0,0,building,map_ready,https://www.lamresearch.com/company/locations/,company_locations_page,2026-08-24,,,,,,,official_company_map,,,,,,,,,,,,,
lam-research-109,lam-research,Lam Research,Enschede (NLD-01),office,"Auke Vleerstraat 3, 7521 PE Enschede, Email: [email&#160;protected]",The Netherlands,52.2366941,6.8488983,building,map_ready,https://www.lamresearch.com/company/locations/,company_locations_page,2026-08-24,,,,,,,official_company_map,,,,,,,,,,,,,
lam-research-110,lam-research,Lam Research,Bristol (UK-01),office,"1230/1240/1255 Park Avenue, Aztec West, Almondsbury, Bristol BS32 4SH",United Kingdom,51.5431609,-2.5679294000000255,building,map_ready,https://www.lamresearch.com/company/locations/,company_locations_page,2026-08-24,,,,,,,official_company_map,,,,,,,,,,,,,
lam-research-111,lam-research,Lam Research,Albany (NY-02),office,"255 Fuller Road, Suite 108, Albany, NY 12203",United States,42.6911119,-73.833316,building,map_ready,https://www.lamresearch.com/company/locations/,company_locations_page,2026-08-24,,,,,,,official_company_map,,,,,,,,,,,,,
lam-research-112,lam-research,Lam Research,Austin (TX-11),office,"12345 N. Lamar Blvd., Suite 150, Austin, TX 78753",United States,30.4042847,-97.6772789,building,map_ready,https://www.lamresearch.com/company/locations/,company_locations_page,2026-08-24,,,,,,,official_company_map,,,,,,,,,,,,,
lam-research-113,lam-research,Lam Research,Austin (TX-12),office,"1301 So. Capital of Texas Highway, Austin, TX 78746",United States,30.2795147,-97.819232,building,map_ready,https://www.lamresearch.com/company/locations/,company_locations_page,2026-08-24,,,,,,,official_company_map,,,,,,,,,,,,,
lam-research-114,lam-research,Lam Research,Boise (ID-04),office,"6401 S Eisenman Road, Suite 109, Boise, ID 83716",United States,43.5436412,-116.1663597,building,map_ready,https://www.lamresearch.com/company/locations/,company_locations_page,2026-08-24,,,,,,,official_company_map,,,,,,,,,,,,,
lam-research-115,lam-research,Lam Research,Boise (ID-05),office,"408 E. Parkcenter Blvd., 3rd Floor, Boise, ID, 83706,, Boise, ID 83706",United States,0,0,building,map_ready,https://www.lamresearch.com/company/locations/,company_locations_page,2026-08-24,,,,,,,official_company_map,,,,,,,,,,,,,
lam-research-116,lam-research,Lam Research,Chandler (AZ-04),office,"2727 W. Frye Road Suite 100, Chandler 101 Business Center, Chandler, AZ 85224",United States,33.2982879,-111.888765,building,map_ready,https://www.lamresearch.com/company/locations/,company_locations_page,2026-08-24,,,,,,,official_company_map,,,,,,,,,,,,,
lam-research-117,lam-research,Lam Research,"Eaton, OH",factory,"950 South Franklin Street, Eaton, OH 45320",United States,39.7332103,-84.62268130000001,building,map_ready,https://www.lamresearch.com/company/locations/,company_locations_page,2026-08-24,,,,,,,official_company_map,,,,,,,,,,,,,
lam-research-118,lam-research,Lam Research,Fishkill (NY-08),office,"300 Westage Business Center Drive, Fishkill, NY 12524",United States,0,0,building,map_ready,https://www.lamresearch.com/company/locations/,company_locations_page,2026-08-24,,,,,,,official_company_map,,,,,,,,,,,,,
lam-research-119,lam-research,Lam Research,Fremont (CA-03),office,"4400 Cushing Parkway, Fremont, CA 94538",United States,37.48883590000001,-121.9542434,building,map_ready,https://www.lamresearch.com/company/locations/,company_locations_page,2026-08-24,,,,,,,official_company_map,,,,,,,,,,,,,
lam-research-120,lam-research,Lam Research,Fremont (CA-03E),office,"4540 Cushing Parkway, Fremont, CA 94538",United States,37.4885146,-121.95530989999997,building,map_ready,https://www.lamresearch.com/company/locations/,company_locations_page,2026-08-24,,,,,,,official_company_map,,,,,,,,,,,,,
lam-research-121,lam-research,Lam Research,Fremont (CA-04),office,"4300 Cushing Parkway, Fremont, CA 94538",United States,37.489009,-121.95206200000001,building,map_ready,https://www.lamresearch.com/company/locations/,company_locations_page,2026-08-24,,,,,,,official_company_map,,,,,,,,,,,,,
lam-research-122,lam-research,Lam Research,Fremont (CA-05),office,"4653 Cushing Parkway, Fremont, CA 94538",United States,37.4900654,-121.9569993,building,map_ready,https://www.lamresearch.com/company/locations/,company_locations_page,2026-08-24,,,,,,,official_company_map,,,,,,,,,,,,,
lam-research-123,lam-research,Lam Research,Fremont (CA-06),office,"4305 Cushing Parkway, Fremont, CA 94538",United States,37.49126710000001,-121.95246700000001,building,map_ready,https://www.lamresearch.com/company/locations/,company_locations_page,2026-08-24,,,,,,,official_company_map,,,,,,,,,,,,,
lam-research-124,lam-research,Lam Research,Fremont (CA-08),office,"4050 Starboard Drive, Fremont, CA 94538",United States,37.4926543,-121.95077730000003,building,map_ready,https://www.lamresearch.com/company/locations/,company_locations_page,2026-08-24,,,,,,,official_company_map,,,,,,,,,,,,,
lam-research-125,lam-research,Lam Research,Fremont (CA-09),office,"45365-45395 Northport Loop West, Fremont, CA 94538",United States,37.4941007,-121.95593200000002,building,map_ready,https://www.lamresearch.com/company/locations/,company_locations_page,2026-08-24,,,,,,,official_company_map,,,,,,,,,,,,,
lam-research-126,lam-research,Lam Research,Fremont (CA-10),office,"4405-4425 Cushing Parkway, Fremont, CA 94538",United States,37.49044800000001,-121.95362130000001,building,map_ready,https://www.lamresearch.com/company/locations/,company_locations_page,2026-08-24,,,,,,,official_company_map,,,,,,,,,,,,,
lam-research-127,lam-research,Lam Research,Fremont (CA-11A),office,"46831 Lakeview Blvd., Fremont, CA 94538",United States,37.48080289999999,-121.9383339,building,map_ready,https://www.lamresearch.com/company/locations/,company_locations_page,2026-08-24,,,,,,,official_company_map,,,,,,,,,,,,,
lam-research-128,lam-research,Lam Research,Fremont (CA-12),office,"4620 Cushing Parkway, Fremont, CA 94538",United States,37.4900654,-121.9569993,building,map_ready,https://www.lamresearch.com/company/locations/,company_locations_page,2026-08-24,,,,,,,official_company_map,,,,,,,,,,,,,
lam-research-129,lam-research,Lam Research,Fremont (CA-13),office,"45535 Northport Loop East, Fremont, CA 94538",United States,37.4941007,-121.95593200000002,building,map_ready,https://www.lamresearch.com/company/locations/,company_locations_page,2026-08-24,,,,,,,official_company_map,,,,,,,,,,,,,
lam-research-130,lam-research,Lam Research,Fremont (CA-14),office,"45700 Northport Loop,, Fremont, CA",United States,37.4941007,-121.95593200000002,building,map_ready,https://www.lamresearch.com/company/locations/,company_locations_page,2026-08-24,,,,,,,official_company_map,,,,,,,,,,,,,
lam-research-131,lam-research,Lam Research,Fremont (CA-30),office,"46413 Landing Parkway (Balazs), Fremont, CA 94538",United States,37.4866862,-121.9434509,building,map_ready,https://www.lamresearch.com/company/locations/,company_locations_page,2026-08-24,,,,,,,official_company_map,,,,,,,,,,,,,
lam-research-132,lam-research,Lam Research,Fremont (Corporate HQ) (CA-01),headquarters,"4650 Cushing Parkway, Fremont, CA 94538",United States,37.4886065,-121.95703400000002,building,map_ready,https://www.lamresearch.com/company/locations/,company_locations_page,2026-08-24,,,,,,,official_company_map,,,,,,,,,,,,,
lam-research-133,lam-research,Lam Research,"Fremont, CA",factory,"44036 S. Grimmer Blvd., Fremont, CA 94538",United States,37.5060317,-121.9591313,building,map_ready,https://www.lamresearch.com/company/locations/,company_locations_page,2026-08-24,,,,,,,official_company_map,,,,,,,,,,,,,
lam-research-134,lam-research,Lam Research,Hillsboro (OR-03),office,"2345 NE Overlook Drive, Suites 150,, Hillsboro, OR 97006",United States,45.5367676,-122.8854253,building,map_ready,https://www.lamresearch.com/company/locations/,company_locations_page,2026-08-24,,,,,,,official_company_map,,,,,,,,,,,,,
lam-research-135,lam-research,Lam Research,Lam Research Corporation,headquarters,"4650 Cushing Parkway, Fremont, CA 94538, United States",United States,37.4886066,-121.95703400000002,building,map_ready,https://www.lamresearch.com/company/locations/,company_locations_page,2026-08-24,,,,,,,official_company_map,,,,,,,,,,,,,
lam-research-136,lam-research,Lam Research,Lehi (UT-01),office,"3300 Running Creek Way, Lehi, UT 84043",United States,40.4298574,-111.8302496,building,map_ready,https://www.lamresearch.com/company/locations/,company_locations_page,2026-08-24,,,,,,,official_company_map,,,,,,,,,,,,,
lam-research-137,lam-research,Lam Research,Livermore (US Manufacturing) (CA-32),factory,"101 Portola Avenue, Livermore, CA 94550",United States,37.70438619999999,-121.80351359999997,building,map_ready,https://www.lamresearch.com/company/locations/,company_locations_page,2026-08-24,,,,,,,official_company_map,,,,,,,,,,,,,
lam-research-138,lam-research,Lam Research,"Livermore, CA",factory,"1 Portola Avenue, Livermore, CA 94551",United States,37.7045542,-121.80483449999997,building,map_ready,https://www.lamresearch.com/company/locations/,company_locations_page,2026-08-24,,,,,,,official_company_map,,,,,,,,,,,,,
lam-research-139,lam-research,Lam Research,Malta (NY-06),office,"107 Hermes Road, Malta, NY 12020",United States,0,0,building,map_ready,https://www.lamresearch.com/company/locations/,company_locations_page,2026-08-24,,,,,,,official_company_map,,,,,,,,,,,,,
lam-research-140,lam-research,Lam Research,Manassas (VA-02),office,"9300 West Court House Road, Suite 300, Manassas, VA 20110",United States,38.7526173,-77.4826448,building,map_ready,https://www.lamresearch.com/company/locations/,company_locations_page,2026-08-24,,,,,,,official_company_map,,,,,,,,,,,,,
lam-research-141,lam-research,Lam Research,McKinney (TX-14),office,"7300 State Highway 121, Suite 300, McKinney, TX 75070",United States,0,0,building,map_ready,https://www.lamresearch.com/company/locations/,company_locations_page,2026-08-24,,,,,,,official_company_map,,,,,,,,,,,,,
lam-research-142,lam-research,Lam Research,Phoenix (AZ-05),office,"25800 North Norterra Parkway, Phoenix, AZ 85085",United States,33.7202147,-112.1166312,building,map_ready,https://www.lamresearch.com/company/locations/,company_locations_page,2026-08-24,,,,,,,official_company_map,,,,,,,,,,,,,
lam-research-143,lam-research,Lam Research,Phoenix (AZ-06),office,"25700 Norterra Parkway, Phoenix, AZ 85085",United States,33.7202147,-112.1166312,building,map_ready,https://www.lamresearch.com/company/locations/,company_locations_page,2026-08-24,,,,,,,official_company_map,,,,,,,,,,,,,
lam-research-144,lam-research,Lam Research,Sherwood (US Manufacturing) (OR-15),factory,"Building Q, 12905 SW Tualatin-Sherwood Rd, Tualatin, OR 97062",United States,45.3700418,-122.8100383,building,map_ready,https://www.lamresearch.com/company/locations/,company_locations_page,2026-08-24,,,,,,,official_company_map,,,,,,,,,,,,,
lam-research-145,lam-research,Lam Research,"Sherwood, OR",factory,"12905 SW Tualatin-Sherwood Rd, Tualatin, OR 97062",United States,45.3700418,-122.8100383,building,map_ready,https://www.lamresearch.com/company/locations/,company_locations_page,2026-08-24,,,,,,,official_company_map,,,,,,,,,,,,,
lam-research-146,lam-research,Lam Research,"Springfield, OH",factory,"1000 Titus Rd, Springfield, OH 45502",United States,39.908845,-83.71167500000001,building,map_ready,https://www.lamresearch.com/company/locations/,company_locations_page,2026-08-24,,,,,,,official_company_map,,,,,,,,,,,,,
lam-research-147,lam-research,Lam Research,Tualatin (OR-05/06),office,"Building A/B, 11155 SW Leveton Drive, Tualatin, OR 97062",United States,45.3868472,-122.79439330000002,building,map_ready,https://www.lamresearch.com/company/locations/,company_locations_page,2026-08-24,,,,,,,official_company_map,,,,,,,,,,,,,
lam-research-148,lam-research,Lam Research,Tualatin (OR-07),office,"Building C, 11355 SW Leveton Drive, Tualatin, OR 97062",United States,45.3872069,-122.79303700000003,building,map_ready,https://www.lamresearch.com/company/locations/,company_locations_page,2026-08-24,,,,,,,official_company_map,,,,,,,,,,,,,
lam-research-149,lam-research,Lam Research,Tualatin (OR-08),office,"Building D, 11357 SW Leveton Drive, Tualatin, Oregon 97062",United States,45.3860559,-122.79556589999999,building,map_ready,https://www.lamresearch.com/company/locations/,company_locations_page,2026-08-24,,,,,,,official_company_map,,,,,,,,,,,,,
lam-research-150,lam-research,Lam Research,Tualatin (OR-09),office,"Building E, 11359 SW Leveton Drive, Tualatin, Oregon 97062",United States,45.3860559,-122.79556589999999,building,map_ready,https://www.lamresearch.com/company/locations/,company_locations_page,2026-08-24,,,,,,,official_company_map,,,,,,,,,,,,,
lam-research-151,lam-research,Lam Research,Tualatin (OR-12A),office,"Building J, 18623 SW 108th Avenue, Tualatin, OR 97062",United States,45.38430529999999,-122.7876832,building,map_ready,https://www.lamresearch.com/company/locations/,company_locations_page,2026-08-24,,,,,,,official_company_map,,,,,,,,,,,,,
lam-research-152,lam-research,Lam Research,Tualatin (OR-12B),office,"Building K, 18625 SW 108th Avenue, Tualatin, OR 97062",United States,45.38430529999999,-122.7876832,building,map_ready,https://www.lamresearch.com/company/locations/,company_locations_page,2026-08-24,,,,,,,official_company_map,,,,,,,,,,,,,
lam-research-153,lam-research,Lam Research,Tualatin (OR-16),office,"Building R, 19900 SW 112th Avenue, Tualatin, OR 97062",United States,45.3758175,-122.7933377,building,map_ready,https://www.lamresearch.com/company/locations/,company_locations_page,2026-08-24,,,,,,,official_company_map,,,,,,,,,,,,,
lam-research-154,lam-research,Lam Research,Tualatin (OR-19),office,"Building G, 11255 SW Leveton Drive, Tualatin, OR 97062",United States,0,0,building,map_ready,https://www.lamresearch.com/company/locations/,company_locations_page,2026-08-24,,,,,,,official_company_map,,,,,,,,,,,,,
lam-research-155,lam-research,Lam Research,Tualatin (OR-20),office,"Building N, 18288 SW 108th Avenue, Tualatin, OR 97062",United States,45.38430529999999,-122.7876832,building,map_ready,https://www.lamresearch.com/company/locations/,company_locations_page,2026-08-24,,,,,,,official_company_map,,,,,,,,,,,,,
lam-research-156,lam-research,Lam Research,Tualatin (US Manufacturing) (OR-10),factory,"Building F, 11361 SW Leveton Drive, Tualatin, Oregon 97062",United States,45.3860559,-122.79556589999999,building,map_ready,https://www.lamresearch.com/company/locations/,company_locations_page,2026-08-24,,,,,,,official_company_map,,,,,,,,,,,,,
lam-research-157,lam-research,Lam Research,"Tualatin, OR",factory,"11361 SW Leveton Drive, Tualatin, OR 97062",United States,45.3860559,-122.79556589999999,building,map_ready,https://www.lamresearch.com/company/locations/,company_locations_page,2026-08-24,,,,,,,official_company_map,,,,,,,,,,,,,
lam-research-158,lam-research,Lam Research,Waltham (MA-01),office,"Coventor, 135 Beaver St., Suite 205, Waltham, MA 02452",United States,42.3836726,-71.2083025,building,map_ready,https://www.lamresearch.com/company/locations/,company_locations_page,2026-08-24,,,,,,,official_company_map,,,,,,,,,,,,,
arm-001,arm,Arm,Arm Beijing,office,"北京海淀区科学院南路2号融科资讯中心C座 南楼712单元 Unit S712, Floor 7, South Building, Tower C, Raycom Infotech Park, No.2 Kexueyuan South Road, Haidian District, Beijing, P.R. of China",China,,,unlocated,address_verified,https://www.arm.com/company/offices,company_locations_page,2026-08-24,,,,,,,,,,,,,,,,,,,,
arm-002,arm,Arm,Arm Shanghai,office,"上海市徐汇区龙耀路175号星扬西岸 59层 59F, Lumina Building, No.175 Longyao Road, Xuhui District, Shanghai, P.R. of China",China,,,unlocated,address_verified,https://www.arm.com/company/offices,company_locations_page,2026-08-24,,,,,,,,,,,,,,,,,,,,
arm-003,arm,Arm,Arm Shenzhen,office,"广东省深圳市南山区粤海街道金地威新中心A座 2303 单元 Unit 2303 & 2305A-1, 23rd Floor, Tower A, Gemdale Viseen Center, No. 16 Gaoxin South 10th Road, Yuehai Subdistrict, Nanshan District, Shenzhen, P.R. of China",China,,,unlocated,address_verified,https://www.arm.com/company/offices,company_locations_page,2026-08-24,,,,,,,,,,,,,,,,,,,,
arm-004,arm,Arm,Arm Sophia Antipolis,office,"738 Avenue de Roumanille 06410 Biot - Sophia Antipolis, France",France,,,unlocated,address_verified,https://www.arm.com/company/offices,company_locations_page,2026-08-24,,,,,,,,,,,,,,,,,,,,
arm-005,arm,Arm,Arm Aschheim,office,"Einsteinring 30, 85609 Aschheim, Germany",Germany,,,unlocated,address_verified,https://www.arm.com/company/offices,company_locations_page,2026-08-24,,,,,,,,,,,,,,,,,,,,
arm-006,arm,Arm,Arm Budapest,office,"Millennium Gardens, Lechner &Ouml;d&ouml;n fasor 10/B, 1095 Budapest, Hungary",Hungary,,,unlocated,address_verified,https://www.arm.com/company/offices,company_locations_page,2026-08-24,,,,,,,,,,,,,,,,,,,,
arm-007,arm,Arm,Arm Bengaluru,office,"Bagmane Constellation Business Park, Taurus 4 Building, North Tower, Doddanekkundi Village, Krishnarajapuram Hobli, Bengaluru 560048, India,",India,,,unlocated,address_verified,https://www.arm.com/company/offices,company_locations_page,2026-08-24,,,,,,,,,,,,,,,,,,,,
arm-008,arm,Arm,Arm Noida,office,"7th Floor, Tower No.02, IT/ITES SEZ of M/s Oxygen Park Private Limited, Plot No. 07, Sector-144, Noida-201304 Uttar Pradesh, India",India,,,unlocated,address_verified,https://www.arm.com/company/offices,company_locations_page,2026-08-24,,,,,,,,,,,,,,,,,,,,
arm-009,arm,Arm,Arm Galway,office,"Floor 2, Building Two, Crown Square, Monivea Road, Galway, H91 CX7A, Ireland",Ireland,,,unlocated,address_verified,https://www.arm.com/company/offices,company_locations_page,2026-08-24,,,,,,,,,,,,,,,,,,,,
arm-010,arm,Arm,"Arm Ra'anana,",office,"24 Zarhin Street, POB 4334, Ra'anana, 4366249, Israel",Israel,,,unlocated,address_verified,https://www.arm.com/company/offices,company_locations_page,2026-08-24,,,,,,,,,,,,,,,,,,,,
arm-011,arm,Arm,Arm Yokohama,office,"Shinyokohama Square Bldg. 17F 2-3-12 Shin-yokohama Kohoku-ku, Yokohama-shi Kanagawa 222-0033, Japan",Japan,,,unlocated,address_verified,https://www.arm.com/company/offices,company_locations_page,2026-08-24,,,,,,,,,,,,,,,,,,,,
arm-012,arm,Arm,Arm Kuala Lumpur,office,"Suite 59.11, Level 59, Menara Exchange 106, Lingkaran TRX, Tun Razak Exchange, 55188 Kuala Lumpur, Malaysia",Malaysia,,,unlocated,address_verified,https://www.arm.com/company/offices,company_locations_page,2026-08-24,,,,,,,,,,,,,,,,,,,,
arm-013,arm,Arm,Arm Oslo,office,"Karl Johans gate 20, 0159 Oslo, Norway",Norway,,,unlocated,address_verified,https://www.arm.com/company/offices,company_locations_page,2026-08-24,,,,,,,,,,,,,,,,,,,,
arm-014,arm,Arm,Arm Trondheim,office,"Professor Brochs gate 8A, 7030 Trondheim, Norway",Norway,,,unlocated,address_verified,https://www.arm.com/company/offices,company_locations_page,2026-08-24,,,,,,,,,,,,,,,,,,,,
arm-015,arm,Arm,Arm Seoul,office,"7th Floor KyungDong B/D 4, SunaeRo 46 BeonGil BunDangGu, SeongNamSi GyeonGiDo, Korea 13595",S. Korea,,,unlocated,address_verified,https://www.arm.com/company/offices,company_locations_page,2026-08-24,,,,,,,,,,,,,,,,,,,,
arm-016,arm,Arm,Arm Sentjernej,office,"Obrtna cesta 18, SL-8310 Sentjernej, Slovenia",Slovenia,,,unlocated,address_verified,https://www.arm.com/company/offices,company_locations_page,2026-08-24,,,,,,,,,,,,,,,,,,,,
arm-017,arm,Arm,Arm Lund,office,"Arm Sweden AB, Scheelev&auml;gen 17, Beta 1-2, Ideon, 223 63 Lund, Sweden",Sweden,,,unlocated,address_verified,https://www.arm.com/company/offices,company_locations_page,2026-08-24,,,,,,,,,,,,,,,,,,,,
arm-018,arm,Arm,Arm Hsinchu,office,"4F., No.5, Gongye E. 7th Rd., East Dist., Hsinchu City 300 30078 Taiwan (R.O.C.)",Taiwan,,,unlocated,address_verified,https://www.arm.com/company/offices,company_locations_page,2026-08-24,,,,,,,,,,,,,,,,,,,,
arm-019,arm,Arm,Arm Taipei,office,"安謀國際科技股份有限公司 地址: 114 台北市內湖區洲子街55號9樓 9F., No. 55, Zouzi St., Neihu Dist., Taipei City, 114, Taiwan (R.O.C.)",Taiwan,,,unlocated,address_verified,https://www.arm.com/company/offices,company_locations_page,2026-08-24,,,,,,,,,,,,,,,,,,,,
arm-020,arm,Arm,Arm Bristol,office,"2nd floor, 10 Templeback, Bristol BS1 6FL, United Kingdom,",United Kingdom,,,unlocated,address_verified,https://www.arm.com/company/offices,company_locations_page,2026-08-24,,,,,,,,,,,,,,,,,,,,
arm-021,arm,Arm,"Arm Global Headquarters, Cambridge",headquarters,"Global Headquarters: 110 Fulbourn Road, Cambridge, CB1 9NJ, United Kingdom,",United Kingdom,,,unlocated,address_verified,https://www.arm.com/company/offices,company_locations_page,2026-08-24,,,,,,,,,,,,,,,,,,,,
arm-022,arm,Arm,Arm Manchester,office,"No.1 St Michael’s, 36 Jackson’s Row, Manchester, M2 5WD, United Kingdom",United Kingdom,,,unlocated,address_verified,https://www.arm.com/company/offices,company_locations_page,2026-08-24,,,,,,,,,,,,,,,,,,,,
arm-023,arm,Arm,Arm Sheffield,office,"City Gate, 8 St Mary's Gate, Sheffield, S1 4LW, United Kingdom,",United Kingdom,,,unlocated,address_verified,https://www.arm.com/company/offices,company_locations_page,2026-08-24,,,,,,,,,,,,,,,,,,,,
arm-024,arm,Arm,Arm Austin,office,"5707 Southwest Pkwy Bld 1 Suite 100, Austin, TX 78735",United States,,,unlocated,address_verified,https://www.arm.com/company/offices,company_locations_page,2026-08-24,,,,,,,,,,,,,,,,,,,,
arm-025,arm,Arm,Arm Chandler,office,"3075 West Ray Road, Suite 500, Chandler, AZ 85226",United States,,,unlocated,address_verified,https://www.arm.com/company/offices,company_locations_page,2026-08-24,,,,,,,,,,,,,,,,,,,,
arm-026,arm,Arm,Arm Durham,office,"1101 Slater Road Suite 200, Durham, NC 27703",United States,,,unlocated,address_verified,https://www.arm.com/company/offices,company_locations_page,2026-08-24,,,,,,,,,,,,,,,,,,,,
arm-027,arm,Arm,Arm San Diego,office,"13500 Evening Creek N. Suite 500, San Diego, Ca. 92128",United States,,,unlocated,address_verified,https://www.arm.com/company/offices,company_locations_page,2026-08-24,,,,,,,,,,,,,,,,,,,,
arm-028,arm,Arm,Arm Seattle,office,"18th floor, Met Park East, 1730 Minor Avenue, Seattle, WA 98101",United States,,,unlocated,address_verified,https://www.arm.com/company/offices,company_locations_page,2026-08-24,,,,,,,,,,,,,,,,,,,,
arm-029,arm,Arm,"Arm US Headquarters, San Jose",headquarters,"120 Rose Orchard Way, San Jose, CA 95134-1358",United States,,,unlocated,address_verified,https://www.arm.com/company/offices,company_locations_page,2026-08-24,,,,,,,,,,,,,,,,,,,,
arm-030,arm,Arm,Arm Waltham,office,"100 5th Avenue, Suite 5010, Waltham, MA 02451",United States,,,unlocated,address_verified,https://www.arm.com/company/offices,company_locations_page,2026-08-24,,,,,,,,,,,,,,,,,,,,
amd-001,amd,AMD,AMD Buenos Aires,office,"El Salvador, 5220, Palermo Soho, Buenos Aires, Argentina",Argentina,-34.6769059,-58.3666128,building,map_ready,https://www.amd.com/en/corporate/locations.html,company_locations_page,2026-08-24,2026-08-25,https://nominatim.openstreetmap.org/,"AMD Salud, General Güemes, Barrio Güemes, Crucecita, Avellaneda, Partido de Avellaneda, Buenos Aires, 1870, Argentina",way,653479826,"AMD Buenos Aires, Argentina",,,,,,,,,,,,,,
amd-002,amd,AMD,AMD Armenia,office,"Vazgen Sargsyan 10, 3rd Floor, Office 79-81, Yerevan, Armenia 0010, Armenia",Armenia,,,unlocated,needs_review,https://www.amd.com/en/corporate/locations.html,company_locations_page,2026-08-24,2026-08-25,https://nominatim.openstreetmap.org/,,,,,,,,,,,,,,,,,,
amd-003,amd,AMD,AMD Sydney NSW,office,"60 Martin Place, Podium Levels 1, 2 & 3, Offices 312-316, 331, Sydney NSW 2000, Australia",Australia,,,unlocated,needs_review,https://www.amd.com/en/corporate/locations.html,company_locations_page,2026-08-24,2026-08-25,https://nominatim.openstreetmap.org/,,,,,,,,,,,,,,,,,,
amd-004,amd,AMD,AMD 9320 Aalst,office,"Villalaan 16, Erembodegen, 9320 Aalst, Belgium",Belgium,50.9145065,4.0598881,street_or_area_candidate,geocoded,https://www.amd.com/en/corporate/locations.html,company_locations_page,2026-08-24,2026-08-25,https://nominatim.openstreetmap.org/,"Belgium Sleep Systems, 30, Dokter Carlierlaan, Erembodegem, Aalst, Oost-Vlaanderen, Vlaanderen, 9320, België / Belgique / Belgien",node,10230745612,"AMD 9320 Aalst, Belgium",,,,,,,,,,,,,,
amd-005,amd,AMD,AMD Sao Paulo -,office,"230, George Ohm Street, Sao Paulo - SP 04576-020, Brazil",Brazil,-23.5376226,-46.7348806,building,map_ready,https://www.amd.com/en/corporate/locations.html,company_locations_page,2026-08-24,2026-08-25,https://nominatim.openstreetmap.org/,"AMD, Rua Professor Ariovaldo Silva, Vila Ceasa, Vila Hamburguesa, Vila Leopoldina, São Paulo, Região Sudeste, 05314-001, Brasil",way,520919144,"AMD Sao Paulo -, Brazil",,,,,,,,,,,,,,
amd-006,amd,AMD,"AMD Calgary, AB T2P",office,"2500-500 4th Avenue SW, Calgary, AB T2P 2V6, Canada",Canada,,,unlocated,needs_review,https://www.amd.com/en/corporate/locations.html,company_locations_page,2026-08-24,2026-08-25,https://nominatim.openstreetmap.org/,,,,,,,,,,,,,,,,,,
amd-007,amd,AMD,"AMD Markham, ON L3R",office,"160 McNabb Street, Markham, ON L3R 4B8, Canada",Canada,43.8349051,-79.324215,building,map_ready,https://www.amd.com/en/corporate/locations.html,company_locations_page,2026-08-24,2026-08-25,https://nominatim.openstreetmap.org/,"160, McNabb Street, Markham, York Region, Golden Horseshoe, Ontario, L3R 4B6, Canada",way,1460928111,"160 McNabb Street, Markham, ON L3R 4B8, Canada",openstreetmap_building_match,2026-08-25,,,,,,,,,,,,
amd-008,amd,AMD,"AMD Markham, ON L3T",office,"1 Commerce Valley Drive, Markham, ON L3T 7X6, Canada",Canada,43.8388816,-79.3796933,building,map_ready,https://www.amd.com/en/corporate/locations.html,company_locations_page,2026-08-24,2026-08-25,https://nominatim.openstreetmap.org/,"AMD, 1, Commerce Valley Drive East, Markham, York Region, Golden Horseshoe, Ontario, L3T 7M8, Canada",way,50917900,"1 Commerce Valley Drive, Markham, ON L3T 7X6, Canada",openstreetmap_building_match,2026-08-25,,,,,,,,,,,,
amd-009,amd,AMD,"AMD Markham, ON L3T",office,"33 Commerce Valley Drive, Markham, ON L3T 7N6, Canada",Canada,43.8392364,-79.3781546,building,map_ready,https://www.amd.com/en/corporate/locations.html,company_locations_page,2026-08-24,2026-08-25,https://nominatim.openstreetmap.org/,"AMD, 33, Commerce Valley Drive East, Markham, York Region, Golden Horseshoe, Ontario, L3T 7Y3, Canada",way,58271339,"33 Commerce Valley Drive, Markham, ON L3T 7N6, Canada",openstreetmap_building_match,2026-08-25,,,,,,,,,,,,
amd-010,amd,AMD,"AMD Ottawa, ON K2K",office,"84 Hines Road, Suite #300, Ottawa, ON K2K 3G3, Canada",Canada,,,unlocated,needs_review,https://www.amd.com/en/corporate/locations.html,company_locations_page,2026-08-24,2026-08-25,https://nominatim.openstreetmap.org/,,,,,,,,,,,,,,,,,,
amd-011,amd,AMD,"AMD Vancouver, BC V5M",office,"2930 Virtual Way #300, Vancouver, BC V5M 4X6, Canada",Canada,,,unlocated,needs_review,https://www.amd.com/en/corporate/locations.html,company_locations_page,2026-08-24,2026-08-25,https://nominatim.openstreetmap.org/,,,,,,,,,,,,,,,,,,
amd-012,amd,AMD,"AMD Waterloo, ON N2L",office,"420 Weber Street, North Suite #J, Waterloo, ON N2L 4E7, Canada",Canada,,,unlocated,needs_review,https://www.amd.com/en/corporate/locations.html,company_locations_page,2026-08-24,2026-08-25,https://nominatim.openstreetmap.org/,,,,,,,,,,,,,,,,,,
amd-013,amd,AMD,AMD Beijing,office,"19F, North Building, Raycom Infotech Park Tower C, No. 2, Science Institute South Road, Zhong Guan Cun, Haidian District, Beijing 100190, China",China,,,unlocated,needs_review,https://www.amd.com/en/corporate/locations.html,company_locations_page,2026-08-24,2026-08-25,https://nominatim.openstreetmap.org/,,,,,,,,,,,,,,,,,,
amd-014,amd,AMD,AMD Beijing,office,"Building 5 of No.5 Yard, An Ding Road, Chaoyang District, Beijing 100029, China",China,,,unlocated,needs_review,https://www.amd.com/en/corporate/locations.html,company_locations_page,2026-08-24,2026-08-25,https://nominatim.openstreetmap.org/,,,,,,,,,,,,,,,,,,
amd-015,amd,AMD,"AMD Chengdu, Sichuan",office,"Unit 1205, No.1777, Chengdu China Taiping Finance Mansion, North Tianfu Avenue, High-Tech District, Chengdu, Sichuan 610041, China",China,,,unlocated,needs_review,https://www.amd.com/en/corporate/locations.html,company_locations_page,2026-08-24,2026-08-25,https://nominatim.openstreetmap.org/,,,,,,,,,,,,,,,,,,
amd-016,amd,AMD,AMD Chongqing City,office,"No. 6 Xiyuan Street North, Shapingba District, Chongqing City 401332, China",China,,,unlocated,needs_review,https://www.amd.com/en/corporate/locations.html,company_locations_page,2026-08-24,2026-08-25,https://nominatim.openstreetmap.org/,,,,,,,,,,,,,,,,,,
amd-017,amd,AMD,"AMD Mongkok, Kowloon, Hong Kong",office,"Units 102-104, Level 17, Tower I, Grand Century Place, 193 Prince Edward Road West, Mongkok, Kowloon, Hong Kong, China",China,,,unlocated,needs_review,https://www.amd.com/en/corporate/locations.html,company_locations_page,2026-08-24,2026-08-25,https://nominatim.openstreetmap.org/,,,,,,,,,,,,,,,,,,
amd-018,amd,AMD,"AMD Nanjing, Jiangsu",office,"188 Lushan Road, Jianye District, Nanjing, Jiangsu 210019, China",China,,,unlocated,needs_review,https://www.amd.com/en/corporate/locations.html,company_locations_page,2026-08-24,2026-08-25,https://nominatim.openstreetmap.org/,,,,,,,,,,,,,,,,,,
amd-019,amd,AMD,"AMD New Territories, Hong Kong",office,"No. 3 Science Park East Avenue, Hong Kong Science Park, Shatin, New Territories, Hong Kong, China",China,,,unlocated,needs_review,https://www.amd.com/en/corporate/locations.html,company_locations_page,2026-08-24,2026-08-25,https://nominatim.openstreetmap.org/,,,,,,,,,,,,,,,,,,
amd-020,amd,AMD,AMD Shanghai,office,"1387 Zhangdong Road, Pudong District, Shanghai 200336, China",China,31.2248663,121.6277992,street_or_area_candidate,geocoded,https://www.amd.com/en/corporate/locations.html,company_locations_page,2026-08-24,2026-08-25,https://nominatim.openstreetmap.org/,"Zhangdong Road, 立新新村, 唐镇, 浦东新区, 上海市, 201210, 中国",way,13751310,"1387 Zhangdong Road, Pudong District, Shanghai 200336, China",,,,,,,,,,,,,,
amd-021,amd,AMD,AMD Shanghai,office,"No. 669, Huan Ke Road, Pudong New Area, Pudong District, Shanghai 201210, China",China,,,unlocated,needs_review,https://www.amd.com/en/corporate/locations.html,company_locations_page,2026-08-24,2026-08-25,https://nominatim.openstreetmap.org/,,,,,,,,,,,,,,,,,,
amd-022,amd,AMD,AMD Shanghai,office,"Unit 601, Puruan Building, No 2 Boyun Road, Zhangjiang Hi-Tech Park, Shanghai 201203, China",China,,,unlocated,needs_review,https://www.amd.com/en/corporate/locations.html,company_locations_page,2026-08-24,2026-08-25,https://nominatim.openstreetmap.org/,,,,,,,,,,,,,,,,,,
amd-023,amd,AMD,"AMD Shenzhen, Guangdong",office,"3023 Chuangye Road, Nanshan District, Shenzhen, Guangdong 518054, China",China,22.5194852,113.9196934,street_or_area_candidate,geocoded,https://www.amd.com/en/corporate/locations.html,company_locations_page,2026-08-24,2026-08-25,https://nominatim.openstreetmap.org/,"创业路, 登良社区, 南山街道, 南山区, 深圳市, 广东省, 518000, 中国",way,565468016,"3023 Chuangye Road, Nanshan District, Shenzhen, Guangdong 518054, China",,,,,,,,,,,,,,
amd-024,amd,AMD,"AMD Shenzhen, Guangdong",office,"No. 1-1, Center 4th Road, Futian District, Shenzhen, Guangdong 518048, China",China,,,unlocated,needs_review,https://www.amd.com/en/corporate/locations.html,company_locations_page,2026-08-24,2026-08-25,https://nominatim.openstreetmap.org/,,,,,,,,,,,,,,,,,,
amd-025,amd,AMD,"AMD Suzhou, Jiangsu",office,"4th Floor Units 01 & 02 & 5th Floor Units 02-07, Building 5, No. 5 Xinghan Street, Suzhou Industrial Park, Suzhou, Jiangsu 215021, China",China,,,unlocated,needs_review,https://www.amd.com/en/corporate/locations.html,company_locations_page,2026-08-24,2026-08-25,https://nominatim.openstreetmap.org/,,,,,,,,,,,,,,,,,,
amd-026,amd,AMD,"AMD Xi'an, Shaanxi",office,"Xi'an Hi-tech Industrial Development Zone No. 36 Jingye Road, Xi'an, Shaanxi 710011, China",China,,,unlocated,address_verified,https://www.amd.com/en/corporate/locations.html,company_locations_page,2026-08-24,,,,,,,,,,,,,,,,,,,,
amd-027,amd,AMD,AMD 1306 Copenhagen,office,"Kronprinsessegade 26, 1306 Copenhagen, Denmark",Denmark,,,unlocated,address_verified,https://www.amd.com/en/corporate/locations.html,company_locations_page,2026-08-24,,,,,,,,,,,,,,,,,,,,
amd-028,amd,AMD,AMD 00180 Helsinki,office,"Lapinlahdenkatu 1 C, 00180 Helsinki, Finland",Finland,,,unlocated,address_verified,https://www.amd.com/en/corporate/locations.html,company_locations_page,2026-08-24,,,,,,,,,,,,,,,,,,,,
amd-029,amd,AMD,AMD 02150 Espoo,office,"Innopoli 2, Tekniikantie 14, 02150 Espoo, Finland",Finland,,,unlocated,address_verified,https://www.amd.com/en/corporate/locations.html,company_locations_page,2026-08-24,,,,,,,,,,,,,,,,,,,,
amd-030,amd,AMD,AMD 20520 Turku,office,"Electrocity, Tykistökatu 4 D, 20520 Turku, Finland",Finland,,,unlocated,address_verified,https://www.amd.com/en/corporate/locations.html,company_locations_page,2026-08-24,,,,,,,,,,,,,,,,,,,,
amd-031,amd,AMD,AMD 33100 Tampere,office,"Technopolis Asemakeskus, Peltokatu 26, 33100 Tampere, Finland",Finland,,,unlocated,address_verified,https://www.amd.com/en/corporate/locations.html,company_locations_page,2026-08-24,,,,,,,,,,,,,,,,,,,,
amd-032,amd,AMD,AMD 40100 Jyväskylä,office,"Crazy Town Jyväskylä, Kauppakatu 39, 40100 Jyväskylä, Finland",Finland,,,unlocated,address_verified,https://www.amd.com/en/corporate/locations.html,company_locations_page,2026-08-24,,,,,,,,,,,,,,,,,,,,
amd-033,amd,AMD,AMD 38320 Eybens,office,"Centre d'Affaires Le Concorde, 24 rue Lamartine, 38320 Eybens, France",France,,,unlocated,address_verified,https://www.amd.com/en/corporate/locations.html,company_locations_page,2026-08-24,,,,,,,,,,,,,,,,,,,,
amd-034,amd,AMD,AMD 75014 Paris,office,"44 Rue d’Alésia, 75014 Paris, France",France,,,unlocated,address_verified,https://www.amd.com/en/corporate/locations.html,company_locations_page,2026-08-24,,,,,,,,,,,,,,,,,,,,
amd-035,amd,AMD,AMD 91120 Palaiseau,office,"24 Avenue Emile Baudot, 91120 Palaiseau, France",France,,,unlocated,address_verified,https://www.amd.com/en/corporate/locations.html,company_locations_page,2026-08-24,,,,,,,,,,,,,,,,,,,,
amd-036,amd,AMD,AMD Voisin le Bretonneaux,office,"Bat B, 2 Rue Rene Caudron, Voisin le Bretonneaux 78960, France",France,,,unlocated,address_verified,https://www.amd.com/en/corporate/locations.html,company_locations_page,2026-08-24,,,,,,,,,,,,,,,,,,,,
amd-037,amd,AMD,AMD 50933 Köln,office,"Widdersdorfer Str. 260, 50933 Köln, Germany",Germany,,,unlocated,address_verified,https://www.amd.com/en/corporate/locations.html,company_locations_page,2026-08-24,,,,,,,,,,,,,,,,,,,,
amd-038,amd,AMD,"AMD 85609 Aschheim, Munich",office,"Einsteinring 22-28, 85609 Aschheim, Munich, Germany",Germany,,,unlocated,address_verified,https://www.amd.com/en/corporate/locations.html,company_locations_page,2026-08-24,,,,,,,,,,,,,,,,,,,,
amd-039,amd,AMD,AMD Dresden,office,"Regus, 10 B/D Altmarkt, Dresden 01067, Germany",Germany,,,unlocated,address_verified,https://www.amd.com/en/corporate/locations.html,company_locations_page,2026-08-24,,,,,,,,,,,,,,,,,,,,
amd-040,amd,AMD,AMD Munich,office,"Willy-Brandt-Allee 4, Munich 81829, Germany",Germany,,,unlocated,address_verified,https://www.amd.com/en/corporate/locations.html,company_locations_page,2026-08-24,,,,,,,,,,,,,,,,,,,,
amd-041,amd,AMD,"AMD Bengaluru, Karnataka",office,"2nd Floor, Front wing, Kabra Excelsior, 6A, 1st Block, 7th Main Road, Koramangala Industrial Layout, Bengaluru, Karnataka 560034, India",India,,,unlocated,address_verified,https://www.amd.com/en/corporate/locations.html,company_locations_page,2026-08-24,,,,,,,,,,,,,,,,,,,,
amd-042,amd,AMD,"AMD Bengaluru, Karnataka",office,"Building 1, Level 1, Prestige Technostar, Doddanekundi Industrial Area, Doddanekundi Extension, Bengaluru, Karnataka 560037, India",India,,,unlocated,address_verified,https://www.amd.com/en/corporate/locations.html,company_locations_page,2026-08-24,,,,,,,,,,,,,,,,,,,,
amd-043,amd,AMD,"AMD Cyberabad, Hyderabad, Telangana",office,"Building 11, Survey No. 64, Mindspace, Madhapur, Cyberabad, Hyderabad, Telangana 500081, India",India,,,unlocated,address_verified,https://www.amd.com/en/corporate/locations.html,company_locations_page,2026-08-24,,,,,,,,,,,,,,,,,,,,
amd-044,amd,AMD,AMD Gurgaon-122018,office,"AMD India Pvt Ltd., Spaze I-Tech Park, Level 3, Unit Number 358 to 366, Tower B1,Sector 49, Sohna Road, Gurgaon-122018, India",India,,,unlocated,address_verified,https://www.amd.com/en/corporate/locations.html,company_locations_page,2026-08-24,,,,,,,,,,,,,,,,,,,,
amd-045,amd,AMD,"AMD Hyderabad, Telangana",office,"10th to 17th Floor, Unit 2A & 2B, Parcel Four, Salarpuria Sattva Knowledge City, Hyderabad, Telangana 500081, India",India,,,unlocated,address_verified,https://www.amd.com/en/corporate/locations.html,company_locations_page,2026-08-24,,,,,,,,,,,,,,,,,,,,
amd-046,amd,AMD,"AMD Mumbai, Maharashtra",office,"Sahar Road, Near Andheri (E) Railway Station, Andheri East, Mumbai, Maharashtra 400058, India",India,,,unlocated,address_verified,https://www.amd.com/en/corporate/locations.html,company_locations_page,2026-08-24,,,,,,,,,,,,,,,,,,,,
amd-047,amd,AMD,"AMD New Delhi, Delhi",office,"A-25, 2nd Floor, Mathura Road, Mohan Cooperative Industrial Estate, New Delhi, Delhi 110044, India",India,,,unlocated,address_verified,https://www.amd.com/en/corporate/locations.html,company_locations_page,2026-08-24,,,,,,,,,,,,,,,,,,,,
amd-048,amd,AMD,"AMD Sampangiramanagar, Bengaluru, Karnataka",office,"No. 46, Palace Road, Municipal Ward Number 77, Sampangiramanagar, Bengaluru, Karnataka, India",India,,,unlocated,address_verified,https://www.amd.com/en/corporate/locations.html,company_locations_page,2026-08-24,,,,,,,,,,,,,,,,,,,,
amd-049,amd,AMD,"AMD Whitefield, Bengaluru, Karnataka",office,"Building II, Plot 100 - 103, Export Promotion Industrial Area, Whitefield, Bengaluru, Karnataka 560066, India",India,,,unlocated,address_verified,https://www.amd.com/en/corporate/locations.html,company_locations_page,2026-08-24,,,,,,,,,,,,,,,,,,,,
amd-050,amd,AMD,"AMD Citywest, Dublin, D24 T683",office,"Logic Drive, Bianconi Avenue, Citywest, Dublin, D24 T683, Ireland",Ireland,,,unlocated,address_verified,https://www.amd.com/en/corporate/locations.html,company_locations_page,2026-08-24,,,,,,,,,,,,,,,,,,,,
amd-051,amd,AMD,"AMD Little Island, Cork, T45 YW71",office,"Unit 6 Eastgate Avenue, Little Island, Cork, T45 YW71, Ireland",Ireland,,,unlocated,address_verified,https://www.amd.com/en/corporate/locations.html,company_locations_page,2026-08-24,,,,,,,,,,,,,,,,,,,,
amd-052,amd,AMD,AMD Holon,office,"Holon Azrieli Center 26 HaRokmin Street, Holon 5885880, Israel",Israel,,,unlocated,address_verified,https://www.amd.com/en/corporate/locations.html,company_locations_page,2026-08-24,,,,,,,,,,,,,,,,,,,,
amd-053,amd,AMD,AMD 20153 Milano,office,"Via Riccardo Lombardi No 19/16 and 19/18, 20153 Milano, Italy",Italy,,,unlocated,address_verified,https://www.amd.com/en/corporate/locations.html,company_locations_page,2026-08-24,,,,,,,,,,,,,,,,,,,,
amd-054,amd,AMD,AMD Nagoya,office,"3-28-12 Meieki, Nakamura-ku, Nagoya 4500002, Japan",Japan,,,unlocated,address_verified,https://www.amd.com/en/corporate/locations.html,company_locations_page,2026-08-24,,,,,,,,,,,,,,,,,,,,
amd-055,amd,AMD,AMD Tokyo,office,"1-2-2, Osaki, Shinagawa-ku, Tokyo 141-0032, Japan",Japan,,,unlocated,address_verified,https://www.amd.com/en/corporate/locations.html,company_locations_page,2026-08-24,,,,,,,,,,,,,,,,,,,,
amd-056,amd,AMD,AMD Tokyo,office,"8-3 Marunouchi 1-chome, Chiyoda-ku, Tokyo 100-0005, Japan",Japan,,,unlocated,address_verified,https://www.amd.com/en/corporate/locations.html,company_locations_page,2026-08-24,,,,,,,,,,,,,,,,,,,,
amd-057,amd,AMD,AMD Bandar Cassia,office,"No. 1, Education Boulevard, One Auto Hub, Batu Kawan Industrial Park, Level 1, Bandar Cassia, Malaysia",Malaysia,,,unlocated,address_verified,https://www.amd.com/en/corporate/locations.html,company_locations_page,2026-08-24,,,,,,,,,,,,,,,,,,,,
amd-058,amd,AMD,AMD Labuan,office,"Financial Park Labuan Complex, Jalan Merdeka, Labuan 87000, Malaysia",Malaysia,,,unlocated,address_verified,https://www.amd.com/en/corporate/locations.html,company_locations_page,2026-08-24,,,,,,,,,,,,,,,,,,,,
amd-059,amd,AMD,AMD Pulau Pinang,office,"200801005428 (806712-P), GBS by the Sea – L9, #2 Medan Bayan Lepas, Technoplex, Bayan Lepas Industrial Park, Phase 4, 11900 Bayan Lepas, Pulau Pinang, Malaysia",Malaysia,,,unlocated,address_verified,https://www.amd.com/en/corporate/locations.html,company_locations_page,2026-08-24,,,,,,,,,,,,,,,,,,,,
amd-060,amd,AMD,AMD Selangor Darul Ehsan,office,"200801005428 (806712-P), Block 3750 Persiaran APEC, Cyber 8, 63500 Cyberjaya, Selangor Darul Ehsan, Malaysia",Malaysia,,,unlocated,address_verified,https://www.amd.com/en/corporate/locations.html,company_locations_page,2026-08-24,,,,,,,,,,,,,,,,,,,,
amd-061,amd,AMD,AMD 11000 Mexico City,office,"Blvd. Manuel Avila Camacho No. 40, Lomas de Chapultepec, 11000 Mexico City, Mexico",Mexico,,,unlocated,address_verified,https://www.amd.com/en/corporate/locations.html,company_locations_page,2026-08-24,,,,,,,,,,,,,,,,,,,,
amd-062,amd,AMD,AMD 700028 Iasi,office,"39A St. Andrew Street, Building B1/B2, 3rd floor, 700028 Iasi, Romania",Romania,,,unlocated,address_verified,https://www.amd.com/en/corporate/locations.html,company_locations_page,2026-08-24,,,,,,,,,,,,,,,,,,,,
amd-063,amd,AMD,AMD Riyadh,office,"The Esplanade, Prince Turki Ibn Abdulaziz Al Awwal Road, King Saud University, Offices 148, 149 & 152, Riyadh, Saudi Arabia",Saudi Arabia,,,unlocated,address_verified,https://www.amd.com/en/corporate/locations.html,company_locations_page,2026-08-24,,,,,,,,,,,,,,,,,,,,
amd-064,amd,AMD,AMD Penicuik EH26,office,"Charles Darwin House, Edinburgh Technopole, Bush Loan, Penicuik EH26 0PY, Scotland, United Kingdom","Scotland, United Kingdom",,,unlocated,address_verified,https://www.amd.com/en/corporate/locations.html,company_locations_page,2026-08-24,,,,,,,,,,,,,,,,,,,,
amd-065,amd,AMD,AMD 11070 Belgrade,office,"Milutina Milankovica 19 b, 11070 Belgrade, Serbia",Serbia,,,unlocated,address_verified,https://www.amd.com/en/corporate/locations.html,company_locations_page,2026-08-24,,,,,,,,,,,,,,,,,,,,
amd-066,amd,AMD,AMD 18104 Niš,office,"Aleksandra Medvedeva 2a, 18104 Niš, Serbia",Serbia,,,unlocated,address_verified,https://www.amd.com/en/corporate/locations.html,company_locations_page,2026-08-24,,,,,,,,,,,,,,,,,,,,
amd-067,amd,AMD,AMD Singapore,office,"5 Changi Business Park Vista, Singapore 486040, Singapore",Singapore,,,unlocated,address_verified,https://www.amd.com/en/corporate/locations.html,company_locations_page,2026-08-24,,,,,,,,,,,,,,,,,,,,
amd-068,amd,AMD,AMD Singapore,office,"5 Tai Seng Avenue #01-61, Singapore 536671, Singapore",Singapore,,,unlocated,address_verified,https://www.amd.com/en/corporate/locations.html,company_locations_page,2026-08-24,,,,,,,,,,,,,,,,,,,,
amd-069,amd,AMD,AMD Singapore,office,"508 Chai Chee Lane, Singapore 469032, Singapore",Singapore,,,unlocated,address_verified,https://www.amd.com/en/corporate/locations.html,company_locations_page,2026-08-24,,,,,,,,,,,,,,,,,,,,
amd-070,amd,AMD,AMD Singapore,office,"7 Tai Seng Avenue Tower D, Level 8, Singapore 536672, Singapore",Singapore,,,unlocated,address_verified,https://www.amd.com/en/corporate/locations.html,company_locations_page,2026-08-24,,,,,,,,,,,,,,,,,,,,
amd-071,amd,AMD,AMD Seoul,office,"517, Yeongdong-daero, Gangnam-gu, Seoul 06164, South Korea",South Korea,,,unlocated,address_verified,https://www.amd.com/en/corporate/locations.html,company_locations_page,2026-08-24,,,,,,,,,,,,,,,,,,,,
amd-072,amd,AMD,AMD Seoul,office,"63Ro (Hanwha 63 Building), 50, Yoido-dong, Youngdeungpo-gu, Seoul 150-763, South Korea",South Korea,,,unlocated,address_verified,https://www.amd.com/en/corporate/locations.html,company_locations_page,2026-08-24,,,,,,,,,,,,,,,,,,,,
amd-073,amd,AMD,AMD 111,office,"Vasagatan 12, 111 20 Stockholm, Sweden",Sweden,,,unlocated,address_verified,https://www.amd.com/en/corporate/locations.html,company_locations_page,2026-08-24,,,,,,,,,,,,,,,,,,,,
amd-074,amd,AMD,AMD 16440 Stockholm,office,"Knarrarnasgatan 15, Kista, 16440 Stockholm, Sweden",Sweden,,,unlocated,address_verified,https://www.amd.com/en/corporate/locations.html,company_locations_page,2026-08-24,,,,,,,,,,,,,,,,,,,,
amd-075,amd,AMD,AMD 211,office,"Nordenskioldsgatan 11 A, Office 233, 211 19 Malmo, Sweden",Sweden,,,unlocated,address_verified,https://www.amd.com/en/corporate/locations.html,company_locations_page,2026-08-24,,,,,,,,,,,,,,,,,,,,
amd-076,amd,AMD,AMD 43134 Gothenburg,office,"Gotaforsliden 13 Nedre, Molndal, 43134 Gothenburg, Sweden",Sweden,,,unlocated,address_verified,https://www.amd.com/en/corporate/locations.html,company_locations_page,2026-08-24,,,,,,,,,,,,,,,,,,,,
amd-077,amd,AMD,AMD Hsinchu City,office,"Hsinchu Wishun Center 6F, Fuxing 3rd Road, No. 168, Sec. 2, Offices 631-2, 641, 677, 683, Hsinchu City, Taiwan",Taiwan,,,unlocated,address_verified,https://www.amd.com/en/corporate/locations.html,company_locations_page,2026-08-24,,,,,,,,,,,,,,,,,,,,
amd-078,amd,AMD,AMD Hsinchu City,office,"No. 101, Sec. 2, Gongdao 5th Road, East District, Hsinchu City 300046, Taiwan",Taiwan,,,unlocated,address_verified,https://www.amd.com/en/corporate/locations.html,company_locations_page,2026-08-24,,,,,,,,,,,,,,,,,,,,
amd-079,amd,AMD,AMD Hsinchu City,office,"No. 27 Guanxin Road, East District, Hsinchu City 300052, Taiwan",Taiwan,,,unlocated,address_verified,https://www.amd.com/en/corporate/locations.html,company_locations_page,2026-08-24,,,,,,,,,,,,,,,,,,,,
amd-080,amd,AMD,AMD Kaohsiung City,office,"24F, No. 29, Haibian Road, Lingya District, Kaohsiung City 802608, Taiwan",Taiwan,,,unlocated,address_verified,https://www.amd.com/en/corporate/locations.html,company_locations_page,2026-08-24,,,,,,,,,,,,,,,,,,,,
amd-081,amd,AMD,AMD Miaoli City,office,"No. 118, Chung-Hua Road, Chu-Nan, Miaoli City 35053, Taiwan",Taiwan,,,unlocated,address_verified,https://www.amd.com/en/corporate/locations.html,company_locations_page,2026-08-24,,,,,,,,,,,,,,,,,,,,
amd-082,amd,AMD,AMD New Taipei City,office,"12F, No. 93, Sector 1, Xintai 5th Road, Xizhi District, New Taipei City 221416, Taiwan",Taiwan,,,unlocated,address_verified,https://www.amd.com/en/corporate/locations.html,company_locations_page,2026-08-24,,,,,,,,,,,,,,,,,,,,
amd-083,amd,AMD,AMD Tainan,office,"Building 00867-02, No. 6 Guiren 13th Road, Section 1, Tainan, Taiwan",Taiwan,,,unlocated,address_verified,https://www.amd.com/en/corporate/locations.html,company_locations_page,2026-08-24,,,,,,,,,,,,,,,,,,,,
amd-084,amd,AMD,AMD Taipei City,office,"19th Floor, No. 170, Jingmao 1st Road, Nangang District, Taipei City 115018, Taiwan",Taiwan,,,unlocated,address_verified,https://www.amd.com/en/corporate/locations.html,company_locations_page,2026-08-24,,,,,,,,,,,,,,,,,,,,
amd-085,amd,AMD,AMD Taipei City,office,"3F-6F, 11F-12F, No. 3-2, Park Street, Nangang District, Taipei City 115603, Taiwan",Taiwan,,,unlocated,address_verified,https://www.amd.com/en/corporate/locations.html,company_locations_page,2026-08-24,,,,,,,,,,,,,,,,,,,,
amd-086,amd,AMD,AMD Taipei City,office,"Nangang District, Taipei City 115, Taiwan",Taiwan,,,unlocated,address_verified,https://www.amd.com/en/corporate/locations.html,company_locations_page,2026-08-24,,,,,,,,,,,,,,,,,,,,
amd-087,amd,AMD,AMD Taoyuan City,office,"No. 0007-0000, Huoyun Section, Dayuan District, Farglory Free Trade Zone Street Number 4F, No. 13 Hangxiang Road, Unit 4F-4, Taoyuan City, Taiwan",Taiwan,,,unlocated,address_verified,https://www.amd.com/en/corporate/locations.html,company_locations_page,2026-08-24,,,,,,,,,,,,,,,,,,,,
amd-088,amd,AMD,AMD Bangkok,office,"Bangkok Regus Office, Wireless Road, Pathum Wan, Bangkok 10330, Thailand",Thailand,,,unlocated,address_verified,https://www.amd.com/en/corporate/locations.html,company_locations_page,2026-08-24,,,,,,,,,,,,,,,,,,,,
amd-089,amd,AMD,AMD 1181 VX Amstelveen,office,"Stroombaan 4, 1181 VX Amstelveen, The Netherlands",The Netherlands,,,unlocated,address_verified,https://www.amd.com/en/corporate/locations.html,company_locations_page,2026-08-24,,,,,,,,,,,,,,,,,,,,
amd-090,amd,AMD,AMD 6525 EC Nijmegen,office,"Toernooiveld 100, 6525 EC Nijmegen, The Netherlands",The Netherlands,,,unlocated,address_verified,https://www.amd.com/en/corporate/locations.html,company_locations_page,2026-08-24,,,,,,,,,,,,,,,,,,,,
amd-091,amd,AMD,AMD +90,office,"Barbaros, Halk Cd. Palladium Ofis ve Residence No:8/A KAT 2, 34756 Ataşehir/İstanbul, +90 2166636161, Turkey",Turkey,,,unlocated,address_verified,https://www.amd.com/en/corporate/locations.html,company_locations_page,2026-08-24,,,,,,,,,,,,,,,,,,,,
amd-092,amd,AMD,AMD Dubai,office,"Unit No. OneJLT-05-29, One JLT, Plot No. DMCC-EZ1-1AB, Jumeirah Lake Towers, Dubai, United Arab Emirates",United Arab Emirates,,,unlocated,address_verified,https://www.amd.com/en/corporate/locations.html,company_locations_page,2026-08-24,,,,,,,,,,,,,,,,,,,,
amd-093,amd,AMD,AMD Bristol,office,"Bristol Castlemead, Lower Castle Street, Offices 611 & 611B, Bristol, United Kingdom",United Kingdom,,,unlocated,address_verified,https://www.amd.com/en/corporate/locations.html,company_locations_page,2026-08-24,,,,,,,,,,,,,,,,,,,,
amd-094,amd,AMD,AMD Cambridge CB4,office,"196 Science Park, Milton Road, Cambridge CB4 0AB, United Kingdom",United Kingdom,,,unlocated,address_verified,https://www.amd.com/en/corporate/locations.html,company_locations_page,2026-08-24,,,,,,,,,,,,,,,,,,,,
amd-095,amd,AMD,"AMD London, EC3A",office,"28th and 29th floor, 30 St Mary Axe, London, EC3A 8BF, United Kingdom",United Kingdom,,,unlocated,address_verified,https://www.amd.com/en/corporate/locations.html,company_locations_page,2026-08-24,,,,,,,,,,,,,,,,,,,,
amd-096,amd,AMD,AMD Manchester M4,office,"1 Balloon Street, Manchester M4 4BE, United Kingdom",United Kingdom,,,unlocated,address_verified,https://www.amd.com/en/corporate/locations.html,company_locations_page,2026-08-24,,,,,,,,,,,,,,,,,,,,
amd-097,amd,AMD,AMD Northern Ireland BT1,office,"7 Clarendon Road (City Quays 2; 4th floor), Belfast, Northern Ireland BT1 3BG, United Kingdom",United Kingdom,,,unlocated,address_verified,https://www.amd.com/en/corporate/locations.html,company_locations_page,2026-08-24,,,,,,,,,,,,,,,,,,,,
amd-098,amd,AMD,"AMD Summertown, Oxford OX2",office,"Prama House, 267 Banbury Road, Offices 51, 52 & 53, Summertown, Oxford OX2 7HT, United Kingdom",United Kingdom,,,unlocated,address_verified,https://www.amd.com/en/corporate/locations.html,company_locations_page,2026-08-24,,,,,,,,,,,,,,,,,,,,
amd-099,amd,AMD,AMD Addison,office,"15455 N Dallas Parkway, Suite #1230, Addison, TX 75001, United States",United States,,,unlocated,address_verified,https://www.amd.com/en/corporate/locations.html,company_locations_page,2026-08-24,,,,,,,,,,,,,,,,,,,,
amd-100,amd,AMD,AMD Albuquerque,office,"5051 Journal Center Blvd., NE, Suite #310, Albuquerque, NM 87109, United States",United States,,,unlocated,address_verified,https://www.amd.com/en/corporate/locations.html,company_locations_page,2026-08-24,,,,,,,,,,,,,,,,,,,,
amd-101,amd,AMD,AMD Austin,office,"12301 Research Blvd., Suite 300, Austin, TX 78759, United States",United States,,,unlocated,address_verified,https://www.amd.com/en/corporate/locations.html,company_locations_page,2026-08-24,,,,,,,,,,,,,,,,,,,,
amd-102,amd,AMD,AMD Austin,office,"1340 Airport Commerce Drive, Austin, TX 78741, United States",United States,,,unlocated,address_verified,https://www.amd.com/en/corporate/locations.html,company_locations_page,2026-08-24,,,,,,,,,,,,,,,,,,,,
amd-103,amd,AMD,AMD Austin,office,"7000 West William Cannon Drive, Austin, TX 78735, United States",United States,,,unlocated,address_verified,https://www.amd.com/en/corporate/locations.html,company_locations_page,2026-08-24,,,,,,,,,,,,,,,,,,,,
amd-104,amd,AMD,AMD Austin,office,"7171 Southwest Parkway, Austin, TX 78735, United States",United States,,,unlocated,address_verified,https://www.amd.com/en/corporate/locations.html,company_locations_page,2026-08-24,,,,,,,,,,,,,,,,,,,,
amd-105,amd,AMD,AMD Austin,office,"8000 Metropolis Drive, Building C, Austin, TX 78744, United States",United States,,,unlocated,address_verified,https://www.amd.com/en/corporate/locations.html,company_locations_page,2026-08-24,,,,,,,,,,,,,,,,,,,,
amd-106,amd,AMD,AMD Bellevue,office,"2002-156th Avenue NE, Bellevue, WA 98007, United States",United States,,,unlocated,address_verified,https://www.amd.com/en/corporate/locations.html,company_locations_page,2026-08-24,,,,,,,,,,,,,,,,,,,,
amd-107,amd,AMD,AMD Boxborough,office,"90 Central Street, Boxborough, MA 01719, United States",United States,,,unlocated,address_verified,https://www.amd.com/en/corporate/locations.html,company_locations_page,2026-08-24,,,,,,,,,,,,,,,,,,,,
amd-108,amd,AMD,AMD Fishkill,office,"300 Westage Business Center Drive, Suite 200, Fishkill, NY 12524, United States",United States,,,unlocated,address_verified,https://www.amd.com/en/corporate/locations.html,company_locations_page,2026-08-24,,,,,,,,,,,,,,,,,,,,
amd-109,amd,AMD,AMD Folsom,office,"1024 Iron Point Road, Folsom, CA 95630, United States",United States,,,unlocated,address_verified,https://www.amd.com/en/corporate/locations.html,company_locations_page,2026-08-24,,,,,,,,,,,,,,,,,,,,
amd-110,amd,AMD,AMD Ft. Collins,office,"2950 East Harmony Road, Ft. Collins, CO 80528, United States",United States,,,unlocated,address_verified,https://www.amd.com/en/corporate/locations.html,company_locations_page,2026-08-24,,,,,,,,,,,,,,,,,,,,
amd-111,amd,AMD,AMD Irvine,office,"47 Discovery, Suite #210, Irvine, CA 92618, United States",United States,,,unlocated,address_verified,https://www.amd.com/en/corporate/locations.html,company_locations_page,2026-08-24,,,,,,,,,,,,,,,,,,,,
amd-112,amd,AMD,AMD Longmont,office,"1951 S. Fordham Street, Longmont, CO 80503, United States",United States,,,unlocated,address_verified,https://www.amd.com/en/corporate/locations.html,company_locations_page,2026-08-24,,,,,,,,,,,,,,,,,,,,
amd-113,amd,AMD,AMD Longmont,office,"3100 Logic Drive, Longmont, CO 80503, United States",United States,,,unlocated,address_verified,https://www.amd.com/en/corporate/locations.html,company_locations_page,2026-08-24,,,,,,,,,,,,,,,,,,,,
amd-114,amd,AMD,AMD Orlando,office,"2300 Discovery Drive, Suite 500, Orlando, FL 32826, United States",United States,,,unlocated,address_verified,https://www.amd.com/en/corporate/locations.html,company_locations_page,2026-08-24,,,,,,,,,,,,,,,,,,,,
amd-115,amd,AMD,AMD Plymouth,office,"Plymouth Business Center, 3650 Annapolis Lane North, Suite 120, Plymouth, MN 55447, United States",United States,,,unlocated,address_verified,https://www.amd.com/en/corporate/locations.html,company_locations_page,2026-08-24,,,,,,,,,,,,,,,,,,,,
amd-116,amd,AMD,AMD Raleigh,office,"220 Horizon Drive, Suite #114, Raleigh, NC 27615, United States",United States,,,unlocated,address_verified,https://www.amd.com/en/corporate/locations.html,company_locations_page,2026-08-24,,,,,,,,,,,,,,,,,,,,
amd-117,amd,AMD,AMD Rochester,office,"350 Linden Oaks, Suite 210, Rochester, NY 14625, United States",United States,,,unlocated,address_verified,https://www.amd.com/en/corporate/locations.html,company_locations_page,2026-08-24,,,,,,,,,,,,,,,,,,,,
amd-118,amd,AMD,AMD San Diego,office,"9620 Towne Centre Drive, San Diego, CA 92121, United States",United States,,,unlocated,address_verified,https://www.amd.com/en/corporate/locations.html,company_locations_page,2026-08-24,,,,,,,,,,,,,,,,,,,,
amd-119,amd,AMD,AMD San Jose,office,"2100 Logic Drive, San Jose, CA 95124, United States",United States,,,unlocated,address_verified,https://www.amd.com/en/corporate/locations.html,company_locations_page,2026-08-24,,,,,,,,,,,,,,,,,,,,
amd-120,amd,AMD,AMD Santa Clara,headquarters,"2485 Augustine Drive, Santa Clara, CA 95054, United States",United States,,,unlocated,address_verified,https://www.amd.com/en/corporate/locations.html,company_locations_page,2026-08-24,,,,,,,,,,,,,,,,,,,,
amd-121,amd,AMD,AMD Seattle,office,"901 Fifth Avenue, Suites # 2200, 2250, 400, 4th floor, Seattle, WA 98164, United States",United States,,,unlocated,address_verified,https://www.amd.com/en/corporate/locations.html,company_locations_page,2026-08-24,,,,,,,,,,,,,,,,,,,,
amd-122,amd,AMD,AMD Secaucus,office,"10 Enterprise Avenue, Secaucus, NJ 07094, United States",United States,,,unlocated,address_verified,https://www.amd.com/en/corporate/locations.html,company_locations_page,2026-08-24,,,,,,,,,,,,,,,,,,,,
amd-123,amd,AMD,AMD Secaucus,office,"333 Meadowlands Parkway, 1st floor, Secaucus, NJ 07094, United States",United States,,,unlocated,address_verified,https://www.amd.com/en/corporate/locations.html,company_locations_page,2026-08-24,,,,,,,,,,,,,,,,,,,,
amd-124,amd,AMD,AMD Secaucus,office,"40-50 Seaview Drive, Secaucus, NJ 07094, United States",United States,,,unlocated,address_verified,https://www.amd.com/en/corporate/locations.html,company_locations_page,2026-08-24,,,,,,,,,,,,,,,,,,,,
amd-125,amd,AMD,AMD Spring,office,"2002 Timberloch Place, Spring, TX 77380, United States",United States,,,unlocated,address_verified,https://www.amd.com/en/corporate/locations.html,company_locations_page,2026-08-24,,,,,,,,,,,,,,,,,,,,
amd-126,amd,AMD,"AMD Washington, D.C.",office,"401 9th Street NW, Washington, D.C. 20004, United States",United States,,,unlocated,address_verified,https://www.amd.com/en/corporate/locations.html,company_locations_page,2026-08-24,,,,,,,,,,,,,,,,,,,,
amd-127,amd,AMD,AMD Wixom,office,"28345 Beck Road, Suite #400, Wixom, MI 48393, United States",United States,,,unlocated,address_verified,https://www.amd.com/en/corporate/locations.html,company_locations_page,2026-08-24,,,,,,,,,,,,,,,,,,,,
tokyo-electron-001,tokyo-electron,Tokyo Electron,Tokyo Electron (Kunshan) Ltd. Head Office,headquarters,"No.8, Dongguang Road, Kunshan Economic & Technical Development Zone Jiangsu 215300, China",China,,,unlocated,address_verified,https://www.tel.com/about/locations/tks.html,company_locations_page,2026-08-24,,,,,,,,,,,,,,,,,,,,
tokyo-electron-002,tokyo-electron,Tokyo Electron,Tokyo Electron (Shanghai) Logistic Center Ltd. Head Office,headquarters,"PART 101A, B and 201, No.211 North Fute Road,, China (Shanghai) Pilot Free Trade Zone,, Shanghai 200131 China",China,,,unlocated,address_verified,https://www.tel.com/about/locations/tsl.html,company_locations_page,2026-08-24,,,,,,,,,,,,,,,,,,,,
tokyo-electron-003,tokyo-electron,Tokyo Electron,Tokyo Electron (Shanghai) Ltd. — Beijing,office,"Room 2103, 21F, Tower B, Zhaolin Plaza, No.19 Ronghua Middle Rd.,, BDA, Beijing, 100176 China",China,,,unlocated,address_verified,https://www.tel.com/about/locations/tes.html,company_locations_page,2026-08-24,,,,,,,,,,,,,,,,,,,,
tokyo-electron-004,tokyo-electron,Tokyo Electron,Tokyo Electron (Shanghai) Ltd. — tel,office,"10F, Customs Clearance Service Center, No.5 Tonghai First Road,, High-tech Zone, Xi’an, Shaanxi, 710100 China",China,,,unlocated,address_verified,https://www.tel.com/about/locations/tes.html,company_locations_page,2026-08-24,,,,,,,,,,,,,,,,,,,,
tokyo-electron-005,tokyo-electron,Tokyo Electron,Tokyo Electron (Shanghai) Ltd. — tel,office,"A1801, IC Design Tower, No.33-2 Xinda Road WND, Wuxi,, Jiangsu, 214111 China",China,,,unlocated,address_verified,https://www.tel.com/about/locations/tes.html,company_locations_page,2026-08-24,,,,,,,,,,,,,,,,,,,,
tokyo-electron-006,tokyo-electron,Tokyo Electron,Tokyo Electron (Shanghai) Ltd. — tel,office,"Room 1301, Block A, Office Building,, Innovation International Plaza, Innovation Avenue,, High-tech Zone, Hefei, Anhui Province, 230001 China",China,,,unlocated,address_verified,https://www.tel.com/about/locations/tes.html,company_locations_page,2026-08-24,,,,,,,,,,,,,,,,,,,,
tokyo-electron-007,tokyo-electron,Tokyo Electron,Tokyo Electron (Shanghai) Ltd. — tel,office,"Room 2, 10th Floor, Building 2-1, , No.2 Heshun Road, High-tech Zone, Chengdu, Sichuan Province, 611731 China",China,,,unlocated,address_verified,https://www.tel.com/about/locations/tes.html,company_locations_page,2026-08-24,,,,,,,,,,,,,,,,,,,,
tokyo-electron-008,tokyo-electron,Tokyo Electron,Tokyo Electron (Shanghai) Ltd. — tel,office,"Room 31, 32, 33, 3rd Floor, G3 Office Building,, China Construction Technology Industrial Park,, No.788 Gaoxin Avenue, Hongshan District,, Wuhan, 430073 China",China,,,unlocated,address_verified,https://www.tel.com/about/locations/tes.html,company_locations_page,2026-08-24,,,,,,,,,,,,,,,,,,,,
tokyo-electron-009,tokyo-electron,Tokyo Electron,Tokyo Electron (Shanghai) Ltd. — tel,office,"Room 701-2, Building 3, Tianji Jianglai, No. 2, Huachuang Road,, Pukou District, Nanjing, Jiangsu, 211899 China",China,,,unlocated,address_verified,https://www.tel.com/about/locations/tes.html,company_locations_page,2026-08-24,,,,,,,,,,,,,,,,,,,,
tokyo-electron-010,tokyo-electron,Tokyo Electron,Tokyo Electron (Shanghai) Ltd. — tel,office,"Tower A 1408-1410, JieShun HI-Tech Center, Longhua district, , Shenzhen City, Guangdong Province, 518100 China",China,,,unlocated,address_verified,https://www.tel.com/about/locations/tes.html,company_locations_page,2026-08-24,,,,,,,,,,,,,,,,,,,,
tokyo-electron-011,tokyo-electron,Tokyo Electron,Tokyo Electron (Shanghai) Ltd. Head Office,headquarters,"No.555 Gaosi Rd., Zhangjiang Hi-Tech Park, Shanghai, 201203 China",China,,,unlocated,address_verified,https://www.tel.com/about/locations/tes.html,company_locations_page,2026-08-24,,,,,,,,,,,,,,,,,,,,
tokyo-electron-012,tokyo-electron,Tokyo Electron,Tokyo Electron Europe Ltd. — tel,office,"Bâtiment Icône, 34 Avenue du Vercors, 38240 Meylan, France",France,,,unlocated,address_verified,https://www.tel.com/about/locations/tee.html,company_locations_page,2026-08-24,,,,,,,,,,,,,,,,,,,,
tokyo-electron-013,tokyo-electron,Tokyo Electron,Tokyo Electron Europe Ltd. — German,office,"Moritzburger Weg 67, Haus D, 01109 Dresden, Germany",Germany,,,unlocated,address_verified,https://www.tel.com/about/locations/tee.html,company_locations_page,2026-08-24,,,,,,,,,,,,,,,,,,,,
tokyo-electron-014,tokyo-electron,Tokyo Electron,Tokyo Electron India Pvt. Ltd. — Bengaluru,office,"Manyata D3, 9th Floor Manyata Tech Park - Back gate 5, BLOCK D3, , Manyata Tech Park Rd, Thanisandra, Bengaluru, Karnataka, India 560045",India,,,unlocated,address_verified,https://www.tel.com/about/locations/telin.html,company_locations_page,2026-08-24,,,,,,,,,,,,,,,,,,,,
tokyo-electron-015,tokyo-electron,Tokyo Electron,Tokyo Electron India Pvt. Ltd. Head Office,headquarters,"7, Barakhamba Road, New Delhi, Delhi, India 110001",India,,,unlocated,address_verified,https://www.tel.com/about/locations/telin.html,company_locations_page,2026-08-24,,,,,,,,,,,,,,,,,,,,
tokyo-electron-016,tokyo-electron,Tokyo Electron,TEL Magnetic Solutions Ltd. Head Office,headquarters,"Unit J, Furry Park Industrial Estate, Santry, Dublin 9 Ireland",Ireland,,,unlocated,address_verified,https://www.tel.com/about/locations/telmsl.html,company_locations_page,2026-08-24,,,,,,,,,,,,,,,,,,,,
tokyo-electron-017,tokyo-electron,Tokyo Electron,Tokyo Electron Europe Ltd. — Springtown,office,"Unit 1, Ground Floor, Phase 1,, 18 Ballinska Road, Springtown Industrial Estate,, Londonderry, BT48 0NA, Northern Ireland",Ireland,,,unlocated,address_verified,https://www.tel.com/about/locations/tee.html,company_locations_page,2026-08-24,,,,,,,,,,,,,,,,,,,,
tokyo-electron-018,tokyo-electron,Tokyo Electron,Tokyo Electron Europe Ltd. — tel,office,"Unit 8, Block K, Maynooth Business Campus, Maynooth, Co.Kildare, W23PP97, Ireland",Ireland,,,unlocated,address_verified,https://www.tel.com/about/locations/tee.html,company_locations_page,2026-08-24,,,,,,,,,,,,,,,,,,,,
tokyo-electron-019,tokyo-electron,Tokyo Electron,Tokyo Electron Israel Ltd. Head Office,headquarters,"1 Leshem street 1st Floor, West Entrance, Gat 2000, Kiryat Gat Israel.",Israel,,,unlocated,address_verified,https://www.tel.com/about/locations/tey.html,company_locations_page,2026-08-24,,,,,,,,,,,,,,,,,,,,
tokyo-electron-020,tokyo-electron,Tokyo Electron,Tokyo Electron Europe Ltd. — tel,office,"Unità locale di Catania Zona Industriale Pantano D’Arci VIII strada N°8, 95121 Catania, Italy",Italy,,,unlocated,address_verified,https://www.tel.com/about/locations/tee.html,company_locations_page,2026-08-24,,,,,,,,,,,,,,,,,,,,
tokyo-electron-021,tokyo-electron,Tokyo Electron,Tokyo Electron Europe Ltd. — tel,office,"Via Energy Park, 6, 20871 Vimercate Monza e Brianza, Italy",Italy,,,unlocated,address_verified,https://www.tel.com/about/locations/tee.html,company_locations_page,2026-08-24,,,,,,,,,,,,,,,,,,,,
tokyo-electron-022,tokyo-electron,Tokyo Electron,Tokyo Electron Europe Ltd. — tel,office,"Via Sandro Pertini N°166,, 67051 Avezzano, Italy",Italy,,,unlocated,address_verified,https://www.tel.com/about/locations/tee.html,company_locations_page,2026-08-24,,,,,,,,,,,,,,,,,,,,
tokyo-electron-023,tokyo-electron,Tokyo Electron,"Tokyo Electron BP Ltd., — Sales Office：Iwate",office,"52 Matsunagane, Iwayado, Esashi, , Oshu City, Iwate 023-1101",Japan,,,unlocated,address_verified,https://www.tel.com/about/locations/telbp.html,company_locations_page,2026-08-24,,,,,,,,,,,,,,,,,,,,
tokyo-electron-024,tokyo-electron,Tokyo Electron,"Tokyo Electron BP Ltd., — Sales Office：Kashiwa",office,"Landport KashiwaⅠ Kashiwainta-nishi 8gaiku1, 577 Oaota,, Kashiwa City, Chiba 277-0805",Japan,,,unlocated,address_verified,https://www.tel.com/about/locations/telbp.html,company_locations_page,2026-08-24,,,,,,,,,,,,,,,,,,,,
tokyo-electron-025,tokyo-electron,Tokyo Electron,"Tokyo Electron BP Ltd., — Sales Office：Kitakami",office,"1-18 Omatsuzawa, Aisari-cho, , Kitakami City, Iwate 024-0051",Japan,,,unlocated,address_verified,https://www.tel.com/about/locations/telbp.html,company_locations_page,2026-08-24,,,,,,,,,,,,,,,,,,,,
tokyo-electron-026,tokyo-electron,Tokyo Electron,"Tokyo Electron BP Ltd., — Sales Office：Mie",office,"9-11 Horiki, 2-chome, , Yokkaichi City, Mie 510-0076",Japan,,,unlocated,address_verified,https://www.tel.com/about/locations/telbp.html,company_locations_page,2026-08-24,,,,,,,,,,,,,,,,,,,,
tokyo-electron-027,tokyo-electron,Tokyo Electron,"Tokyo Electron BP Ltd., — Sales Office：Narita",office,"Prologis Parc Narita 1-D, 78-9 Miyahara, Minamisanrizuka, , Narita City, Chiba 286-0113",Japan,,,unlocated,address_verified,https://www.tel.com/about/locations/telbp.html,company_locations_page,2026-08-24,,,,,,,,,,,,,,,,,,,,
tokyo-electron-028,tokyo-electron,Tokyo Electron,"Tokyo Electron BP Ltd., — Sales Office：Ozu",office,"272-4 Takaono, Ozu-machi, , Kikuchi-gun, Kumamoto 869-1232",Japan,,,unlocated,address_verified,https://www.tel.com/about/locations/telbp.html,company_locations_page,2026-08-24,,,,,,,,,,,,,,,,,,,,
tokyo-electron-029,tokyo-electron,Tokyo Electron,"Tokyo Electron BP Ltd., — Sales Office：Taiwa",office,"1 Techno Hills, Taiwa-cho, , Kurokawa-gun, Miyagi 981-3629",Japan,,,unlocated,address_verified,https://www.tel.com/about/locations/telbp.html,company_locations_page,2026-08-24,,,,,,,,,,,,,,,,,,,,
tokyo-electron-030,tokyo-electron,Tokyo Electron,"Tokyo Electron BP Ltd., — Sales Office：Tohoku Production and Logistics Center",office,"11-1 Aza Sodeyama, Iwayado, Esashi,, Oshu City, Iwate 023-1101",Japan,,,unlocated,address_verified,https://www.tel.com/about/locations/telbp.html,company_locations_page,2026-08-24,,,,,,,,,,,,,,,,,,,,
tokyo-electron-031,tokyo-electron,Tokyo Electron,"Tokyo Electron BP Ltd., — Sales Office：Tomiya",office,"9-52-1 Narita, , Tomiya-city, Miyagi 981-3341",Japan,,,unlocated,address_verified,https://www.tel.com/about/locations/telbp.html,company_locations_page,2026-08-24,,,,,,,,,,,,,,,,,,,,
tokyo-electron-032,tokyo-electron,Tokyo Electron,"Tokyo Electron BP Ltd., — Sales Office：Yamanashichuo",office,"Yamanashichuo Logi-park B Block, 1007-5 Narushima, , Chuo City,Yamanashi 409-3815",Japan,,,unlocated,address_verified,https://www.tel.com/about/locations/telbp.html,company_locations_page,2026-08-24,,,,,,,,,,,,,,,,,,,,
tokyo-electron-033,tokyo-electron,Tokyo Electron,"Tokyo Electron BP Ltd., — Sales Office：Yokohama",office,"769 Nippa-cho, Kohoku-ku , Yokohama City, Kanagawa 223-0057",Japan,,,unlocated,address_verified,https://www.tel.com/about/locations/telbp.html,company_locations_page,2026-08-24,,,,,,,,,,,,,,,,,,,,
tokyo-electron-034,tokyo-electron,Tokyo Electron,Tokyo Electron Device Ltd. Head Office,headquarters,"Shibuya Sakura Stage SHIBUYA Tower,, 1-1-1 Sakuragaoka-cho, Shibuya-ku, Tokyo 150-6234",Japan,,,unlocated,address_verified,https://www.tel.com/about/locations/ted.html,company_locations_page,2026-08-24,,,,,,,,,,,,,,,,,,,,
tokyo-electron-035,tokyo-electron,Tokyo Electron,Tokyo Electron FE Ltd. — Chitose,office,"3F Chitose Station Plaza, 1789-3 Chiyoda-cho 7-Chome, , Chitose City, Hokkaido 066-0062",Japan,,,unlocated,address_verified,https://www.tel.com/about/locations/tfe.html,company_locations_page,2026-08-24,,,,,,,,,,,,,,,,,,,,
tokyo-electron-036,tokyo-electron,Tokyo Electron,Tokyo Electron FE Ltd. — tel,office,"1F AeR West, 1-1 Sakaemachi, , Isahaya City, Nagasaki 854-0013",Japan,,,unlocated,address_verified,https://www.tel.com/about/locations/tfe.html,company_locations_page,2026-08-24,,,,,,,,,,,,,,,,,,,,
tokyo-electron-037,tokyo-electron,Tokyo Electron,Tokyo Electron FE Ltd. — tel,office,"3-9-25 Fujinami, , Tsuruoka City, Yamagata 999-7604",Japan,,,unlocated,address_verified,https://www.tel.com/about/locations/tfe.html,company_locations_page,2026-08-24,,,,,,,,,,,,,,,,,,,,
tokyo-electron-038,tokyo-electron,Tokyo Electron,Tokyo Electron FE Ltd. — tel,office,"4F Twin Mall Plaza, 2-1 Hondori 2-Chome, , Kitakami City, Iwate 024-0094",Japan,,,unlocated,address_verified,https://www.tel.com/about/locations/tfe.html,company_locations_page,2026-08-24,,,,,,,,,,,,,,,,,,,,
tokyo-electron-039,tokyo-electron,Tokyo Electron,Tokyo Electron FE Ltd. — tel,office,"4F WAKURU SOGAWA, 4-1 Sogawa 3-chome, , Toyama City, Toyama 930-0083",Japan,,,unlocated,address_verified,https://www.tel.com/about/locations/tfe.html,company_locations_page,2026-08-24,,,,,,,,,,,,,,,,,,,,
tokyo-electron-040,tokyo-electron,Tokyo Electron,Tokyo Electron FE Ltd. — tel,office,"5155 Matsuoka, , Oita City, Oita 870-0125",Japan,,,unlocated,address_verified,https://www.tel.com/about/locations/tfe.html,company_locations_page,2026-08-24,,,,,,,,,,,,,,,,,,,,
tokyo-electron-041,tokyo-electron,Tokyo Electron,Tokyo Electron FE Ltd. — tel,office,"5453-2 Misonou, Saijo-cho, , Higashihiroshima City, Hiroshima 739-0024",Japan,,,unlocated,address_verified,https://www.tel.com/about/locations/tfe.html,company_locations_page,2026-08-24,,,,,,,,,,,,,,,,,,,,
tokyo-electron-042,tokyo-electron,Tokyo Electron,Tokyo Electron FE Ltd. — tel,office,"97-13 Yanagimaru-cho, , Miyazaki City, Miyazaki 880-0844",Japan,,,unlocated,address_verified,https://www.tel.com/about/locations/tfe.html,company_locations_page,2026-08-24,,,,,,,,,,,,,,,,,,,,
tokyo-electron-043,tokyo-electron,Tokyo Electron,Tokyo Electron Fuchu Technology Center,office,"30-7 Sumiyoshi-cho 2-chome,, Fuchu City, Tokyo 183-8705",Japan,,,unlocated,address_verified,https://www.tel.com/about/summary/index.html,company_locations_page,2026-08-24,,,,,,,,,,,,,,,,,,,,
tokyo-electron-044,tokyo-electron,Tokyo Electron,Tokyo Electron Global Headquarters,headquarters,"Akasaka Biz Tower, 3-1 Akasaka 5-chome,, Minato-ku, Tokyo 107-6325 tel +81-3-5561-7000",Japan,,,unlocated,address_verified,https://www.tel.com/about/summary/index.html,company_locations_page,2026-08-24,,,,,,,,,,,,,,,,,,,,
tokyo-electron-045,tokyo-electron,Tokyo Electron,Tokyo Electron Kyushu,branch,"1-1 Fukuhara, Koshi City,, Kumamoto 861-1116",Japan,,,unlocated,address_verified,https://www.tel.com/about/summary/index.html,company_locations_page,2026-08-24,,,,,,,,,,,,,,,,,,,,
tokyo-electron-046,tokyo-electron,Tokyo Electron,"Tokyo Electron Kyushu Ltd., — tel",office,"4F CONNECT SQUARE HAKATA,, 1-17-1 Hakataeki Higashi, Hakata-ku,, Fukuoka-shi, Fukuoka 812-0013",Japan,,,unlocated,address_verified,https://www.tel.com/about/locations/tkl.html,company_locations_page,2026-08-24,,,,,,,,,,,,,,,,,,,,
tokyo-electron-047,tokyo-electron,Tokyo Electron,Tokyo Electron Minatomirai,office,"Yokohama Symphostage, West Tower,, 5-1-2 Minatomirai, Nishi-ku,, Yokohama City, Kanagawa 220-0012",Japan,,,unlocated,address_verified,https://www.tel.com/about/summary/index.html,company_locations_page,2026-08-24,,,,,,,,,,,,,,,,,,,,
tokyo-electron-048,tokyo-electron,Tokyo Electron,Tokyo Electron Miyagi Ltd. — tel,office,"12F, Yodobashi Sendai 1st Building,, 1-3-1, Tsutsujigaoka, Miyagino-ku,, Sendai City, Miyagi 983-0852",Japan,,,unlocated,address_verified,https://www.tel.com/about/locations/tml.html,company_locations_page,2026-08-24,,,,,,,,,,,,,,,,,,,,
tokyo-electron-049,tokyo-electron,Tokyo Electron,Tokyo Electron Osaka,branch,"13-1 Umeda 1-chome,, Kita-ku, Osaka City, Osaka 530-0001",Japan,,,unlocated,address_verified,https://www.tel.com/about/summary/index.html,company_locations_page,2026-08-24,,,,,,,,,,,,,,,,,,,,
tokyo-electron-050,tokyo-electron,Tokyo Electron,Tokyo Electron Technology Solutions Ltd. — tel,office,"4F BIZrium Nagoya, 3-1-17 Noritake Shinmachi,, Nishi-ku, Nagoya City, Aichi 451-0051",Japan,,,unlocated,address_verified,https://www.tel.com/about/locations/tyl.html,company_locations_page,2026-08-24,,,,,,,,,,,,,,,,,,,,
tokyo-electron-051,tokyo-electron,Tokyo Electron,Tokyo Electron TEL Digital Design Square,office,"10F, Daido Seimei Sapporo Building,, 1, Kita 3-jo, Nishi 3-chome, Chuo-ku,, Sapporo City, Hokkaido 060-0003",Japan,,,unlocated,address_verified,https://www.tel.com/about/summary/index.html,company_locations_page,2026-08-24,,,,,,,,,,,,,,,,,,,,
tokyo-electron-052,tokyo-electron,Tokyo Electron,Tokyo Electron Yamanashi (Fujii),office,"2381-1 Kitagejo, Fujii-cho,, Nirasaki City, Yamanashi 407-8511",Japan,,,unlocated,address_verified,https://www.tel.com/about/summary/index.html,company_locations_page,2026-08-24,,,,,,,,,,,,,,,,,,,,
tokyo-electron-053,tokyo-electron,Tokyo Electron,Tokyo Electron Yamanashi (Hosaka),office,"650 Mitsuzawa, Hosaka-cho,, Nirasaki City, Yamanashi 407-0192",Japan,,,unlocated,address_verified,https://www.tel.com/about/summary/index.html,company_locations_page,2026-08-24,,,,,,,,,,,,,,,,,,,,
tokyo-electron-054,tokyo-electron,Tokyo Electron,Tokyo Electron (Malaysia) Sdn. Bhd. — Kuching Satellite,office,"No. 2 & 3, Level 1, Survey Lot 4067, , NBX Phase 2, The Northbank, , 93350 Kuching, Sarawak, Malaysia",Malaysia,,,unlocated,address_verified,https://www.tel.com/about/locations/tmy.html,company_locations_page,2026-08-24,,,,,,,,,,,,,,,,,,,,
tokyo-electron-055,tokyo-electron,Tokyo Electron,Tokyo Electron (Malaysia) Sdn. Bhd. — Kulim Satellite,office,"Bilik Mari-Mari, Kulim Golf & Country Resort, Kulim Hi-Tech Park, , 09000 Kulim, Kedah, Malaysia",Malaysia,,,unlocated,address_verified,https://www.tel.com/about/locations/tmy.html,company_locations_page,2026-08-24,,,,,,,,,,,,,,,,,,,,
tokyo-electron-056,tokyo-electron,Tokyo Electron,Tokyo Electron (Malaysia) Sdn. Bhd. Head Office,headquarters,"Unit Nos. 1-1-5, 1-1-6, 1-1-7 & 1-1-10, Jalan Bayan Indah, Queens Waterfront Q1,, 11900 Bayan Lepas, Penang, Malaysia",Malaysia,,,unlocated,address_verified,https://www.tel.com/about/locations/tmy.html,company_locations_page,2026-08-24,,,,,,,,,,,,,,,,,,,,
tokyo-electron-057,tokyo-electron,Tokyo Electron,Tokyo Electron Philippines Semiconductor Support Inc. — Alabang,office,"26th Floor Axis Tower 1 304 Filinvest Avenue Northgate Cyberzone, , Alabang Zapote Road, Muntinlupa City 1781, Metro Manila, Philippines",Philippines,,,unlocated,address_verified,https://www.tel.com/about/locations/tep.html,company_locations_page,2026-08-24,,,,,,,,,,,,,,,,,,,,
tokyo-electron-058,tokyo-electron,Tokyo Electron,Tokyo Electron Philippines Semiconductor Support Inc. Head Office,headquarters,"Room 321, Philippine Social Science Center, 372-C Commonwealth Ave., Diliman, Quezon City, Second District, National Capital Region, Philippines 1101",Philippines,,,unlocated,address_verified,https://www.tel.com/about/locations/tep.html,company_locations_page,2026-08-24,,,,,,,,,,,,,,,,,,,,
tokyo-electron-059,tokyo-electron,Tokyo Electron,Tokyo Electron Singapore Pte. Ltd. — Singapore Training Centre,training_center,"163 Kallang Way, #04-15/16/17, Singapore 349256",Singapore,,,unlocated,address_verified,https://www.tel.com/about/locations/tsi.html,company_locations_page,2026-08-24,,,,,,,,,,,,,,,,,,,,
tokyo-electron-060,tokyo-electron,Tokyo Electron,Tokyo Electron Singapore Pte. Ltd. — Woodlands,office,"6 Woodlands Square, Woods Square #10-04 to #10-06, Singapore 737737",Singapore,,,unlocated,address_verified,https://www.tel.com/about/locations/tsi.html,company_locations_page,2026-08-24,,,,,,,,,,,,,,,,,,,,
tokyo-electron-061,tokyo-electron,Tokyo Electron,Tokyo Electron Singapore Pte. Ltd. Head Office,headquarters,"1 Paya Lebar Link, #14-05 PLQ 2, Paya Lebar Quarter, Singapore 408533",Singapore,,,unlocated,address_verified,https://www.tel.com/about/locations/tsi.html,company_locations_page,2026-08-24,,,,,,,,,,,,,,,,,,,,
tokyo-electron-062,tokyo-electron,Tokyo Electron,Tokyo Electron Korea Ltd. — Balan Factory,factory,"51, Jangangongdan 6-gil, Jangan-myeon, Manse-gu, , Hwaseong-si, Gyeonggi-do, 18579, Korea",South Korea,,,unlocated,address_verified,https://www.tel.com/about/locations/tek.html,company_locations_page,2026-08-24,,,,,,,,,,,,,,,,,,,,
tokyo-electron-063,tokyo-electron,Tokyo Electron,Tokyo Electron Korea Ltd. — tel,office,"2056, Gyeongchung-daero, Bubal-eup, , Icheon-si, Gyeonggi-do, 17332, Korea",South Korea,,,unlocated,address_verified,https://www.tel.com/about/locations/tek.html,company_locations_page,2026-08-24,,,,,,,,,,,,,,,,,,,,
tokyo-electron-064,tokyo-electron,Tokyo Electron,Tokyo Electron Korea Ltd. — tel,office,"304, Godeok jungang-ro, Godeok-myeon,, Pyeongtaek-si, Gyeonggi-do, 18014, Korea",South Korea,,,unlocated,address_verified,https://www.tel.com/about/locations/tek.html,company_locations_page,2026-08-24,,,,,,,,,,,,,,,,,,,,
tokyo-electron-065,tokyo-electron,Tokyo Electron,Tokyo Electron Korea Ltd. — tel,office,"4Fl, Miraecity Bldg., 46, Geomeundeul 3-gil, Seobuk-gu,, Cheonan-si, Chungcheongnam-do, 31163, Korea",South Korea,,,unlocated,address_verified,https://www.tel.com/about/locations/tek.html,company_locations_page,2026-08-24,,,,,,,,,,,,,,,,,,,,
tokyo-electron-066,tokyo-electron,Tokyo Electron,Tokyo Electron Korea Ltd. — tel,office,"8Fl, Cheongwon Central-Tower Bldg., 84, Geumneungyeok-ro, , Paju-si, Gyeonggi-do, 10915, Korea",South Korea,,,unlocated,address_verified,https://www.tel.com/about/locations/tek.html,company_locations_page,2026-08-24,,,,,,,,,,,,,,,,,,,,
tokyo-electron-067,tokyo-electron,Tokyo Electron,Tokyo Electron Korea Ltd. — tel,office,"B-37F., Keumgang Penterium IX tower,, 27, Dongtancheomdansaneop 1-ro, Dongtan-gu, , Hwaseong-si, Gyeonggi-do, 18469, Korea",South Korea,,,unlocated,address_verified,https://www.tel.com/about/locations/tek.html,company_locations_page,2026-08-24,,,,,,,,,,,,,,,,,,,,
tokyo-electron-068,tokyo-electron,Tokyo Electron,Tokyo Electron Korea Ltd. — tel,office,"B-3Fl, 15, Pungsan-ro, Heungdeok-gu,, Cheongju-si, Chungcheongbuk-do, 28396, Korea",South Korea,,,unlocated,address_verified,https://www.tel.com/about/locations/tek.html,company_locations_page,2026-08-24,,,,,,,,,,,,,,,,,,,,
tokyo-electron-069,tokyo-electron,Tokyo Electron,Tokyo Electron Korea Ltd. Head Office,headquarters,"56, Samsung 1-ro 1-gil, Dongtan-gu, , Hwaseong-si, Gyeonggi-do, 18449 Korea",South Korea,,,unlocated,address_verified,https://www.tel.com/about/locations/tek.html,company_locations_page,2026-08-24,,,,,,,,,,,,,,,,,,,,
tokyo-electron-070,tokyo-electron,Tokyo Electron,TEL Solar Services AG Head Office,headquarters,"A) For Laser Systems: Corning Laser Technologies GmbH, Robert-Stirling-Ring 2, DE-82152 Krailling, Germany, Contact e-mail, , B) For all other TEL Solar equipment (incl. Display (FTP) equipment): Evatec AG, Hauptstrasse 1a CH-9477 Truebbach, Switzerland, Contact e-mail",Switzerland,,,unlocated,address_verified,https://www.tel.com/about/locations/telsolar.html,company_locations_page,2026-08-24,,,,,,,,,,,,,,,,,,,,
tokyo-electron-071,tokyo-electron,Tokyo Electron,Tokyo Electron Taiwan Ltd. — Hsinchu 2nd,office,"No.203, Ciji Rd., East Dist., , Hsinchu City 300047, Taiwan, R.O.C.",Taiwan,,,unlocated,address_verified,https://www.tel.com/about/locations/tet.html,company_locations_page,2026-08-24,,,,,,,,,,,,,,,,,,,,
tokyo-electron-072,tokyo-electron,Tokyo Electron,Tokyo Electron Taiwan Ltd. — tel,office,"10F, No.503, Mengzi Rd., Zuoying Dist., , Kaohsiung City 813027, Taiwan, R.O.C.",Taiwan,,,unlocated,address_verified,https://www.tel.com/about/locations/tet.html,company_locations_page,2026-08-24,,,,,,,,,,,,,,,,,,,,
tokyo-electron-073,tokyo-electron,Tokyo Electron,Tokyo Electron Taiwan Ltd. — tel,office,"12F, No.188, Wenhe Rd., Guishan Dist.,, Taoyuan City 333001, Taiwan, R.O.C.",Taiwan,,,unlocated,address_verified,https://www.tel.com/about/locations/tet.html,company_locations_page,2026-08-24,,,,,,,,,,,,,,,,,,,,
tokyo-electron-074,tokyo-electron,Tokyo Electron,Tokyo Electron Taiwan Ltd. — tel,office,"2F, No.372-2, Sec.4, Zhongxing Rd., Zhudong Township,, Hsinchu County 310019, Taiwan, R.O.C.",Taiwan,,,unlocated,address_verified,https://www.tel.com/about/locations/tet.html,company_locations_page,2026-08-24,,,,,,,,,,,,,,,,,,,,
tokyo-electron-075,tokyo-electron,Tokyo Electron,Tokyo Electron Taiwan Ltd. — tel,office,"4F, No.93, Jianguo 3rd Rd., Sanmin Dist., , Kaohsiung City 807001, Taiwan, R.O.C.",Taiwan,,,unlocated,address_verified,https://www.tel.com/about/locations/tet.html,company_locations_page,2026-08-24,,,,,,,,,,,,,,,,,,,,
tokyo-electron-076,tokyo-electron,Tokyo Electron,Tokyo Electron Taiwan Ltd. — tel,office,"7F, No.77, Puding 2nd Rd., East Dist.,, Hsinchu City 300047, Taiwan, R.O.C.",Taiwan,,,unlocated,address_verified,https://www.tel.com/about/locations/tet.html,company_locations_page,2026-08-24,,,,,,,,,,,,,,,,,,,,
tokyo-electron-077,tokyo-electron,Tokyo Electron,Tokyo Electron Taiwan Ltd. — tel,office,"8F, No.480, Shizheng Rd., Xitun Dist.,, Taichung City 407028, Taiwan, R.O.C.",Taiwan,,,unlocated,address_verified,https://www.tel.com/about/locations/tet.html,company_locations_page,2026-08-24,,,,,,,,,,,,,,,,,,,,
tokyo-electron-078,tokyo-electron,Tokyo Electron,Tokyo Electron Taiwan Ltd. — tel,office,"No.141, Fengyang Rd., Fengyuan Dist.,, Taichung City 420018, Taiwan, R.O.C.",Taiwan,,,unlocated,address_verified,https://www.tel.com/about/locations/tet.html,company_locations_page,2026-08-24,,,,,,,,,,,,,,,,,,,,
tokyo-electron-079,tokyo-electron,Tokyo Electron,Tokyo Electron Taiwan Ltd. — tel,office,"No.17, Xishan 1st Rd., Shanhua Dist.,, Tainan City 741009, Taiwan, R.O.C.",Taiwan,,,unlocated,address_verified,https://www.tel.com/about/locations/tet.html,company_locations_page,2026-08-24,,,,,,,,,,,,,,,,,,,,
tokyo-electron-080,tokyo-electron,Tokyo Electron,Tokyo Electron Taiwan Ltd. Head Office,headquarters,"No.7, Dusing Rd., Hsinchu Science Park, Hsin-chu City 300096, Taiwan, R.O.C.",Taiwan,,,unlocated,address_verified,https://www.tel.com/about/locations/tet.html,company_locations_page,2026-08-24,,,,,,,,,,,,,,,,,,,,
tokyo-electron-081,tokyo-electron,Tokyo Electron,Tokyo Electron Europe Ltd. — tel,office,"Europastrasse 8-10 Gebaude T02, 9524 Villach, Austria",United Kingdom,,,unlocated,address_verified,https://www.tel.com/about/locations/tee.html,company_locations_page,2026-08-24,,,,,,,,,,,,,,,,,,,,
tokyo-electron-082,tokyo-electron,Tokyo Electron,Tokyo Electron Europe Ltd. — tel,office,"Kapeldreef 75, 3001 Leuven, Belgium",United Kingdom,,,unlocated,address_verified,https://www.tel.com/about/locations/tee.html,company_locations_page,2026-08-24,,,,,,,,,,,,,,,,,,,,
tokyo-electron-083,tokyo-electron,Tokyo Electron,Tokyo Electron Europe Ltd. Head Office,headquarters,"Pioneer, Crawley Business Quarter,, Fleming Way, Crawley,, West Sussex, RH10 9QL, England U.K.",United Kingdom,,,unlocated,address_verified,https://www.tel.com/about/locations/tee.html,company_locations_page,2026-08-24,,,,,,,,,,,,,,,,,,,,
tokyo-electron-084,tokyo-electron,Tokyo Electron,"TEL Manufacturing and Engineering of America, Inc. — North Chelmsford",office,"8 Technology Drive, Suite 101, North Chelmsford, MA 01863 U.S.A.",United States,,,unlocated,address_verified,https://www.tel.com/about/locations/tmea.html,company_locations_page,2026-08-24,,,,,,,,,,,,,,,,,,,,
tokyo-electron-085,tokyo-electron,Tokyo Electron,"TEL Manufacturing and Engineering of America, Inc. Head Office",headquarters,"3455 Lyman Boulevard, Chaska, MN 55318-3052, U.S.A.",United States,,,unlocated,address_verified,https://www.tel.com/about/locations/tmea.html,company_locations_page,2026-08-24,,,,,,,,,,,,,,,,,,,,
tokyo-electron-086,tokyo-electron,Tokyo Electron,TEL Technology & AI Design Inc. Head Office,headquarters,"3011 North First St,, San Jose, CA 95134 U.S.A.",United States,,,unlocated,address_verified,https://www.tel.com/about/locations/ttad.html,company_locations_page,2026-08-24,,,,,,,,,,,,,,,,,,,,
tokyo-electron-087,tokyo-electron,Tokyo Electron,"Tokyo Electron America, Inc. — Albuquerque",office,"3901 Singer Blvd., NE, Suite D,, Albuquerque, NM 87109 U.S.A.",United States,,,unlocated,address_verified,https://www.tel.com/about/locations/tea.html,company_locations_page,2026-08-24,,,,,,,,,,,,,,,,,,,,
tokyo-electron-088,tokyo-electron,Tokyo Electron,"Tokyo Electron America, Inc. — Fremont",office,"2859 Bayview Dr., Fremont, CA 94538 U.S.A.",United States,,,unlocated,address_verified,https://www.tel.com/about/locations/tea.html,company_locations_page,2026-08-24,,,,,,,,,,,,,,,,,,,,
tokyo-electron-089,tokyo-electron,Tokyo Electron,"Tokyo Electron America, Inc. — Portland",office,"3188 NE Aloclek Dr.,, Hillsboro, OR 97124 U.S.A.",United States,,,unlocated,address_verified,https://www.tel.com/about/locations/tea.html,company_locations_page,2026-08-24,,,,,,,,,,,,,,,,,,,,
tokyo-electron-090,tokyo-electron,Tokyo Electron,"Tokyo Electron America, Inc. — tel",office,"1500 Shoreline Drive, Suite 101,, Boise, ID 83702 U.S.A.",United States,,,unlocated,address_verified,https://www.tel.com/about/locations/tea.html,company_locations_page,2026-08-24,,,,,,,,,,,,,,,,,,,,
tokyo-electron-091,tokyo-electron,Tokyo Electron,"Tokyo Electron America, Inc. — tel",office,"2 Bayberry Drive, Suite 2-200,, Malta, NY 12020 U.S.A.",United States,,,unlocated,address_verified,https://www.tel.com/about/locations/tea.html,company_locations_page,2026-08-24,,,,,,,,,,,,,,,,,,,,
tokyo-electron-092,tokyo-electron,Tokyo Electron,"Tokyo Electron America, Inc. — tel",office,"23751 N. 23rd Ave., Suite 190, , Phoenix, AZ 85085 U.S.A",United States,,,unlocated,address_verified,https://www.tel.com/about/locations/tea.html,company_locations_page,2026-08-24,,,,,,,,,,,,,,,,,,,,
tokyo-electron-093,tokyo-electron,Tokyo Electron,"Tokyo Electron America, Inc. — tel",office,"2545 W.Frye Rd., Suite 1,, Chandler, AZ 85224 U.S.A.",United States,,,unlocated,address_verified,https://www.tel.com/about/locations/tea.html,company_locations_page,2026-08-24,,,,,,,,,,,,,,,,,,,,
tokyo-electron-094,tokyo-electron,Tokyo Electron,"Tokyo Electron America, Inc. — tel",office,"3300 North Running Creek Way, Bldg D200,, Lehi, UT 84043 U.S.A.",United States,,,unlocated,address_verified,https://www.tel.com/about/locations/tea.html,company_locations_page,2026-08-24,,,,,,,,,,,,,,,,,,,,
tokyo-electron-095,tokyo-electron,Tokyo Electron,"Tokyo Electron America, Inc. — tel",office,"3305 Matrix Dr., Suite 200,, Richardson, TX 75082 U.S.A.",United States,,,unlocated,address_verified,https://www.tel.com/about/locations/tea.html,company_locations_page,2026-08-24,,,,,,,,,,,,,,,,,,,,
tokyo-electron-096,tokyo-electron,Tokyo Electron,"Tokyo Electron America, Inc. — tel",office,"4616 US Hwy 75S, Suite 205, , Denison, TX 75020 U.S.A.",United States,,,unlocated,address_verified,https://www.tel.com/about/locations/tea.html,company_locations_page,2026-08-24,,,,,,,,,,,,,,,,,,,,
tokyo-electron-097,tokyo-electron,Tokyo Electron,"Tokyo Electron America, Inc. — tel",office,"9501 Innovation Drive,, Manassas, VA 20110 U.S.A.",United States,,,unlocated,address_verified,https://www.tel.com/about/locations/tea.html,company_locations_page,2026-08-24,,,,,,,,,,,,,,,,,,,,
tokyo-electron-098,tokyo-electron,Tokyo Electron,"Tokyo Electron America, Inc. — tel",office,"NanoFab 300 South, 255 Fuller Road, Suite 214,, Albany, NY 12203 U.S.A.",United States,,,unlocated,address_verified,https://www.tel.com/about/locations/tea.html,company_locations_page,2026-08-24,,,,,,,,,,,,,,,,,,,,
tokyo-electron-099,tokyo-electron,Tokyo Electron,"Tokyo Electron America, Inc. — Texas Training and, R&D Center",training_center,"7301 Metro Center Drive, Suite 300,, Austin, TX 78744 U.S.A.",United States,,,unlocated,address_verified,https://www.tel.com/about/locations/tea.html,company_locations_page,2026-08-24,,,,,,,,,,,,,,,,,,,,
tokyo-electron-100,tokyo-electron,Tokyo Electron,"Tokyo Electron America, Inc. Head Office",headquarters,"401 S 1st St, Suite 900,, Austin, TX 78704 U.S.A.",United States,,,unlocated,address_verified,https://www.tel.com/about/locations/tea.html,company_locations_page,2026-08-24,,,,,,,,,,,,,,,,,,,,
tokyo-electron-101,tokyo-electron,Tokyo Electron,"Tokyo Electron U.S. Holdings, Inc. — New York City",office,"250 Park Avenue, New York, NY 10177 U.S.A.",United States,,,unlocated,address_verified,https://www.tel.com/about/locations/tel_us.html,company_locations_page,2026-08-24,,,,,,,,,,,,,,,,,,,,
tokyo-electron-102,tokyo-electron,Tokyo Electron,"Tokyo Electron U.S. Holdings, Inc. — Washington D.C.",office,"The Homer Building, 601 13th Street NW, 12th Floor, Washington, DC 20005 U.S.A.",United States,,,unlocated,address_verified,https://www.tel.com/about/locations/tel_us.html,company_locations_page,2026-08-24,,,,,,,,,,,,,,,,,,,,
micron-001,micron,Micron,"Micron Shanghai, China",office,"Xinglian Science and Technology Park, 11-18F Building #1, No.1535 Hong Mei Road, Shanghai 200233, China (PRC)",China,,,unlocated,address_verified,https://www.micron.com/about/locations,company_locations_page,2026-08-24,,,,,,,,,,,,,,,,,,,,
micron-002,micron,Micron,"Micron Shenzhen, China",office,"10B01~04, 10A03~04, Anlian Plaza, No.4018 Jintian Road, Shenzhen 518026, China (PRC)",China,22.548111,114.070076,building,map_ready,https://www.micron.com/about/locations,company_locations_page,2026-08-24,,,,,,,official_company_map,,,,,,,,,,,,,
micron-003,micron,Micron,"Micron Xi'an, China",office,"Zone B of Shaanxi Xi'an Export Processing Zone, 28 XinXi Avenue, Xi'an 710119, China (PRC)",China,34.173644,108.851641,building,map_ready,https://www.micron.com/about/locations,company_locations_page,2026-08-24,,,,,,,official_company_map,,,,,,,,,,,,,
micron-004,micron,Micron,"Micron Munich, Germany",office,"Carl-Wery-Str 22, Munich 81739, Germany",Germany,48.0913304,11.644722099999967,building,map_ready,https://www.micron.com/about/locations,company_locations_page,2026-08-24,,,,,,,official_company_map,,,,,,,,,,,,,
micron-005,micron,Micron,"Micron Munich, Germany",office,"Leopoldstrasse 250B, Munich 80807, Germany",Germany,48.182587,11.585449,building,map_ready,https://www.micron.com/about/locations,company_locations_page,2026-08-24,,,,,,,official_company_map,,,,,,,,,,,,,
micron-006,micron,Micron,"Micron Bengaluru, India",office,"Cessna Business Park­, Kadubeesanahalli Village, Varthur hobli, Outer Ring Road, Bengaluru, Karnataka 560103, India",India,12.9365109,77.6907238,building,map_ready,https://www.micron.com/about/locations,company_locations_page,2026-08-24,,,,,,,official_company_map,,,,,,,,,,,,,
micron-007,micron,Micron,"Micron Gujarat, India",office,"AV-11, GIDC Sanand II, Bol Ind. Estate, Sanand, Sanand, Ahmedabad, Sanand, Gujarat 382110, India",India,,,unlocated,address_verified,https://www.micron.com/about/locations,company_locations_page,2026-08-24,,,,,,,,,,,,,,,,,,,,
micron-008,micron,Micron,"Micron Gujarat, India",office,"Plot No. SM12 51/3,, Sanand GIDC-II,, Industrial Estate,, Ahmedabad, Gujarat 382110, India",India,,,unlocated,address_verified,https://www.micron.com/about/locations,company_locations_page,2026-08-24,,,,,,,,,,,,,,,,,,,,
micron-009,micron,Micron,"Micron Hyderabad, India",office,"Phoenix - Aquila Block A, Financial District, Nankaramguda, Serilingampally, Hyderabad, Telangana 500032, India",India,,,unlocated,address_verified,https://www.micron.com/about/locations,company_locations_page,2026-08-24,,,,,,,,,,,,,,,,,,,,
micron-010,micron,Micron,"Micron Arzano Napoli, Italy",office,"Viale Remo De Feo, 1, 80022 Arzano (NA), Italy",Italy,40.91528,14.26806,building,map_ready,https://www.micron.com/about/locations,company_locations_page,2026-08-24,,,,,,,official_company_map,,,,,,,,,,,,,
micron-011,micron,Micron,"Micron Avezzano, Italy",office,"Via Newton, 34, 67051 Avezzano (AQ), Italy",Italy,42.0045016,13.4377454,building,map_ready,https://www.micron.com/about/locations,company_locations_page,2026-08-24,,,,,,,official_company_map,,,,,,,,,,,,,
micron-012,micron,Micron,"Micron Vimercate, Italy",office,"Via Trento, 26, Vimercate, MB 20871 Italy",Italy,45.597402,9.362358,building,map_ready,https://www.micron.com/about/locations,company_locations_page,2026-08-24,,,,,,,official_company_map,,,,,,,,,,,,,
micron-013,micron,Micron,"Micron Hashimoto, Japan",office,"Hashimoto Engineering Center, 3-1-35 Minamihashimoto, Chuo-ku, Sagamihara-shi, Kanagawa 252-5297, Japan",Japan,35.577021,139.351267,building,map_ready,https://www.micron.com/about/locations,company_locations_page,2026-08-24,,,,,,,official_company_map,,,,,,,,,,,,,
micron-014,micron,Micron,"Micron Hiroshima, Japan",office,"Hiroshima Plant / Technology Development, 7-10 Yoshikawakogyodanchi, Higashihiroshima-shi, Hiroshima 739-0198, Japan",Japan,34.385406,132.679406,building,map_ready,https://www.micron.com/about/locations,company_locations_page,2026-08-24,,,,,,,official_company_map,,,,,,,,,,,,,
micron-015,micron,Micron,"Micron Hiroshima, Japan",office,"Saijo Office, Hakuwa Showa-cho Building, 11-2 Saijo Showa-cho, Higashihiroshima City, Hiroshima Prefecture, 739-0014, Japan",Japan,,,unlocated,address_verified,https://www.micron.com/about/locations,company_locations_page,2026-08-24,,,,,,,,,,,,,,,,,,,,
micron-016,micron,Micron,"Micron Tokyo, Japan",office,"Tokyo Office, Shinagawa Season Terrace 8F 1-2-70 Konan, Minato-ku, Tokyo 108-0075, Japan",Japan,35.632838,139.743564,building,map_ready,https://www.micron.com/about/locations,company_locations_page,2026-08-24,,,,,,,official_company_map,,,,,,,,,,,,,
micron-017,micron,Micron,"Micron Muar, Malaysia",office,"Tanjung Agas Industrial Area, PO Box 62, Muar, Johor 84000, Malaysia",Malaysia,2.051344,102.561321,building,map_ready,https://www.micron.com/about/locations,company_locations_page,2026-08-24,,,,,,,official_company_map,,,,,,,,,,,,,
micron-018,micron,Micron,"Micron Penang, Malaysia",office,"No.1063, Plot 19, Tingkat Perusahaan 6, Prai Industrial Estate, 13600 Prai, Penang, Malaysia",Malaysia,,,unlocated,address_verified,https://www.micron.com/about/locations,company_locations_page,2026-08-24,,,,,,,,,,,,,,,,,,,,
micron-019,micron,Micron,"Micron Penang, Malaysia",office,"PMT 779, Lingkaran Cassia Selatan Taman Perindustrian Batu Kawan, 14110 Bandar Cassia, Penang, Malaysia",Malaysia,,,unlocated,address_verified,https://www.micron.com/about/locations,company_locations_page,2026-08-24,,,,,,,,,,,,,,,,,,,,
micron-020,micron,Micron,"Micron Guadalajara, Mexico",office,"Connect Building, Floor 6, Anillo Periférico Sur 7988, Santa Maria Tequepexpan, Tlaquepaque, Jalisco, MX 45601",Mexico,20.608686583934393,-103.40358252341608,building,map_ready,https://www.micron.com/about/locations,company_locations_page,2026-08-24,,,,,,,official_company_map,,,,,,,,,,,,,
micron-021,micron,Micron,Micron Singapore,office,"1 North Coast Avenue, Singapore 737663",Singapore,,,unlocated,address_verified,https://www.micron.com/about/locations,company_locations_page,2026-08-24,,,,,,,,,,,,,,,,,,,,
micron-022,micron,Micron,Micron Singapore,office,"1 North Coast Drive, Singapore 757432",Singapore,1.454815,103.794058,building,map_ready,https://www.micron.com/about/locations,company_locations_page,2026-08-24,,,,,,,official_company_map,,,,,,,,,,,,,
micron-023,micron,Micron,Micron Singapore,office,"1 Woodlands Industrial Park D, Street 1, Singapore 738799",Singapore,1.432406,103.767564,building,map_ready,https://www.micron.com/about/locations,company_locations_page,2026-08-24,,,,,,,official_company_map,,,,,,,,,,,,,
micron-024,micron,Micron,Micron Singapore,office,"990 Bendemeer Road, Singapore 339942",Singapore,1.317716,103.864871,building,map_ready,https://www.micron.com/about/locations,company_locations_page,2026-08-24,,,,,,,official_company_map,,,,,,,,,,,,,
micron-025,micron,Micron,"Micron Seoul, Korea",office,"5th Floor Glass Tower Bldg., 534 Teheran-ro, Gangnam-gu, Seoul 06181, Korea",South Korea,37.557121,126.977375,building,map_ready,https://www.micron.com/about/locations,company_locations_page,2026-08-24,,,,,,,official_company_map,,,,,,,,,,,,,
micron-026,micron,Micron,"Micron Hsinchu, Taiwan",office,"7F., No. 1, Huanke 1st Rd., Zhubei City, Hsinchu County 30247, Taiwan",Taiwan,24.838301536848913,120.99334303980804,building,map_ready,https://www.micron.com/about/locations,company_locations_page,2026-08-24,,,,,,,official_company_map,,,,,,,,,,,,,
micron-027,micron,Micron,"Micron Miaoli, Taiwan",office,"No. 8, Tongke 7th Rd., Tongluo Township, Miaoli County 366003, Taiwan",Taiwan,,,unlocated,address_verified,https://www.micron.com/about/locations,company_locations_page,2026-08-24,,,,,,,,,,,,,,,,,,,,
micron-028,micron,Micron,"Micron Taichung, Taiwan",office,"No. 369, Sec. 4, Sanfeng Rd., Houli Dist., Taichung City 42152, Taiwan",Taiwan,24.318444,120.723083,building,map_ready,https://www.micron.com/about/locations,company_locations_page,2026-08-24,,,,,,,official_company_map,,,,,,,,,,,,,
micron-029,micron,Micron,"Micron Tainan, Taiwan",office,"No. 36, Keji 1st Rd., Annan Dist., Tainan City 709404, Taiwan",Taiwan,25.02849,121.572639,building,map_ready,https://www.micron.com/about/locations,company_locations_page,2026-08-24,,,,,,,official_company_map,,,,,,,,,,,,,
micron-030,micron,Micron,"Micron Taipei, Taiwan",office,"23F & 24F., No. 170 Jingmao 1st Rd., Nangang Dist., Taipei City 11568, Taiwan",Taiwan,,,unlocated,address_verified,https://www.micron.com/about/locations,company_locations_page,2026-08-24,,,,,,,,,,,,,,,,,,,,
micron-031,micron,Micron,"Micron Taoyuan, Taiwan",office,"No. 667, Fuhsing 3rd Rd., Hwa-Ya Technology Park, Guishan District, Taoyuan City 33383, Taiwan",Taiwan,25.038809,121.373866,building,map_ready,https://www.micron.com/about/locations,company_locations_page,2026-08-24,,,,,,,official_company_map,,,,,,,,,,,,,
micron-032,micron,Micron,"Micron Tongluo, Taiwan",office,"No. 8, Tongke 7th Rd., Tongluo Township,, Miaoli County 366003, Taiwan (R.O.C.).",Taiwan,48.727585733833514,2.264506552295879,building,map_ready,https://www.micron.com/about/locations,company_locations_page,2026-08-24,,,,,,,official_company_map,,,,,,,,,,,,,
micron-033,micron,Micron,"Micron Bracknell, United Kingdom",office,"Venture House, 2 Arlington Square, Downshire Way,, Bracknell, Berkshire, RG12 1WA, United Kingdom",United Kingdom,51.4153204,-0.7602891,building,map_ready,https://www.micron.com/about/locations,company_locations_page,2026-08-24,,,,,,,official_company_map,,,,,,,,,,,,,
micron-034,micron,Micron,"Micron Austin, U.S.A.",office,"101 West Louis Henna Blvd, Ste. 210, Austin, Texas 78728, USA",United States,30.479158,-97.675326,building,map_ready,https://www.micron.com/about/locations,company_locations_page,2026-08-24,,,,,,,official_company_map,,,,,,,,,,,,,
micron-035,micron,Micron,"Micron Boise, U.S.A.",headquarters,"8000 S Federal Way, Boise, Idaho 83716, USA",United States,,,unlocated,address_verified,https://www.micron.com/about/locations,company_locations_page,2026-08-24,,,,,,,,,,,,,,,,,,,,
micron-036,micron,Micron,"Micron Folsom, U.S.A.",office,"2235 Iron Point Road, Folsom, California 95630, USA",United States,38.644953,-121.131393,building,map_ready,https://www.micron.com/about/locations,company_locations_page,2026-08-24,,,,,,,official_company_map,,,,,,,,,,,,,
micron-037,micron,Micron,"Micron Longmont, U.S.A.",office,"2452 Clover Basin Dr Suite C, Longmont, Colorado 80503, USA",United States,,,unlocated,address_verified,https://www.micron.com/about/locations,company_locations_page,2026-08-24,,,,,,,,,,,,,,,,,,,,
micron-038,micron,Micron,"Micron Manassas, U.S.A.",office,"9600 Godwin Drive, Manassas, Virginia 20110, USA",United States,38.748598,-77.511517,building,map_ready,https://www.micron.com/about/locations,company_locations_page,2026-08-24,,,,,,,official_company_map,,,,,,,,,,,,,
micron-039,micron,Micron,"Micron Meridian, U.S.A.",office,"3475 East Commercial Court, Meridian, Idaho 83642, USA",United States,43.609759,-116.35107,building,map_ready,https://www.micron.com/about/locations,company_locations_page,2026-08-24,,,,,,,official_company_map,,,,,,,,,,,,,
micron-040,micron,Micron,"Micron Minneapolis, U.S.A.",office,"3001 Broadway Street N.E., Suite 200, Minneapolis, Minnesota 55413-2657, USA",United States,44.998792,-93.21972,building,map_ready,https://www.micron.com/about/locations,company_locations_page,2026-08-24,,,,,,,official_company_map,,,,,,,,,,,,,
micron-041,micron,Micron,"Micron Richardson, U.S.A.",office,"1500 N Greenville Ave, Suite 900, Richardson, Texas 75081, USA",United States,32.9683992,-96.7180698,building,map_ready,https://www.micron.com/about/locations,company_locations_page,2026-08-24,,,,,,,official_company_map,,,,,,,,,,,,,
micron-042,micron,Micron,"Micron San Jose, U.S.A.",office,"110 Holger Way, San Jose, California 95134, USA",United States,37.417857,-121.953733,building,map_ready,https://www.micron.com/about/locations,company_locations_page,2026-08-24,,,,,,,official_company_map,,,,,,,,,,,,,
micron-043,micron,Micron,"Micron Syracuse, U.S.A.",office,"One Lincoln Center, Floor 8, 110 West Fayette St, Syracuse, New York 13202, USA",United States,,,unlocated,address_verified,https://www.micron.com/about/locations,company_locations_page,2026-08-24,,,,,,,,,,,,,,,,,,,,
sk-hynix-001,sk-hynix,SK hynix,SK hynix Beijing Office,office,"Unit(s) 03-19 SK hynix, 57F China World Tower A, No,1 Jian Guo Men Wai Avenue, Beijing, China (100022)",China,,,unlocated,address_verified,https://www.skhynix.com/company/UI-FR-CP06/,company_locations_page,2026-08-24,,,,,,,,,,,,,,,,,,,,
sk-hynix-002,sk-hynix,SK hynix,SK hynix Chongqing Office,office,"Room 1804, Xinda International Building No. 67, Middle Section of Huangshan Avenue, Chongqing, China (401121)",China,,,unlocated,address_verified,https://www.skhynix.com/company/UI-FR-CP06/,company_locations_page,2026-08-24,,,,,,,,,,,,,,,,,,,,
sk-hynix-003,sk-hynix,SK hynix,SK hynix Headquarters,headquarters,"Xiyong Comprehensive Bonded Zone B Block v2-4/02, Shapingba district, Chongqing, China (400030)",China,,,unlocated,address_verified,https://www.skhynix.com/company/UI-FR-CP06/,company_locations_page,2026-08-24,,,,,,,,,,,,,,,,,,,,
sk-hynix-004,sk-hynix,SK hynix,SK hynix Headquarters,headquarters,"No. 109, Huaihe Road East, Dalian Economic & Technical Development Area, Liaoning",China,,,unlocated,address_verified,https://www.skhynix.com/company/UI-FR-CP06/,company_locations_page,2026-08-24,,,,,,,,,,,,,,,,,,,,
sk-hynix-005,sk-hynix,SK hynix,SK hynix Shanghai Office,office,"SK Tower 60F, No. 149 Youcheng Road, Pudong New District, Shanghai, China(200126)",China,,,unlocated,address_verified,https://www.skhynix.com/company/UI-FR-CP06/,company_locations_page,2026-08-24,,,,,,,,,,,,,,,,,,,,
sk-hynix-006,sk-hynix,SK hynix,SK hynix Shen Zhen Office,office,"17F, Building B, East Pacific International Center, No.7888 Shennan Rd, Shenzhen, China (518040)",China,,,unlocated,address_verified,https://www.skhynix.com/company/UI-FR-CP06/,company_locations_page,2026-08-24,,,,,,,,,,,,,,,,,,,,
sk-hynix-007,sk-hynix,SK hynix,SK hynix Wuxi Headquarters (Sales office),headquarters,"Lot K7, Wuxi High-tech Zone Comprehensive Bonded Zone in New District, Wuxi, Jiangsu Province, China (214028)",China,,,unlocated,address_verified,https://www.skhynix.com/company/UI-FR-CP06/,company_locations_page,2026-08-24,,,,,,,,,,,,,,,,,,,,
sk-hynix-008,sk-hynix,SK hynix,SK hynix Helsinki Office,office,"Kuskinkatu 3, 20780 Kaarina, Finland",Finland,,,unlocated,address_verified,https://www.skhynix.com/company/UI-FR-CP06/,company_locations_page,2026-08-24,,,,,,,,,,,,,,,,,,,,
sk-hynix-009,sk-hynix,SK hynix,SK hynix Paris Office,office,"191-195 Avenue Charles de Gaulle, 92200 Neuilly-sur-Seine, France",France,,,unlocated,address_verified,https://www.skhynix.com/company/UI-FR-CP06/,company_locations_page,2026-08-24,,,,,,,,,,,,,,,,,,,,
sk-hynix-010,sk-hynix,SK hynix,SK hynix Headquarters,headquarters,"Main Airport Center, Unterschweinstiege 2-14, Frankfurt am Main, Germany (60549)",Germany,,,unlocated,address_verified,https://www.skhynix.com/company/UI-FR-CP06/,company_locations_page,2026-08-24,,,,,,,,,,,,,,,,,,,,
sk-hynix-011,sk-hynix,SK hynix,SK hynix Headquarters,headquarters,"Room 2202, 22/F, Lee Garden Three, 1 Sunning Road, Causeway Bay, Hong Kong",Hong Kong,,,unlocated,address_verified,https://www.skhynix.com/company/UI-FR-CP06/,company_locations_page,2026-08-24,,,,,,,,,,,,,,,,,,,,
sk-hynix-012,sk-hynix,SK hynix,SK hynix Headquarters,headquarters,"Unit No. 3D, Uppals Plaza M6, 3rd Floor, Plot No. 6 District Centre, Jasola, New Delhi, INDIA (110025)",India,,,unlocated,address_verified,https://www.skhynix.com/company/UI-FR-CP06/,company_locations_page,2026-08-24,,,,,,,,,,,,,,,,,,,,
sk-hynix-013,sk-hynix,SK hynix,SK hynix Dublin Office,office,"Office 21B, Block B, Maynooth Business Campus, Straffan Road, Co. Kildare, Ireland",Ireland,,,unlocated,address_verified,https://www.skhynix.com/company/UI-FR-CP06/,company_locations_page,2026-08-24,,,,,,,,,,,,,,,,,,,,
sk-hynix-014,sk-hynix,SK hynix,SK hynix Headquarters,headquarters,"23F, Shiroyama Trust Tower,4-3-1 Toranomon, Minatoku, Tokyo, Japan (105-6023)",Japan,,,unlocated,address_verified,https://www.skhynix.com/company/UI-FR-CP06/,company_locations_page,2026-08-24,,,,,,,,,,,,,,,,,,,,
sk-hynix-015,sk-hynix,SK hynix,SK hynix Osaka Office,office,"10F LUCID SQUARE SHIN-OSAKA Bldg. 1-19-4 Higashinakajima, Higashiyodogawa-ku, Osaka, Japan (533-0033)",Japan,,,unlocated,address_verified,https://www.skhynix.com/company/UI-FR-CP06/,company_locations_page,2026-08-24,,,,,,,,,,,,,,,,,,,,
sk-hynix-016,sk-hynix,SK hynix,SK hynix Penang Office,office,"Ixora Hotel Plot P, 3096 Jalan Baru, Bandar Perai Jaya, 13600 Perai Pulau Pinang, Malaysia",Malaysia,,,unlocated,address_verified,https://www.skhynix.com/company/UI-FR-CP06/,company_locations_page,2026-08-24,,,,,,,,,,,,,,,,,,,,
sk-hynix-017,sk-hynix,SK hynix,SK hynix Headquarters,headquarters,"Juliusza Slowackiego str., 224, 4th floor, 80-298 Gdansk, Poland",Poland,,,unlocated,address_verified,https://www.skhynix.com/company/UI-FR-CP06/,company_locations_page,2026-08-24,,,,,,,,,,,,,,,,,,,,
sk-hynix-018,sk-hynix,SK hynix,SK hynix Headquarters,headquarters,"9 Straits View #12-07/12 Marina One West Tower, Singapore (018937)",Singapore,,,unlocated,address_verified,https://www.skhynix.com/company/UI-FR-CP06/,company_locations_page,2026-08-24,,,,,,,,,,,,,,,,,,,,
sk-hynix-019,sk-hynix,SK hynix,SK hynix Bundang Campus,office,"SK u-Tower, 9, Seongnam-daero 343beon-gil, Bundang-gu, Seongnam-si, Gyeonggi-do, Republic of Korea (13558)",South Korea,,,unlocated,address_verified,https://www.skhynix.com/company/UI-FR-CP06/,company_locations_page,2026-08-24,,,,,,,,,,,,,,,,,,,,
sk-hynix-020,sk-hynix,SK hynix,SK hynix Cheongju Campus,office,"215, Daesin-ro, Heungdeok-gu, Cheongju-si, Chungcheongbuk-do, Republic of Korea (28429) 959, 2sunhwan-ro, Heungdeok-gu, Cheongju-si, Chungcheongbuk-do, Republic of Korea (28433) 337, Jikji-daero, Heungdeok-gu, Cheongju-si, Chungcheongbuk-do, Republic of Korea (28436) 120, SK-ro, Heungdeok-gu, Cheongju-si, Chungcheongbuk-do, Republic of Korea (28356)",South Korea,,,unlocated,address_verified,https://www.skhynix.com/company/UI-FR-CP06/,company_locations_page,2026-08-24,,,,,,,,,,,,,,,,,,,,
sk-hynix-021,sk-hynix,SK hynix,SK hynix Icheon Campus (Headquarters),headquarters,"2091, Gyeongchung-daero, Bubal-eub, Icheon-si, Gyeonggi-do, Korea (17336)",South Korea,,,unlocated,address_verified,https://www.skhynix.com/company/UI-FR-CP06/,company_locations_page,2026-08-24,,,,,,,,,,,,,,,,,,,,
sk-hynix-022,sk-hynix,SK hynix,SK hynix Seoul Office,office,"30~32F, East Tower, Mirae Asset CENTER1, 26 Eulji-ro 5-gil, Jung-gu, Seoul, Republic of Korea (04539)",South Korea,,,unlocated,address_verified,https://www.skhynix.com/company/UI-FR-CP06/,company_locations_page,2026-08-24,,,,,,,,,,,,,,,,,,,,
sk-hynix-023,sk-hynix,SK hynix,SK hynix Headquarters,headquarters,"10F. No.308, Zhifu Rd., Zhongshan Dist., Taipei City, Taiwan (10466)",Taiwan,,,unlocated,address_verified,https://www.skhynix.com/company/UI-FR-CP06/,company_locations_page,2026-08-24,,,,,,,,,,,,,,,,,,,,
sk-hynix-024,sk-hynix,SK hynix,SK hynix Headquarters,headquarters,"6F-1, No. 6, Taiyuen 1st St. (Taiyuen Hi-Tech Industrial Park), Zhubei City, Hsinchu County 30288, Taiwan",Taiwan,,,unlocated,address_verified,https://www.skhynix.com/company/UI-FR-CP06/,company_locations_page,2026-08-24,,,,,,,,,,,,,,,,,,,,
sk-hynix-025,sk-hynix,SK hynix,SK hynix Headquarters,headquarters,"Unit 4, Horizon Business Village, 1 Brooklands Road, Weybridge, Surrey KT13 0TJ",United Kingdom,,,unlocated,address_verified,https://www.skhynix.com/company/UI-FR-CP06/,company_locations_page,2026-08-24,,,,,,,,,,,,,,,,,,,,
sk-hynix-026,sk-hynix,SK hynix,SK hynix Austin Office,office,"10801-1, 3rd FL, Suite 300 N. MoPac Expressway, Austin, Texas (78759)",United States,,,unlocated,address_verified,https://www.skhynix.com/company/UI-FR-CP06/,company_locations_page,2026-08-24,,,,,,,,,,,,,,,,,,,,
sk-hynix-027,sk-hynix,SK hynix,SK hynix Headquarters,headquarters,"3101 North 1st Street, San Jose, USA (95134)",United States,,,unlocated,address_verified,https://www.skhynix.com/company/UI-FR-CP06/,company_locations_page,2026-08-24,,,,,,,,,,,,,,,,,,,,
sk-hynix-028,sk-hynix,SK hynix,SK hynix Headquarters,headquarters,"3103 North 1st Street, San Jose, CA 95134 USA",United States,,,unlocated,address_verified,https://www.skhynix.com/company/UI-FR-CP06/,company_locations_page,2026-08-24,,,,,,,,,,,,,,,,,,,,
sk-hynix-029,sk-hynix,SK hynix,SK hynix Houston Office,office,"20333 Tomball Pkwy Suite 320, Houston, USA (77070)",United States,,,unlocated,address_verified,https://www.skhynix.com/company/UI-FR-CP06/,company_locations_page,2026-08-24,,,,,,,,,,,,,,,,,,,,
sk-hynix-030,sk-hynix,SK hynix,SK hynix Seattle Office,office,"500 108th Ave NE, Suite 1740, Bellevue, WA 98004",United States,,,unlocated,address_verified,https://www.skhynix.com/company/UI-FR-CP06/,company_locations_page,2026-08-24,,,,,,,,,,,,,,,,,,,,
sk-hynix-031,sk-hynix,SK hynix,SK hynix Hanoi Office,office,"Keangnam Hanoi Landmark Tower, Plot E6, Cau Giay New Urban Area, Me Tri Ward, South Tu Liem District, Hanoi, Vietnam (2501-5)",Vietnam,,,unlocated,address_verified,https://www.skhynix.com/company/UI-FR-CP06/,company_locations_page,2026-08-24,,,,,,,,,,,,,,,,,,,,
samsung-semiconductor-001,samsung-foundry,Samsung Semiconductor,Samsung Semiconductor Montreal AI Lab,research_center,"6666 St Urbain St, Suite 200, Montreal, QC H2S 3H1, Canada",Canada,,,unlocated,needs_review,https://semiconductor.samsung.com/about-us/locations/,company_locations_page,2026-08-24,2026-08-25,https://nominatim.openstreetmap.org/,,,,,,,"[""samsung-foundry"",""samsung-memory""]",samsung-electronics,,,,,,,,,,
samsung-semiconductor-002,samsung-foundry,Samsung Semiconductor,Samsung Semiconductor Beijing,office,"26/F China Merchants Tower No 118 Jian Guo Road Chao Yang District Beijing 100022, China",China,,,unlocated,needs_review,https://semiconductor.samsung.com/support/contact-info/global-network/china/,company_locations_page,2026-08-24,2026-08-25,https://nominatim.openstreetmap.org/,,,,,,,"[""samsung-foundry"",""samsung-memory""]",samsung-electronics,,,,,,,,,,
samsung-semiconductor-003,samsung-foundry,Samsung Semiconductor,Samsung Semiconductor Hangzhou AI Lab,research_center,"DIC Building, No.1190, Bin’an Road, Binjiang District, Hangzhou, Zhejiang, 310052, China",China,,,unlocated,needs_review,https://semiconductor.samsung.com/about-us/locations/,company_locations_page,2026-08-24,2026-08-25,https://nominatim.openstreetmap.org/,,,,,,,"[""samsung-foundry"",""samsung-memory""]",samsung-electronics,,,,,,,,,,
samsung-semiconductor-004,samsung-foundry,Samsung Semiconductor,Samsung Semiconductor Shanghai,office,"20-21F, SOHO Square Building B, No 1065 Zhongshan RD (W), Changning District, Shanghai, China",China,,,unlocated,needs_review,https://semiconductor.samsung.com/support/contact-info/global-network/china/,company_locations_page,2026-08-24,2026-08-25,https://nominatim.openstreetmap.org/,,,,,,,"[""samsung-foundry"",""samsung-memory""]",samsung-electronics,,,,,,,,,,
samsung-semiconductor-005,samsung-foundry,Samsung Semiconductor,Samsung Semiconductor Shenzhen,office,"24-26F, SCC building A, No.88, Haide Yi Road, Nanshan District, Shenzhen Guangdong Province, China",China,,,unlocated,needs_review,https://semiconductor.samsung.com/support/contact-info/global-network/china/,company_locations_page,2026-08-24,2026-08-25,https://nominatim.openstreetmap.org/,,,,,,,"[""samsung-foundry"",""samsung-memory""]",samsung-electronics,,,,,,,,,,
samsung-semiconductor-006,samsung-foundry,Samsung Semiconductor,Samsung Semiconductor Shenzhen,office,"SCC building A, No.88, Haide 1st Road, Nanshan District, Shenzhen, Guangdong 518054, China",China,,,unlocated,needs_review,https://semiconductor.samsung.com/about-us/locations/,company_locations_page,2026-08-24,2026-08-25,https://nominatim.openstreetmap.org/,,,,,,,"[""samsung-foundry"",""samsung-memory""]",samsung-electronics,,,,,,,,,,
samsung-semiconductor-007,samsung-foundry,Samsung Semiconductor,Samsung Semiconductor Suzhou,factory,"No.337, Fengli Street, Wuzhong District, Suzhou, Jiangsu, China, 215126",China,,,unlocated,needs_review,https://semiconductor.samsung.com/about-us/locations/,company_locations_page,2026-08-24,2026-08-25,https://nominatim.openstreetmap.org/,,,,,,,"[""samsung-foundry"",""samsung-memory""]",samsung-electronics,,,,,,,,,,
samsung-semiconductor-008,samsung-foundry,Samsung Semiconductor,Samsung Semiconductor Xi'an,research_center,"B-1 Building, Xi'an Software Town Phase 2, No.156, Tiangu 8th Road, Hi-tech Zone, Xi'an, Shaanxi, 710065, China",China,,,unlocated,needs_review,https://semiconductor.samsung.com/about-us/locations/,company_locations_page,2026-08-24,2026-08-25,https://nominatim.openstreetmap.org/,,,,,,,"[""samsung-foundry"",""samsung-memory""]",samsung-electronics,,,,,,,,,,
samsung-semiconductor-009,samsung-foundry,Samsung Semiconductor,Samsung Semiconductor Xi'an,factory,"No.1999, North Xiaohe Road, Gaoxin District, Xi’an, Shaanxi, 710119, China",China,,,unlocated,needs_review,https://semiconductor.samsung.com/about-us/locations/,company_locations_page,2026-08-24,2026-08-25,https://nominatim.openstreetmap.org/,,,,,,,"[""samsung-foundry"",""samsung-memory""]",samsung-electronics,,,,,,,,,,
samsung-semiconductor-010,samsung-foundry,Samsung Semiconductor,Samsung Semiconductor Xian,office,"Room 708, 7F Clearance Service Center, High-tech free trade zone, Xian, China",China,,,unlocated,needs_review,https://semiconductor.samsung.com/support/contact-info/global-network/china/,company_locations_page,2026-08-24,2026-08-25,https://nominatim.openstreetmap.org/,,,,,,,"[""samsung-foundry"",""samsung-memory""]",samsung-electronics,,,,,,,,,,
samsung-semiconductor-011,samsung-foundry,Samsung Semiconductor,"Samsung Semiconductor Paris, France",office,"Centre d’Affaires la Boursidière, Rue de la Boursidière, Bat. Jura, 92350 Le Plessis Robinson, France",France,,,unlocated,needs_review,https://semiconductor.samsung.com/support/contact-info/global-network/europe-middle-east-africa/,company_locations_page,2026-08-24,2026-08-25,https://nominatim.openstreetmap.org/,,,,,,,"[""samsung-foundry"",""samsung-memory""]",samsung-electronics,,,,,,,,,,
samsung-semiconductor-012,samsung-foundry,Samsung Semiconductor,Samsung Semiconductor Munich,office,"Einsteinstraße 174, 81677 München, Germany",Germany,48.1377016,11.6237163,building,map_ready,https://semiconductor.samsung.com/about-us/locations/,company_locations_page,2026-08-24,2026-08-25,https://nominatim.openstreetmap.org/,"Sky Tower, 174, Einsteinstraße, Parkstadt Bogenhausen, Bogenhausen, München, Bayern, 81677, Deutschland",way,592159898,"Einsteinstraße 174, 81677 München, Germany",openstreetmap_building_match,2026-08-25,"[""samsung-foundry"",""samsung-memory""]",samsung-electronics,,,,,,,,,,
samsung-semiconductor-013,samsung-foundry,Samsung Semiconductor,Samsung Semiconductor Bengaluru SSIR,research_center,"Bagmane Goldstone Building, South Block, Outer Ring Road, Mahadevpura Bengaluru – 560048, Karnataka, India",India,,,unlocated,needs_review,https://semiconductor.samsung.com/about-us/locations/,company_locations_page,2026-08-24,2026-08-25,https://nominatim.openstreetmap.org/,,,,,,,"[""samsung-foundry"",""samsung-memory""]",samsung-electronics,,,,,,,,,,
samsung-semiconductor-014,samsung-foundry,Samsung Semiconductor,Samsung Semiconductor Tel Aviv,research_center,"Azrieli Town 21F, Derech Menachem Begin 146, Tel Aviv-Yafo, 6492103, Israel",Israel,,,unlocated,needs_review,https://semiconductor.samsung.com/about-us/locations/,company_locations_page,2026-08-24,2026-08-25,https://nominatim.openstreetmap.org/,,,,,,,"[""samsung-foundry"",""samsung-memory""]",samsung-electronics,,,,,,,,,,
samsung-semiconductor-015,samsung-foundry,Samsung Semiconductor,Samsung Semiconductor Tel Aviv,research_center,"Menakhem Begin Rd 146, Tel Aviv-Yafo, 6492103, Israel",Israel,,,unlocated,needs_review,https://semiconductor.samsung.com/about-us/locations/,company_locations_page,2026-08-24,2026-08-25,https://nominatim.openstreetmap.org/,,,,,,,"[""samsung-foundry"",""samsung-memory""]",samsung-electronics,,,,,,,,,,
samsung-semiconductor-016,samsung-foundry,Samsung Semiconductor,"Samsung Semiconductor Tel Aviv, Israel",office,"AZRIELI TOWN, DERECH BEGIN 146, TEL AVIV 6492103, ISRAEL",Israel,,,unlocated,needs_review,https://semiconductor.samsung.com/support/contact-info/global-network/europe-middle-east-africa/,company_locations_page,2026-08-24,2026-08-25,https://nominatim.openstreetmap.org/,,,,,,,"[""samsung-foundry"",""samsung-memory""]",samsung-electronics,,,,,,,,,,
samsung-semiconductor-017,samsung-foundry,Samsung Semiconductor,Samsung Semiconductor Tokyo,office,"10F Shinagawa Grand Central Tower, Kounan2-16-4, Minato-ku, Tokyo, Japan",Japan,,,unlocated,needs_review,https://semiconductor.samsung.com/support/contact-info/global-network/japan/,company_locations_page,2026-08-24,2026-08-25,https://nominatim.openstreetmap.org/,,,,,,,"[""samsung-foundry"",""samsung-memory""]",samsung-electronics,,,,,,,,,,
samsung-semiconductor-018,samsung-foundry,Samsung Semiconductor,Samsung Semiconductor Tokyo,office,"10F, Shinagawa Grand Central Tower 2-16-4, Kounan, Minato-ku, Tokyo 108-8240, Japan",Japan,,,unlocated,needs_review,https://semiconductor.samsung.com/about-us/locations/,company_locations_page,2026-08-24,2026-08-25,https://nominatim.openstreetmap.org/,,,,,,,"[""samsung-foundry"",""samsung-memory""]",samsung-electronics,,,,,,,,,,
samsung-semiconductor-019,samsung-foundry,Samsung Semiconductor,Samsung Semiconductor Yokohama DSRJ,research_center,"Yokohama Mitsui Building, 1-1-2 Takashima, Nishi-ku, Yokohama-shi, Kanagawa 220-0011, Japan",Japan,,,unlocated,needs_review,https://semiconductor.samsung.com/about-us/locations/,company_locations_page,2026-08-24,2026-08-25,https://nominatim.openstreetmap.org/,,,,,,,"[""samsung-foundry"",""samsung-memory""]",samsung-electronics,,,,,,,,,,
samsung-semiconductor-020,samsung-foundry,Samsung Semiconductor,"Samsung Semiconductor Penang, Malaysia",office,"Suite 12.02, Menara Boustead, 39, Jalan Sultan Ahmad Shah 10050 Penang, Malaysia",Malaysia,,,unlocated,needs_review,https://semiconductor.samsung.com/support/contact-info/global-network/singapore/,company_locations_page,2026-08-24,2026-08-25,https://nominatim.openstreetmap.org/,,,,,,,"[""samsung-foundry"",""samsung-memory""]",samsung-electronics,,,,,,,,,,
samsung-semiconductor-021,samsung-foundry,Samsung Semiconductor,"Samsung Semiconductor Gurugram, India",office,"4TH FLOOR, TOWER A, DLF CYBER PARK, UDYOG VIHAR PHASE III, SECTOR 20, GURUGRAM 122016",Singapore,,,unlocated,needs_review,https://semiconductor.samsung.com/support/contact-info/global-network/singapore/,company_locations_page,2026-08-24,2026-08-25,https://nominatim.openstreetmap.org/,,,,,,,"[""samsung-foundry"",""samsung-memory""]",samsung-electronics,,,,,,,,,,
samsung-semiconductor-022,samsung-foundry,Samsung Semiconductor,Samsung Semiconductor Singapore,office,"3 Church Street #26-01/02 Samsung Hub 049483, Singapore",Singapore,,,unlocated,needs_review,https://semiconductor.samsung.com/about-us/locations/,company_locations_page,2026-08-24,2026-08-25,https://nominatim.openstreetmap.org/,,,,,,,"[""samsung-foundry"",""samsung-memory""]",samsung-electronics,,,,,,,,,,
samsung-semiconductor-023,samsung-foundry,Samsung Semiconductor,Samsung Semiconductor Singapore,office,"3 Church Street, #26-01/02 Samsung Hub, Singapore 049483",Singapore,,,unlocated,needs_review,https://semiconductor.samsung.com/support/contact-info/global-network/singapore/,company_locations_page,2026-08-24,2026-08-25,https://nominatim.openstreetmap.org/,,,,,,,"[""samsung-foundry"",""samsung-memory""]",samsung-electronics,,,,,,,,,,
samsung-semiconductor-024,samsung-foundry,Samsung Semiconductor,Samsung Semiconductor Singapore AI Lab,research_center,"80 Pasir Panjang Road #26-82 Mapletree Business City, Singapore 117372",Singapore,,,unlocated,needs_review,https://semiconductor.samsung.com/about-us/locations/,company_locations_page,2026-08-24,2026-08-25,https://nominatim.openstreetmap.org/,,,,,,,"[""samsung-foundry"",""samsung-memory""]",samsung-electronics,,,,,,,,,,
samsung-semiconductor-025,samsung-foundry,Samsung Semiconductor,Samsung Semiconductor Cheonan,factory,"465, Beonyeong-ro, Seobuk-gu, Cheonan-si, Chungcheongnam-do 31086, Korea",South Korea,36.8412898,127.1172819,building_candidate,geocoded,https://semiconductor.samsung.com/about-us/locations/,company_locations_page,2026-08-24,2026-08-25,https://nominatim.openstreetmap.org/,"삼성디스플레이 천안사업장, 465, 번영로, 성성동, 서북구, 천안시, 충청남도, 31086, 대한민국",way,477135667,"465, Beonyeong-ro, Seobuk-gu, Cheonan-si, Chungcheongnam-do 31086, Korea",,,"[""samsung-foundry"",""samsung-memory""]",samsung-electronics,,,,,,,,,,
samsung-semiconductor-026,samsung-foundry,Samsung Semiconductor,Samsung Semiconductor Giheung,factory,"1, Samsung-ro, Giheung-gu, Yongin-si, Gyeonggi-do 17113, Korea",South Korea,37.2597725,127.0582144,street_or_area_candidate,geocoded,https://semiconductor.samsung.com/about-us/locations/,company_locations_page,2026-08-24,2026-08-25,https://nominatim.openstreetmap.org/,"삼성로, 신동, 영통구, 수원시, 경기도, 16676, 대한민국",way,839563195,"1, Samsung-ro, Giheung-gu, Yongin-si, Gyeonggi-do 17113, Korea",,,"[""samsung-foundry"",""samsung-memory""]",samsung-electronics,,,,,,,,,,
samsung-semiconductor-027,samsung-foundry,Samsung Semiconductor,Samsung Semiconductor Hwaseong,factory,"1, Samsungjeonja-ro, Hwaseong-si, Gyeonggi-do 18448, Korea",South Korea,37.2191905,127.079025,street_or_area_candidate,geocoded,https://semiconductor.samsung.com/about-us/locations/,company_locations_page,2026-08-24,2026-08-25,https://nominatim.openstreetmap.org/,"삼성전자로, 석우동, 동탄신도시, 화성시, 경기도, 18450, 대한민국",way,1461814750,"1, Samsungjeonja-ro, Hwaseong-si, Gyeonggi-do 18448, Korea",,,"[""samsung-foundry"",""samsung-memory""]",samsung-electronics,,,,,,,,,,
samsung-semiconductor-028,samsung-foundry,Samsung Semiconductor,Samsung Semiconductor Onyang,factory,"158, Baebang-ro, Baebang-eup, Asan-si, Chungcheongnam-do 31489, Korea",South Korea,36.7765747,127.0541166,street_or_area_candidate,geocoded,https://semiconductor.samsung.com/about-us/locations/,company_locations_page,2026-08-24,2026-08-25,https://nominatim.openstreetmap.org/,"배방로, 공수리, 아산시, 충청남도, 31481, 대한민국",way,1209705079,"158, Baebang-ro, Baebang-eup, Asan-si, Chungcheongnam-do 31489, Korea",,,"[""samsung-foundry"",""samsung-memory""]",samsung-electronics,,,,,,,,,,
samsung-semiconductor-029,samsung-foundry,Samsung Semiconductor,Samsung Semiconductor Pyeongtaek,factory,"114, Samsung-ro, Godeok-myun, Pyeongtaek-si, Gyeonggi-do 17786, Korea",South Korea,,,unlocated,needs_review,https://semiconductor.samsung.com/about-us/locations/,company_locations_page,2026-08-24,2026-08-25,https://nominatim.openstreetmap.org/,,,,,,,"[""samsung-foundry"",""samsung-memory""]",samsung-electronics,,,,,,,,,,
samsung-semiconductor-030,samsung-foundry,Samsung Semiconductor,Samsung Semiconductor Suwon SAIT,research_center,"130, Samsung-ro, Yeongtong-gu, Suwon-si, Gyeonggi-do, 16678, Korea",South Korea,37.2517146,127.055065,street_or_area_candidate,geocoded,https://semiconductor.samsung.com/about-us/locations/,company_locations_page,2026-08-24,2026-08-25,https://nominatim.openstreetmap.org/,"삼성전자 미래기술캠퍼스, 130, 삼성로, 신동, 영통구, 수원시, 경기도, 16678, 대한민국",way,763499172,"130, Samsung-ro, Yeongtong-gu, Suwon-si, Gyeonggi-do, 16678, Korea",,,"[""samsung-foundry"",""samsung-memory""]",samsung-electronics,,,,,,,,,,
samsung-semiconductor-031,samsung-foundry,Samsung Semiconductor,Samsung Semiconductor Hsinchu,research_center,"13F-1, No.5, Taiyuan 1st St., Zhubei City, Hsinchu 302",Taiwan,,,unlocated,needs_review,https://semiconductor.samsung.com/about-us/locations/,company_locations_page,2026-08-24,2026-08-25,https://nominatim.openstreetmap.org/,,,,,,,"[""samsung-foundry"",""samsung-memory""]",samsung-electronics,,,,,,,,,,
samsung-semiconductor-032,samsung-foundry,Samsung Semiconductor,Samsung Semiconductor Taipei,office,"10F-1, No.399 Rui Guang Rd., Nei Hu Dist, Taipei",Taiwan,,,unlocated,needs_review,https://semiconductor.samsung.com/support/contact-info/global-network/china/,company_locations_page,2026-08-24,2026-08-25,https://nominatim.openstreetmap.org/,,,,,,,"[""samsung-foundry"",""samsung-memory""]",samsung-electronics,,,,,,,,,,
samsung-semiconductor-033,samsung-foundry,Samsung Semiconductor,Samsung Semiconductor Cambridge AI Lab,research_center,"1 Cambridge Square, Milton Avenue, Cambridge CB4 0AE, UK",United Kingdom,,,unlocated,needs_review,https://semiconductor.samsung.com/about-us/locations/,company_locations_page,2026-08-24,2026-08-25,https://nominatim.openstreetmap.org/,,,,,,,"[""samsung-foundry"",""samsung-memory""]",samsung-electronics,,,,,,,,,,
samsung-semiconductor-034,samsung-foundry,Samsung Semiconductor,"Samsung Semiconductor London, UK",office,"Building 5, The Heights Brooklands Weybridge Surrey, KT130NY, UK",United Kingdom,,,unlocated,needs_review,https://semiconductor.samsung.com/support/contact-info/global-network/europe-middle-east-africa/,company_locations_page,2026-08-24,2026-08-25,https://nominatim.openstreetmap.org/,,,,,,,"[""samsung-foundry"",""samsung-memory""]",samsung-electronics,,,,,,,,,,
samsung-semiconductor-035,samsung-foundry,Samsung Semiconductor,Samsung Semiconductor Austin,office,"Domain Tower 2, 10025 Alterra Parkway, Suite 1520, Austin, TX 78758, USA",United States,,,unlocated,needs_review,https://semiconductor.samsung.com/support/contact-info/global-network/americas/,company_locations_page,2026-08-24,2026-08-25,https://nominatim.openstreetmap.org/,,,,,,,"[""samsung-foundry"",""samsung-memory""]",samsung-electronics,,,,,,,,,,
samsung-semiconductor-036,samsung-foundry,Samsung Semiconductor,Samsung Semiconductor Detroit,office,"1000 Town Center, Suite 2400, Southfield, MI 48075, USA",United States,,,unlocated,needs_review,https://semiconductor.samsung.com/support/contact-info/global-network/americas/,company_locations_page,2026-08-24,2026-08-25,https://nominatim.openstreetmap.org/,,,,,,,"[""samsung-foundry"",""samsung-memory""]",samsung-electronics,,,,,,,,,,
samsung-semiconductor-037,samsung-foundry,Samsung Semiconductor,Samsung Semiconductor Houston,office,"9950 Woodloch Forest Drive, Suite 1450, The Woodlands, TX 77380, USA",United States,,,unlocated,needs_review,https://semiconductor.samsung.com/support/contact-info/global-network/americas/,company_locations_page,2026-08-24,2026-08-25,https://nominatim.openstreetmap.org/,,,,,,,"[""samsung-foundry"",""samsung-memory""]",samsung-electronics,,,,,,,,,,
samsung-semiconductor-038,samsung-foundry,Samsung Semiconductor,Samsung Semiconductor Raleigh,office,"8000 Regency Pkwy, Suites 500 & 530, Cary, NC 27518, USA",United States,,,unlocated,needs_review,https://semiconductor.samsung.com/support/contact-info/global-network/americas/,company_locations_page,2026-08-24,2026-08-25,https://nominatim.openstreetmap.org/,,,,,,,"[""samsung-foundry"",""samsung-memory""]",samsung-electronics,,,,,,,,,,
samsung-semiconductor-039,samsung-foundry,Samsung Semiconductor,Samsung Semiconductor San Diego,office,"12265 El Camino Real, Suite 0180, San Diego, CA 92130, USA",United States,,,unlocated,needs_review,https://semiconductor.samsung.com/support/contact-info/global-network/americas/,company_locations_page,2026-08-24,2026-08-25,https://nominatim.openstreetmap.org/,,,,,,,"[""samsung-foundry"",""samsung-memory""]",samsung-electronics,,,,,,,,,,
samsung-semiconductor-040,samsung-foundry,Samsung Semiconductor,Samsung Semiconductor San Jose,office,"3655 N 1st St, San Jose, CA 95134, USA",United States,37.4091867,-121.9473237,building,map_ready,https://semiconductor.samsung.com/support/contact-info/global-network/americas/,company_locations_page,2026-08-24,2026-08-25,https://nominatim.openstreetmap.org/,"Samsung Electronics Device Solutions America, 3655, North 1st Street, North San Jose, San Jose, Santa Clara County, California, 95134, United States",relation,7356686,"3655 N 1st St, San Jose, CA 95134, USA",openstreetmap_building_match,2026-08-25,"[""samsung-foundry"",""samsung-memory""]",samsung-electronics,,,,,,,,,,
samsung-semiconductor-041,samsung-foundry,Samsung Semiconductor,Samsung Semiconductor San Jose,headquarters,"3655 North First Street, San Jose, California 95134-1713, USA",United States,37.3973247,-121.9362806,street_or_area_candidate,geocoded,https://semiconductor.samsung.com/about-us/locations/,company_locations_page,2026-08-24,2026-08-25,https://nominatim.openstreetmap.org/,"North 1st Street, North San Jose, San Jose, Santa Clara County, California, 94136, United States",way,593259445,"3655 North First Street, San Jose, California 95134-1713, USA",,,"[""samsung-foundry"",""samsung-memory""]",samsung-electronics,,,,,,,,,,
samsung-semiconductor-042,samsung-foundry,Samsung Semiconductor,Samsung Semiconductor Seattle,office,"188 106th Ave NE, Suite 600, Belleve, WA 98004, USA",United States,,,unlocated,needs_review,https://semiconductor.samsung.com/support/contact-info/global-network/americas/,company_locations_page,2026-08-24,2026-08-25,https://nominatim.openstreetmap.org/,,,,,,,"[""samsung-foundry"",""samsung-memory""]",samsung-electronics,,,,,,,,,,
arista-001,arista,Arista Networks,Arista Networks Santa Clara,headquarters,"5453 Great America Parkway, Santa Clara, CA 95054, United States",United States,37.4120263,-121.9759495,building,map_ready,https://www.arista.com/en/company/contact-us,company_locations_page,2026-08-24,2026-08-25,https://nominatim.openstreetmap.org/,"Arista Networks, 5453, Great America Parkway, Santa Clara, Santa Clara County, California, 95054, United States",way,326488487,"Arista Networks Santa Clara, 5453 Great America Parkway, Santa Clara, CA 95054, United States",openstreetmap_building_match,2026-08-25,,,,,,,,,,,,
arista-002,arista,Arista Networks,Arista Networks Austin,office,"The Terrace, Building II, Suite 420, 2700 Via Fortuna, Austin, TX 78746, United States",United States,,,unlocated,needs_review,https://www.arista.com/en/company/contact-us,company_locations_page,2026-08-24,2026-08-25,https://nominatim.openstreetmap.org/,,,,,,,,,,,,,,,,,,
arista-003,arista,Arista Networks,Arista Networks Nashua,office,"10 Tara Blvd, Suites 400, 330, 430, and 500A, Nashua, NH 03062, United States",United States,,,unlocated,needs_review,https://www.arista.com/en/company/contact-us,company_locations_page,2026-08-24,2026-08-25,https://nominatim.openstreetmap.org/,,,,,,,,,,,,,,,,,,
arista-004,arista,Arista Networks,Arista Networks North Carolina,office,"500 Gregson Drive, Suite 150, Cary, NC 27511, United States",United States,,,unlocated,needs_review,https://www.arista.com/en/company/contact-us,company_locations_page,2026-08-24,2026-08-25,https://nominatim.openstreetmap.org/,,,,,,,,,,,,,,,,,,
arista-005,arista,Arista Networks,Arista Networks San Francisco,office,"1390 Market Street, Suite 800, San Francisco, CA 94102, United States",United States,,,unlocated,needs_review,https://www.arista.com/en/company/contact-us,company_locations_page,2026-08-24,2026-08-25,https://nominatim.openstreetmap.org/,,,,,,,,,,,,,,,,,,
arista-006,arista,Arista Networks,Arista Networks Vancouver,office,"9100 Glenlyon Parkway, Burnaby, British Columbia V5J 5J8, Canada",Canada,49.1973055,-123.0059197,building_candidate,geocoded,https://www.arista.com/en/company/contact-us,company_locations_page,2026-08-24,2026-08-25,https://nominatim.openstreetmap.org/,"Arista Networks, Glenlyon Parkway, Big Bend, Burnaby, Metro Vancouver Regional District, British Columbia, V5J 0C6, Canada",node,5430519453,"Arista Networks Vancouver, Canada",,,,,,,,,,,,,,
arista-007,arista,Arista Networks,Arista Networks Bangalore,office,"Global Technology Park, Tower A, 9th and 11th Floor, Marathahalli Outer Ring Road, Devarabeesanahalli Village, Varthur Hobli, Bengaluru, Karnataka 560103, India",India,12.9269036,77.6828134,building,map_ready,https://www.arista.com/en/company/contact-us,company_locations_page,2026-08-24,2026-08-25,https://nominatim.openstreetmap.org/,"Arista Networks, Ecospace Internal Road, RMZ Ecospace, Devarabeesanahalli, Shivanasamudra Ward, Bengaluru East City Corporation, Bengaluru, Bangalore East, Bengaluru Urban, Karnataka, 560103, India",node,9783642017,"Arista Networks Bangalore, India",openstreetmap_building_match,2026-08-25,,,,,,,,,,,,
arista-008,arista,Arista Networks,Arista Networks Chennai,office,"Unit 404, 4th Floor, Campus 30, Keppel One Paramount, No. 110 Mount Poonamallee Road, Porur, Chennai, Tamil Nadu 600116, India",India,,,unlocated,needs_review,https://www.arista.com/en/company/contact-us,company_locations_page,2026-08-24,2026-08-25,https://nominatim.openstreetmap.org/,,,,,,,,,,,,,,,,,,
arista-009,arista,Arista Networks,Arista Networks Pune,office,"10th Floor, Survey No. 25, Hissa No. 1, Units 1001-1008, Eleven West, Pan Card Club Road, Baner, Pune, Maharashtra 411045, India",India,,,unlocated,needs_review,https://www.arista.com/en/company/contact-us,company_locations_page,2026-08-24,2026-08-25,https://nominatim.openstreetmap.org/,,,,,,,,,,,,,,,,,,
arista-010,arista,Arista Networks,Arista Networks Sydney,office,"Suite 15.01, Level 15, 60 Margaret Street, Sydney, NSW 2000, Australia",Australia,,,unlocated,needs_review,https://www.arista.com/en/company/contact-us,company_locations_page,2026-08-24,2026-08-25,https://nominatim.openstreetmap.org/,,,,,,,,,,,,,,,,,,
arista-011,arista,Arista Networks,Arista Networks Dublin,office,"2 Georges Dock, IFSC, Dublin 1, Ireland",Ireland,,,unlocated,needs_review,https://www.arista.com/en/company/contact-us,company_locations_page,2026-08-24,2026-08-25,https://nominatim.openstreetmap.org/,,,,,,,,,,,,,,,,,,
arista-012,arista,Arista Networks,Arista Networks Shannon,office,"3220 Aviation House, Westpark, Shannon, Co. Clare V14AN29, Ireland",Ireland,,,unlocated,needs_review,https://www.arista.com/en/company/contact-us,company_locations_page,2026-08-24,2026-08-25,https://nominatim.openstreetmap.org/,,,,,,,,,,,,,,,,,,
arista-013,arista,Arista Networks,Arista Networks Singapore,office,"9 Temasek Boulevard, #29-01 Suntec Tower Two, Singapore 038989",Singapore,,,unlocated,needs_review,https://www.arista.com/en/company/contact-us,company_locations_page,2026-08-24,2026-08-25,https://nominatim.openstreetmap.org/,,,,,,,,,,,,,,,,,,
arista-014,arista,Arista Networks,Arista Networks Korea,office,"2F, 225-18 Pangyoyeok-ro, Bundang-gu, Seongnam-si, Gyeonggi-do, South Korea",South Korea,,,unlocated,needs_review,https://www.arista.com/en/company/contact-us,company_locations_page,2026-08-24,2026-08-25,https://nominatim.openstreetmap.org/,,,,,,,,,,,,,,,,,,
arista-015,arista,Arista Networks,Arista Networks Colorado,office,"15000 W. 6th Avenue, Suite 104, Golden, CO 80401, United States",United States,,,unlocated,needs_review,https://www.arista.com/en/company/contact-us,company_locations_page,2026-08-24,2026-08-25,https://nominatim.openstreetmap.org/,,,,,,,,,,,,,,,,,,
supermicro-001,supermicro,Supermicro,Supermicro Corporate Headquarters,headquarters,"980 Rock Avenue, San Jose, CA 95131, United States",United States,37.3892079,-121.9049207,building,map_ready,https://www.supermicro.com/en/about/contact,company_locations_page,2026-08-24,2026-08-25,https://nominatim.openstreetmap.org/,"Supermicro Computers Inc, 980, Rock Avenue, Wayne, San Jose, Santa Clara County, California, 95131, United States",way,39019652,"980 Rock Avenue, San Jose, CA 95131, United States",openstreetmap_building_match,2026-08-25,,,,,,,,,,,,
supermicro-002,supermicro,Supermicro,Supermicro New Jersey,office,"525 Washington Boulevard, 20th Floor, Jersey City, NJ 07310, United States",United States,,,unlocated,needs_review,https://www.supermicro.com/en/about/contact,company_locations_page,2026-08-24,2026-08-25,https://nominatim.openstreetmap.org/,,,,,,,,,,,,,,,,,,
supermicro-003,supermicro,Supermicro,Supermicro New York,office,"368 9th Avenue, New York, NY 10001, United States",United States,40.7511486,-73.9976401,building,map_ready,https://www.supermicro.com/en/about/contact,company_locations_page,2026-08-24,2026-08-25,https://nominatim.openstreetmap.org/,"Campana & Schott, 368, 9th Avenue, Chelsea District, Manhattan Community Board 4, Manhattan, New York County, New York, 10001, United States",node,13084050882,"368 9th Avenue, New York, NY 10001, United States",openstreetmap_building_match,2026-08-25,,,,,,,,,,,,
supermicro-004,supermicro,Supermicro,Supermicro EMEA Headquarters,headquarters,"Het Sterrenbeeld 28, 5215 ML 's-Hertogenbosch, The Netherlands",The Netherlands,51.6877864,5.3569296,street_or_area_candidate,geocoded,https://www.supermicro.com/en/about/contact,company_locations_page,2026-08-24,2026-08-25,https://nominatim.openstreetmap.org/,"28, Het Sterrenbeeld, Bedrijventerrein De Brand, Zuidoost, 's-Hertogenbosch, Noord-Brabant, Nederland, 5215 ML, Nederland",node,2734784672,"Het Sterrenbeeld 28, 5215 ML 's-Hertogenbosch, The Netherlands",,,,,,,,,,,,,,
supermicro-005,supermicro,Supermicro,Supermicro United Kingdom,office,"100 Brook Drive, Green Park, Reading, Berkshire RG2 6UJ, United Kingdom",United Kingdom,,,unlocated,needs_review,https://www.supermicro.com/en/about/contact,company_locations_page,2026-08-24,2026-08-25,https://nominatim.openstreetmap.org/,,,,,,,,,,,,,,,,,,
supermicro-006,supermicro,Supermicro,Supermicro APAC Headquarters,headquarters,"3F, No. 150, Jian 1st Road, Zhonghe District, New Taipei City 235, Taiwan",Taiwan,,,unlocated,needs_review,https://www.supermicro.com/en/about/contact,company_locations_page,2026-08-24,2026-08-25,https://nominatim.openstreetmap.org/,,,,,,,,,,,,,,,,,,
supermicro-007,supermicro,Supermicro,Supermicro Science and Technology Park,factory,"No. 1899, Xingfeng Road, Bade District, Taoyuan City 334, Taiwan",Taiwan,,,unlocated,needs_review,https://www.supermicro.com/en/about/contact,company_locations_page,2026-08-24,2026-08-25,https://nominatim.openstreetmap.org/,,,,,,,,,,,,,,,,,,
supermicro-008,supermicro,Supermicro,Supermicro Korea,office,"#1001, Trade Tower, 511 Yeongdong-daero, Gangnam-gu, Seoul 06164, South Korea",South Korea,,,unlocated,needs_review,https://www.supermicro.com/en/about/contact,company_locations_page,2026-08-24,2026-08-25,https://nominatim.openstreetmap.org/,,,,,,,,,,,,,,,,,,
supermicro-009,supermicro,Supermicro,Supermicro Beijing,office,"Suite 701, Tower D, Jiahua Building, No. 9 Shangdi 3rd Street, Haidian District, Beijing 100085, China",China,,,unlocated,needs_review,https://www.supermicro.com/en/about/contact,company_locations_page,2026-08-24,2026-08-25,https://nominatim.openstreetmap.org/,,,,,,,,,,,,,,,,,,
supermicro-010,supermicro,Supermicro,Supermicro Shanghai,office,"Room 605, Nanyang 1931 Building, No. 165 Yude Road, Xuhui District, Shanghai 200030, China",China,,,unlocated,needs_review,https://www.supermicro.com/en/about/contact,company_locations_page,2026-08-24,2026-08-25,https://nominatim.openstreetmap.org/,,,,,,,,,,,,,,,,,,
supermicro-011,supermicro,Supermicro,Supermicro Japan,office,"21F Shibuya Infoss Tower, 20-1 Sakuragaoka-cho, Shibuya-ku, Tokyo 150-0031, Japan",Japan,,,unlocated,needs_review,https://www.supermicro.com/en/about/contact,company_locations_page,2026-08-24,2026-08-25,https://nominatim.openstreetmap.org/,,,,,,,,,,,,,,,,,,
supermicro-012,supermicro,Supermicro,Supermicro Singapore,office,"9 North Buona Vista Drive, #03-01 Metropolis Tower 1, Singapore 138588",Singapore,,,unlocated,needs_review,https://www.supermicro.com/en/about/contact,company_locations_page,2026-08-24,2026-08-25,https://nominatim.openstreetmap.org/,,,,,,,,,,,,,,,,,,
tsmc-001,tsmc,TSMC,TSMC Corporate Headquarters,headquarters,"No. 8, Li-Hsin Road 6, Hsinchu Science Park, Hsinchu 300-096, Taiwan",Taiwan,,,unlocated,needs_review,https://www.tsmc.com/english/contact-us,company_locations_page,2026-08-24,2026-08-25,https://nominatim.openstreetmap.org/,,,,,,,,,,,,,,,,,,
tsmc-002,tsmc,TSMC,TSMC Asia Pacific Business,office,"No. 25, Li-Hsin Road, Hsinchu Science Park, Hsinchu 300-78, Taiwan",Taiwan,,,unlocated,needs_review,https://www.tsmc.com/english/contact-us,company_locations_page,2026-08-24,2026-08-25,https://nominatim.openstreetmap.org/,,,,,,,,,,,,,,,,,,
tsmc-003,tsmc,TSMC,TSMC North America and TSMC Technology,office,"2851 Junction Avenue, San Jose, CA 95134, United States",United States,37.3973137,-121.9275258,building,map_ready,https://www.tsmc.com/english/contact-us,company_locations_page,2026-08-24,2026-08-25,https://nominatim.openstreetmap.org/,"Taiwan Semiconductor Manufacturing Company, 2851, Junction Avenue, North San Jose, San Jose, Santa Clara County, California, 95134, United States",way,219298815,"2851 Junction Avenue, San Jose, CA 95134, United States",openstreetmap_building_match,2026-08-25,,,,,,,,,,,,
tsmc-004,tsmc,TSMC,TSMC Europe,office,"World Trade Center, Zuidplein 60, 1077 XV Amsterdam, The Netherlands",The Netherlands,,,unlocated,needs_review,https://www.tsmc.com/english/contact-us,company_locations_page,2026-08-24,2026-08-25,https://nominatim.openstreetmap.org/,,,,,,,,,,,,,,,,,,
tsmc-005,tsmc,TSMC,TSMC Japan,office,"21F, Queen's Tower C, 2-3-5 Minatomirai, Nishi-ku, Yokohama, Kanagawa 220-6221, Japan",Japan,32.8865203,130.843263,building_candidate,geocoded,https://www.tsmc.com/english/contact-us,company_locations_page,2026-08-24,2026-08-25,https://nominatim.openstreetmap.org/,"JASM, 菊陽町, 菊池郡, 熊本県, 日本",way,1178207154,"TSMC Japan, Japan",,,,,,,,,,,,,,
tsmc-006,tsmc,TSMC,TSMC China,factory,"4000 Wen Xiang Road, Songjiang, Shanghai 201616, China",China,31.0446899,121.2167557,street_or_area_candidate,geocoded,https://www.tsmc.com/english/contact-us,company_locations_page,2026-08-24,2026-08-25,https://nominatim.openstreetmap.org/,"文翔路, 方松街道, 松江区, 上海市, 201600, 中国",way,1225192714,"4000 Wen Xiang Road, Songjiang, Shanghai 201616, China",,,,,,,,,,,,,,
tsmc-007,tsmc,TSMC,TSMC Nanjing,factory,"16 Zifeng Road, Pukou Economic Development Zone, Nanjing, Jiangsu 211806, China",China,31.9756476,118.5337487,building,map_ready,https://www.tsmc.com/english/contact-us,company_locations_page,2026-08-24,2026-08-25,https://nominatim.openstreetmap.org/,"台积电(南京)有限公司及晶圆十六厂, 16, 桥林街道, 浦口区, 南京市, 江苏省, 中国",way,810445179,"TSMC Nanjing, China",openstreetmap_building_match,2026-08-25,,,,,,,,,,,,
tsmc-008,tsmc,TSMC,TSMC Korea,office,"Rooms 2104-2105 West, Hanshin Inter Valley 24 Building, 322 Teheran-ro, Gangnam-gu, Seoul 06211, South Korea",South Korea,,,unlocated,needs_review,https://www.tsmc.com/english/contact-us,company_locations_page,2026-08-24,2026-08-25,https://nominatim.openstreetmap.org/,,,,,,,,,,,,,,,,,,
tsmc-009,tsmc,TSMC,TSMC Design Technology Canada,design_center,"1000 Innovation Drive, Suite 400, Kanata, Ontario K2K 3E7, Canada",Canada,,,unlocated,needs_review,https://www.tsmc.com/english/contact-us,company_locations_page,2026-08-24,2026-08-25,https://nominatim.openstreetmap.org/,,,,,,,,,,,,,,,,,,
tsmc-010,tsmc,TSMC,TSMC Design Technology Japan,design_center,"10F, Minatomirai Grand Central Tower, 4-6-2 Minatomirai, Nishi-ku, Yokohama, Kanagawa 220-0012, Japan",Japan,,,unlocated,needs_review,https://www.tsmc.com/english/contact-us,company_locations_page,2026-08-24,2026-08-25,https://nominatim.openstreetmap.org/,,,,,,,,,,,,,,,,,,
tsmc-011,tsmc,TSMC,TSMC Japan 3DIC R&D Center,research_center,"2F, 7D Building West, 16-1 Onogawa, Tsukuba, Ibaraki 305-8569, Japan",Japan,,,unlocated,needs_review,https://www.tsmc.com/english/contact-us,company_locations_page,2026-08-24,2026-08-25,https://nominatim.openstreetmap.org/,,,,,,,,,,,,,,,,,,
tsmc-012,tsmc,TSMC,TSMC Washington,factory,"5509 NW Parker Street, Camas, WA 98607-9299, United States",United States,45.6196194,-122.4569644,building_candidate,geocoded,https://www.tsmc.com/english/contact-us,company_locations_page,2026-08-24,2026-08-25,https://nominatim.openstreetmap.org/,"TSMC Washington, Camas, Clark County, Washington, United States",way,443077763,"TSMC Washington, United States",,,,,,,,,,,,,,
tsmc-013,tsmc,TSMC,TSMC VisEra Technologies,factory,"No. 12, Duxing Road 1, Hsinchu Science Park, Hsinchu 300-096, Taiwan",Taiwan,,,unlocated,needs_review,https://www.tsmc.com/english/contact-us,company_locations_page,2026-08-24,2026-08-25,https://nominatim.openstreetmap.org/,,,,,,,,,,,,,,,,,,
tsmc-014,tsmc,TSMC,TSMC Arizona,factory,"5088 W Innovation Circle, Phoenix, AZ 85083, United States",United States,33.7778581,-112.1621572,building_candidate,geocoded,https://www.tsmc.com/english/contact-us,company_locations_page,2026-08-24,2026-08-25,https://nominatim.openstreetmap.org/,"TSMC Arizona Fab 21, North Gateway, Phoenix, Maricopa County, Arizona, United States",way,1009901919,"TSMC Arizona, United States",,,,,,,,,,,,,,
tsmc-015,tsmc,TSMC,TSMC European Semiconductor Manufacturing Company,factory,"Rosenstrasse 32, 01067 Dresden, Germany",Germany,51.0479021,13.7231903,building,map_ready,https://www.tsmc.com/english/contact-us,company_locations_page,2026-08-24,2026-08-25,https://nominatim.openstreetmap.org/,"SachsenEnergie AG, 32, Rosenstraße, Wilsdruffer Vorstadt/Seevorstadt-West, Wilsdruffer Vorstadt, Altstadt, Dresden, Sachsen, 01067, Deutschland",node,1626743082,"Rosenstrasse 32, 01067 Dresden, Germany",openstreetmap_building_match,2026-08-25,,,,,,,,,,,,
umc-001,umc,UMC,UMC Headquarters,headquarters,"No. 3, Li-Hsin 2nd Road, Hsinchu Science Park, Hsinchu, Taiwan",Taiwan,24.775525,121.0190667,street_or_area_candidate,geocoded,https://www.umc.com/en/Html/worldwide_contacts,company_locations_page,2026-08-24,2026-08-25,https://nominatim.openstreetmap.org/,"力行二路, 新竹科學園區, 金山里, 東區, 新竹市, 30082, 臺灣",way,330168758,"No. 3, Li-Hsin 2nd Road, Hsinchu Science Park, Hsinchu, Taiwan",,,,,,,,,,,,,,
umc-002,umc,UMC,UMC Europe,office,"De Entree 77, 1101 BH Amsterdam Zuidoost, The Netherlands",The Netherlands,52.3118099,4.9395518,street_or_area_candidate,geocoded,https://www.umc.com/en/Html/worldwide_contacts,company_locations_page,2026-08-24,2026-08-25,https://nominatim.openstreetmap.org/,"77, De entree, Zuidoost, Amsterdam, Noord-Holland, Nederland, 1101 BH, Nederland",node,2862921308,"De Entree 77, 1101 BH Amsterdam Zuidoost, The Netherlands",,,,,,,,,,,,,,
umc-003,umc,UMC,UMC HeJian Technology,factory,"No. 333, Xinghua Street, Suzhou Industrial Park, Suzhou, Jiangsu 215025, China",China,31.3022528,120.7658028,street_or_area_candidate,geocoded,https://www.umc.com/en/Html/worldwide_contacts,company_locations_page,2026-08-24,2026-08-25,https://nominatim.openstreetmap.org/,"星华街, 澜溪社区, 东沙湖社工委, 金鸡湖街道, 苏州工业园区, 苏州市, 江苏省, 215026, 中国",way,989874074,"No. 333, Xinghua Street, Suzhou Industrial Park, Suzhou, Jiangsu 215025, China",,,,,,,,,,,,,,
umc-004,umc,UMC,UMC North America,office,"488 De Guigne Drive, Sunnyvale, CA 94085, United States",United States,37.385348,-122.007077,street_or_area_candidate,geocoded,https://www.umc.com/en/Html/worldwide_contacts,company_locations_page,2026-08-24,2026-08-25,https://nominatim.openstreetmap.org/,"488, De Guigne Drive, Sunnyvale, Santa Clara County, California, 94085, United States",way,417919368,"488 De Guigne Drive, Sunnyvale, CA 94085, United States",,,,,,,,,,,,,,
umc-005,umc,UMC,UMC USJC Sales,office,"13F, Concurred Yokohama, 3-1 Kinko-cho, Kanagawa-ku, Yokohama, Kanagawa 221-0056, Japan",Japan,,,unlocated,needs_review,https://www.umc.com/en/Html/worldwide_contacts,company_locations_page,2026-08-24,2026-08-25,https://nominatim.openstreetmap.org/,,,,,,,,,,,,,,,,,,
umc-006,umc,UMC,UMC Singapore,factory,"No. 3, Pasir Ris Drive 12, Singapore 519528",Singapore,1.381097,103.932503,street_or_area_candidate,geocoded,https://www.umc.com/en/Html/worldwide_contacts,company_locations_page,2026-08-24,2026-08-25,https://nominatim.openstreetmap.org/,"UMC, Pasir Ris Industrial Drive 1, Pasir Ris Wafer Fab Park, Pasir Ris, East Region, Singapore, 519526, Singapore",node,12369614775,"UMC Singapore, Singapore",,,,,,,,,,,,,,
umc-007,umc,UMC,UMC Korea,office,"1117 Hanshin Intervalley 24, 322 Teheran-ro, Gangnam-gu, Seoul, South Korea",South Korea,,,unlocated,needs_review,https://www.umc.com/en/Html/worldwide_contacts,company_locations_page,2026-08-24,2026-08-25,https://nominatim.openstreetmap.org/,,,,,,,,,,,,,,,,,,
globalfoundries-001,globalfoundries,GlobalFoundries,GlobalFoundries Austin Downtown,office,"98 San Jacinto Boulevard, Austin, TX 78701, United States",United States,30.2616633,-97.7425502,street_or_area_candidate,geocoded,https://gf.com/about-gf/contact-us/,company_locations_page,2026-08-24,2026-08-25,https://nominatim.openstreetmap.org/,"Ciclo, 98, San Jacinto Boulevard, Rainey Street Historic District, Austin, Travis County, Texas, 78701, United States",node,13873366719,"98 San Jacinto Boulevard, Austin, TX 78701, United States",,,,,,,,,,,,,,
globalfoundries-002,globalfoundries,GlobalFoundries,GlobalFoundries Austin Southwest,office,"7500 Rialto Boulevard, Suite 150, Austin, TX 78735, United States",United States,,,unlocated,needs_review,https://gf.com/about-gf/contact-us/,company_locations_page,2026-08-24,2026-08-25,https://nominatim.openstreetmap.org/,,,,,,,,,,,,,,,,,,
globalfoundries-003,globalfoundries,GlobalFoundries,GlobalFoundries Essex Junction,factory,"1000 River Street, Essex Junction, VT 05452, United States",United States,44.4771343,-73.0966034,street_or_area_candidate,geocoded,https://gf.com/about-gf/contact-us/,company_locations_page,2026-08-24,2026-08-25,https://nominatim.openstreetmap.org/,"1000, River Street, Global Foundries Fab 9, Essex Junction, Chittenden County, Vermont, 05452, United States",node,12668834616,"1000 River Street, Essex Junction, VT 05452, United States",,,,,,,,,,,,,,
globalfoundries-004,globalfoundries,GlobalFoundries,GlobalFoundries Malta,headquarters,"400 Stonebreak Road Extension, Malta, NY 12020, United States",United States,42.9684844,-73.75439,building,map_ready,https://gf.com/about-gf/contact-us/,company_locations_page,2026-08-24,2026-08-25,https://nominatim.openstreetmap.org/,"GlobalFoundries, 400, Stonebreak Road Extension, Luther Forest Technology Campus, Town of Malta, Saratoga County, New York, 12020, United States",node,12510999851,"GlobalFoundries Malta, 400 Stonebreak Road Extension, Malta, NY 12020, United States",openstreetmap_building_match,2026-08-25,,,,,,,,,,,,
globalfoundries-005,globalfoundries,GlobalFoundries,GlobalFoundries New York,office,"140 East 45th Street, 41st Floor, New York, NY 10017, United States",United States,42.9684844,-73.75439,building_candidate,geocoded,https://gf.com/about-gf/contact-us/,company_locations_page,2026-08-24,2026-08-25,https://nominatim.openstreetmap.org/,"GlobalFoundries, 400, Stonebreak Road Extension, Luther Forest Technology Campus, Town of Malta, Saratoga County, New York, 12020, United States",node,12510999851,"GlobalFoundries New York, United States",,,,,,,,,,,,,,
globalfoundries-006,globalfoundries,GlobalFoundries,GlobalFoundries Plano,office,"8560 Belleview Drive, Suite 130, Plano, TX 75024, United States",United States,,,unlocated,needs_review,https://gf.com/about-gf/contact-us/,company_locations_page,2026-08-24,2026-08-25,https://nominatim.openstreetmap.org/,,,,,,,,,,,,,,,,,,
globalfoundries-007,globalfoundries,GlobalFoundries,GlobalFoundries Richardson,office,"740 East Campbell Road, Suite 560, Richardson, TX 75081, United States",United States,,,unlocated,needs_review,https://gf.com/about-gf/contact-us/,company_locations_page,2026-08-24,2026-08-25,https://nominatim.openstreetmap.org/,,,,,,,,,,,,,,,,,,
globalfoundries-008,globalfoundries,GlobalFoundries,GlobalFoundries San Diego,office,"5900 La Place Court, Suite 120-131, Carlsbad, CA 92008, United States",United States,,,unlocated,needs_review,https://gf.com/about-gf/contact-us/,company_locations_page,2026-08-24,2026-08-25,https://nominatim.openstreetmap.org/,,,,,,,,,,,,,,,,,,
globalfoundries-009,globalfoundries,GlobalFoundries,GlobalFoundries San Jose,office,"2870 Zanker Road, Suite 210, San Jose, CA 95134, United States",United States,,,unlocated,needs_review,https://gf.com/about-gf/contact-us/,company_locations_page,2026-08-24,2026-08-25,https://nominatim.openstreetmap.org/,,,,,,,,,,,,,,,,,,
globalfoundries-010,globalfoundries,GlobalFoundries,GlobalFoundries Santa Clara,office,"2600 Great America Way, Santa Clara, CA 95054, United States",United States,37.4153033,-121.9743273,building,map_ready,https://gf.com/about-gf/contact-us/,company_locations_page,2026-08-24,2026-08-25,https://nominatim.openstreetmap.org/,"2600, Great America Way, Santa Clara, Santa Clara County, California, 95002, United States",way,314941627,"2600 Great America Way, Santa Clara, CA 95054, United States",openstreetmap_building_match,2026-08-25,,,,,,,,,,,,
globalfoundries-011,globalfoundries,GlobalFoundries,GlobalFoundries Cairo,office,"Plot 4, El-Nakheel District, Second New Cairo, Cairo Governorate 00000, Egypt",Egypt,,,unlocated,needs_review,https://gf.com/about-gf/contact-us/,company_locations_page,2026-08-24,2026-08-25,https://nominatim.openstreetmap.org/,,,,,,,,,,,,,,,,,,
globalfoundries-012,globalfoundries,GlobalFoundries,GlobalFoundries Dresden,factory,"Wilschdorfer Landstrasse 101, 01109 Dresden, Germany",Germany,51.125797,13.717192,building,map_ready,https://gf.com/about-gf/contact-us/,company_locations_page,2026-08-24,2026-08-25,https://nominatim.openstreetmap.org/,"Globalfoundries Fab 1, 101, Hellerau/Wilschdorf, Wilschdorf, Klotzsche, Dresden, Sachsen, 01109, Deutschland",way,10818500,"GlobalFoundries Dresden, Germany",openstreetmap_building_match,2026-08-25,,,,,,,,,,,,
globalfoundries-013,globalfoundries,GlobalFoundries,GlobalFoundries Eindhoven,office,"High Tech Campus 41, 1st Floor, 5656 AE Eindhoven, The Netherlands",The Netherlands,,,unlocated,needs_review,https://gf.com/about-gf/contact-us/,company_locations_page,2026-08-24,2026-08-25,https://nominatim.openstreetmap.org/,,,,,,,,,,,,,,,,,,
globalfoundries-014,globalfoundries,GlobalFoundries,GlobalFoundries IMEC Leuven,research_center,"Kapeldreef 75, 3001 Leuven, Belgium",Belgium,50.8653863,4.6795576,building,map_ready,https://gf.com/about-gf/contact-us/,company_locations_page,2026-08-24,2026-08-25,https://nominatim.openstreetmap.org/,"IMEC, 75, Kapeldreef, Heverlee, Leuven, Vlaams-Brabant, Vlaanderen, 3001, België / Belgique / Belgien",way,37342567,"Kapeldreef 75, 3001 Leuven, Belgium",openstreetmap_building_match,2026-08-25,,,,,,,,,,,,
globalfoundries-015,globalfoundries,GlobalFoundries,GlobalFoundries Leuven,office,"Haasrode Research Park, Technologielaan 11-0002, B-3001 Leuven, Belgium",Belgium,,,unlocated,needs_review,https://gf.com/about-gf/contact-us/,company_locations_page,2026-08-24,2026-08-25,https://nominatim.openstreetmap.org/,,,,,,,,,,,,,,,,,,
globalfoundries-016,globalfoundries,GlobalFoundries,GlobalFoundries Munich,office,"St.-Martin-Strasse 64, 81541 Munich, Germany",Germany,48.1180787,11.5951422,street_or_area_candidate,geocoded,https://gf.com/about-gf/contact-us/,company_locations_page,2026-08-24,2026-08-25,https://nominatim.openstreetmap.org/,"64, Sankt-Martin-Straße, Obergiesing, Obergiesing-Fasangarten, München, Bayern, 81541, Deutschland",node,1555017051,"St.-Martin-Strasse 64, 81541 Munich, Germany",,,,,,,,,,,,,,
globalfoundries-017,globalfoundries,GlobalFoundries,GlobalFoundries Novi Sad,office,"Trg Galerija 3b, Apartment 32, 21000 Novi Sad, Serbia",Serbia,,,unlocated,needs_review,https://gf.com/about-gf/contact-us/,company_locations_page,2026-08-24,2026-08-25,https://nominatim.openstreetmap.org/,,,,,,,,,,,,,,,,,,
globalfoundries-018,globalfoundries,GlobalFoundries,GlobalFoundries Pavia,office,"Polo Tecnologico di Pavia, Via Fratelli Cuzio 42, 27100 Pavia, Italy",Italy,,,unlocated,needs_review,https://gf.com/about-gf/contact-us/,company_locations_page,2026-08-24,2026-08-25,https://nominatim.openstreetmap.org/,,,,,,,,,,,,,,,,,,
globalfoundries-019,globalfoundries,GlobalFoundries,GlobalFoundries Porto,office,"Avenida Menéres 640, 4450-102 Matosinhos, Portugal",Portugal,41.1786943,-8.685465,street_or_area_candidate,geocoded,https://gf.com/about-gf/contact-us/,company_locations_page,2026-08-24,2026-08-25,https://nominatim.openstreetmap.org/,"Avenida Menéres, Matosinhos Sul, Matosinhos, Porto, 4450-191, Portugal",way,172956384,"Avenida Menéres 640, 4450-102 Matosinhos, Portugal",,,,,,,,,,,,,,
globalfoundries-020,globalfoundries,GlobalFoundries,GlobalFoundries Sofia,office,"59 G.M. Dimitrov Boulevard, 1700 Sofia, Bulgaria",Bulgaria,,,unlocated,needs_review,https://gf.com/about-gf/contact-us/,company_locations_page,2026-08-24,2026-08-25,https://nominatim.openstreetmap.org/,,,,,,,,,,,,,,,,,,
globalfoundries-021,globalfoundries,GlobalFoundries,GlobalFoundries Beijing,office,"Unit 03, 41F, North Tower, CP Center, No. 20 Jinhe East Road, Chaoyang District, Beijing, China",China,,,unlocated,needs_review,https://gf.com/about-gf/contact-us/,company_locations_page,2026-08-24,2026-08-25,https://nominatim.openstreetmap.org/,,,,,,,,,,,,,,,,,,
globalfoundries-022,globalfoundries,GlobalFoundries,GlobalFoundries Bengaluru North,office,"9th Floor, Block N1 Balsa, Manyata Embassy Business Park, Nagawara, Outer Ring Road, Bengaluru 560045, India",India,13.0529195,77.6190278,building,map_ready,https://gf.com/about-gf/contact-us/,company_locations_page,2026-08-24,2026-08-25,https://nominatim.openstreetmap.org/,"GlobalFoundries, Residency Road, Manyata Tech Park, Kempapura, Bengaluru North City Corporation, Bengaluru, Bangalore East, Bengaluru Urban, Karnataka, 560045, India",node,12630615229,"GlobalFoundries Bengaluru North, India",openstreetmap_building_match,2026-08-25,,,,,,,,,,,,
globalfoundries-023,globalfoundries,GlobalFoundries,GlobalFoundries Bengaluru Central,office,"Roshni Arcade, Marathahalli Main Road, Lakshminarayana Pura, EPIP Zone, Chinnapanna Halli, Bengaluru, Karnataka 560037, India",India,,,unlocated,needs_review,https://gf.com/about-gf/contact-us/,company_locations_page,2026-08-24,2026-08-25,https://nominatim.openstreetmap.org/,,,,,,,,,,,,,,,,,,
globalfoundries-024,globalfoundries,GlobalFoundries,GlobalFoundries Hsinchu Ciyun Road,office,"20F-6, No. 118 Ciyun Road, East District, Hsinchu City 300196, Taiwan",Taiwan,,,unlocated,needs_review,https://gf.com/about-gf/contact-us/,company_locations_page,2026-08-24,2026-08-25,https://nominatim.openstreetmap.org/,,,,,,,,,,,,,,,,,,
globalfoundries-025,globalfoundries,GlobalFoundries,GlobalFoundries Hsinchu Gongdao Road,office,"No. 176-178, Section 2, Gongdao 5th Road, East District, Hsinchu City, Taiwan",Taiwan,,,unlocated,needs_review,https://gf.com/about-gf/contact-us/,company_locations_page,2026-08-24,2026-08-25,https://nominatim.openstreetmap.org/,,,,,,,,,,,,,,,,,,
globalfoundries-026,globalfoundries,GlobalFoundries,GlobalFoundries Hyderabad,office,"7th Floor, Block C, Plot No. 2, Salarpuria Sattva Knowledge City, Phase 1, Raidurg Village, Kondapur, Hyderabad, Telangana 500081, India",India,,,unlocated,needs_review,https://gf.com/about-gf/contact-us/,company_locations_page,2026-08-24,2026-08-25,https://nominatim.openstreetmap.org/,,,,,,,,,,,,,,,,,,
globalfoundries-027,globalfoundries,GlobalFoundries,GlobalFoundries Kolkata,office,"Block DP, Plot No. 5/1, Fourth Floor, STPI, Salt Lake, Sector V, Kolkata, West Bengal 700091, India",India,,,unlocated,needs_review,https://gf.com/about-gf/contact-us/,company_locations_page,2026-08-24,2026-08-25,https://nominatim.openstreetmap.org/,,,,,,,,,,,,,,,,,,
globalfoundries-028,globalfoundries,GlobalFoundries,GlobalFoundries Penang,office,"1C-03-01, One Precinct, Lengkok Mayang Pasir, Bayan Baru, Penang 11950, Malaysia",Malaysia,,,unlocated,needs_review,https://gf.com/about-gf/contact-us/,company_locations_page,2026-08-24,2026-08-25,https://nominatim.openstreetmap.org/,,,,,,,,,,,,,,,,,,
globalfoundries-029,globalfoundries,GlobalFoundries,GlobalFoundries Pune,office,"3rd Floor, WeWork Futura, Magarpatta Road, Kirtane Baugh, Hadapsar, Maharashtra 411028, India",India,,,unlocated,needs_review,https://gf.com/about-gf/contact-us/,company_locations_page,2026-08-24,2026-08-25,https://nominatim.openstreetmap.org/,,,,,,,,,,,,,,,,,,
globalfoundries-030,globalfoundries,GlobalFoundries,GlobalFoundries Shanghai,office,"7th Floor, Tower 333, No. 333 Lanhua Road, Pudong District, Shanghai, China",China,,,unlocated,needs_review,https://gf.com/about-gf/contact-us/,company_locations_page,2026-08-24,2026-08-25,https://nominatim.openstreetmap.org/,,,,,,,,,,,,,,,,,,
globalfoundries-031,globalfoundries,GlobalFoundries,GlobalFoundries Seoul,office,"4F, 150 Beopjo-ro 149beon-gil, Yeongtong-gu, Suwon-si, Gyeonggi-do, South Korea",South Korea,,,unlocated,needs_review,https://gf.com/about-gf/contact-us/,company_locations_page,2026-08-24,2026-08-25,https://nominatim.openstreetmap.org/,,,,,,,,,,,,,,,,,,
globalfoundries-032,globalfoundries,GlobalFoundries,GlobalFoundries Singapore Woodlands,factory,"60 Woodlands Industrial Park D Street 2, Singapore 738406",Singapore,1.4368921,103.7646451,street_or_area_candidate,geocoded,https://gf.com/about-gf/contact-us/,company_locations_page,2026-08-24,2026-08-25,https://nominatim.openstreetmap.org/,"Globalfoundries, Woodlands Road, Kranji, Sungei Kadut, North Region, Singapore, 739571, Singapore",node,410485341,"GlobalFoundries Singapore Woodlands, Singapore",,,,,,,,,,,,,,
globalfoundries-033,globalfoundries,GlobalFoundries,GlobalFoundries Singapore Science Park,office,"11 Science Park Road, Singapore Science Park II, Singapore 117685",Singapore,1.2891484,103.7796237,street_or_area_candidate,geocoded,https://gf.com/about-gf/contact-us/,company_locations_page,2026-08-24,2026-08-25,https://nominatim.openstreetmap.org/,"Science Park Road, Singapore Science Park II, one-north, Queenstown, Central Region, Singapore, 117684, Singapore",way,54518331,"11 Science Park Road, Singapore Science Park II, Singapore 117685",,,,,,,,,,,,,,
globalfoundries-034,globalfoundries,GlobalFoundries,GlobalFoundries Wuhan,office,"Units 805-806, Building 1, Sandhill Central, No. 6 Longshan South Street, Future City, East Lake High-Tech Development Zone, Wuhan, Hubei, China",China,,,unlocated,needs_review,https://gf.com/about-gf/contact-us/,company_locations_page,2026-08-24,2026-08-25,https://nominatim.openstreetmap.org/,,,,,,,,,,,,,,,,,,
globalfoundries-035,globalfoundries,GlobalFoundries,GlobalFoundries Yokohama,office,"38F, Yokohama Landmark Tower, 2-2-1 Minatomirai, Nishi-ku, Yokohama, Kanagawa 220-8138, Japan",Japan,,,unlocated,needs_review,https://gf.com/about-gf/contact-us/,company_locations_page,2026-08-24,2026-08-25,https://nominatim.openstreetmap.org/,,,,,,,,,,,,,,,,,,
ase-001,ase,ASE Technology,ASE Kaohsiung,factory,"26 Jing 3rd Road, Nanzi District, Kaohsiung 811, Taiwan",Taiwan,22.7222982,120.3025096,building_candidate,geocoded,https://ase.aseglobal.com/about-ase/manufacturing-facilities/,company_locations_page,2026-08-24,2026-08-25,https://nominatim.openstreetmap.org/,"日月光K13, 經五路, 楠梓科技產業園區, 瑞屏里, 楠梓區, 高雄市, 811, 臺灣",way,295379531,"ASE Kaohsiung, Taiwan",,,,,,,,,,,,,,
ase-002,ase,ASE Technology,ASE ChungLi,factory,"No. 550, Section 1, Chung-Hwa Road, Zhongli District, Taoyuan, Taiwan",Taiwan,,,unlocated,needs_review,https://ase.aseglobal.com/about-ase/manufacturing-facilities/,company_locations_page,2026-08-24,2026-08-25,https://nominatim.openstreetmap.org/,,,,,,,,,,,,,,,,,,
ase-003,ase,ASE Technology,ASE Shanghai Material,factory,"No. 2300 Jin Ke Road, Zhangjiang Hi-Tech Park, Pudong New Area, Shanghai 201203, China",China,,,unlocated,needs_review,https://ase.aseglobal.com/about-ase/manufacturing-facilities/,company_locations_page,2026-08-24,2026-08-25,https://nominatim.openstreetmap.org/,,,,,,,,,,,,,,,,,,
ase-004,ase,ASE Technology,ASE Wuxi,factory,"Building 29-B, Block 52, Wuxi High-Tech Industrial Development Zone, Wuxi, Jiangsu 214028, China",China,,,unlocated,needs_review,https://ase.aseglobal.com/about-ase/manufacturing-facilities/,company_locations_page,2026-08-24,2026-08-25,https://nominatim.openstreetmap.org/,,,,,,,,,,,,,,,,,,
ase-005,ase,ASE Technology,ASE Korea Paju,factory,"76 Saneopdanji-gil, Paju-si, Gyeonggi-do 10878, South Korea",South Korea,37.72826,126.7102929,street_or_area_candidate,geocoded,https://ase.aseglobal.com/about-ase/manufacturing-facilities/,company_locations_page,2026-08-24,2026-08-25,https://nominatim.openstreetmap.org/,"산업단지길, 문발동, 교하동, 파주시, 경기도, 10880, 대한민국",way,471473111,"76 Saneopdanji-gil, Paju-si, Gyeonggi-do 10878, South Korea",,,,,,,,,,,,,,
ase-006,ase,ASE Technology,ASE Cheonan,factory,"56 Samseong 4-gil, Mokcheon-eup, Dongnam-gu, Cheonan-si, Chungcheongnam-do, South Korea",South Korea,,,unlocated,needs_review,https://ase.aseglobal.com/about-ase/manufacturing-facilities/,company_locations_page,2026-08-24,2026-08-25,https://nominatim.openstreetmap.org/,,,,,,,,,,,,,,,,,,
ase-007,ase,ASE Technology,ASE Japan Takahata,factory,"1863 Ooazairyuda, Takahata-machi, Higashiokitama-gun, Yamagata 992-0324, Japan",Japan,,,unlocated,needs_review,https://ase.aseglobal.com/about-ase/manufacturing-facilities/,company_locations_page,2026-08-24,2026-08-25,https://nominatim.openstreetmap.org/,,,,,,,,,,,,,,,,,,
ase-008,ase,ASE Technology,ASE Malaysia,factory,"Plot 20, Phase IV, Free Industrial Zone, Bayan Lepas, Penang 11900, Malaysia",Malaysia,,,unlocated,needs_review,https://ase.aseglobal.com/about-ase/manufacturing-facilities/,company_locations_page,2026-08-24,2026-08-25,https://nominatim.openstreetmap.org/,,,,,,,,,,,,,,,,,,
ase-009,ase,ASE Technology,ASE Singapore Manufacturing,factory,"2 Woodlands Loop, Singapore 738074",Singapore,1.4488905,103.8060679,street_or_area_candidate,geocoded,https://ase.aseglobal.com/about-ase/manufacturing-facilities/,company_locations_page,2026-08-24,2026-08-25,https://nominatim.openstreetmap.org/,"Woodlands Loop, Senoko South, Senoko, Sembawang, North Region, Singapore, 738388, Singapore",way,646623483,"2 Woodlands Loop, Singapore 738074",,,,,,,,,,,,,,
ase-010,ase,ASE Technology,ASE Philippines,factory,"L1B4 Gateway Business Park, Javalera, General Trias, Cavite 4107, Philippines",Philippines,14.2624467,120.9197813,building,map_ready,https://ase.aseglobal.com/about-ase/manufacturing-facilities/,company_locations_page,2026-08-24,2026-08-25,https://nominatim.openstreetmap.org/,"Gateway Business Park, Javalera, General Trias, Cavite, Calabarzon, 4107, Philippines",relation,14014149,"L1B4 Gateway Business Park, Javalera, General Trias, Cavite 4107, Philippines",openstreetmap_building_match,2026-08-25,,,,,,,,,,,,
ase-011,ase,ASE Technology,ASE ISE Labs Fremont,laboratory,"46800 Bayside Parkway, Fremont, CA 94538, United States",United States,37.4805016,-121.9399634,building,map_ready,https://ase.aseglobal.com/about-ase/manufacturing-facilities/,company_locations_page,2026-08-24,2026-08-25,https://nominatim.openstreetmap.org/,"ISE Labs, 46800, Bayside Parkway, Warm Springs District, Fremont, Alameda County, California, 94538, United States",way,384294918,"46800 Bayside Parkway, Fremont, CA 94538, United States",openstreetmap_building_match,2026-08-25,,,,,,,,,,,,
ase-012,ase,ASE Technology,ASE Hsinchu Sales,office,"14F, No. 120, Section 2, Gongdaowu Road, Hsinchu City 300, Taiwan",Taiwan,,,unlocated,needs_review,https://ase.aseglobal.com/about-ase/contact/global-sales/,company_locations_page,2026-08-24,2026-08-25,https://nominatim.openstreetmap.org/,,,,,,,,,,,,,,,,,,
ase-013,ase,ASE Technology,ASE Yokohama Sales,office,"10F, Sumitomofudosan Building, 2-5-5 Shin-Yokohama, Kohoku-ku, Yokohama 222-0033, Japan",Japan,,,unlocated,needs_review,https://ase.aseglobal.com/about-ase/contact/global-sales/,company_locations_page,2026-08-24,2026-08-25,https://nominatim.openstreetmap.org/,,,,,,,,,,,,,,,,,,
ase-014,ase,ASE Technology,ASE Korea Sales,office,"Room 706, First Korea, 58 Dongtancheomdansaneop 1-ro, Hwaseong-si, Gyeonggi-do, South Korea",South Korea,,,unlocated,needs_review,https://ase.aseglobal.com/about-ase/contact/global-sales/,company_locations_page,2026-08-24,2026-08-25,https://nominatim.openstreetmap.org/,,,,,,,,,,,,,,,,,,
ase-015,ase,ASE Technology,ASE Singapore Sales,office,"3 Fusionopolis Link, #02-10 Nexus@One-North South Tower, Singapore 138543",Singapore,,,unlocated,needs_review,https://ase.aseglobal.com/about-ase/contact/global-sales/,company_locations_page,2026-08-24,2026-08-25,https://nominatim.openstreetmap.org/,,,,,,,,,,,,,,,,,,
ase-016,ase,ASE Technology,ASE Northern California,office,"1255 East Arques Avenue, Sunnyvale, CA 94085, United States",United States,37.3806154,-121.9971816,street_or_area_candidate,geocoded,https://ase.aseglobal.com/about-ase/contact/global-sales/,company_locations_page,2026-08-24,2026-08-25,https://nominatim.openstreetmap.org/,"1255, East Arques Avenue, Sunnyvale, Santa Clara County, California, 94085, United States",way,188695643,"1255 East Arques Avenue, Sunnyvale, CA 94085, United States",,,,,,,,,,,,,,
ase-017,ase,ASE Technology,ASE Irvine,office,"111 Pacifica, Suite 240, Irvine, CA 92618, United States",United States,,,unlocated,needs_review,https://ase.aseglobal.com/about-ase/contact/global-sales/,company_locations_page,2026-08-24,2026-08-25,https://nominatim.openstreetmap.org/,,,,,,,,,,,,,,,,,,
ase-018,ase,ASE Technology,ASE San Diego,office,"4370 La Jolla Village Drive, Suite 303, San Diego, CA 92122, United States",United States,,,unlocated,needs_review,https://ase.aseglobal.com/about-ase/contact/global-sales/,company_locations_page,2026-08-24,2026-08-25,https://nominatim.openstreetmap.org/,,,,,,,,,,,,,,,,,,
ase-019,ase,ASE Technology,ASE Austin,office,"3755 South Capital of Texas Highway, Suite 190, Austin, TX 78704, United States",United States,30.2912566,-97.7374737,building_candidate,geocoded,https://ase.aseglobal.com/about-ase/contact/global-sales/,company_locations_page,2026-08-24,2026-08-25,https://nominatim.openstreetmap.org/,"Aerospace Engineering Building, 101, East 27th Street, College Court, Austin, Travis County, Texas, 78712, United States",way,38624864,"ASE Austin, United States",,,,,,,,,,,,,,
ase-020,ase,ASE Technology,ASE Dallas,office,"14785 Preston Road, Suite 460, Dallas, TX 75254, United States",United States,,,unlocated,needs_review,https://ase.aseglobal.com/about-ase/contact/global-sales/,company_locations_page,2026-08-24,2026-08-25,https://nominatim.openstreetmap.org/,,,,,,,,,,,,,,,,,,
ase-021,ase,ASE Technology,ASE Boston,office,"400 Trade Center, Suite 4950, Woburn, MA 01801, United States",United States,,,unlocated,needs_review,https://ase.aseglobal.com/about-ase/contact/global-sales/,company_locations_page,2026-08-24,2026-08-25,https://nominatim.openstreetmap.org/,,,,,,,,,,,,,,,,,,
ase-022,ase,ASE Technology,ASE Tempe,office,"7855 South River Parkway, Suite 212, Tempe, AZ 85284, United States",United States,,,unlocated,needs_review,https://ase.aseglobal.com/about-ase/contact/global-sales/,company_locations_page,2026-08-24,2026-08-25,https://nominatim.openstreetmap.org/,,,,,,,,,,,,,,,,,,
ase-023,ase,ASE Technology,ASE Brussels,office,"Waterloo Office Park, Drève Richelle 161M, Box 23, 1410 Waterloo, Belgium",Belgium,,,unlocated,needs_review,https://ase.aseglobal.com/about-ase/contact/global-sales/,company_locations_page,2026-08-24,2026-08-25,https://nominatim.openstreetmap.org/,,,,,,,,,,,,,,,,,,
ase-024,ase,ASE Technology,ASE Munich,office,"Weihenstephaner Strasse 12, 81673 Munich, Germany",Germany,48.1751788,11.5610644,street_or_area_candidate,geocoded,https://ase.aseglobal.com/about-ase/contact/global-sales/,company_locations_page,2026-08-24,2026-08-25,https://nominatim.openstreetmap.org/,"ASE Hausmeisterservice, 13, Sankt-Blasien-Straße, Schwabing-West, Am Riesenfeld, München, Bayern, 80809, Deutschland",node,9825575520,"ASE Munich, Germany",,,,,,,,,,,,,,
amkor-001,amkor,Amkor Technology,Amkor Corporate Headquarters,headquarters,"2045 East Innovation Circle, Tempe, AZ 85284, United States",United States,33.3357794,-111.8988351,building,map_ready,https://amkor.com/contact-us/,company_locations_page,2026-08-24,2026-08-25,https://nominatim.openstreetmap.org/,"Amkor Technology Inc, 2045, East Innovation Circle, Arizona State University Research Park, Tempe, Maricopa County, Arizona, 85284, United States",way,982143765,"2045 East Innovation Circle, Tempe, AZ 85284, United States",openstreetmap_building_match,2026-08-25,,,,,,,,,,,,
amkor-002,amkor,Amkor Technology,Amkor San Jose,office,"25 Metro Drive, Suite 700, San Jose, CA 95110, United States",United States,,,unlocated,needs_review,https://amkor.com/contact-us/,company_locations_page,2026-08-24,2026-08-25,https://nominatim.openstreetmap.org/,,,,,,,,,,,,,,,,,,
amkor-003,amkor,Amkor Technology,Amkor San Diego,office,"5355 Mira Sorrento Place, Suite 725, San Diego, CA 92121, United States",United States,,,unlocated,needs_review,https://amkor.com/contact-us/,company_locations_page,2026-08-24,2026-08-25,https://nominatim.openstreetmap.org/,,,,,,,,,,,,,,,,,,
amkor-004,amkor,Amkor Technology,Amkor Austin,office,"8140 North Mopac Expressway, Building 3, Suite 240, Austin, TX 78759, United States",United States,,,unlocated,needs_review,https://amkor.com/contact-us/,company_locations_page,2026-08-24,2026-08-25,https://nominatim.openstreetmap.org/,,,,,,,,,,,,,,,,,,
amkor-005,amkor,Amkor Technology,Amkor Munich,office,"Werner-Eckert-Strasse 14, 81829 Munich, Germany",Germany,48.1341802,11.6875981,street_or_area_candidate,geocoded,https://amkor.com/contact-us/,company_locations_page,2026-08-24,2026-08-25,https://nominatim.openstreetmap.org/,"14, Werner-Eckert-Straße, Riem, Trudering-Riem, München, Bayern, 81829, Deutschland",node,2362858474,"Werner-Eckert-Strasse 14, 81829 Munich, Germany",,,,,,,,,,,,,,
amkor-006,amkor,Amkor Technology,Amkor Shanghai Support,office,"Building E, Chamtime Square, 2889 Jinke Road, Room 504, Pudong, Shanghai 201203, China",China,,,unlocated,needs_review,https://amkor.com/contact-us/,company_locations_page,2026-08-24,2026-08-25,https://nominatim.openstreetmap.org/,,,,,,,,,,,,,,,,,,
amkor-007,amkor,Amkor Technology,Amkor Zhubei Support,office,"3F-1, No. 1, Taiyuan 2nd Street, Zhubei City, Hsinchu County 302, Taiwan",Taiwan,,,unlocated,needs_review,https://amkor.com/contact-us/,company_locations_page,2026-08-24,2026-08-25,https://nominatim.openstreetmap.org/,,,,,,,,,,,,,,,,,,
amkor-008,amkor,Amkor Technology,Amkor Tokyo Business Operations,office,"14F, Shibakoen Front Tower, 2-6-3 Shibakoen, Minato-ku, Tokyo 105-0011, Japan",Japan,,,unlocated,needs_review,https://amkor.com/contact-us/,company_locations_page,2026-08-24,2026-08-25,https://nominatim.openstreetmap.org/,,,,,,,,,,,,,,,,,,
amkor-009,amkor,Amkor Technology,Amkor Tokyo Customer Support,office,"12F, T-LITE, 2-4-7 Toranomon, Minato-ku, Tokyo 105-0001, Japan",Japan,,,unlocated,needs_review,https://amkor.com/contact-us/,company_locations_page,2026-08-24,2026-08-25,https://nominatim.openstreetmap.org/,,,,,,,,,,,,,,,,,,
amkor-010,amkor,Amkor Technology,Amkor Incheon Songdo K5 and Support,factory,"150 Songdomirae-ro, Yeonsu-gu, Incheon 21991, South Korea",South Korea,37.3601211,126.6566803,building,map_ready,https://amkor.com/contact-us/,company_locations_page,2026-08-24,2026-08-25,https://nominatim.openstreetmap.org/,"앰코테크놀로지 K5송도플랜트, 150, 송도미래로, 송도3동, 연수구, 인천광역시, 21990, 대한민국",way,377087143,"150 Songdomirae-ro, Yeonsu-gu, Incheon 21991, South Korea",openstreetmap_building_match,2026-08-25,,,,,,,,,,,,
amkor-011,amkor,Amkor Technology,Amkor Singapore,office,"491B River Valley Road, #12-03 Valley Point Office Tower, Singapore 248373",Singapore,,,unlocated,needs_review,https://amkor.com/contact-us/,company_locations_page,2026-08-24,2026-08-25,https://nominatim.openstreetmap.org/,,,,,,,,,,,,,,,,,,
amkor-012,amkor,Amkor Technology,Amkor Incheon K3,factory,"110 Anaji-ro, Gyeyang-gu, Incheon 21107, South Korea",South Korea,37.5252835,126.7030216,street_or_area_candidate,geocoded,https://amkor.com/contact-us/,company_locations_page,2026-08-24,2026-08-25,https://nominatim.openstreetmap.org/,"아나지로, 효성2동, 계양구, 인천광역시, 21306, 대한민국",way,1360917792,"110 Anaji-ro, Gyeyang-gu, Incheon 21107, South Korea",,,,,,,,,,,,,,
amkor-013,amkor,Amkor Technology,Amkor Gwangju K4,factory,"100 Amkor-ro, Buk-gu, Gwangju 61006, South Korea",South Korea,35.227874,126.8528048,street_or_area_candidate,geocoded,https://amkor.com/contact-us/,company_locations_page,2026-08-24,2026-08-25,https://nominatim.openstreetmap.org/,"앰코로, 오룡동, 북구, 광주, 전남광주통합특별시, 61006, 대한민국",way,1095288060,"100 Amkor-ro, Buk-gu, Gwangju 61006, South Korea",,,,,,,,,,,,,,
amkor-014,amkor,Amkor Technology,Amkor Philippines P1,factory,"KM 22 East Service Road, Special Economic Zone, Cupang, Muntinlupa City 1771, Philippines",Philippines,14.2739461,121.0530765,building_candidate,geocoded,https://amkor.com/contact-us/,company_locations_page,2026-08-24,2026-08-25,https://nominatim.openstreetmap.org/,"Amkor Technology Philippines, 119, Malamig, Biñan, Laguna, Calabarzon, 4024, Philippines",way,122120666,"Amkor Philippines P1, Philippines",,,,,,,,,,,,,,
amkor-015,amkor,Amkor Technology,Amkor Philippines P3/P4,factory,"119 North Science Avenue, Laguna Technopark, Biñan, Laguna 4024, Philippines",Philippines,14.2739461,121.0530765,building,map_ready,https://amkor.com/contact-us/,company_locations_page,2026-08-24,2026-08-25,https://nominatim.openstreetmap.org/,"Amkor Technology Philippines, 119, Malamig, Biñan, Laguna, Calabarzon, 4024, Philippines",way,122120666,"Amkor Philippines P3/P4, Philippines",openstreetmap_building_match,2026-08-25,,,,,,,,,,,,
amkor-016,amkor,Amkor Technology,Amkor Shanghai C3,factory,"111 Yinglun Road, Waigaoqiao Free Trade Zone, Pudong, Shanghai 200131, China",China,31.3111986,121.605934,building_candidate,geocoded,https://amkor.com/contact-us/,company_locations_page,2026-08-24,2026-08-25,https://nominatim.openstreetmap.org/,"Amkor Packaging & Testing (Shanghai) Co., Ltd., 高东镇, 浦东新区, 上海市, 中国",way,1182947292,"Amkor Shanghai C3, China",,,,,,,,,,,,,,
amkor-017,amkor,Amkor Technology,Amkor Taiwan T1,factory,"1F, No. 1 Kao-Ping Section, Chung-Feng Road, Longtan District, Taoyuan City 325, Taiwan",Taiwan,,,unlocated,needs_review,https://amkor.com/contact-us/,company_locations_page,2026-08-24,2026-08-25,https://nominatim.openstreetmap.org/,,,,,,,,,,,,,,,,,,
amkor-018,amkor,Amkor Technology,Amkor Taiwan T3,factory,"No. 11 Guangfu Road, Hsinchu Industrial Park, Hukou Township, Hsinchu County 303, Taiwan",Taiwan,,,unlocated,needs_review,https://amkor.com/contact-us/,company_locations_page,2026-08-24,2026-08-25,https://nominatim.openstreetmap.org/,,,,,,,,,,,,,,,,,,
amkor-019,amkor,Amkor Technology,Amkor Taiwan T6,factory,"No. 333 Longyuan 1st Road, Longtan District, Taoyuan City 325, Taiwan",Taiwan,24.884014,121.1877108,street_or_area_candidate,geocoded,https://amkor.com/contact-us/,company_locations_page,2026-08-24,2026-08-25,https://nominatim.openstreetmap.org/,"龍園一路, 竹科龍潭園區, 大坑尾, 八德里, 龍潭區, 桃園市, 32560, 臺灣",way,200559990,"No. 333 Longyuan 1st Road, Longtan District, Taoyuan City 325, Taiwan",,,,,,,,,,,,,,
amkor-020,amkor,Amkor Technology,Amkor Malaysia M1,factory,"15KM Jalan Klang-Banting, Kawasan Perindustrian Bebas Telok Panglima Garang, Kuala Langat, Selangor 42500, Malaysia",Malaysia,,,unlocated,needs_review,https://amkor.com/contact-us/,company_locations_page,2026-08-24,2026-08-25,https://nominatim.openstreetmap.org/,,,,,,,,,,,,,,,,,,
amkor-021,amkor,Amkor Technology,Amkor Portugal E1,factory,"Avenida Primeiro de Maio 801, 4485-629 Vila do Conde, Portugal",Portugal,,,unlocated,needs_review,https://amkor.com/contact-us/,company_locations_page,2026-08-24,2026-08-25,https://nominatim.openstreetmap.org/,,,,,,,,,,,,,,,,,,
amkor-022,amkor,Amkor Technology,Amkor Japan J7 Hakodate,factory,"145 Nakajima, Nanae-cho, Kameda-gun, Hokkaido 041-1196, Japan",Japan,41.8657868,140.7069536,street_or_area_candidate,geocoded,https://amkor.com/contact-us/,company_locations_page,2026-08-24,2026-08-25,https://nominatim.openstreetmap.org/,"中島, 七飯町, 亀田郡, 渡島総合振興局, 北海道, 北海道地方, 041-1133, 日本",node,8657509746,"145 Nakajima, Nanae-cho, Kameda-gun, Hokkaido 041-1196, Japan",,,,,,,,,,,,,,
amkor-023,amkor,Amkor Technology,Amkor Japan J6 Fukui,factory,"1 Higashijima, Omaki, Harue-cho, Sakai-shi, Fukui 919-0402, Japan",Japan,,,unlocated,needs_review,https://amkor.com/contact-us/,company_locations_page,2026-08-24,2026-08-25,https://nominatim.openstreetmap.org/,,,,,,,,,,,,,,,,,,
amkor-024,amkor,Amkor Technology,Amkor Japan J4 Fukuoka,factory,"476-1 Kamiokuma, Miyawaka-shi, Fukuoka 823-0005, Japan",Japan,,,unlocated,needs_review,https://amkor.com/contact-us/,company_locations_page,2026-08-24,2026-08-25,https://nominatim.openstreetmap.org/,,,,,,,,,,,,,,,,,,
amkor-025,amkor,Amkor Technology,Amkor Japan J4 Kitakami,factory,"6-6 Kita-Kogyo-Danchi, Kitakami-shi, Iwate 024-8650, Japan",Japan,,,unlocated,needs_review,https://amkor.com/contact-us/,company_locations_page,2026-08-24,2026-08-25,https://nominatim.openstreetmap.org/,,,,,,,,,,,,,,,,,,
amkor-026,amkor,Amkor Technology,Amkor Japan J3 Kumamoto,factory,"272-10 Takaono, Ozu-machi, Kikuchi-gun, Kumamoto 869-1232, Japan",Japan,32.8917371,130.9110468,street_or_area_candidate,geocoded,https://amkor.com/contact-us/,company_locations_page,2026-08-24,2026-08-25,https://nominatim.openstreetmap.org/,"高尾野, 大津町, 菊池郡, 熊本県, 日本",node,8720318331,"272-10 Takaono, Ozu-machi, Kikuchi-gun, Kumamoto 869-1232, Japan",,,,,,,,,,,,,,
amkor-027,amkor,Amkor Technology,Amkor Japan J5 Oita,factory,"3500 Matsuoka, Oita-shi, Oita 870-0197, Japan",Japan,33.187019,131.664943,street_or_area_candidate,geocoded,https://amkor.com/contact-us/,company_locations_page,2026-08-24,2026-08-25,https://nominatim.openstreetmap.org/,"大字松岡, 大分市, 大分県, 870-8504, 日本",node,9130656856,"3500 Matsuoka, Oita-shi, Oita 870-0197, Japan",,,,,,,,,,,,,,
amkor-028,amkor,Amkor Technology,Amkor Japan J5 Usuki,factory,"1913-2 Takegashita, Fukura, Usuki-shi, Oita 875-0053, Japan",Japan,,,unlocated,needs_review,https://amkor.com/contact-us/,company_locations_page,2026-08-24,2026-08-25,https://nominatim.openstreetmap.org/,,,,,,,,,,,,,,,,,,
amkor-029,amkor,Amkor Technology,Amkor Vietnam,factory,"Lot CN5B, Yen Phong II-C Industrial Park, Yen Phong Commune, Bac Ninh Province, Vietnam",Vietnam,21.2172662,105.9609366,street_or_area_candidate,geocoded,https://amkor.com/contact-us/,company_locations_page,2026-08-24,2026-08-25,https://nominatim.openstreetmap.org/,"Công ty TNHH Amkor Technology Việt Nam, Đường tỉnh 285B, Thôn Đông, Phường Yên Phong, Thành phố Bắc Ninh, Việt Nam",way,1510454597,"Amkor Vietnam, Vietnam",,,,,,,,,,,,,,
smic-001,smic,SMIC,SMIC Shanghai Headquarters,headquarters,"No. 18 Zhangjiang Road, Pudong New Area, Shanghai 201203, China",China,,,unlocated,needs_review,https://www.smics.com/uploads/1_%26e4%26b8%26ad%26e8%268a%26af%26e5%269b%26bd%26e9%2699%2685%26e7%26a4%26be%26e4%26bc%269a%26e8%26b4%26a3%26e4%26bb%26bb%26e6%268a%26a5%26e5%2691%268a-%26e8%268b%26b1%26e6%2696%2687%26e6%268c%2682%26e7%26bd%2691%26e7%2689%26887.26-5.pdf,company_report,2026-08-24,2026-08-25,https://nominatim.openstreetmap.org/,,,,,,,,,,,,,,,,,,
smic-002,smic,SMIC,SMIC Beijing,factory,"No. 18 Wenchang Avenue, Economic and Technological Development Area, Beijing 100176, China",China,39.7648776,116.5018544,street_or_area_candidate,geocoded,https://www.smics.com/uploads/1_%26e4%26b8%26ad%26e8%268a%26af%26e5%269b%26bd%26e9%2699%2685%26e7%26a4%26be%26e4%26bc%269a%26e8%26b4%26a3%26e4%26bb%26bb%26e6%268a%26a5%26e5%2691%268a-%26e8%268b%26b1%26e6%2696%2687%26e6%268c%2682%26e7%26bd%2691%26e7%2689%26887.26-5.pdf,company_report,2026-08-24,2026-08-25,https://nominatim.openstreetmap.org/,"北京中芯学校, 凉水河二街, 博兴街道, 大兴区, 北京市, 100176, 中国",way,238689603,"SMIC Beijing, China",,,,,,,,,,,,,,
smic-003,smic,SMIC,SMIC Tianjin,factory,"No. 19 Xinghua Avenue, Xiqing Economic Development Area, Tianjin 300385, China",China,,,unlocated,needs_review,https://www.smics.com/uploads/1_%26e4%26b8%26ad%26e8%268a%26af%26e5%269b%26bd%26e9%2699%2685%26e7%26a4%26be%26e4%26bc%269a%26e8%26b4%26a3%26e4%26bb%26bb%26e6%268a%26a5%26e5%2691%268a-%26e8%268b%26b1%26e6%2696%2687%26e6%268c%2682%26e7%26bd%2691%26e7%2689%26887.26-5.pdf,company_report,2026-08-24,2026-08-25,https://nominatim.openstreetmap.org/,,,,,,,,,,,,,,,,,,
smic-004,smic,SMIC,SMIC Shenzhen,factory,"No. 18 Gaoxin Road, Export Processing Zone, Longtian Street, Pingshan District, Shenzhen 518118, China",China,,,unlocated,needs_review,https://www.smics.com/uploads/1_%26e4%26b8%26ad%26e8%268a%26af%26e5%269b%26bd%26e9%2699%2685%26e7%26a4%26be%26e4%26bc%269a%26e8%26b4%26a3%26e4%26bb%26bb%26e6%268a%26a5%26e5%2691%268a-%26e8%268b%26b1%26e6%2696%2687%26e6%268c%2682%26e7%26bd%2691%26e7%2689%26887.26-5.pdf,company_report,2026-08-24,2026-08-25,https://nominatim.openstreetmap.org/,,,,,,,,,,,,,,,,,,
smic-005,smic,SMIC,SMIC Americas,office,"1732 North 1st Street, Suite 200, San Jose, CA 95112, United States",United States,,,unlocated,needs_review,https://www.smics.com/uploads/1_%26e4%26b8%26ad%26e8%268a%26af%26e5%269b%26bd%26e9%2699%2685%26e7%26a4%26be%26e4%26bc%269a%26e8%26b4%26a3%26e4%26bb%26bb%26e6%268a%26a5%26e5%2691%268a-%26e8%268b%26b1%26e6%2696%2687%26e6%268c%2682%26e7%26bd%2691%26e7%2689%26887.26-5.pdf,company_report,2026-08-24,2026-08-25,https://nominatim.openstreetmap.org/,,,,,,,,,,,,,,,,,,
smic-006,smic,SMIC,SMIC Europe,office,"Viale Francesco Restelli 3, 20124 Milan, Italy",Italy,45.4877578,9.1944463,street_or_area_candidate,geocoded,https://www.smics.com/uploads/1_%26e4%26b8%26ad%26e8%268a%26af%26e5%269b%26bd%26e9%2699%2685%26e7%26a4%26be%26e4%26bc%269a%26e8%26b4%26a3%26e4%26bb%26bb%26e6%268a%26a5%26e5%2691%268a-%26e8%268b%26b1%26e6%2696%2687%26e6%268c%2682%26e7%26bd%2691%26e7%2689%26887.26-5.pdf,company_report,2026-08-24,2026-08-25,https://nominatim.openstreetmap.org/,"3;7, Viale Francesco Restelli, Abbadesse, Isola, Municipio 9, Milano, Rodano, Milano, Lombardia, 20124, Italia",node,4117452286,"Viale Francesco Restelli 3, 20124 Milan, Italy",,,,,,,,,,,,,,
smic-007,smic,SMIC,SMIC Taiwan,office,"7F-6, No. 8 Taiyuan 1st Street, Zhubei City, Hsinchu County 30288, Taiwan",Taiwan,,,unlocated,needs_review,https://www.smics.com/uploads/1_%26e4%26b8%26ad%26e8%268a%26af%26e5%269b%26bd%26e9%2699%2685%26e7%26a4%26be%26e4%26bc%269a%26e8%26b4%26a3%26e4%26bb%26bb%26e6%268a%26a5%26e5%2691%268a-%26e8%268b%26b1%26e6%2696%2687%26e6%268c%2682%26e7%26bd%2691%26e7%2689%26887.26-5.pdf,company_report,2026-08-24,2026-08-25,https://nominatim.openstreetmap.org/,,,,,,,,,,,,,,,,,,
smic-008,smic,SMIC,SMIC Hong Kong,office,"Suite 3003, 30th Floor, No. 9 Queen's Road Central, Hong Kong",Hong Kong,,,unlocated,needs_review,https://www.smics.com/uploads/1_%26e4%26b8%26ad%26e8%268a%26af%26e5%269b%26bd%26e9%2699%2685%26e7%26a4%26be%26e4%26bc%269a%26e8%26b4%26a3%26e4%26bb%26bb%26e6%268a%26a5%26e5%2691%268a-%26e8%268b%26b1%26e6%2696%2687%26e6%268c%2682%26e7%26bd%2691%26e7%2689%26887.26-5.pdf,company_report,2026-08-24,2026-08-25,https://nominatim.openstreetmap.org/,,,,,,,,,,,,,,,,,,
smic-009,smic,SMIC,SMIC Japan,office,"9F, Shinagawa Grand Central Tower, 2-16-4 Konan, Minato-ku, Tokyo 108-0075, Japan",Japan,,,unlocated,needs_review,https://www.smics.com/uploads/1_%26e4%26b8%26ad%26e8%268a%26af%26e5%269b%26bd%26e9%2699%2685%26e7%26a4%26be%26e4%26bc%269a%26e8%26b4%26a3%26e4%26bb%26bb%26e6%268a%26a5%26e5%2691%268a-%26e8%268b%26b1%26e6%2696%2687%26e6%268c%2682%26e7%26bd%2691%26e7%2689%26887.26-5.pdf,company_report,2026-08-24,2026-08-25,https://nominatim.openstreetmap.org/,,,,,,,,,,,,,,,,,,
sumco-001,sumco,SUMCO,SUMCO Head Office and Tokyo Sales,headquarters,"1-2-1 Shibaura, Minato-ku, Tokyo 105-8634, Japan",Japan,35.6442553,139.7498802,street_or_area_candidate,geocoded,https://www.sumcosi.com/english/corporate/profile.html,company_locations_page,2026-08-24,2026-08-25,https://nominatim.openstreetmap.org/,"芝浦, 港区, 東京都, 日本",relation,18177254,"1-2-1 Shibaura, Minato-ku, Tokyo 105-8634, Japan",,,,,,,,,,,,,,
sumco-002,sumco,SUMCO,SUMCO Osaka Sales Office,office,"5-5-15 Nishinakajima, Yodogawa-ku, Osaka 532-0011, Japan",Japan,,,unlocated,needs_review,https://www.sumcosi.com/english/corporate/profile.html,company_locations_page,2026-08-24,2026-08-25,https://nominatim.openstreetmap.org/,,,,,,,,,,,,,,,,,,
sumco-003,sumco,SUMCO,SUMCO Fukuoka Sales Office,office,"3-1 Shimokawabatamachi, Hakata-ku, Fukuoka 812-0027, Japan",Japan,33.5950381,130.4057596,street_or_area_candidate,geocoded,https://www.sumcosi.com/english/corporate/profile.html,company_locations_page,2026-08-24,2026-08-25,https://nominatim.openstreetmap.org/,"豆香洞コーヒー, 1, 下川端町, 博多区, 福岡市, 福岡県, 812-0027, 日本",node,7211209585,"3-1 Shimokawabatamachi, Hakata-ku, Fukuoka 812-0027, Japan",,,,,,,,,,,,,,
sumco-004,sumco,SUMCO,SUMCO Kyushu Factory Nagahama,factory,"826-1 Nagahama, Higashiyamashiro-cho, Imari-shi, Saga 849-4271, Japan",Japan,33.2834641,129.8490564,street_or_area_candidate,geocoded,https://www.sumcosi.com/english/corporate/profile.html,company_locations_page,2026-08-24,2026-08-25,https://nominatim.openstreetmap.org/,"SUMCO九州事業所長浜工場, 東山代町長浜, 伊万里市, 佐賀県, 849-4271, 日本",way,640977293,"SUMCO Kyushu Factory Nagahama, Japan",,,,,,,,,,,,,,
sumco-005,sumco,SUMCO,SUMCO Kyushu Factory Kubara,factory,"1-52 Kubara, Yamashiro-cho, Imari-shi, Saga 849-4256, Japan",Japan,33.3063591,129.8179004,street_or_area_candidate,geocoded,https://www.sumcosi.com/english/corporate/profile.html,company_locations_page,2026-08-24,2026-08-25,https://nominatim.openstreetmap.org/,"SUMCO九州事業所久原工場, 山代町久原, 伊万里市, 佐賀県, 849-4256, 日本",way,640977291,"SUMCO Kyushu Factory Kubara, Japan",,,,,,,,,,,,,,
sumco-006,sumco,SUMCO,SUMCO Kyushu Factory Saga,factory,"2201 Oaza Kamioda, Kohoku-machi, Kishima-gun, Saga 849-0597, Japan",Japan,,,unlocated,needs_review,https://www.sumcosi.com/english/corporate/profile.html,company_locations_page,2026-08-24,2026-08-25,https://nominatim.openstreetmap.org/,,,,,,,,,,,,,,,,,,
sumco-007,sumco,SUMCO,SUMCO Kyushu Factory Nagasaki,factory,"1324-2 Masuragahara-machi, Omura-shi, Nagasaki 856-8555, Japan",Japan,,,unlocated,needs_review,https://www.sumcosi.com/english/corporate/profile.html,company_locations_page,2026-08-24,2026-08-25,https://nominatim.openstreetmap.org/,,,,,,,,,,,,,,,,,,
sumco-008,sumco,SUMCO,SUMCO Yonezawa Plant,factory,"4-3146-12 Hachimanpara, Yonezawa-shi, Yamagata 992-1128, Japan",Japan,,,unlocated,needs_review,https://www.sumcosi.com/english/corporate/profile.html,company_locations_page,2026-08-24,2026-08-25,https://nominatim.openstreetmap.org/,,,,,,,,,,,,,,,,,,
sumco-009,sumco,SUMCO,SUMCO Chitose Plant,factory,"1007-196 Izumisawa, Chitose-shi, Hokkaido 066-0051, Japan",Japan,,,unlocated,needs_review,https://www.sumcosi.com/english/corporate/profile.html,company_locations_page,2026-08-24,2026-08-25,https://nominatim.openstreetmap.org/,,,,,,,,,,,,,,,,,,
sumco-010,sumco,SUMCO,SUMCO JSQ Division,factory,"5-14-3 Barajima, Akita-shi, Akita 010-0065, Japan",Japan,39.689276,140.102255,street_or_area_candidate,geocoded,https://www.sumcosi.com/english/corporate/profile.html,company_locations_page,2026-08-24,2026-08-25,https://nominatim.openstreetmap.org/,"茨島七丁目, 牛島, 牛島字西潟敷, 秋田市, 秋田県, 010-0065, 日本",node,4586390185,"5-14-3 Barajima, Akita-shi, Akita 010-0065, Japan",,,,,,,,,,,,,,
shin-etsu-001,shin-etsu,Shin-Etsu Chemical,Shin-Etsu Head Office,headquarters,"Marunouchi Eiraku Building, 4-1 Marunouchi 1-chome, Chiyoda-ku, Tokyo 100-0005, Japan",Japan,,,unlocated,needs_review,https://www.shinetsu.co.jp/en/company/network/office/,company_locations_page,2026-08-24,2026-08-25,https://nominatim.openstreetmap.org/,,,,,,,,,,,,,,,,,,
shin-etsu-002,shin-etsu,Shin-Etsu Chemical,Shin-Etsu Osaka Branch,office,"Sompo Japan Higobashi Building, 11-4 Edobori 1-chome, Nishi-ku, Osaka 550-0002, Japan",Japan,,,unlocated,needs_review,https://www.shinetsu.co.jp/en/company/network/office/,company_locations_page,2026-08-24,2026-08-25,https://nominatim.openstreetmap.org/,,,,,,,,,,,,,,,,,,
shin-etsu-003,shin-etsu,Shin-Etsu Chemical,Shin-Etsu Nagoya Branch,office,"Sakuradori Toyota Building, 5-28 Meieki 4-chome, Nakamura-ku, Nagoya, Aichi 450-0002, Japan",Japan,,,unlocated,needs_review,https://www.shinetsu.co.jp/en/company/network/office/,company_locations_page,2026-08-24,2026-08-25,https://nominatim.openstreetmap.org/,,,,,,,,,,,,,,,,,,
shin-etsu-004,shin-etsu,Shin-Etsu Chemical,Shin-Etsu Fukuoka Branch,office,"Hinode Tenjin Building, 12-20 Tenjin 1-chome, Chuo-ku, Fukuoka 810-0001, Japan",Japan,,,unlocated,needs_review,https://www.shinetsu.co.jp/en/company/network/office/,company_locations_page,2026-08-24,2026-08-25,https://nominatim.openstreetmap.org/,,,,,,,,,,,,,,,,,,
shin-etsu-005,shin-etsu,Shin-Etsu Chemical,Shin-Etsu Naoetsu Plant and Research Centers,factory,"28-1 Nishifukushima, Kubiki-ku, Joetsu, Niigata 942-8601, Japan",Japan,,,unlocated,needs_review,https://www.shinetsu.co.jp/en/company/network/plant/,company_locations_page,2026-08-24,2026-08-25,https://nominatim.openstreetmap.org/,,,,,,,,,,,,,,,,,,
shin-etsu-006,shin-etsu,Shin-Etsu Chemical,Shin-Etsu Takefu Plant and Magnetic Materials Research Center,factory,"1-5 Kitago 2-chome, Echizen, Fukui 915-8515, Japan",Japan,,,unlocated,needs_review,https://www.shinetsu.co.jp/en/company/network/plant/,company_locations_page,2026-08-24,2026-08-25,https://nominatim.openstreetmap.org/,,,,,,,,,,,,,,,,,,
shin-etsu-007,shin-etsu,Shin-Etsu Chemical,Shin-Etsu Gunma Isobe Plant and Research Center,factory,"13-1 Isobe 2-chome, Annaka, Gunma 379-0195, Japan",Japan,,,unlocated,needs_review,https://www.shinetsu.co.jp/en/company/network/plant/,company_locations_page,2026-08-24,2026-08-25,https://nominatim.openstreetmap.org/,,,,,,,,,,,,,,,,,,
shin-etsu-008,shin-etsu,Shin-Etsu Chemical,Shin-Etsu Gunma Matsuida Plant and Research Center,factory,"1-10 Hitomi, Matsuida-machi, Annaka, Gunma 379-0224, Japan",Japan,,,unlocated,needs_review,https://www.shinetsu.co.jp/en/company/network/plant/,company_locations_page,2026-08-24,2026-08-25,https://nominatim.openstreetmap.org/,,,,,,,,,,,,,,,,,,
shin-etsu-009,shin-etsu,Shin-Etsu Chemical,Shin-Etsu Kashima Plant and Research Center,factory,"1 Towada, Kamisu, Ibaraki 314-0102, Japan",Japan,35.9041355,140.6882122,street_or_area_candidate,geocoded,https://www.shinetsu.co.jp/en/company/network/plant/,company_locations_page,2026-08-24,2026-08-25,https://nominatim.openstreetmap.org/,"東和田, 神栖市, 茨城県, 314-0116, 日本",node,8535563050,"1 Towada, Kamisu, Ibaraki 314-0102, Japan",,,,,,,,,,,,,,
shin-etsu-010,shin-etsu,Shin-Etsu Chemical,Shin-Etsu Isesaki Campus,factory,"88-1 Kokuryo-cho, Isesaki, Gunma 372-0853, Japan",Japan,,,unlocated,needs_review,https://www.shinetsu.co.jp/en/company/network/plant/,company_locations_page,2026-08-24,2026-08-25,https://nominatim.openstreetmap.org/,,,,,,,,,,,,,,,,,,
shin-etsu-worldwide-001,shin-etsu,Shin-Etsu Chemical,Shintech Inc.,factory,"#3 Greenway Plaza, Suite 1150, Houston, Texas 77046, U.S.A",United States,,,unlocated,needs_review,https://www.shinetsu.co.jp/en/company/network/worldwide/,company_locations_page,2026-08-24,2026-08-25,https://nominatim.openstreetmap.org/,,,,,,,,shin-etsu-group,,,,,,,,,,
shin-etsu-worldwide-002,shin-etsu,Shin-Etsu Chemical,SE Tylose USA.,factory,"26270 Highway 405 Plaquemine, LA 70764, U.S.A.",United States,,,unlocated,needs_review,https://www.shinetsu.co.jp/en/company/network/worldwide/,company_locations_page,2026-08-24,2026-08-25,https://nominatim.openstreetmap.org/,,,,,,,,shin-etsu-group,,,,,,,,,,
shin-etsu-worldwide-003,shin-etsu,Shin-Etsu Chemical,"Shin-Etsu MicroSi, Inc.",office,"10028 South 51st St., Phoenix, AZ 85044, U.S.A",United States,,,unlocated,needs_review,https://www.shinetsu.co.jp/en/company/network/worldwide/,company_locations_page,2026-08-24,2026-08-25,https://nominatim.openstreetmap.org/,,,,,,,,shin-etsu-group,,,,,,,,,,
shin-etsu-worldwide-004,shin-etsu,Shin-Etsu Chemical,"Shin-Etsu Silicones of America, Inc.",factory,"1150 Damar Drive, Akron, OH 44305, U.S.A.",United States,,,unlocated,needs_review,https://www.shinetsu.co.jp/en/company/network/worldwide/,company_locations_page,2026-08-24,2026-08-25,https://nominatim.openstreetmap.org/,,,,,,,,shin-etsu-group,,,,,,,,,,
shin-etsu-worldwide-005,shin-etsu,Shin-Etsu Chemical,"Shin-Etsu Magnetics, Inc.",office,"909 Parkview Blvd. Lombard, IL 60148, U.S.A. (Chicago Office)",United States,,,unlocated,needs_review,https://www.shinetsu.co.jp/en/company/network/worldwide/,company_locations_page,2026-08-24,2026-08-25,https://nominatim.openstreetmap.org/,,,,,,,,shin-etsu-group,,,,,,,,,,
shin-etsu-worldwide-006,shin-etsu,Shin-Etsu Chemical,"Shin-Etsu Magnetics, Inc.",office,"1735 N. First Street Suite 103, San Jose, CA 95112, U.S.A.",United States,,,unlocated,needs_review,https://www.shinetsu.co.jp/en/company/network/worldwide/,company_locations_page,2026-08-24,2026-08-25,https://nominatim.openstreetmap.org/,,,,,,,,shin-etsu-group,,,,,,,,,,
shin-etsu-worldwide-007,shin-etsu,Shin-Etsu Chemical,"Shin-Etsu Handotai America, Inc.(S.E.H. America)",factory,"4111 N.E. 112th Ave., Vancouver, PO Box 8965 WA 98682-6776, U.S.A.",United States,,,unlocated,needs_review,https://www.shinetsu.co.jp/en/company/network/worldwide/,company_locations_page,2026-08-24,2026-08-25,https://nominatim.openstreetmap.org/,,,,,,,,shin-etsu-group,,,,,,,,,,
shin-etsu-worldwide-008,shin-etsu,Shin-Etsu Chemical,"Shin-Etsu Polymer America, Inc.",office,"5600 Mowry School Rd., Suite 320, Newark, CA 94560, U.S.A.",United States,,,unlocated,needs_review,https://www.shinetsu.co.jp/en/company/network/worldwide/,company_locations_page,2026-08-24,2026-08-25,https://nominatim.openstreetmap.org/,,,,,,,,shin-etsu-group,,,,,,,,,,
shin-etsu-worldwide-009,shin-etsu,Shin-Etsu Chemical,Shin-Etsu do Brasil Representação de Produtos Químicos Ltda.,office,"Rua Coronel Oscar Porto, 736 – 8º Andar – Sala 84 Paraíso São Paulo – SP Brasil CEP: 04003-003",Brazil,,,unlocated,needs_review,https://www.shinetsu.co.jp/en/company/network/worldwide/,company_locations_page,2026-08-24,2026-08-25,https://nominatim.openstreetmap.org/,,,,,,,,shin-etsu-group,,,,,,,,,,
shin-etsu-worldwide-010,shin-etsu,Shin-Etsu Chemical,"CIRES, Lda.(COMPANHIA INDUSTRIAL DE RESINAS SINTETICAS,Lda.)",factory,"P.O.Box20 Samouqueiro,Avanca 3864-752, Estarreja, Portugal",Portugal,,,unlocated,needs_review,https://www.shinetsu.co.jp/en/company/network/worldwide/,company_locations_page,2026-08-24,2026-08-25,https://nominatim.openstreetmap.org/,,,,,,,,shin-etsu-group,,,,,,,,,,
shin-etsu-worldwide-011,shin-etsu,Shin-Etsu Chemical,"Shin-Etsu Handotai Europe, Ltd. (S.E.H. Europe)",factory,"Wilson Road, Toll Roundabout, Eliburn, Livingston, West Lothian EH54 7DA, U.K",United Kingdom,,,unlocated,needs_review,https://www.shinetsu.co.jp/en/company/network/worldwide/,company_locations_page,2026-08-24,2026-08-25,https://nominatim.openstreetmap.org/,,,,,,,,shin-etsu-group,,,,,,,,,,
shin-etsu-worldwide-012,shin-etsu,Shin-Etsu Chemical,Shin-Etsu International Europe B.V.,office,"World Trade Center Amsterdam, Strawinskylaan 533, 1077 XX, Amsterdam, The Netherlands",The Netherlands,,,unlocated,needs_review,https://www.shinetsu.co.jp/en/company/network/worldwide/,company_locations_page,2026-08-24,2026-08-25,https://nominatim.openstreetmap.org/,,,,,,,,shin-etsu-group,,,,,,,,,,
shin-etsu-worldwide-013,shin-etsu,Shin-Etsu Chemical,Shin-Etsu Silicones Europe B.V.,factory,"Bolderweg 32, 1332 AV, Almere, The Netherlands",The Netherlands,52.4103452,5.2611906,building_candidate,geocoded,https://www.shinetsu.co.jp/en/company/network/worldwide/,company_locations_page,2026-08-24,2026-08-25,https://nominatim.openstreetmap.org/,"Shin Etsu Silicones Europe B.V., Remmingweg, Almere Buiten, Almere, Flevoland, Nederland, 1332 BN, Nederland",node,2666210219,"Shin-Etsu Silicones Europe B.V., The Netherlands",,,,shin-etsu-group,,,,,,,,,,
shin-etsu-worldwide-014,shin-etsu,Shin-Etsu Chemical,Shin-Etsu Polymer Europe B.V.,factory,"Noorderpoort 49, 5916 PJ, Venlo, The Netherlands",The Netherlands,51.393937,6.1772565,street_or_area_candidate,geocoded,https://www.shinetsu.co.jp/en/company/network/worldwide/,company_locations_page,2026-08-24,2026-08-25,https://nominatim.openstreetmap.org/,"49, Noorderpoort, Het Ven, Genooi, Venlo, Limburg, Nederland, 5916 PJ, Nederland",node,2924548633,"Noorderpoort 49, 5916 PJ, Venlo, The Netherlands",,,,shin-etsu-group,,,,,,,,,,
shin-etsu-worldwide-015,shin-etsu,Shin-Etsu Chemical,Shin-Etsu PVC B.V.,factory,"Stationsplein 3, 2nd floor, 1211 EX, Hilversum, The Netherlands",The Netherlands,,,unlocated,needs_review,https://www.shinetsu.co.jp/en/company/network/worldwide/,company_locations_page,2026-08-24,2026-08-25,https://nominatim.openstreetmap.org/,,,,,,,,shin-etsu-group,,,,,,,,,,
shin-etsu-worldwide-016,shin-etsu,Shin-Etsu Chemical,Shin-Etsu Polymer Hungary Kft.,factory,"Berkenyefa sor 2/A, H-9027 Györ, Hungary",Hungary,47.6780097,17.6965163,building,map_ready,https://www.shinetsu.co.jp/en/company/network/worldwide/,company_locations_page,2026-08-24,2026-08-25,https://nominatim.openstreetmap.org/,"Shin-Etsu Polymer Hungary Kft., 2a, Berkenyefa sor, Ipari park, Győr, Győri járás, Győr-Moson-Sopron vármegye, Nyugat-Dunántúl, Dunántúl, 9027, Magyarország",way,512253613,"Shin-Etsu Polymer Hungary Kft., Hungary",openstreetmap_building_match,2026-08-25,,shin-etsu-group,,,,,,,,,,
shin-etsu-worldwide-017,shin-etsu,Shin-Etsu Chemical,SE Tylose GmbH & Co. KG,factory,"Kasteler Strasse 45, 65203 Wiesbaden, Germany",Germany,50.0400402,8.2552014,building,map_ready,https://www.shinetsu.co.jp/en/company/network/worldwide/,company_locations_page,2026-08-24,2026-08-25,https://nominatim.openstreetmap.org/,"45, Kasteler Straße, Kurve, Biebrich, Wiesbaden, Hessen, 65203, Deutschland",way,1432019882,"Kasteler Strasse 45, 65203 Wiesbaden, Germany",openstreetmap_building_match,2026-08-25,,shin-etsu-group,,,,,,,,,,
shin-etsu-worldwide-018,shin-etsu,Shin-Etsu Chemical,Shin-Etsu Magnetics Europe GmbH,office,"Gerbermuehlstrasse 7, 60594 Frankfurt am Main, Germany",Germany,50.1047428,8.6983695,building,map_ready,https://www.shinetsu.co.jp/en/company/network/worldwide/,company_locations_page,2026-08-24,2026-08-25,https://nominatim.openstreetmap.org/,"7, Gerbermühlstraße, Sachsenhausen Nord, Sachsenhausen, Süd, Frankfurt am Main, Hessen, 60594, Deutschland",way,262721517,"Gerbermuehlstrasse 7, 60594 Frankfurt am Main, Germany",openstreetmap_building_match,2026-08-25,,shin-etsu-group,,,,,,,,,,
shin-etsu-worldwide-019,shin-etsu,Shin-Etsu Chemical,Shin-Etsu (Malaysia) Sdn. Bhd.,factory,"Lot 50, Jalan Serendah 26/17, HICOM Industrial Estate, 40400 Shah Alam, Selangor Darul Ehsan, Malaysia",Malaysia,3.0339975,101.5659929,street_or_area_candidate,geocoded,https://www.shinetsu.co.jp/en/company/network/worldwide/,company_locations_page,2026-08-24,2026-08-25,https://nominatim.openstreetmap.org/,"Jalan Serendah 26/17, HICOM Industrial Estate, Shah Alam, Petaling, Selangor, 47600, Malaysia",way,190870756,"Lot 50, Jalan Serendah 26/17, HICOM Industrial Estate, 40400 Shah Alam, Selangor Darul Ehsan, Malaysia",,,,shin-etsu-group,,,,,,,,,,
shin-etsu-worldwide-020,shin-etsu,Shin-Etsu Chemical,S.E.H. (Shah Alam) Sdn. Bhd.,factory,"Lot8, Jalan Sementa 27/91, Seksyen 27, 40400 Shah Alam, Selangor Darul Ehsan, Malaysia",Malaysia,,,unlocated,needs_review,https://www.shinetsu.co.jp/en/company/network/worldwide/,company_locations_page,2026-08-24,2026-08-25,https://nominatim.openstreetmap.org/,,,,,,,,shin-etsu-group,,,,,,,,,,
shin-etsu-worldwide-021,shin-etsu,Shin-Etsu Chemical,Shin-Etsu Polymer (Malaysia) Sdn. Bhd.,factory,"Lot52, Jalan Sepintas 26/13, Kawasan, Perindustrian Hicom, 40000 Shah Alam, Selangor Darul Ehsan, Malaysia",Malaysia,,,unlocated,needs_review,https://www.shinetsu.co.jp/en/company/network/worldwide/,company_locations_page,2026-08-24,2026-08-25,https://nominatim.openstreetmap.org/,,,,,,,,shin-etsu-group,,,,,,,,,,
shin-etsu-worldwide-022,shin-etsu,Shin-Etsu Chemical,S.E.H. Malaysia Sdn. Bhd.,factory,"Lot No.2, Lorong Enggang 35, Ulu Klang Free Trade Zone, Selangor Darul Ehsan, Malaysia",Malaysia,,,unlocated,needs_review,https://www.shinetsu.co.jp/en/company/network/worldwide/,company_locations_page,2026-08-24,2026-08-25,https://nominatim.openstreetmap.org/,,,,,,,,shin-etsu-group,,,,,,,,,,
shin-etsu-worldwide-023,shin-etsu,Shin-Etsu Chemical,Shin-Etsu Electronics Materials Penang Sdn. Bhd.,office,"3-D, Jalan Permatang Damar Laut, 11960 Bayan Lepas, Pulau Pinang, Malaysia",Malaysia,5.2803533,100.2747696,street_or_area_candidate,geocoded,https://www.shinetsu.co.jp/en/company/network/worldwide/,company_locations_page,2026-08-24,2026-08-25,https://nominatim.openstreetmap.org/,"Jalan Permatang Damar Laut, Bayan Lepas, Barat Daya, George Town, Pulau Pinang, 11960, Malaysia",way,780990326,"3-D, Jalan Permatang Damar Laut, 11960 Bayan Lepas, Pulau Pinang, Malaysia",,,,shin-etsu-group,,,,,,,,,,
shin-etsu-worldwide-024,shin-etsu,Shin-Etsu Chemical,"Young Shin Quartz Co., Ltd.",factory,"149,Hoechuk-ri, Kwanghyewon-myon, Chinchon-Kun, Chungbuk Province 365-834, Korea",South Korea,,,unlocated,needs_review,https://www.shinetsu.co.jp/en/company/network/worldwide/,company_locations_page,2026-08-24,2026-08-25,https://nominatim.openstreetmap.org/,,,,,,,,shin-etsu-group,,,,,,,,,,
shin-etsu-worldwide-025,shin-etsu,Shin-Etsu Chemical,"Shin-Etsu Silicone Korea Co., Ltd.",factory,GT Tower 15F，411，Seocho-daero，Seocho-gu，Seoul 06615，Korea,South Korea,,,unlocated,needs_review,https://www.shinetsu.co.jp/en/company/network/worldwide/,company_locations_page,2026-08-24,2026-08-25,https://nominatim.openstreetmap.org/,,,,,,,,shin-etsu-group,,,,,,,,,,
shin-etsu-worldwide-026,shin-etsu,Shin-Etsu Chemical,"Shin-Etsu Advanced Materials Korea Co., Ltd.",office,"Keungil Tower 17F, 223, Teheran-ro, Gangnam-gu, Seoul 06142，Korea",South Korea,,,unlocated,needs_review,https://www.shinetsu.co.jp/en/company/network/worldwide/,company_locations_page,2026-08-24,2026-08-25,https://nominatim.openstreetmap.org/,,,,,,,,shin-etsu-group,,,,,,,,,,
shin-etsu-worldwide-027,shin-etsu,Shin-Etsu Chemical,"Zhejiang Shin-Etsu High-Tech Chemical Co., Ltd.",factory,"No.66, Lizheng Road, Jiashan Economic Development Zone, Zhejiang Sheng, China 314116",China,,,unlocated,needs_review,https://www.shinetsu.co.jp/en/company/network/worldwide/,company_locations_page,2026-08-24,2026-08-25,https://nominatim.openstreetmap.org/,,,,,,,,shin-etsu-group,,,,,,,,,,
shin-etsu-worldwide-028,shin-etsu,Shin-Etsu Chemical,"Suzhou Shin-Etsu Polymer Co., Ltd.",factory,"A-10 Fenfu Economic and Technical Development Zone, Wujiang City, Jiansu, China",China,,,unlocated,needs_review,https://www.shinetsu.co.jp/en/company/network/worldwide/,company_locations_page,2026-08-24,2026-08-25,https://nominatim.openstreetmap.org/,,,,,,,,shin-etsu-group,,,,,,,,,,
shin-etsu-worldwide-029,shin-etsu,Shin-Etsu Chemical,"Shin-Etsu Silicone International Trading (Shanghai) Co., Ltd.",office,"29F Junyao International Plaza, No.789, Zhao Jia Bang Road, Shanghai, 200032 China",China,,,unlocated,needs_review,https://www.shinetsu.co.jp/en/company/network/worldwide/,company_locations_page,2026-08-24,2026-08-25,https://nominatim.openstreetmap.org/,,,,,,,,shin-etsu-group,,,,,,,,,,
shin-etsu-worldwide-030,shin-etsu,Shin-Etsu Chemical,"Shin-Etsu Silicone International Trading (Shanghai) Co., Ltd. Guangzhou Branch",office,"Unit 3502B1-B2, Guangzhou International Commerce Center, No. 235 Tianhebei Road, Tianhe District, Guangzhou 510610, Guangdong, China",China,,,unlocated,needs_review,https://www.shinetsu.co.jp/en/company/network/worldwide/,company_locations_page,2026-08-24,2026-08-25,https://nominatim.openstreetmap.org/,,,,,,,,shin-etsu-group,,,,,,,,,,
shin-etsu-worldwide-031,shin-etsu,Shin-Etsu Chemical,"Shin-Etsu Polymer Shanghai Co., Ltd.",office,"Rm.2108, Ruijin Building 205 Maoming Rd(S). Shanghai 200020, China",China,,,unlocated,needs_review,https://www.shinetsu.co.jp/en/company/network/worldwide/,company_locations_page,2026-08-24,2026-08-25,https://nominatim.openstreetmap.org/,,,,,,,,shin-etsu-group,,,,,,,,,,
shin-etsu-worldwide-032,shin-etsu,Shin-Etsu Chemical,"Dongguan Shin-Etsu Polymer Co., Ltd.",factory,"Dongkeng Qianmei Road No.6, Dongkeng Town, DongGuan City, GuangDong Province, China",China,,,unlocated,needs_review,https://www.shinetsu.co.jp/en/company/network/worldwide/,company_locations_page,2026-08-24,2026-08-25,https://nominatim.openstreetmap.org/,,,,,,,,shin-etsu-group,,,,,,,,,,
shin-etsu-worldwide-033,shin-etsu,Shin-Etsu Chemical,"Shin-Etsu Technology (Suzhou) Co., Ltd.",office,"Room 1907, Xingtang Building, No. 136 East of Suzhou Avenue, Suzhou Industrial Park, Jiangsu, 215028, China",China,,,unlocated,needs_review,https://www.shinetsu.co.jp/en/company/network/worldwide/,company_locations_page,2026-08-24,2026-08-25,https://nominatim.openstreetmap.org/,,,,,,,,shin-etsu-group,,,,,,,,,,
shin-etsu-worldwide-034,shin-etsu,Shin-Etsu Chemical,"Shin-Etsu Silicone (Nantong) Co., Ltd.",factory,"Tongdalu 85, Economic & Technological Development Area,Nantong City, Jiangsu Province, P.R. 226017, China",China,,,unlocated,needs_review,https://www.shinetsu.co.jp/en/company/network/worldwide/,company_locations_page,2026-08-24,2026-08-25,https://nominatim.openstreetmap.org/,,,,,,,,shin-etsu-group,,,,,,,,,,
shin-etsu-worldwide-035,shin-etsu,Shin-Etsu Chemical,"Shin-Etsu (Jiangsu) Optical Preform Co., Ltd.",factory,"No. 8, Runhua Road, Ligang, Jiangyin, Jiangsu, China",China,,,unlocated,needs_review,https://www.shinetsu.co.jp/en/company/network/worldwide/,company_locations_page,2026-08-24,2026-08-25,https://nominatim.openstreetmap.org/,,,,,,,,shin-etsu-group,,,,,,,,,,
shin-etsu-worldwide-036,shin-etsu,Shin-Etsu Chemical,"Shin-Etsu (Changting) Technology Co., Ltd.",factory,"Post Code 366300 Main Road of Rare-earth Industrial Park 1 period in Changting, Longyan, Fujian province, China",China,,,unlocated,needs_review,https://www.shinetsu.co.jp/en/company/network/worldwide/,company_locations_page,2026-08-24,2026-08-25,https://nominatim.openstreetmap.org/,,,,,,,,shin-etsu-group,,,,,,,,,,
shin-etsu-worldwide-037,shin-etsu,Shin-Etsu Chemical,"Shin-Etsu Polymer Hong Kong Co., Ltd.",office,"RM1602, 16/F, Tower 6, China Hong Kong City, 33 Canton Road, Tsim Sha Tsui, Kowloon, Hong Kong",China,,,unlocated,needs_review,https://www.shinetsu.co.jp/en/company/network/worldwide/,company_locations_page,2026-08-24,2026-08-25,https://nominatim.openstreetmap.org/,,,,,,,,shin-etsu-group,,,,,,,,,,
shin-etsu-worldwide-038,shin-etsu,Shin-Etsu Chemical,"Topco Quartz Product Co., Ltd.",factory,"No.8 Wen-Hua Road, Hsin-Chu Ind.Park, Taipei, Taiwan, R.O.C.",Taiwan,,,unlocated,needs_review,https://www.shinetsu.co.jp/en/company/network/worldwide/,company_locations_page,2026-08-24,2026-08-25,https://nominatim.openstreetmap.org/,,,,,,,,shin-etsu-group,,,,,,,,,,
shin-etsu-worldwide-039,shin-etsu,Shin-Etsu Chemical,"Shin-Etsu Silicone Taiwan Co., Ltd.",factory,"Rm. D, 15F., No. 167, Dunhua N. Rd., Songshan Dist., Taipei City 105406 , Taiwan, R.O.C.",Taiwan,,,unlocated,needs_review,https://www.shinetsu.co.jp/en/company/network/worldwide/,company_locations_page,2026-08-24,2026-08-25,https://nominatim.openstreetmap.org/,,,,,,,,shin-etsu-group,,,,,,,,,,
shin-etsu-worldwide-040,shin-etsu,Shin-Etsu Chemical,"Shin-Etsu Opto Electronic Co., Ltd.",factory,"3F, No.10 Dusing Road 1, Hsinchu Science Park, Hsinchu, 300096 Taiwan, R.O.C.",Taiwan,,,unlocated,needs_review,https://www.shinetsu.co.jp/en/company/network/worldwide/,company_locations_page,2026-08-24,2026-08-25,https://nominatim.openstreetmap.org/,,,,,,,,shin-etsu-group,,,,,,,,,,
shin-etsu-worldwide-041,shin-etsu,Shin-Etsu Chemical,"Shin-Etsu Handotai Taiwan Co., Ltd.",factory,"No.12, lndustry East Road 9, Hsin-Chu Science Park, Hsin-Chu, Taiwan,R.O.C.",Taiwan,,,unlocated,needs_review,https://www.shinetsu.co.jp/en/company/network/worldwide/,company_locations_page,2026-08-24,2026-08-25,https://nominatim.openstreetmap.org/,,,,,,,,shin-etsu-group,,,,,,,,,,
shin-etsu-worldwide-042,shin-etsu,Shin-Etsu Chemical,"Shin-Etsu Electronics Materials Taiwan Co., Ltd.",factory,"No.28, Kejia 6 Rd., Douliu City, Yunlin County 64057, Taiwan, R.O.C.",Taiwan,,,unlocated,needs_review,https://www.shinetsu.co.jp/en/company/network/worldwide/,company_locations_page,2026-08-24,2026-08-25,https://nominatim.openstreetmap.org/,,,,,,,,shin-etsu-group,,,,,,,,,,
shin-etsu-worldwide-043,shin-etsu,Shin-Etsu Chemical,"Shin-Etsu Polymer Taiwan Co., Ltd.",office,"6F, No.183, Zhouzi St, Neihu District Taipei City, Taiwan, R.O.C.",Taiwan,,,unlocated,needs_review,https://www.shinetsu.co.jp/en/company/network/worldwide/,company_locations_page,2026-08-24,2026-08-25,https://nominatim.openstreetmap.org/,,,,,,,,shin-etsu-group,,,,,,,,,,
shin-etsu-worldwide-044,shin-etsu,Shin-Etsu Chemical,Shin-Etsu Singapore Pte. Ltd.,office,"1 Kim Seng Promenade #15-05/06 Great World City East Tower, Singapore 237994",Singapore,,,unlocated,needs_review,https://www.shinetsu.co.jp/en/company/network/worldwide/,company_locations_page,2026-08-24,2026-08-25,https://nominatim.openstreetmap.org/,,,,,,,,shin-etsu-group,,,,,,,,,,
shin-etsu-worldwide-045,shin-etsu,Shin-Etsu Chemical,Shin-Etsu Electronics Materials Singapore Pte. Ltd.,office,"10 Eunos Road 8, #13-09 Singapore Post Centre, Singapore 408600",Singapore,,,unlocated,needs_review,https://www.shinetsu.co.jp/en/company/network/worldwide/,company_locations_page,2026-08-24,2026-08-25,https://nominatim.openstreetmap.org/,,,,,,,,shin-etsu-group,,,,,,,,,,
shin-etsu-worldwide-046,shin-etsu,Shin-Etsu Chemical,S.E.H. Singapore Pte. Ltd.,office,"8 temasek Boulevard, #21-05 Suntec Tower Three, Singapore 038988",Singapore,,,unlocated,needs_review,https://www.shinetsu.co.jp/en/company/network/worldwide/,company_locations_page,2026-08-24,2026-08-25,https://nominatim.openstreetmap.org/,,,,,,,,shin-etsu-group,,,,,,,,,,
shin-etsu-worldwide-047,shin-etsu,Shin-Etsu Chemical,SE Tylose Singapore Pte. Ltd.,office,"41 Science Park Road, The Gemini #01-17, Singapore Science Park II, 117610 Singapore",Singapore,,,unlocated,needs_review,https://www.shinetsu.co.jp/en/company/network/worldwide/,company_locations_page,2026-08-24,2026-08-25,https://nominatim.openstreetmap.org/,,,,,,,,shin-etsu-group,,,,,,,,,,
shin-etsu-worldwide-048,shin-etsu,Shin-Etsu Chemical,Shin-Etsu Polymer Singapore Pte. Ltd.,office,"4 Shenton way #10-02 SGX Centre 2, Singapore 068807",Singapore,,,unlocated,needs_review,https://www.shinetsu.co.jp/en/company/network/worldwide/,company_locations_page,2026-08-24,2026-08-25,https://nominatim.openstreetmap.org/,,,,,,,,shin-etsu-group,,,,,,,,,,
shin-etsu-worldwide-049,shin-etsu,Shin-Etsu Chemical,P.T. Shin-Etsu Polymer Indonesia,factory,"JL.Permata Raya Lot D-3, Kawasan Industri KIIC, Karawang 41361 West Java, Indonesia",Indonesia,,,unlocated,needs_review,https://www.shinetsu.co.jp/en/company/network/worldwide/,company_locations_page,2026-08-24,2026-08-25,https://nominatim.openstreetmap.org/,,,,,,,,shin-etsu-group,,,,,,,,,,
shin-etsu-worldwide-050,shin-etsu,Shin-Etsu Chemical,"Shin-Etsu Magnetics Philippines, Inc.",factory,"125 East Main Avenue, SEPZ , Laguna Technopark,Binan, Laguna, Philippines 4024",Philippines,,,unlocated,needs_review,https://www.shinetsu.co.jp/en/company/network/worldwide/,company_locations_page,2026-08-24,2026-08-25,https://nominatim.openstreetmap.org/,,,,,,,,shin-etsu-group,,,,,,,,,,
shin-etsu-worldwide-051,shin-etsu,Shin-Etsu Chemical,Shin-Etsu Silicones (Thailand) Limited,factory,"92, Central Park Offices, 25th Floor, Unit MM2501-MM2504, Rama 4 Road, Silom, Bangrak, Bangkok 10500, Thailand",Thailand,,,unlocated,needs_review,https://www.shinetsu.co.jp/en/company/network/worldwide/,company_locations_page,2026-08-24,2026-08-25,https://nominatim.openstreetmap.org/,,,,,,,,shin-etsu-group,,,,,,,,,,
shin-etsu-worldwide-052,shin-etsu,Shin-Etsu Chemical,Asia Silicones Monomer Ltd.,factory,"1 Moo 2 Asia Industrial Estate, Tambol Banchang,Amphur Banchang,Rayong 21130, Thailand",Thailand,,,unlocated,needs_review,https://www.shinetsu.co.jp/en/company/network/worldwide/,company_locations_page,2026-08-24,2026-08-25,https://nominatim.openstreetmap.org/,,,,,,,,shin-etsu-group,,,,,,,,,,
shin-etsu-worldwide-053,shin-etsu,Shin-Etsu Chemical,Shin-Etsu New Materials (Thailand) Limited,factory,"9/9 Moo 2 Asia Industrial Estate, Tambol Banchang, Amphur Banchang, Rayong 21130, Thailand",Thailand,,,unlocated,needs_review,https://www.shinetsu.co.jp/en/company/network/worldwide/,company_locations_page,2026-08-24,2026-08-25,https://nominatim.openstreetmap.org/,,,,,,,,shin-etsu-group,,,,,,,,,,
shin-etsu-worldwide-054,shin-etsu,Shin-Etsu Chemical,Shin-Etsu Magnetics (Thailand) Ltd.,factory,"60/120,122,123 Moo19, Tambol Klongnueng, Amphur Klongluang,Pathumthani 12120, Thailand",Thailand,,,unlocated,needs_review,https://www.shinetsu.co.jp/en/company/network/worldwide/,company_locations_page,2026-08-24,2026-08-25,https://nominatim.openstreetmap.org/,,,,,,,,shin-etsu-group,,,,,,,,,,
shin-etsu-worldwide-055,shin-etsu,Shin-Etsu Chemical,Shin-Etsu Polymer (Thailand) Ltd.,office,"Unit 4128 Level 41, United Center 323 Silom Road, Bangrak, Bangkok 10500, Thailand",Thailand,,,unlocated,needs_review,https://www.shinetsu.co.jp/en/company/network/worldwide/,company_locations_page,2026-08-24,2026-08-25,https://nominatim.openstreetmap.org/,,,,,,,,shin-etsu-group,,,,,,,,,,
shin-etsu-worldwide-056,shin-etsu,Shin-Etsu Chemical,"Hymix Co., Ltd.",factory,"No. 323 United Center Building, 30th Floor, Unit 3004B Silom Road, Silom Sub-District, Bangrak District, Bangkok Metropolis 10500, Thailand",Thailand,,,unlocated,needs_review,https://www.shinetsu.co.jp/en/company/network/worldwide/,company_locations_page,2026-08-24,2026-08-25,https://nominatim.openstreetmap.org/,,,,,,,,shin-etsu-group,,,,,,,,,,
shin-etsu-worldwide-057,shin-etsu,Shin-Etsu Chemical,Shin-Etsu Polymer India Pvt. Ltd.,factory,"Plot# OZ-12, Hitech SEZ, SIPCOT Industrial Growth Centre, Oragadam, Sriperumbudur 602105, Kanchipuram Dist, Tamil Nadu, India",India,,,unlocated,needs_review,https://www.shinetsu.co.jp/en/company/network/worldwide/,company_locations_page,2026-08-24,2026-08-25,https://nominatim.openstreetmap.org/,,,,,,,,shin-etsu-group,,,,,,,,,,
shin-etsu-worldwide-058,shin-etsu,Shin-Etsu Chemical,Shin-Etsu Silicones India Pvt. Ltd.,office,"Unit No. 403A, Fourth Floor, Eros Corporate Tower, Nehru Place, New Delhi 110019, India",India,,,unlocated,needs_review,https://www.shinetsu.co.jp/en/company/network/worldwide/,company_locations_page,2026-08-24,2026-08-25,https://nominatim.openstreetmap.org/,,,,,,,,shin-etsu-group,,,,,,,,,,
shin-etsu-worldwide-059,shin-etsu,Shin-Etsu Chemical,Shin-Etsu Chemical Tylose India Private Limited,office,"Office no. B, 7th Floor, D Building, MBC Park, hodbunder Road, Kasarwadavali, 400 615 – Thande (W) India",India,,,unlocated,needs_review,https://www.shinetsu.co.jp/en/company/network/worldwide/,company_locations_page,2026-08-24,2026-08-25,https://nominatim.openstreetmap.org/,,,,,,,,shin-etsu-group,,,,,,,,,,
shin-etsu-worldwide-060,shin-etsu,Shin-Etsu Chemical,Biocontrol Pty. Ltd.,office,"4 Ferntree Court, SAMFORD VILLAGE QLD 4520, Australia",Australia,-27.3770882,152.889295,street_or_area_candidate,geocoded,https://www.shinetsu.co.jp/en/company/network/worldwide/,company_locations_page,2026-08-24,2026-08-25,https://nominatim.openstreetmap.org/,"4, Ferntree Court, Samford Village, Brisbane, Queensland, 4520, Australia",node,9794309431,"4 Ferntree Court, SAMFORD VILLAGE QLD 4520, Australia",,,,shin-etsu-group,,,,,,,,,,
shin-etsu-worldwide-061,shin-etsu,Shin-Etsu Chemical,Simcoa Operations Pty. Ltd.,factory,"973 Marriott Road, Wellesley, WA 6233, Australia",Australia,-33.2139432,115.7444518,street_or_area_candidate,geocoded,https://www.shinetsu.co.jp/en/company/network/worldwide/,company_locations_page,2026-08-24,2026-08-25,https://nominatim.openstreetmap.org/,"Marriott Road, Leschenault, Wellesley, Bunbury, Western Australia, 6233, Australia",way,167989489,"973 Marriott Road, Wellesley, WA 6233, Australia",,,,shin-etsu-group,,,,,,,,,,
shin-etsu-worldwide-062,shin-etsu,Shin-Etsu Chemical,"Shin-Etsu Magnetic Materials Vietnam Co., Ltd.",factory,"Lot CN5.2D, Petro-chemical Area, Dinh Vu industrial Zone, Dong Hai Ward, Hai Phong City, Vietnam",Vietnam,,,unlocated,needs_review,https://www.shinetsu.co.jp/en/company/network/worldwide/,company_locations_page,2026-08-24,2026-08-25,https://nominatim.openstreetmap.org/,,,,,,,,shin-etsu-group,,,,,,,,,,
shin-etsu-worldwide-063,shin-etsu,Shin-Etsu Chemical,"Shin-Etsu Electronics Materials Vietnam Co., Ltd.",factory,"Plot No. A-7, Thang Long Industrial Park II, Nguyen Van Linh Commune, Hung Yen Province, Vietnam",Vietnam,,,unlocated,needs_review,https://www.shinetsu.co.jp/en/company/network/worldwide/,company_locations_page,2026-08-24,2026-08-25,https://nominatim.openstreetmap.org/,,,,,,,,shin-etsu-group,,,,,,,,,,
shin-etsu-worldwide-064,shin-etsu,Shin-Etsu Chemical,"Shin-Etsu Polymer Vietnam Co., Ltd.",office,"9th Floor, VIT Tower, 519 Kim Ma Street, Giang Vo Ward, Hanoi City, Vietnam",Vietnam,,,unlocated,needs_review,https://www.shinetsu.co.jp/en/company/network/worldwide/,company_locations_page,2026-08-24,2026-08-25,https://nominatim.openstreetmap.org/,,,,,,,,shin-etsu-group,,,,,,,,,,
shin-etsu-worldwide-065,shin-etsu,Shin-Etsu Chemical,"Shin-Etsu Silicones Vietnam Co., Ltd.",office,"Unit 4, 11th Floor, A&B Tower, 76A Le Lai, Ben Thanh Ward, Ho Chi Minh City, Vietnam",Vietnam,,,unlocated,needs_review,https://www.shinetsu.co.jp/en/company/network/worldwide/,company_locations_page,2026-08-24,2026-08-25,https://nominatim.openstreetmap.org/,,,,,,,,shin-etsu-group,,,,,,,,,,
teradyne-001,teradyne,Teradyne,Teradyne Chandler,office,"Suite 106, 2535 West Fairview Street, Chandler, AZ 85224, United States",United States,33.2956589,-111.8862228,building_candidate,geocoded,https://www.teradyne.com/ja/company/contact-teradyne/,company_locations_page,2026-08-24,2026-08-25,https://nominatim.openstreetmap.org/,"Teradyne Inc., 2535, West Fairview Street, Chandler, Maricopa County, Arizona, 85224, United States",node,9063350945,"Teradyne Chandler, United States",,,,,,,,,,,,,,
teradyne-002,teradyne,Teradyne,Teradyne Agoura Hills,office,"30701 Agoura Road, Agoura Hills, CA 91301, United States",United States,34.1454409,-118.7894712,building,map_ready,https://www.teradyne.com/ja/company/contact-teradyne/,company_locations_page,2026-08-24,2026-08-25,https://nominatim.openstreetmap.org/,"Teradyne, Inc., 30701, Agoura Road, Agoura Hills, Los Angeles County, California, 91301, United States",way,236293046,"Teradyne Agoura Hills, United States",openstreetmap_building_match,2026-08-25,,,,,,,,,,,,
teradyne-003,teradyne,Teradyne,Teradyne Irvine,office,"36 Discovery, Suite 100, Irvine, CA 92618, United States",United States,,,unlocated,needs_review,https://www.teradyne.com/ja/company/contact-teradyne/,company_locations_page,2026-08-24,2026-08-25,https://nominatim.openstreetmap.org/,,,,,,,,,,,,,,,,,,
teradyne-004,teradyne,Teradyne,Teradyne San Diego,office,"10509 Vista Sorrento Parkway, Suite 116, San Diego, CA 92121, United States",United States,,,unlocated,needs_review,https://www.teradyne.com/ja/company/contact-teradyne/,company_locations_page,2026-08-24,2026-08-25,https://nominatim.openstreetmap.org/,,,,,,,,,,,,,,,,,,
teradyne-005,teradyne,Teradyne,Teradyne San Jose,office,"875 Embedded Way, San Jose, CA 95138, United States",United States,37.2687555,-121.7924164,street_or_area_candidate,geocoded,https://www.teradyne.com/ja/company/contact-teradyne/,company_locations_page,2026-08-24,2026-08-25,https://nominatim.openstreetmap.org/,"875, Embedded Way, San Jose, Santa Clara County, California, 95138, United States",node,9464335466,"875 Embedded Way, San Jose, CA 95138, United States",,,,,,,,,,,,,,
teradyne-006,teradyne,Teradyne,Teradyne Sunnyvale,office,"936 Hamlin Court, Sunnyvale, CA 94089, United States",United States,37.4009978,-122.0289704,building,map_ready,https://www.teradyne.com/ja/company/contact-teradyne/,company_locations_page,2026-08-24,2026-08-25,https://nominatim.openstreetmap.org/,"936-940, Hamlin Court, Sunnyvale, Santa Clara County, California, 94085, United States",way,101528320,"936 Hamlin Court, Sunnyvale, CA 94089, United States",openstreetmap_building_match,2026-08-25,,,,,,,,,,,,
teradyne-007,teradyne,Teradyne,Teradyne Costa Rica,office,"Lot 50 B1, Coyol Free Zone Industrial Park, Alajuela, Costa Rica",Costa Rica,9.9874613,-84.1618273,building_candidate,geocoded,https://www.teradyne.com/ja/company/contact-teradyne/,company_locations_page,2026-08-24,2026-08-25,https://nominatim.openstreetmap.org/,"Teradyne Costa Rica, Zona Franca America Edificio D-18, Calle Domingueños, La Rusia, San Francisco, Heredia, 40103, Costa Rica",node,4506465296,"Teradyne Costa Rica, Costa Rica",,,,,,,,,,,,,,
teradyne-008,teradyne,Teradyne,Teradyne Deer Park,office,"21440 West Lake Cook Road, 6th Floor, Deer Park, IL 60010, United States",United States,,,unlocated,needs_review,https://www.teradyne.com/ja/company/contact-teradyne/,company_locations_page,2026-08-24,2026-08-25,https://nominatim.openstreetmap.org/,,,,,,,,,,,,,,,,,,
teradyne-009,teradyne,Teradyne,Teradyne Corporate Headquarters,headquarters,"600 Riverpark Drive, North Reading, MA 01864, United States",United States,42.5556183,-71.1356049,building,map_ready,https://www.teradyne.com/ja/company/contact-teradyne/,company_locations_page,2026-08-24,2026-08-25,https://nominatim.openstreetmap.org/,"Teradyne, 600, Riverpark Drive, North Reading, Middlesex County, Massachusetts, 01864, United States",way,214897688,"600 Riverpark Drive, North Reading, MA 01864, United States",openstreetmap_building_match,2026-08-25,,,,,,,,,,,,
teradyne-010,teradyne,Teradyne,Teradyne Arden Hills,office,"4354 Round Lake Road West, Arden Hills, MN 55112, United States",United States,45.0734366,-93.1845771,street_or_area_candidate,geocoded,https://www.teradyne.com/ja/company/contact-teradyne/,company_locations_page,2026-08-24,2026-08-25,https://nominatim.openstreetmap.org/,"4354, Round Lake Road West, Arden Hills, Ramsey County, Minnesota, 55112, United States",way,18216510,"4354 Round Lake Road West, Arden Hills, MN 55112, United States",,,,,,,,,,,,,,
teradyne-011,teradyne,Teradyne,Teradyne Fridley,office,"Suite 106, 5301 East River Road, Fridley, MN 55421, United States",United States,,,unlocated,needs_review,https://www.teradyne.com/ja/company/contact-teradyne/,company_locations_page,2026-08-24,2026-08-25,https://nominatim.openstreetmap.org/,,,,,,,,,,,,,,,,,,
teradyne-012,teradyne,Teradyne,Teradyne Omaha,office,"14301 FNB Parkway, Suite 100, Omaha, NE 68154, United States",United States,,,unlocated,needs_review,https://www.teradyne.com/ja/company/contact-teradyne/,company_locations_page,2026-08-24,2026-08-25,https://nominatim.openstreetmap.org/,,,,,,,,,,,,,,,,,,
teradyne-013,teradyne,Teradyne,Teradyne Beavercreek,office,"2689 Commons Boulevard, Suite 201, Beavercreek, OH 45431, United States",United States,,,unlocated,needs_review,https://www.teradyne.com/ja/company/contact-teradyne/,company_locations_page,2026-08-24,2026-08-25,https://nominatim.openstreetmap.org/,,,,,,,,,,,,,,,,,,
teradyne-014,teradyne,Teradyne,Teradyne Tualatin,office,"7670 Southwest Mohawk Street, Tualatin, OR 97062, United States",United States,45.3773621,-122.7567729,street_or_area_candidate,geocoded,https://www.teradyne.com/ja/company/contact-teradyne/,company_locations_page,2026-08-24,2026-08-25,https://nominatim.openstreetmap.org/,"7670, Southwest Mohawk Street, Mohawk Business Park, Nyberg, Tualatin, Washington County, Oregon, 97062, United States",way,200679149,"7670 Southwest Mohawk Street, Tualatin, OR 97062, United States",,,,,,,,,,,,,,
teradyne-015,teradyne,Teradyne,Teradyne Austin,office,"4801 Southwest Parkway, Austin, TX 78735, United States",United States,30.2393952,-97.8362865,building,map_ready,https://www.teradyne.com/ja/company/contact-teradyne/,company_locations_page,2026-08-24,2026-08-25,https://nominatim.openstreetmap.org/,"SAM, 4801, Southwest Parkway, Austin, Travis County, Texas, 78735, United States",node,12818041611,"4801 Southwest Parkway, Austin, TX 78735, United States",openstreetmap_building_match,2026-08-25,,,,,,,,,,,,
teradyne-016,teradyne,Teradyne,Teradyne Plano,office,"2701 West Plano Parkway, Unit 700, Plano, TX 75075, United States",United States,,,unlocated,needs_review,https://www.teradyne.com/ja/company/contact-teradyne/,company_locations_page,2026-08-24,2026-08-25,https://nominatim.openstreetmap.org/,,,,,,,,,,,,,,,,,,
teradyne-017,teradyne,Teradyne,Teradyne Essex Junction,office,"29 River Road, Essex Junction, VT 05452, United States",United States,44.483868,-73.0862456,building,map_ready,https://www.teradyne.com/ja/company/contact-teradyne/,company_locations_page,2026-08-24,2026-08-25,https://nominatim.openstreetmap.org/,"Teradyne, 29, River Road, Essex Junction, Chittenden County, Vermont, 05452, United States",way,564906344,"Teradyne Essex Junction, 29 River Road, Essex Junction, VT 05452, United States",openstreetmap_building_match,2026-08-25,,,,,,,,,,,,
teradyne-018,teradyne,Teradyne,Teradyne Beijing,office,"Hanhai International Plaza, Courtyard 13 Jiuxianqiao Road, Beijing 100080, China",China,,,unlocated,needs_review,https://www.teradyne.com/ja/company/contact-teradyne/,company_locations_page,2026-08-24,2026-08-25,https://nominatim.openstreetmap.org/,,,,,,,,,,,,,,,,,,
teradyne-019,teradyne,Teradyne,Teradyne Chengdu,office,"Wework Ruidong Center, No. 199 Xiadong Avenue, Chengdu, China",China,,,unlocated,needs_review,https://www.teradyne.com/ja/company/contact-teradyne/,company_locations_page,2026-08-24,2026-08-25,https://nominatim.openstreetmap.org/,,,,,,,,,,,,,,,,,,
teradyne-020,teradyne,Teradyne,Teradyne Hefei,office,"Towers D and B, Lenovo Science and Technology Harbor, 5899 Xiyou Road, Hefei Economic and Technological Development Zone, Hefei, Anhui 230601, China",China,,,unlocated,needs_review,https://www.teradyne.com/ja/company/contact-teradyne/,company_locations_page,2026-08-24,2026-08-25,https://nominatim.openstreetmap.org/,,,,,,,,,,,,,,,,,,
teradyne-021,teradyne,Teradyne,Teradyne Shanghai Building 9,office,"Building 9, 2nd Floor, 1201 Gui Qiao Road, Jin Qiao Export Processing Zone, Pudong, Shanghai 201206, China",China,,,unlocated,needs_review,https://www.teradyne.com/ja/company/contact-teradyne/,company_locations_page,2026-08-24,2026-08-25,https://nominatim.openstreetmap.org/,,,,,,,,,,,,,,,,,,
teradyne-022,teradyne,Teradyne,Teradyne Shanghai Building 10,office,"Building 10, 2nd Floor, 1201 Gui Qiao Road, Jin Qiao Export Processing Zone, Pudong, Shanghai 201206, China",China,,,unlocated,needs_review,https://www.teradyne.com/ja/company/contact-teradyne/,company_locations_page,2026-08-24,2026-08-25,https://nominatim.openstreetmap.org/,,,,,,,,,,,,,,,,,,
teradyne-023,teradyne,Teradyne,Teradyne Shenzhen,office,"Room 01C-2, 1st Floor West Wing, Vision Business Park, South Shenzhen Hi-Tech Park, Nanshan District, Shenzhen, Guangdong 518057, China",China,,,unlocated,needs_review,https://www.teradyne.com/ja/company/contact-teradyne/,company_locations_page,2026-08-24,2026-08-25,https://nominatim.openstreetmap.org/,,,,,,,,,,,,,,,,,,
teradyne-024,teradyne,Teradyne,Teradyne Suzhou,office,"Units 113-114, Ground Floor, Block 5, No. 5 Xing Han Street, Suzhou 215021, China",China,,,unlocated,needs_review,https://www.teradyne.com/ja/company/contact-teradyne/,company_locations_page,2026-08-24,2026-08-25,https://nominatim.openstreetmap.org/,,,,,,,,,,,,,,,,,,
teradyne-025,teradyne,Teradyne,Teradyne Xian,office,"Regus Capital Vail Office 1104-02, No. 64 South 2nd Ring Road, Yanta District, Xian, China",China,,,unlocated,needs_review,https://www.teradyne.com/ja/company/contact-teradyne/,company_locations_page,2026-08-24,2026-08-25,https://nominatim.openstreetmap.org/,,,,,,,,,,,,,,,,,,
teradyne-026,teradyne,Teradyne,Teradyne Caesarea,office,"North Caesarea Business Park, 4 Lesham Street, Caesarea, Israel",Israel,,,unlocated,needs_review,https://www.teradyne.com/ja/company/contact-teradyne/,company_locations_page,2026-08-24,2026-08-25,https://nominatim.openstreetmap.org/,,,,,,,,,,,,,,,,,,
teradyne-027,teradyne,Teradyne,Teradyne Haifa,office,"Matam Building 18, 9 Deri Sakharov Street, Haifa, Israel",Israel,,,unlocated,needs_review,https://www.teradyne.com/ja/company/contact-teradyne/,company_locations_page,2026-08-24,2026-08-25,https://nominatim.openstreetmap.org/,,,,,,,,,,,,,,,,,,
teradyne-028,teradyne,Teradyne,Teradyne Kumamoto,office,"272-12 Heisei, Takaono, Ozu-machi, Kikuchi-gun, Kumamoto 869-1232, Japan",Japan,,,unlocated,needs_review,https://www.teradyne.com/ja/company/contact-teradyne/,company_locations_page,2026-08-24,2026-08-25,https://nominatim.openstreetmap.org/,,,,,,,,,,,,,,,,,,
teradyne-029,teradyne,Teradyne,Teradyne Nagoya,office,"6th Floor, DP Square Higashisakura, 1-14-11 Higashisakura, Higashi-ku, Nagoya, Aichi 461-0005, Japan",Japan,,,unlocated,needs_review,https://www.teradyne.com/ja/company/contact-teradyne/,company_locations_page,2026-08-24,2026-08-25,https://nominatim.openstreetmap.org/,,,,,,,,,,,,,,,,,,
teradyne-030,teradyne,Teradyne,Teradyne Yokohama,office,"7th Floor, MM Park Building, 3-6-3 Minatomirai, Nishi-ku, Yokohama, Kanagawa 220-0012, Japan",Japan,,,unlocated,needs_review,https://www.teradyne.com/ja/company/contact-teradyne/,company_locations_page,2026-08-24,2026-08-25,https://nominatim.openstreetmap.org/,,,,,,,,,,,,,,,,,,
teradyne-031,teradyne,Teradyne,Teradyne Icheon,office,"Suite 404, Hyundai CoA Building, 2058 Gyeongchung-daero, Bubal-eup, Icheon, Gyeonggi-do, South Korea",South Korea,,,unlocated,needs_review,https://www.teradyne.com/ja/company/contact-teradyne/,company_locations_page,2026-08-24,2026-08-25,https://nominatim.openstreetmap.org/,,,,,,,,,,,,,,,,,,
teradyne-032,teradyne,Teradyne,Teradyne Onyang,office,"Unit 201, DreamNest Store Building, 1174 Buksu-ri, Baebang-eup, Asan, Chungcheongnam-do, South Korea",South Korea,,,unlocated,needs_review,https://www.teradyne.com/ja/company/contact-teradyne/,company_locations_page,2026-08-24,2026-08-25,https://nominatim.openstreetmap.org/,,,,,,,,,,,,,,,,,,
teradyne-033,teradyne,Teradyne,Teradyne Seoul,office,"Level 7, Songpa NH Building, 155 Songpa-daero, Songpa-gu, Seoul 05855, South Korea",South Korea,,,unlocated,needs_review,https://www.teradyne.com/ja/company/contact-teradyne/,company_locations_page,2026-08-24,2026-08-25,https://nominatim.openstreetmap.org/,,,,,,,,,,,,,,,,,,
teradyne-034,teradyne,Teradyne,Teradyne Melaka,office,"Units 28, 28-1 and 28-2, Jalan Mutiara Melaka 3, Taman Mutiara Melaka, Batu Berendam, Melaka 75350, Malaysia",Malaysia,,,unlocated,needs_review,https://www.teradyne.com/ja/company/contact-teradyne/,company_locations_page,2026-08-24,2026-08-25,https://nominatim.openstreetmap.org/,,,,,,,,,,,,,,,,,,
teradyne-035,teradyne,Teradyne,Teradyne Penang,office,"Unit 1, Lower Level 3, Hotel Equatorial Penang, 1 Jalan Bukit Jambul, Bayan Lepas, Penang 11900, Malaysia",Malaysia,,,unlocated,needs_review,https://www.teradyne.com/ja/company/contact-teradyne/,company_locations_page,2026-08-24,2026-08-25,https://nominatim.openstreetmap.org/,,,,,,,,,,,,,,,,,,
teradyne-036,teradyne,Teradyne,Teradyne Selangor,office,"Suite 9.01, Office Unit 956, Level 9, Menara Summit, Persiaran Kewajipan, USJ 1, Subang Jaya, Selangor 47600, Malaysia",Malaysia,,,unlocated,needs_review,https://www.teradyne.com/ja/company/contact-teradyne/,company_locations_page,2026-08-24,2026-08-25,https://nominatim.openstreetmap.org/,,,,,,,,,,,,,,,,,,
teradyne-037,teradyne,Teradyne,Teradyne Alabang,office,"24th Floor, Axis Tower, Filinvest Avenue, Northgate Cyberzone, Alabang 1770, Philippines",Philippines,,,unlocated,needs_review,https://www.teradyne.com/ja/company/contact-teradyne/,company_locations_page,2026-08-24,2026-08-25,https://nominatim.openstreetmap.org/,,,,,,,,,,,,,,,,,,
teradyne-038,teradyne,Teradyne,Teradyne Cebu,office,"Lots 5-6 Block 3, Washington Road, Cebu Light Industrial Park, Barangay Basak, Lapu-Lapu City, Cebu, Philippines",Philippines,,,unlocated,needs_review,https://www.teradyne.com/ja/company/contact-teradyne/,company_locations_page,2026-08-24,2026-08-25,https://nominatim.openstreetmap.org/,,,,,,,,,,,,,,,,,,
teradyne-039,teradyne,Teradyne,Teradyne Clark,office,"Unit 514, 5th Clark Center 07, Jose Abad Santos Avenue, Clark Freeport Zone, Pampanga 2023, Philippines",Philippines,,,unlocated,needs_review,https://www.teradyne.com/ja/company/contact-teradyne/,company_locations_page,2026-08-24,2026-08-25,https://nominatim.openstreetmap.org/,,,,,,,,,,,,,,,,,,
teradyne-040,teradyne,Teradyne,Teradyne Singapore,office,"The Aries, #02-01, 51 Science Park Road, Singapore 117586",Singapore,,,unlocated,needs_review,https://www.teradyne.com/ja/company/contact-teradyne/,company_locations_page,2026-08-24,2026-08-25,https://nominatim.openstreetmap.org/,,,,,,,,,,,,,,,,,,
teradyne-041,teradyne,Teradyne,Teradyne Taiwan,office,"3F, No. 20 Tai Yuen Street, Tai Yuen Hi-Tech Industrial Park, Zhubei City, Hsinchu 302, Taiwan",Taiwan,,,unlocated,needs_review,https://www.teradyne.com/ja/company/contact-teradyne/,company_locations_page,2026-08-24,2026-08-25,https://nominatim.openstreetmap.org/,,,,,,,,,,,,,,,,,,
teradyne-042,teradyne,Teradyne,Teradyne Thailand,office,"Innovation Cluster 2, 142 Thailand Science Park, Pathum Thani, Thailand",Thailand,,,unlocated,needs_review,https://www.teradyne.com/ja/company/contact-teradyne/,company_locations_page,2026-08-24,2026-08-25,https://nominatim.openstreetmap.org/,,,,,,,,,,,,,,,,,,
teradyne-043,teradyne,Teradyne,Teradyne Meylan,office,"Le Verone, Les Jardins de Maupertuis, 3 Chemin de la Dhuy, 38240 Meylan, France",France,,,unlocated,needs_review,https://www.teradyne.com/ja/company/contact-teradyne/,company_locations_page,2026-08-24,2026-08-25,https://nominatim.openstreetmap.org/,,,,,,,,,,,,,,,,,,
teradyne-044,teradyne,Teradyne,Teradyne Rousset,office,"Building C, Les Portes de Rousset, Avenue Olivier Perroy, 13790 Rousset, France",France,,,unlocated,needs_review,https://www.teradyne.com/ja/company/contact-teradyne/,company_locations_page,2026-08-24,2026-08-25,https://nominatim.openstreetmap.org/,,,,,,,,,,,,,,,,,,
teradyne-045,teradyne,Teradyne,Teradyne Suresnes,office,"13-17 Rue Pages, 92150 Suresnes, France",France,48.8720691,2.2297065,street_or_area_candidate,geocoded,https://www.teradyne.com/ja/company/contact-teradyne/,company_locations_page,2026-08-24,2026-08-25,https://nominatim.openstreetmap.org/,"Rue Pagès, Écluse - Belvédère, Quartier Écluse-Belvédère, Suresnes, Nanterre, Hauts-de-Seine, Île-de-France, France métropolitaine, 92150, France",way,4409680,"13-17 Rue Pages, 92150 Suresnes, France",,,,,,,,,,,,,,
teradyne-046,teradyne,Teradyne,Teradyne Unterhaching,office,"Inselkammerstrasse 14, 82008 Unterhaching, Germany",Germany,48.0552111,11.6100919,building_candidate,geocoded,https://www.teradyne.com/ja/company/contact-teradyne/,company_locations_page,2026-08-24,2026-08-25,https://nominatim.openstreetmap.org/,"Teradyne, Inselkammerstraße, Unterhaching, Landkreis München, Bayern, 82008, Deutschland",node,5443655995,"Teradyne Unterhaching, Germany",,,,,,,,,,,,,,
teradyne-047,teradyne,Teradyne,Teradyne Regensburg,office,"Wernerwerkstrasse 2, 93049 Regensburg, Germany",Germany,49.0220861,12.0552982,building,map_ready,https://www.teradyne.com/ja/company/contact-teradyne/,company_locations_page,2026-08-24,2026-08-25,https://nominatim.openstreetmap.org/,"Gebäude 78 – Besucherempfang, 2, Wernerwerkstraße, Westheim, Prüfening, Niederwinzer, Regensburg, Bayern, 93049, Deutschland",way,94726517,"Wernerwerkstrasse 2, 93049 Regensburg, Germany",openstreetmap_building_match,2026-08-25,,,,,,,,,,,,
teradyne-048,teradyne,Teradyne,Teradyne Catania,office,"VIII Strada 5, Zona Industriale, 95100 Catania, Italy",Italy,,,unlocated,needs_review,https://www.teradyne.com/ja/company/contact-teradyne/,company_locations_page,2026-08-24,2026-08-25,https://nominatim.openstreetmap.org/,,,,,,,,,,,,,,,,,,
teradyne-049,teradyne,Teradyne,Teradyne Milan,office,"Strada Statale 11, Padana Superiore 2/B, 20063 Cernusco sul Naviglio, Milan, Italy",Italy,,,unlocated,needs_review,https://www.teradyne.com/ja/company/contact-teradyne/,company_locations_page,2026-08-24,2026-08-25,https://nominatim.openstreetmap.org/,,,,,,,,,,,,,,,,,,
teradyne-050,teradyne,Teradyne,Teradyne Plan-les-Ouates,office,"18 Chemin des Aulx, 1228 Plan-les-Ouates, Switzerland",Switzerland,46.1677489,6.1043923,building,map_ready,https://www.teradyne.com/ja/company/contact-teradyne/,company_locations_page,2026-08-24,2026-08-25,https://nominatim.openstreetmap.org/,"18, Chemin des Aulx, ZIPLO, Arare, Plan-les-Ouates, Genève, 1228, Schweiz/Suisse/Svizzera/Svizra",way,24927563,"18 Chemin des Aulx, 1228 Plan-les-Ouates, Switzerland",openstreetmap_building_match,2026-08-25,,,,,,,,,,,,
teradyne-051,teradyne,Teradyne,Teradyne Bracknell,office,"Lily Hill House, Room 2, Lily Hill Road, Bracknell, Berkshire RG12 2SJ, United Kingdom",United Kingdom,,,unlocated,needs_review,https://www.teradyne.com/ja/company/contact-teradyne/,company_locations_page,2026-08-24,2026-08-25,https://nominatim.openstreetmap.org/,,,,,,,,,,,,,,,,,,
advantest-001,advantest,Advantest,"Advanfacilities Co., Ltd.",office,"1-5, Shin-tone, Kazo-shi, Saitama 349-1158",Japan,,,unlocated,needs_review,https://www.advantest.com/en/about/offices/advanfacilities/,company_locations_page,2026-08-24,2026-08-25,https://nominatim.openstreetmap.org/,,,,,,,,advantest-group,,,,,,,,,,
advantest-002,advantest,Advantest,Advantest Academy,office,"336-1 Ohwa Meiwa-machi, Ora-gun, Gunma 370-0718",Japan,,,unlocated,needs_review,https://www.advantest.com/en/about/offices/advantest-academy/,company_locations_page,2026-08-24,2026-08-25,https://nominatim.openstreetmap.org/,,,,,,,,advantest-group,,,,,,,,,,
advantest-003,advantest,Advantest,Advantest France SAS,office,"Miniparc Polytec Bât. Alizés, 32 rue des Berges, 38000 Grenoble, France",France,,,unlocated,needs_review,https://www.advantest.com/en/about/offices/advantest-france-sas/,company_locations_page,2026-08-24,2026-08-25,https://nominatim.openstreetmap.org/,,,,,,,,advantest-group,,,,,,,,,,
advantest-004,advantest,Advantest,Advantest France SAS,office,"Arteparc – Bât B, La Barque – 29 allée Saint Jean, 13710 FUVEAU, France",France,,,unlocated,needs_review,https://www.advantest.com/en/about/offices/advantest-france-sas/,company_locations_page,2026-08-24,2026-08-25,https://nominatim.openstreetmap.org/,,,,,,,,advantest-group,,,,,,,,,,
advantest-005,advantest,Advantest,Advantest India Private Limited,office,"Unit no. G 002, Ground Floor, Campus 10 of One Paramount, 110 Mount Poonamallee Road, Porur, Chennai-600116, Tamil Nadu, India.",India,,,unlocated,needs_review,https://www.advantest.com/en/about/offices/advantest-india-private-limited/,company_locations_page,2026-08-24,2026-08-25,https://nominatim.openstreetmap.org/,,,,,,,,advantest-group,,,,,,,,,,
advantest-006,advantest,Advantest,Advantest Israel Ltd.,office,"18 Aharon Bart Street 4951448 Petach Tikva, Israel",Israel,,,unlocated,needs_review,https://www.advantest.com/en/about/offices/advantest-israel/,company_locations_page,2026-08-24,2026-08-25,https://nominatim.openstreetmap.org/,,,,,,,,advantest-group,,,,,,,,,,
advantest-007,advantest,Advantest,Advantest Italia S.r.l.,office,"Via Energy Park n. 22 - Building 04 Sud, 20871 Vimercate (MB), Italy",Italy,,,unlocated,needs_review,https://www.advantest.com/en/about/offices/advantest-italia-srl/,company_locations_page,2026-08-24,2026-08-25,https://nominatim.openstreetmap.org/,,,,,,,,advantest-group,,,,,,,,,,
advantest-008,advantest,Advantest,Advantest Italia S.r.l.,office,"Z. I. Contrada Torre Allegra snc 95121 Catania, Italy",Italy,,,unlocated,needs_review,https://www.advantest.com/en/about/offices/advantest-italia-srl/,company_locations_page,2026-08-24,2026-08-25,https://nominatim.openstreetmap.org/,,,,,,,,advantest-group,,,,,,,,,,
advantest-009,advantest,Advantest,"Advantest Kyushu Systems Co., Ltd.",factory,"1-5-1, Higashida, Yahatahigashi-ku, Kitakyushu-shi, Fukuoka 805-0071 View on Google Maps",Japan,,,unlocated,needs_review,https://www.advantest.com/en/about/offices/advantest-kyushu-system/,company_locations_page,2026-08-24,2026-08-25,https://nominatim.openstreetmap.org/,,,,,,,,advantest-group,,,,,,,,,,
advantest-010,advantest,Advantest,Advantest (M) Sdn. Bhd. (Penang - Malaysia),office,"Plot 5, Technoplex, Medan Bayan Lepas ,Bayan Lepas Industrial Park, Phase IV, 11900 Penang, Malaysia",Malaysia,,,unlocated,needs_review,https://www.advantest.com/en/about/offices/advantest-penang-malaysia/,company_locations_page,2026-08-24,2026-08-25,https://nominatim.openstreetmap.org/,,,,,,,,advantest-group,,,,,,,,,,
advantest-011,advantest,Advantest,"Advantest Philippines, Inc.",office,"Unit 04 11th Floor, CTP Asean Tower Blk 3 Lot 2, Asean Drive, Spectrum District Filinvest City, Alabang, Muntinlupa City 1781, Philippines",Philippines,,,unlocated,needs_review,https://www.advantest.com/en/about/offices/advantest-philippines/,company_locations_page,2026-08-24,2026-08-25,https://nominatim.openstreetmap.org/,,,,,,,,advantest-group,,,,,,,,,,
advantest-012,advantest,Advantest,"Advantest Philippines, Inc.",office,"3rd Floor, Admin PEZA Building Baguio City Economic Zone (BCEZ) Loakan Road, Baguio City 2600 Benguet, Philippines",Philippines,,,unlocated,needs_review,https://www.advantest.com/en/about/offices/advantest-philippines/,company_locations_page,2026-08-24,2026-08-25,https://nominatim.openstreetmap.org/,,,,,,,,advantest-group,,,,,,,,,,
advantest-013,advantest,Advantest,"Advantest Pre-Owned Solutions Co., Ltd.",office,"Shin Marunouchi Center Bldg., 1-6-2, Marunouchi, Chiyoda-ku, Tokyo 100-0005",Japan,,,unlocated,needs_review,https://www.advantest.com/en/about/offices/advantest-pre-owned-solutions/,company_locations_page,2026-08-24,2026-08-25,https://nominatim.openstreetmap.org/,,,,,,,,advantest-group,,,,,,,,,,
advantest-014,advantest,Advantest,Advantest Sales and Support (M) Sdn. Bhd.,office,"L2-5A, Penang SME Centre, Plot 105 Hilir Sungai Keluang 5, Bayan Lepas Industrial Park Phase 4, 11900 Bayan Lepas Penang, Malaysia",Malaysia,,,unlocated,needs_review,https://www.advantest.com/en/about/offices/advantest-sales-support-sdn-bhd/,company_locations_page,2026-08-24,2026-08-25,https://nominatim.openstreetmap.org/,,,,,,,,advantest-group,,,,,,,,,,
advantest-015,advantest,Advantest,Advantest Sales and Support (M) Sdn. Bhd.,office,"No. 51-1, Jalan SP4, Taman Semabok Perdana, 75650 Semabok, Melaka, Malaysia",Malaysia,,,unlocated,needs_review,https://www.advantest.com/en/about/offices/advantest-sales-support-sdn-bhd/,company_locations_page,2026-08-24,2026-08-25,https://nominatim.openstreetmap.org/,,,,,,,,advantest-group,,,,,,,,,,
advantest-016,advantest,Advantest,"Advantest Shanghai Co., Ltd.爱德万测试(上海)有限公司",office,"Room1602A, LuNeng Plaza, No.18 Taigu Road, Waigaoqiao FreeZone, Shanghai, China(P.R.C), 200131 上海市自由贸易试验区泰谷路18号鲁能大厦1602A室 邮政编码:200131",China,,,unlocated,needs_review,https://www.advantest.com/en/about/offices/advantest-shanghai/,company_locations_page,2026-08-24,2026-08-25,https://nominatim.openstreetmap.org/,,,,,,,,advantest-group,,,,,,,,,,
advantest-017,advantest,Advantest,"Advantest (Suzhou) Co., Ltd.爱德万测试(苏州)有限公司",office,"1F-2F, Block F, Suzhou International Science Park, No.1355 Jinjihu Avenue, Suzhou Industrial Park, Suzhou, Jiangsu, China (P.R.C.), 215021 江苏省苏州市工业园区金鸡湖大道1355号苏州国际科技园二期F栋 1F-2F 邮政编码：215021",China,,,unlocated,needs_review,https://www.advantest.com/en/about/offices/advantest-suzhou/,company_locations_page,2026-08-24,2026-08-25,https://nominatim.openstreetmap.org/,,,,,,,,advantest-group,,,,,,,,,,
advantest-018,advantest,Advantest,"Advantest Test Solutions, Inc.",office,"26211 Enterprise Way Lake Forest, CA 92630",United States,33.6661908,-117.6738999,building,map_ready,https://www.advantest.com/en/about/offices/advantest-test-solutions/,company_locations_page,2026-08-24,2026-08-25,https://nominatim.openstreetmap.org/,"26211, Enterprise Way, Foothill Ranch, Lake Forest, Orange County, California, 92630, United States",way,333430858,"26211 Enterprise Way Lake Forest, CA 92630",openstreetmap_building_match,2026-08-25,,advantest-group,,,,,,,,,,
advantest-019,advantest,Advantest,Advantest (Thailand) Ltd.,office,"No. 555 Rasa One Building (Building A), 14th Floor, Room No. 1401, Phaholyothin Road, Chatuchak Subdistrict, Chatuchak District, Bangkok 10900, Thailand",Thailand,,,unlocated,needs_review,https://www.advantest.com/en/about/offices/advantest-thailand/,company_locations_page,2026-08-24,2026-08-25,https://nominatim.openstreetmap.org/,,,,,,,,advantest-group,,,,,,,,,,
advantest-020,advantest,Advantest,"Advantest Vietnam Co., Ltd.",office,"Room 801, Vietnam Business Center, No. 57-59 Ho Tung Mau Street, Saigon Ward, HCMC, Vietnam",Vietnam,,,unlocated,needs_review,https://www.advantest.com/en/about/offices/advantest-vietnam/,company_locations_page,2026-08-24,2026-08-25,https://nominatim.openstreetmap.org/,,,,,,,,advantest-group,,,,,,,,,,
advantest-021,advantest,Advantest,Advantest Interconnect Solutions Pakistan (Private) Limited,office,"11th Floor, Vital Foak Tower, Plot#2, Modern Co-operative Housing Society, Shahrah-e-Faisal, Karachi-75400, Pakistan",Pakistan,,,unlocated,needs_review,https://www.advantest.com/en/about/offices/ais-pakistan/,company_locations_page,2026-08-24,2026-08-25,https://nominatim.openstreetmap.org/,,,,,,,,advantest-group,,,,,,,,,,
advantest-022,advantest,Advantest,"Advantest Interconnect Solutions, Inc.",factory,"3601, South Clinton Ave., South Plainfield, NJ 07080, USA",United States,40.566476,-74.429577,street_or_area_candidate,geocoded,https://www.advantest.com/en/about/offices/ais/,company_locations_page,2026-08-24,2026-08-25,https://nominatim.openstreetmap.org/,"3601, South Clinton Avenue, Samptown, South Plainfield, Middlesex County, New Jersey, 07080, United States",way,11674677,"3601, South Clinton Ave., South Plainfield, NJ 07080, USA",,,,advantest-group,,,,,,,,,,
advantest-023,advantest,Advantest,"Advantest Interconnect Solutions, Inc.",office,"901 Montrose Avenue, Suite C, South Plainfield, NJ 07080 USA",United States,,,unlocated,needs_review,https://www.advantest.com/en/about/offices/ais/,company_locations_page,2026-08-24,2026-08-25,https://nominatim.openstreetmap.org/,,,,,,,,advantest-group,,,,,,,,,,
advantest-024,advantest,Advantest,"Advantest Interconnect Solutions, Inc.",office,"1660 E. Race Street, Allentown, PA 18109, USA",United States,,,unlocated,needs_review,https://www.advantest.com/en/about/offices/ais/,company_locations_page,2026-08-24,2026-08-25,https://nominatim.openstreetmap.org/,,,,,,,,advantest-group,,,,,,,,,,
advantest-025,advantest,Advantest,"Advantest Interconnect Solutions, Inc.",office,"3061 Zanker Road, San Jose, CA 95134, USA",United States,37.397527,-121.9324318,building,map_ready,https://www.advantest.com/en/about/offices/ais/,company_locations_page,2026-08-24,2026-08-25,https://nominatim.openstreetmap.org/,"Advantest, 3061, Zanker Road, North San Jose, San Jose, Santa Clara County, California, 95134, United States",node,9690974167,"3061 Zanker Road, San Jose, CA 95134, USA",openstreetmap_building_match,2026-08-25,,advantest-group,,,,,,,,,,
advantest-026,advantest,Advantest,"Amerang, Germany",office,"Wasserburger Str. 44, 83123 Amerang, Germany",Germany,47.9967686,12.3073575,building,map_ready,https://www.advantest.com/en/about/offices/amerang-germany/,company_locations_page,2026-08-24,2026-08-25,https://nominatim.openstreetmap.org/,"44, Wasserburger Straße, Pamering, Amerang, Landkreis Rosenheim, Bayern, 83123, Deutschland",way,1351208650,"Wasserburger Str. 44, 83123 Amerang, Germany",openstreetmap_building_match,2026-08-25,,advantest-group,,,,,,,,,,
advantest-027,advantest,Advantest,Americas,office,"3061 Zanker Rd., San Jose, CA 95134, U.S.A. View on Google Maps",United States,,,unlocated,needs_review,https://www.advantest.com/en/about/offices/america-offices/,company_locations_page,2026-08-24,2026-08-25,https://nominatim.openstreetmap.org/,,,,,,,,advantest-group,,,,,,,,,,
advantest-028,advantest,Advantest,"Austin, Texas",office,"12301-B Riata Trace Parkway, Building 2, Suite 150, Austin, TX 78727",United States,,,unlocated,needs_review,https://www.advantest.com/en/about/offices/austin-texas/,company_locations_page,2026-08-24,2026-08-25,https://nominatim.openstreetmap.org/,,,,,,,,advantest-group,,,,,,,,,,
advantest-029,advantest,Advantest,Beijing (北京),office,"Unit 103, building B21, universal business park, No.10 Jiuxianqiao Road, Chaoyang District, Beijing, China 北京市朝阳区酒仙桥路10号院21号楼（B21座）一层103单元 邮政编码：100020",China,,,unlocated,needs_review,https://www.advantest.com/en/about/offices/beijing/,company_locations_page,2026-08-24,2026-08-25,https://nominatim.openstreetmap.org/,,,,,,,,advantest-group,,,,,,,,,,
advantest-030,advantest,Advantest,"Berlin, Germany",office,"Am Treptower Park 75, 12435 Berlin, Germany",Germany,52.4921768,13.4576494,street_or_area_candidate,geocoded,https://www.advantest.com/en/about/offices/berlin-germany/,company_locations_page,2026-08-24,2026-08-25,https://nominatim.openstreetmap.org/,"Burkhard Kunow, Facharzt für Hals-Nasen-Ohrenheilkunde, Sportmedizin, Akupunktur, 75, Am Treptower Park, Kungerkiez, Alt-Treptow, Treptow-Köpenick, Berlin, 12435, Deutschland",node,5198591315,"Am Treptower Park 75, 12435 Berlin, Germany",,,,advantest-group,,,,,,,,,,
advantest-031,advantest,Advantest,"Boeblingen, Germany",office,"Herrenberger Str. 130, 71034 Boeblingen, Germany",Germany,48.677887,8.9801343,building,map_ready,https://www.advantest.com/en/about/offices/boeblingen-germany/,company_locations_page,2026-08-24,2026-08-25,https://nominatim.openstreetmap.org/,"H130, 130, Herrenberger Straße, Hulb, Böblingen (Kernstadt), Böblingen, Landkreis Böblingen, Baden-Württemberg, 71034, Deutschland",way,713765341,"Herrenberger Str. 130, 71034 Boeblingen, Germany",openstreetmap_building_match,2026-08-25,,advantest-group,,,,,,,,,,
advantest-032,advantest,Advantest,Chengdu (成都),office,"32F, China Resource Building, No.10, Shuangqing Road, Chenghua District, Chengdu, Sichuan, China (P.R.C.), 610056 四川省成都市成华区双庆路10号 华润大厦32楼 邮政编码:610056",China,,,unlocated,needs_review,https://www.advantest.com/en/about/offices/chengdu/,company_locations_page,2026-08-24,2026-08-25,https://nominatim.openstreetmap.org/,,,,,,,,advantest-group,,,,,,,,,,
advantest-033,advantest,Advantest,China,office,"C Block, Bldg.3, 168 Huatuo Road, Zhangjiang Hi-Tech Park, Shanghai, China (P.R.C.), 201203 上海市张江高科技园区华佗路168号3号楼C幢 邮政编码:201203 View on Google Maps",China,,,unlocated,needs_review,https://www.advantest.com/en/about/offices/china-offices/,company_locations_page,2026-08-24,2026-08-25,https://nominatim.openstreetmap.org/,,,,,,,,advantest-group,,,,,,,,,,
advantest-034,advantest,Advantest,CREA S.r.l.,factory,"Via Marie Curie 13, 10073 Ciriè (TO), Italy View on Google Maps",Italy,,,unlocated,needs_review,https://www.advantest.com/en/about/offices/crea-srl/,company_locations_page,2026-08-24,2026-08-25,https://nominatim.openstreetmap.org/,,,,,,,,advantest-group,,,,,,,,,,
advantest-035,advantest,Advantest,"Dresden, Germany",office,"Zur Wetterwarte Nr. 50, Haus 337c, 01109 Dresden, Germany",Germany,,,unlocated,needs_review,https://www.advantest.com/en/about/offices/dresden-germany/,company_locations_page,2026-08-24,2026-08-25,https://nominatim.openstreetmap.org/,,,,,,,,advantest-group,,,,,,,,,,
advantest-036,advantest,Advantest,"Duisburg, Germany",office,"Duesseldorfer Landstraße 401, 47259 Duisburg, Germany",Germany,51.3577396,6.7458748,building,map_ready,https://www.advantest.com/en/about/offices/duisburg-germany/,company_locations_page,2026-08-24,2026-08-25,https://nominatim.openstreetmap.org/,"401, Düsseldorfer Landstraße, Am alten Angerbach, Huckingen, Duisburg-Süd, Duisburg, Nordrhein-Westfalen, 47259, Deutschland",relation,2650651,"Duesseldorfer Landstraße 401, 47259 Duisburg, Germany",openstreetmap_building_match,2026-08-25,,advantest-group,,,,,,,,,,
advantest-037,advantest,Advantest,"Essai, Inc.",factory,"280 S. 79th St., Chandler, AZ 85226",United States,33.29943,-111.9135,street_or_area_candidate,geocoded,https://www.advantest.com/en/about/offices/essai/,company_locations_page,2026-08-24,2026-08-25,https://nominatim.openstreetmap.org/,"280, South 79th Street, Hightown, Chandler, Maricopa County, Arizona, 85226, United States",node,11057532270,"280 S. 79th St., Chandler, AZ 85226",,,,advantest-group,,,,,,,,,,
advantest-038,advantest,Advantest,"Essai, Inc.",office,"4119 W. Jupiter Way, Chandler, AZ 85226",United States,33.2997349,-111.9133703,street_or_area_candidate,geocoded,https://www.advantest.com/en/about/offices/essai/,company_locations_page,2026-08-24,2026-08-25,https://nominatim.openstreetmap.org/,"4119, West Jupiter Way, Chandler, Maricopa County, Arizona, 85226, United States",way,5618431,"4119 W. Jupiter Way, Chandler, AZ 85226",,,,advantest-group,,,,,,,,,,
advantest-039,advantest,Advantest,Europe,office,"Georg-Brauchle-Ring 23-25, 80992 Munich, Germany View on Google Maps",Germany,,,unlocated,needs_review,https://www.advantest.com/en/about/offices/europe-offices/,company_locations_page,2026-08-24,2026-08-25,https://nominatim.openstreetmap.org/,,,,,,,,advantest-group,,,,,,,,,,
advantest-040,advantest,Advantest,"Fort Collins, Colorado",office,"4700 Innovation Drive, Unit D1, Fort Collins, CO 80525",United States,,,unlocated,needs_review,https://www.advantest.com/en/about/offices/fort-collins-colorado/,company_locations_page,2026-08-24,2026-08-25,https://nominatim.openstreetmap.org/,,,,,,,,advantest-group,,,,,,,,,,
advantest-041,advantest,Advantest,Giheung,office,"830, Dongtan Ring Road, SK V1 center#1710~#1714, Hwaseong-si, Gyeonggi-do, Republic of Korea (Post#:18468) 경기도 화성시 동탄순환대로 830, 동탄SK V1 Center 17층 1710~1714호 (우) 18468",South Korea,,,unlocated,needs_review,https://www.advantest.com/en/about/offices/giheung/,company_locations_page,2026-08-24,2026-08-25,https://nominatim.openstreetmap.org/,,,,,,,,advantest-group,,,,,,,,,,
advantest-042,advantest,Advantest,Gunma Factory,factory,"54-1, Shinozuka, Ora-machi, Ora-gun, Gunma 370-0615 View on Google Maps",Japan,,,unlocated,needs_review,https://www.advantest.com/en/about/offices/gunma-factory/,company_locations_page,2026-08-24,2026-08-25,https://nominatim.openstreetmap.org/,,,,,,,,advantest-group,,,,,,,,,,
advantest-043,advantest,Advantest,Gunma R&D Center,research_center,"336-1, Ohwa, Meiwa-machi, Ora-gun, Gunma 370-0718 View on Google Maps",Japan,,,unlocated,needs_review,https://www.advantest.com/en/about/offices/gunma-rd-center/,company_locations_page,2026-08-24,2026-08-25,https://nominatim.openstreetmap.org/,,,,,,,,advantest-group,,,,,,,,,,
advantest-044,advantest,Advantest,Hefei (合肥),office,"Room 108,109,110, Block No.5, No.2666 Xiyou Road, High-tech Zone, Hefei, Anhui, China, 230088 安徽省合肥市高新区习友路2666号合肥创新院5栋108室，109室，110室，230088",China,,,unlocated,needs_review,https://www.advantest.com/en/about/offices/hefei/,company_locations_page,2026-08-24,2026-08-25,https://nominatim.openstreetmap.org/,,,,,,,,advantest-group,,,,,,,,,,
advantest-045,advantest,Advantest,Icheon,office,"STK Building #313, 107, Daesan-ro 288beon-gil, Icheon-si, Gyeonggi-do, 17336, Republic of Korea 경기도 이천시 대산로 288번길 107 STK Building 313호 (우) 17336",South Korea,,,unlocated,needs_review,https://www.advantest.com/en/about/offices/icheon/,company_locations_page,2026-08-24,2026-08-25,https://nominatim.openstreetmap.org/,,,,,,,,advantest-group,,,,,,,,,,
advantest-046,advantest,Advantest,Japan,office,"Shin Marunouchi Center Bldg., 1-6-2, Marunouchi, Chiyoda-ku, Tokyo 100-0005 View on Google Maps",Japan,,,unlocated,needs_review,https://www.advantest.com/en/about/offices/japan-offices/,company_locations_page,2026-08-24,2026-08-25,https://nominatim.openstreetmap.org/,,,,,,,,advantest-group,,,,,,,,,,
advantest-047,advantest,Advantest,Kaohsiung (高雄),office,"Rm. 2, 11 F., No. 394, Yucheng Rd., Zuoying Dist., Kaohsiung City 813660, Taiwan (813660)高雄市左營區裕誠路394號11樓之2",Taiwan,,,unlocated,needs_review,https://www.advantest.com/en/about/offices/kaohsiung/,company_locations_page,2026-08-24,2026-08-25,https://nominatim.openstreetmap.org/,,,,,,,,advantest-group,,,,,,,,,,
advantest-048,advantest,Advantest,Kitakyushu R&D Center,research_center,"1-5-1, Higashida, Yahatahigashi-ku, Kitakyushu-shi, Fukuoka 805-0071",Japan,,,unlocated,needs_review,https://www.advantest.com/en/about/offices/kitakyushu-rd-center/,company_locations_page,2026-08-24,2026-08-25,https://nominatim.openstreetmap.org/,,,,,,,,advantest-group,,,,,,,,,,
advantest-049,advantest,Advantest,Korea,office,"140, 3gongdan 6-ro, Seobuk-gu, Cheonan-si, Chungcheongnam-do, 31085, Republic of Korea 충남 천안시 서북구 3공단 6로 140 (우)31085",South Korea,,,unlocated,needs_review,https://www.advantest.com/en/about/offices/korea-offices/,company_locations_page,2026-08-24,2026-08-25,https://nominatim.openstreetmap.org/,,,,,,,,advantest-group,,,,,,,,,,
advantest-050,advantest,Advantest,Kumamoto Sales Office,office,"1258-1, Ozu, Ozu-machi, Kikuchi-gun, Kumamoto 869-1233",Japan,32.8790541,130.8692093,street_or_area_candidate,geocoded,https://www.advantest.com/en/about/offices/kumamoto/,company_locations_page,2026-08-24,2026-08-25,https://nominatim.openstreetmap.org/,"大津, 大津町, 菊池郡, 熊本県, 869-1233, 日本",node,8720318336,"1258-1, Ozu, Ozu-machi, Kikuchi-gun, Kumamoto 869-1233",,,,advantest-group,,,,,,,,,,
advantest-051,advantest,Advantest,Nagoya Sales Office,office,"Nissei-Imaike Bldg., 4-1-29, Imaike, Chigusa-ku, Nagoya, Aichi 464-0850",Japan,,,unlocated,needs_review,https://www.advantest.com/en/about/offices/nagoya/,company_locations_page,2026-08-24,2026-08-25,https://nominatim.openstreetmap.org/,,,,,,,,advantest-group,,,,,,,,,,
advantest-052,advantest,Advantest,"R&D Altanova, Inc.",factory,"901 Montrose Avenue, Unit C, South Plainfield, NJ 07080",United States,,,unlocated,needs_review,https://www.advantest.com/en/about/offices/rd-altanova/,company_locations_page,2026-08-24,2026-08-25,https://nominatim.openstreetmap.org/,,,,,,,,advantest-group,,,,,,,,,,
advantest-053,advantest,Advantest,"R&D Altanova, Inc.",factory,"3601 So. Clinton Avenue, South Plainfield, NJ 07080",United States,,,unlocated,needs_review,https://www.advantest.com/en/about/offices/rd-altanova/,company_locations_page,2026-08-24,2026-08-25,https://nominatim.openstreetmap.org/,,,,,,,,advantest-group,,,,,,,,,,
advantest-054,advantest,Advantest,"R&D Altanova, Inc.",research_center,"901 Montrose Avenue, South Plainfield, NJ 07080",United States,40.566642,-74.427319,street_or_area_candidate,geocoded,https://www.advantest.com/en/about/offices/rd-altanova/,company_locations_page,2026-08-24,2026-08-25,https://nominatim.openstreetmap.org/,"901, Montrose Avenue, South Plainfield, Middlesex County, New Jersey, 07080, United States",way,11664765,"901 Montrose Avenue, South Plainfield, NJ 07080",,,,advantest-group,,,,,,,,,,
advantest-055,advantest,Advantest,"R&D Altanova, Inc.",research_center,"1660 E. Race Street, Allentown, PA 18109-9580",United States,,,unlocated,needs_review,https://www.advantest.com/en/about/offices/rd-altanova/,company_locations_page,2026-08-24,2026-08-25,https://nominatim.openstreetmap.org/,,,,,,,,advantest-group,,,,,,,,,,
advantest-056,advantest,Advantest,"Richardson, Texas",office,"740 E. Campbell Road, Suite 505, Richardson, TX 75081",United States,,,unlocated,needs_review,https://www.advantest.com/en/about/offices/richadson-texas/,company_locations_page,2026-08-24,2026-08-25,https://nominatim.openstreetmap.org/,,,,,,,,advantest-group,,,,,,,,,,
advantest-057,advantest,Advantest,Saitama R&D Center,research_center,"1-5, Shin-tone, Kazo-shi, Saitama 349-1158 View on Google Maps",Japan,,,unlocated,needs_review,https://www.advantest.com/en/about/offices/saitama-rd-center/,company_locations_page,2026-08-24,2026-08-25,https://nominatim.openstreetmap.org/,,,,,,,,advantest-group,,,,,,,,,,
advantest-058,advantest,Advantest,"San Diego, California",office,"3444 Tripp Court, Suite #C, San Diego, CA 92121",United States,,,unlocated,needs_review,https://www.advantest.com/en/about/offices/san-diego-california/,company_locations_page,2026-08-24,2026-08-25,https://nominatim.openstreetmap.org/,,,,,,,,advantest-group,,,,,,,,,,
advantest-059,advantest,Advantest,Sendai Laboratory,research_center,"48-4, Matsubara, Kami-Ayashi, Aoba-ku, Sendai-shi, Miyagi 989-3124",Japan,,,unlocated,needs_review,https://www.advantest.com/en/about/offices/sendai-laboratory/,company_locations_page,2026-08-24,2026-08-25,https://nominatim.openstreetmap.org/,,,,,,,,advantest-group,,,,,,,,,,
advantest-060,advantest,Advantest,Shenzhen (深圳),office,"Unit2406B, 2407, 24F, Tower A, Gemdale Viseen Tower, No. 16, Gaoxin South 10th Road, Nanshan District, Shenzhen, China 深圳市南山区粤海街道高新区社区高新南十道16号金地威新中心A座2406B、2407室 邮政编码：518061",China,,,unlocated,needs_review,https://www.advantest.com/en/about/offices/shenzhen/,company_locations_page,2026-08-24,2026-08-25,https://nominatim.openstreetmap.org/,,,,,,,,advantest-group,,,,,,,,,,
advantest-061,advantest,Advantest,Somerset,office,"220 Davidson Avenue, Suite 339, Somerset, NJ 08873",United States,,,unlocated,needs_review,https://www.advantest.com/en/about/offices/somerset/,company_locations_page,2026-08-24,2026-08-25,https://nominatim.openstreetmap.org/,,,,,,,,advantest-group,,,,,,,,,,
advantest-062,advantest,Advantest,Southeast Asia,office,"10 Ang Mo Kio Street 65, #04-11 Techpoint, Singapore 569059 View on Google Maps",Singapore,,,unlocated,needs_review,https://www.advantest.com/en/about/offices/southeast-asia-offices/,company_locations_page,2026-08-24,2026-08-25,https://nominatim.openstreetmap.org/,,,,,,,,advantest-group,,,,,,,,,,
advantest-063,advantest,Advantest,Taichung (台中),office,"Rm. L, 19 F.-1, No. 925, Sec. 4, Taiwan Blvd., Xitun Dist., Taichung City 407205, Taiwan (407205)台中市西屯區台灣大道四段925號19樓之1L室",Taiwan,,,unlocated,needs_review,https://www.advantest.com/en/about/offices/taichung/,company_locations_page,2026-08-24,2026-08-25,https://nominatim.openstreetmap.org/,,,,,,,,advantest-group,,,,,,,,,,
advantest-064,advantest,Advantest,Tainan (台南),office,"Rm. 404, No. 12, Nanke 2nd Rd., Xinshi Dist., Tainan City 744092, Taiwan (744092)台南市新市區南科二路12號404室",Taiwan,,,unlocated,needs_review,https://www.advantest.com/en/about/offices/tainan/,company_locations_page,2026-08-24,2026-08-25,https://nominatim.openstreetmap.org/,,,,,,,,advantest-group,,,,,,,,,,
advantest-065,advantest,Advantest,Taiwan,office,"5F-1, No.12, Taiyuan 2nd St., Zhubei City, Hsinchu County, 302082, Taiwan (302082) 新竹縣竹北市台元二街12號5樓之1",Taiwan,,,unlocated,needs_review,https://www.advantest.com/en/about/offices/taiwan-offices/,company_locations_page,2026-08-24,2026-08-25,https://nominatim.openstreetmap.org/,,,,,,,,advantest-group,,,,,,,,,,
advantest-066,advantest,Advantest,Wuhan (武汉),office,"22/F, Chicony Center, No. 10 Luoyu Road, Hongshan District, Hubei Province, China (P.R.C), 430073 湖北省武汉市洪山区珞瑜路10号 武汉群光中心22层 邮政编码:430073",China,,,unlocated,needs_review,https://www.advantest.com/en/about/offices/wuhan/,company_locations_page,2026-08-24,2026-08-25,https://nominatim.openstreetmap.org/,,,,,,,,advantest-group,,,,,,,,,,
advantest-067,advantest,Advantest,Xiamen (厦门),office,"8/F International plaza, No.8 Lujiang Road,Siming district, Xiamen,Fujian, China(P.R.C)，361001 福建省厦门市思明区鹭江道8号 国际银行大厦8层 邮政编码:361001",China,,,unlocated,needs_review,https://www.advantest.com/en/about/offices/xiamen/,company_locations_page,2026-08-24,2026-08-25,https://nominatim.openstreetmap.org/,,,,,,,,advantest-group,,,,,,,,,,
advantest-068,advantest,Advantest,Xi'an (西安),office,"F Bldg., Longcheer Park, No.29, Jinye 1st Road, High-Tech Zone, Xi'an, China (P.R.C.), 71006 陕西省西安市高新区锦业一路29号 龙旗科技园F栋 邮政编码:71006",China,,,unlocated,needs_review,https://www.advantest.com/en/about/offices/xian/,company_locations_page,2026-08-24,2026-08-25,https://nominatim.openstreetmap.org/,,,,,,,,advantest-group,,,,,,,,,,
kla-001,kla,KLA,KLA Corporate Headquarters,headquarters,"1 Technology Drive, Milpitas, CA 95035-7916, United States",United States,37.42135,-121.924094,building,map_ready,https://www.kla.com/wp-content/uploads/ISO_45001-KLA-Safety-Mgmt-Syst-2025-2028.pdf,company_certification,2026-08-24,,,,,,,,,,,https://www.kla.com/wp-content/uploads/KLA-2025-CDP-Report.pdf,,,,,,,,,
kla-002,kla,KLA,KLA Newport,manufacturing,"Ringland Way, Newport NP18 2TA, United Kingdom",United Kingdom,51.599792,-2.922937,building,map_ready,https://www.kla.com/wp-content/uploads/ISO_45001-KLA-Safety-Mgmt-Syst-2025-2028.pdf,company_certification,2026-08-24,,,,,,,,,,,https://www.kla.com/wp-content/uploads/KLA-2025-CDP-Report.pdf,,,,,,,,,
kla-003,kla,KLA,KLA Weilburg,manufacturing,"Kubacher Weg 4, 35781 Weilburg, Germany",Germany,50.478126,8.284558,building,map_ready,https://www.kla.com/wp-content/uploads/ISO_45001-KLA-Safety-Mgmt-Syst-2025-2028.pdf,company_certification,2026-08-24,,,,,,,,,,,https://www.kla.com/wp-content/uploads/KLA-2025-CDP-Report.pdf,,,,,,,,,
kla-004,kla,KLA,KLA Yavne,manufacturing,"7 HaSanhedrin Boulevard, Yavne 8110101, Israel",Israel,31.887965,34.73622,building,map_ready,https://www.kla.com/wp-content/uploads/ISO_45001-KLA-Safety-Mgmt-Syst-2025-2028.pdf,company_certification,2026-08-24,,,,,,,,,,,https://www.kla.com/wp-content/uploads/KLA-2025-CDP-Report.pdf,,,,,,,,,
kla-005,kla,KLA,KLA Migdal Ha'Emek,manufacturing,"1 Halavian Street, Migdal Ha'Emek 2353401, Israel",Israel,32.690878,35.249182,building,map_ready,https://www.kla.com/wp-content/uploads/ISO_45001-KLA-Safety-Mgmt-Syst-2025-2028.pdf,company_certification,2026-08-24,,,,,,,,,,,https://www.kla.com/wp-content/uploads/KLA-2025-CDP-Report.pdf,,,,,,,,,
kla-006,kla,KLA,KLA Singapore,manufacturing,"4 Serangoon North Avenue 5, Singapore 554532",Singapore,1.372353,103.869261,building,map_ready,https://www.kla.com/wp-content/uploads/ISO_45001-KLA-Safety-Mgmt-Syst-2025-2028.pdf,company_certification,2026-08-24,,,,,,,,,,,https://www.kla.com/wp-content/uploads/KLA-2025-CDP-Report.pdf,,,,,,,,,
kla-007,kla,KLA,KLA Ann Arbor,office,"1200 Woodbridge Drive, Ann Arbor, MI 48105, United States",United States,42.292258,-83.673466,official_site_candidate,needs_review,https://www.kla.com/wp-content/uploads/ISO_45001-KLA-Safety-Mgmt-Syst-2025-2028.pdf,company_certification,2026-08-24,,,,,,,,,,,https://www.kla.com/wp-content/uploads/KLA-2025-CDP-Report.pdf,"KLA publishes this as a super-site coordinate, but the point does not align closely enough with the certified street address for building-level publication.",,,,,,,,
kla-008,kla,KLA,KLA Dresden,office,"Moritzburger Weg 67, 01109 Dresden, Germany",Germany,,,unlocated,address_verified,https://www.kla.com/wp-content/uploads/KLA_Candidate_Privacy_Notice_2025.09.08_for_US.pdf,company_privacy_notice,2026-08-24,,,,,,,,,,,,,,,,,,,,
kla-009,kla,KLA,KLA Jena,office,"Friedrich-Hund-Strasse 3, 07745 Jena, Germany",Germany,50.8871,11.596547,building,map_ready,https://www.kla.com/wp-content/uploads/KLA_Candidate_Privacy_Notice_2025.09.08_for_US.pdf,company_privacy_notice,2026-08-24,,,,,,,,,,,https://www.kla.com/wp-content/uploads/KLA-2025-CDP-Report.pdf,,,,,,,,,
kla-010,kla,KLA,KLA Chennai,office,"Prince Infocity Towers, 286/1 & 286/2 Old Mahabalipuram Road, Kandanchavadi, Chennai 600096, India",India,12.974221,80.243535,building,map_ready,https://www.kla.com/wp-content/uploads/KLA_Candidate_Privacy_Notice_2025.09.08_for_US.pdf,company_privacy_notice,2026-08-24,,,,,,,,,,,https://www.kla.com/wp-content/uploads/KLA-2025-CDP-Report.pdf,,,,,,,,,
kla-011,kla,KLA,KLA Hwaseong,office,"14th and 15th Floors, SK V1 Center, 830 Dongtansunhwan-daero, Hwaseong-si, Gyeonggi-do 18468, South Korea",South Korea,,,unlocated,address_verified,https://www.kla.com/wp-content/uploads/KLA_Candidate_Privacy_Notice_2025.09.08_for_US.pdf,company_privacy_notice,2026-08-24,,,,,,,,,,,,,,,,,,,,
applied-materials-001,applied-materials,Applied Materials,Applied Materials Waterloo,research,"375 Hagey Boulevard, Suite 300, Waterloo, Ontario N2L 6R6, Canada",Canada,,,unlocated,needs_review,https://www.appliedmaterials.com/in/en/contact/locations.html,company_locations_page,2026-08-24,2026-08-25,https://nominatim.openstreetmap.org/,,,,,,,,,,,,,,,,,,
applied-materials-002,applied-materials,Applied Materials,Applied Materials Etobicoke,field_support,"5353 Dundas Street West, Suite 505, Etobicoke, Ontario M9B 6H8, Canada",Canada,,,unlocated,needs_review,https://www.appliedmaterials.com/in/en/contact/locations.html,company_locations_page,2026-08-24,2026-08-25,https://nominatim.openstreetmap.org/,,,,,,,,,,,,,,,,,,
applied-materials-003,applied-materials,Applied Materials,Applied Materials Corporate Headquarters,headquarters,"3050 Bowers Avenue, Santa Clara, CA 95054-3299, United States",United States,37.376829,-121.97789,street_or_area_candidate,geocoded,https://www.appliedmaterials.com/in/en/contact/locations.html,company_locations_page,2026-08-24,2026-08-25,https://nominatim.openstreetmap.org/,"3050, Bowers Avenue, Santa Clara, Santa Clara County, California, 95054, United States",way,28484970,"3050 Bowers Avenue, Santa Clara, CA 95054-3299, United States",,,,,,,,,,,,,,
applied-materials-004,applied-materials,Applied Materials,Applied Materials Washington,office,"Army Navy Building, 1627 I Street NW, Suite 1100, Washington, DC, United States",United States,,,unlocated,needs_review,https://www.appliedmaterials.com/in/en/contact/locations.html,company_locations_page,2026-08-24,2026-08-25,https://nominatim.openstreetmap.org/,,,,,,,,,,,,,,,,,,
applied-materials-005,applied-materials,Applied Materials,Applied Materials Gloucester,manufacturing,"35 Dory Road, Gloucester, MA 01930-2297, United States",United States,42.6275695,-70.6515683,building,map_ready,https://www.appliedmaterials.com/in/en/contact/locations.html,company_locations_page,2026-08-24,2026-08-25,https://nominatim.openstreetmap.org/,"35, Dory Road, Dogtown Commons, Gloucester, Essex County, Massachusetts, 01930, United States",way,50265975,"35 Dory Road, Gloucester, MA 01930-2297, United States",openstreetmap_building_match,2026-08-25,,,,,,,,,,,,
applied-materials-006,applied-materials,Applied Materials,Applied Materials Santa Clara Scott Boulevard,manufacturing,"3101 Scott Boulevard, Santa Clara, CA 95054-3318, United States",United States,37.3783132,-121.9625211,building,map_ready,https://www.appliedmaterials.com/in/en/contact/locations.html,company_locations_page,2026-08-24,2026-08-25,https://nominatim.openstreetmap.org/,"Applied Materials Building 91, 3101, Scott Boulevard, Santa Clara, Santa Clara County, California, 95054, United States",way,209069889,"3101 Scott Boulevard, Santa Clara, CA 95054-3318, United States",openstreetmap_building_match,2026-08-25,,,,,,,,,,,,
applied-materials-007,applied-materials,Applied Materials,Applied Materials Rochester,research,"2100 Brighton Henrietta Town Line Road, Suites 300 and 400, Rochester, NY 14623, United States",United States,,,unlocated,needs_review,https://www.appliedmaterials.com/in/en/contact/locations.html,company_locations_page,2026-08-24,2026-08-25,https://nominatim.openstreetmap.org/,,,,,,,,,,,,,,,,,,
applied-materials-008,applied-materials,Applied Materials,Applied Materials Portland,manufacturing,"17750 SW Upper Boones Ferry Road, Suites 100 and 180, Portland, OR 97224, United States",United States,,,unlocated,needs_review,https://www.appliedmaterials.com/in/en/contact/locations.html,company_locations_page,2026-08-24,2026-08-25,https://nominatim.openstreetmap.org/,,,,,,,,,,,,,,,,,,
applied-materials-009,applied-materials,Applied Materials,Applied Materials Kalispell,manufacturing,"655 West Reserve Drive, Kalispell, MT 59901-2127, United States",United States,48.2403982,-114.3295108,street_or_area_candidate,geocoded,https://www.appliedmaterials.com/in/en/contact/locations.html,company_locations_page,2026-08-24,2026-08-25,https://nominatim.openstreetmap.org/,"West Reserve Drive, Kalispell, Flathead County, Montana, 59902, United States",way,462966991,"655 West Reserve Drive, Kalispell, MT 59901-2127, United States",,,,,,,,,,,,,,
applied-materials-010,applied-materials,Applied Materials,Applied Materials Malta,field_support,"10 Stonebreak Road, Suite 2, Malta, NY 12020, United States",United States,,,unlocated,needs_review,https://www.appliedmaterials.com/in/en/contact/locations.html,company_locations_page,2026-08-24,2026-08-25,https://nominatim.openstreetmap.org/,,,,,,,,,,,,,,,,,,
applied-materials-011,applied-materials,Applied Materials,Applied Materials Boise,field_support,"6675 South Eisenman Road, Suite 110, Boise, ID 83716-6000, United States",United States,,,unlocated,needs_review,https://www.appliedmaterials.com/in/en/contact/locations.html,company_locations_page,2026-08-24,2026-08-25,https://nominatim.openstreetmap.org/,,,,,,,,,,,,,,,,,,
applied-materials-012,applied-materials,Applied Materials,Applied Materials Sunnyvale East Arques 1198,technology_center,"1198 East Arques Avenue, Sunnyvale, CA 94085, United States",United States,37.3793163,-121.9971287,building,map_ready,https://www.appliedmaterials.com/in/en/contact/locations.html,company_locations_page,2026-08-24,2026-08-25,https://nominatim.openstreetmap.org/,"Applied Materials Building 73, 1198, East Arques Avenue, Sunnyvale, Santa Clara County, California, 94085, United States",way,42392165,"1198 East Arques Avenue, Sunnyvale, CA 94085, United States",openstreetmap_building_match,2026-08-25,,,,,,,,,,,,
applied-materials-013,applied-materials,Applied Materials,Applied Materials Hillsboro Von Neumann,field_support,"8875 NE Von Neumann Drive, Suite 170, Hillsboro, OR 97006-4719, United States",United States,45.5318162,-122.887843,building,map_ready,https://www.appliedmaterials.com/in/en/contact/locations.html,company_locations_page,2026-08-24,2026-08-25,https://nominatim.openstreetmap.org/,"Applied Materials, 8875, Northeast Von Neumann Drive, Amberglen, Hillsboro, Washington County, Oregon, 97006, United States",node,8433505782,"8875 NE Von Neumann Drive, Suite 170, Hillsboro, OR 97006-4719, United States",openstreetmap_building_match,2026-08-25,,,,,,,,,,,,
applied-materials-014,applied-materials,Applied Materials,Applied Materials Hillsboro Evergreen,manufacturing,"7395 NE Evergreen Parkway, Suite 150, Hillsboro, OR 97124, United States",United States,,,unlocated,needs_review,https://www.appliedmaterials.com/in/en/contact/locations.html,company_locations_page,2026-08-24,2026-08-25,https://nominatim.openstreetmap.org/,,,,,,,,,,,,,,,,,,
applied-materials-015,applied-materials,Applied Materials,Applied Materials Sunnyvale East Arques 974,technology_center,"974 East Arques Avenue, Sunnyvale, CA 94085, United States",United States,37.3794484,-122.0046922,building,map_ready,https://www.appliedmaterials.com/in/en/contact/locations.html,company_locations_page,2026-08-24,2026-08-25,https://nominatim.openstreetmap.org/,"Applied Materials Buildng 81, 974, East Arques Avenue, Sunnyvale, Santa Clara County, California, 94085, United States",relation,5880669,"974 East Arques Avenue, Sunnyvale, CA 94085, United States",openstreetmap_building_match,2026-08-25,,,,,,,,,,,,
applied-materials-016,applied-materials,Applied Materials,Applied Materials Chandler,field_support,"2525 West Frye Road, Suite 230, Chandler, AZ 85224, United States",United States,,,unlocated,needs_review,https://www.appliedmaterials.com/in/en/contact/locations.html,company_locations_page,2026-08-24,2026-08-25,https://nominatim.openstreetmap.org/,,,,,,,,,,,,,,,,,,
applied-materials-017,applied-materials,Applied Materials,Applied Materials Lehi,field_support,"2000 West Ashton Boulevard, Suite 100, Lehi, UT 84043, United States",United States,,,unlocated,needs_review,https://www.appliedmaterials.com/in/en/contact/locations.html,company_locations_page,2026-08-24,2026-08-25,https://nominatim.openstreetmap.org/,,,,,,,,,,,,,,,,,,
applied-materials-018,applied-materials,Applied Materials,Applied Materials Fishkill,field_support,"2531 Route 52, Fishkill, NY 12533, United States",United States,41.5547888,-73.7889389,street_or_area_candidate,geocoded,https://www.appliedmaterials.com/in/en/contact/locations.html,company_locations_page,2026-08-24,2026-08-25,https://nominatim.openstreetmap.org/,"2531, State Route 52, Town of East Fishkill, Dutchess County, New York, 12533, United States",node,8448128111,"2531 Route 52, Fishkill, NY 12533, United States",,,,,,,,,,,,,,
applied-materials-019,applied-materials,Applied Materials,Applied Materials Phoenix,field_support,"25800 North Norterra Parkway, Suites 120 and 128, Phoenix, AZ 85085-8209, United States",United States,,,unlocated,needs_review,https://www.appliedmaterials.com/in/en/contact/locations.html,company_locations_page,2026-08-24,2026-08-25,https://nominatim.openstreetmap.org/,,,,,,,,,,,,,,,,,,
applied-materials-020,applied-materials,Applied Materials,Applied Materials Austin,manufacturing,"9700 US Highway 290 East, Austin, TX 78724-1199, United States",United States,30.335035,-97.6144881,building,map_ready,https://www.appliedmaterials.com/in/en/contact/locations.html,company_locations_page,2026-08-24,2026-08-25,https://nominatim.openstreetmap.org/,"Applied Materials Bldg. 34, 9700, East US Highway 290, Austin, Travis County, Texas, 78724, United States",way,237532718,"9700 US Highway 290 East, Austin, TX 78724-1199, United States",openstreetmap_building_match,2026-08-25,,,,,,,,,,,,
applied-materials-021,applied-materials,Applied Materials,Applied Materials Richardson,field_support,"3310 Matrix Drive, Suite 200, Richardson, TX 75082, United States",United States,,,unlocated,needs_review,https://www.appliedmaterials.com/in/en/contact/locations.html,company_locations_page,2026-08-24,2026-08-25,https://nominatim.openstreetmap.org/,,,,,,,,,,,,,,,,,,
applied-materials-022,applied-materials,Applied Materials,Applied Materials Tempe ASU Research Park,research,"7700 South River Parkway, Suite 1646, Tempe, AZ 85284, United States",United States,,,unlocated,needs_review,https://www.appliedmaterials.com/in/en/contact/locations.html,company_locations_page,2026-08-24,2026-08-25,https://nominatim.openstreetmap.org/,,,,,,,,,,,,,,,,,,
applied-materials-023,applied-materials,Applied Materials,Applied Materials Tempe ASU MacroTechnology Works,research,"2030 East ASU Circle, Tempe, AZ 85284, United States",United States,33.3484452,-111.9016302,building,map_ready,https://www.appliedmaterials.com/in/en/contact/locations.html,company_locations_page,2026-08-24,2026-08-25,https://nominatim.openstreetmap.org/,"2030, East ASU Circle, Arizona State University Research Park, Tempe, Maricopa County, Arizona, 85284, United States",way,516976202,"2030 East ASU Circle, Tempe, AZ 85284, United States",openstreetmap_building_match,2026-08-25,,,,,,,,,,,,
applied-materials-024,applied-materials,Applied Materials,Applied Materials Detroit Wayne State,research,"5101 Cass Avenue, Lab 150 and Chemistry Room 183, Detroit, MI 48202, United States",United States,,,unlocated,needs_review,https://www.appliedmaterials.com/in/en/contact/locations.html,company_locations_page,2026-08-24,2026-08-25,https://nominatim.openstreetmap.org/,,,,,,,,,,,,,,,,,,
applied-materials-025,applied-materials,Applied Materials,Applied Materials Tempe Hardy Drive,manufacturing,"8175 South Hardy Drive, Tempe, AZ 85284, United States",United States,33.3424232,-111.9537188,building,map_ready,https://www.appliedmaterials.com/in/en/contact/locations.html,company_locations_page,2026-08-24,2026-08-25,https://nominatim.openstreetmap.org/,"8175, South Hardy Drive, Tempe, Maricopa County, Arizona, 85284, United States",way,959034199,"8175 South Hardy Drive, Tempe, AZ 85284, United States",openstreetmap_building_match,2026-08-25,,,,,,,,,,,,
applied-materials-026,applied-materials,Applied Materials,Applied Materials Manassas,field_support,"9720 Capital Court, Suite 300, Manassas, VA 20110, United States",United States,,,unlocated,needs_review,https://www.appliedmaterials.com/in/en/contact/locations.html,company_locations_page,2026-08-24,2026-08-25,https://nominatim.openstreetmap.org/,,,,,,,,,,,,,,,,,,
applied-materials-027,applied-materials,Applied Materials,Applied Materials Albany,technology_center,"255 Fuller Road, Albany, NY 12203-3603, United States",United States,42.6905249,-73.8307905,street_or_area_candidate,geocoded,https://www.appliedmaterials.com/in/en/contact/locations.html,company_locations_page,2026-08-24,2026-08-25,https://nominatim.openstreetmap.org/,"255, Fuller Road, City of Albany, Albany County, New York, 12203, United States",node,8399593923,"255 Fuller Road, Albany, NY 12203-3603, United States",,,,,,,,,,,,,,
applied-materials-028,applied-materials,Applied Materials,Applied Materials Huntsville,office,"620 Discovery Drive NW, Building 2, Suite 120, Huntsville, AL 35806, United States",United States,,,unlocated,needs_review,https://www.appliedmaterials.com/in/en/contact/locations.html,company_locations_page,2026-08-24,2026-08-25,https://nominatim.openstreetmap.org/,,,,,,,,,,,,,,,,,,
applied-materials-029,applied-materials,Applied Materials,Applied Materials Hoofddorp,headquarters,"Spicalaan 57, 2132 JG Hoofddorp, Netherlands",Netherlands,52.2917387,4.7077268,building,map_ready,https://www.appliedmaterials.com/in/en/contact/locations.html,company_locations_page,2026-08-24,2026-08-25,https://nominatim.openstreetmap.org/,"Applied Materials, 57, Spicalaan, Beukenhorst-Oost, Hoofddorp, Haarlemmermeer, Noord-Holland, Nederland, 2132 JG, Nederland",node,2733926484,"Spicalaan 57, 2132 JG Hoofddorp, Netherlands",openstreetmap_building_match,2026-08-25,,,,,,,,,,,,
applied-materials-030,applied-materials,Applied Materials,Applied Materials Daresbury,field_support,"Vanguard House, Keckwick Lane, Daresbury, Warrington, Cheshire WA4 4AB, United Kingdom",United Kingdom,,,unlocated,needs_review,https://www.appliedmaterials.com/in/en/contact/locations.html,company_locations_page,2026-08-24,2026-08-25,https://nominatim.openstreetmap.org/,,,,,,,,,,,,,,,,,,
applied-materials-031,applied-materials,Applied Materials,Applied Materials Bernin,field_support,"864 Chemin des Fontaines, 38190 Bernin, France",France,45.2611984,5.8817938,building,map_ready,https://www.appliedmaterials.com/in/en/contact/locations.html,company_locations_page,2026-08-24,2026-08-25,https://nominatim.openstreetmap.org/,"864, Chemin des Fontaines, Bernin, Grenoble, Isère, Auvergne-Rhône-Alpes, France métropolitaine, 38190, France",way,514186159,"864 Chemin des Fontaines, 38190 Bernin, France",openstreetmap_building_match,2026-08-25,,,,,,,,,,,,
applied-materials-032,applied-materials,Applied Materials,Applied Materials Feldkirchen,manufacturing,"Philipp-Hauck-Strasse 6, 85622 Feldkirchen, Germany",Germany,48.1479545,11.7430063,street_or_area_candidate,geocoded,https://www.appliedmaterials.com/in/en/contact/locations.html,company_locations_page,2026-08-24,2026-08-25,https://nominatim.openstreetmap.org/,"6, Philipp-Hauck-Straße, Hölzlhof, Feldkirchen, Landkreis München, Bayern, 85622, Deutschland",node,4048163539,"Philipp-Hauck-Strasse 6, 85622 Feldkirchen, Germany",,,,,,,,,,,,,,
applied-materials-033,applied-materials,Applied Materials,Applied Materials Alzenau,manufacturing,"Siemensstrasse 100, 63755 Alzenau, Germany",Germany,50.0962347,9.0398523,street_or_area_candidate,geocoded,https://www.appliedmaterials.com/in/en/contact/locations.html,company_locations_page,2026-08-24,2026-08-25,https://nominatim.openstreetmap.org/,"100, Siemensstraße, Alzenau, Landkreis Aschaffenburg, Bayern, 63755, Deutschland",node,2361059807,"Siemensstrasse 100, 63755 Alzenau, Germany",,,,,,,,,,,,,,
applied-materials-034,applied-materials,Applied Materials,Applied Materials Dresden,field_support,"Buchenstrasse 16b, 01097 Dresden, Germany",Germany,51.0781657,13.7493262,building,map_ready,https://www.appliedmaterials.com/in/en/contact/locations.html,company_locations_page,2026-08-24,2026-08-25,https://nominatim.openstreetmap.org/,"Kernkonzept GmbH, 16B, Buchenstraße, Hechtviertel, Leipziger Vorstadt, Neustadt, Dresden, Sachsen, 01097, Deutschland",node,6105318400,"Buchenstrasse 16b, 01097 Dresden, Germany",openstreetmap_building_match,2026-08-25,,,,,,,,,,,,
applied-materials-035,applied-materials,Applied Materials,Applied Materials Maynooth,field_support,"Block A, Maynooth Business Campus, Maynooth, County Kildare, Ireland",Ireland,,,unlocated,needs_review,https://www.appliedmaterials.com/in/en/contact/locations.html,company_locations_page,2026-08-24,2026-08-25,https://nominatim.openstreetmap.org/,,,,,,,,,,,,,,,,,,
applied-materials-036,applied-materials,Applied Materials,Applied Materials Dublin,field_support,"Chase House, City Junction Business Park, Northern Cross, Dublin D17 AK63, Ireland",Ireland,,,unlocated,needs_review,https://www.appliedmaterials.com/in/en/contact/locations.html,company_locations_page,2026-08-24,2026-08-25,https://nominatim.openstreetmap.org/,,,,,,,,,,,,,,,,,,
applied-materials-037,applied-materials,Applied Materials,Applied Materials Catania,field_support,"Via VIII Strada 7, 95121 Catania, Italy",Italy,37.334499,14.7389306,street_or_area_candidate,geocoded,https://www.appliedmaterials.com/in/en/contact/locations.html,company_locations_page,2026-08-24,2026-08-25,https://nominatim.openstreetmap.org/,"Via Maria Montessori, Palagonia, Catania, Sicilia, 95046, Italia",way,1092232147,"Via VIII Strada 7, 95121 Catania, Italy",,,,,,,,,,,,,,
applied-materials-038,applied-materials,Applied Materials,Applied Materials L Aquila,field_support,"Via Monte Cagno 11, 67100 L Aquila, Italy",Italy,42.3598132,13.3928016,street_or_area_candidate,geocoded,https://www.appliedmaterials.com/in/en/contact/locations.html,company_locations_page,2026-08-24,2026-08-25,https://nominatim.openstreetmap.org/,"Via Monte Cagno, Colle Pretara, Pile, L'Aquila, Abruzzo, 67100, Italia",way,238216690,"Via Monte Cagno 11, 67100 L Aquila, Italy",,,,,,,,,,,,,,
applied-materials-039,applied-materials,Applied Materials,Applied Materials Treviso,manufacturing,"Via Postumia Ovest 244, 31048 Olmi di San Biagio di Callalta, Treviso, Italy",Italy,45.6704698,12.3251182,street_or_area_candidate,geocoded,https://www.appliedmaterials.com/in/en/contact/locations.html,company_locations_page,2026-08-24,2026-08-25,https://nominatim.openstreetmap.org/,"Via Postumia Ovest, San Floriano, Olmi, San Biagio di Callalta, Treviso, Veneto, 31048, Italia",way,37118690,"Via Postumia Ovest 244, 31048 Olmi di San Biagio di Callalta, Treviso, Italy",,,,,,,,,,,,,,
applied-materials-040,applied-materials,Applied Materials,Applied Materials Agrate Brianza,field_support,"Via Della Vignolina 2, 20864 Agrate Brianza, Italy",Italy,45.5707204,9.3599421,street_or_area_candidate,geocoded,https://www.appliedmaterials.com/in/en/contact/locations.html,company_locations_page,2026-08-24,2026-08-25,https://nominatim.openstreetmap.org/,"Via della Vignolina, Cascina Pescarola, Omate, Agrate Brianza, Monza e della Brianza, Lombardia, 20864, Italia",way,28153453,"Via Della Vignolina 2, 20864 Agrate Brianza, Italy",,,,,,,,,,,,,,
applied-materials-041,applied-materials,Applied Materials,Applied Materials Reading,field_support,"200 Brook Drive, Green Park, Reading, Berkshire RG2 6UB, United Kingdom",United Kingdom,,,unlocated,needs_review,https://www.appliedmaterials.com/in/en/contact/locations.html,company_locations_page,2026-08-24,2026-08-25,https://nominatim.openstreetmap.org/,,,,,,,,,,,,,,,,,,
applied-materials-042,applied-materials,Applied Materials,Applied Materials Heimstetten,manufacturing,"Ammerthalstrasse 20, 85551 Heimstetten, Germany",Germany,48.1516124,11.7465398,building,map_ready,https://www.appliedmaterials.com/in/en/contact/locations.html,company_locations_page,2026-08-24,2026-08-25,https://nominatim.openstreetmap.org/,"20, Ammerthalstraße, Gewerbe im Park, Heimstetten, Kirchheim bei München, Landkreis München, Bayern, 85551, Deutschland",way,299891601,"Ammerthalstrasse 20, 85551 Heimstetten, Germany",openstreetmap_building_match,2026-08-25,,,,,,,,,,,,
applied-materials-043,applied-materials,Applied Materials,Applied Materials Espoo,manufacturing,"Tietotie 3, 02150 Espoo, Finland",Finland,60.1847874,24.8165166,building,map_ready,https://www.appliedmaterials.com/in/en/contact/locations.html,company_locations_page,2026-08-24,2026-08-25,https://nominatim.openstreetmap.org/,"Semiqon Technologies oy, 3, Tietotie, Maari, Otaniemi, Suur-Tapiola, Espoo, Helsingin seutukunta, Uusimaa, Manner-Suomi, 02150, Suomi / Finland",node,13602310878,"Tietotie 3, 02150 Espoo, Finland",openstreetmap_building_match,2026-08-25,,,,,,,,,,,,
applied-materials-044,applied-materials,Applied Materials,Applied Materials Masala,field_support,"Masalantie 365, 02430 Masala, Finland",Finland,60.1630989,24.5403742,building,map_ready,https://www.appliedmaterials.com/in/en/contact/locations.html,company_locations_page,2026-08-24,2026-08-25,https://nominatim.openstreetmap.org/,"365, Masalantie, Näsimäki, Masala, Itäinen Kirkkonummi, Kirkkonummi, Helsingin seutukunta, Uusimaa, Manner-Suomi, 02430, Suomi / Finland",way,56039455,"Masalantie 365, 02430 Masala, Finland",openstreetmap_building_match,2026-08-25,,,,,,,,,,,,
applied-materials-045,applied-materials,Applied Materials,Applied Materials Eindhoven,field_support,"De Rozentuin 18, 5611 SW Eindhoven, Netherlands",Netherlands,51.4340993,5.4861484,street_or_area_candidate,geocoded,https://www.appliedmaterials.com/in/en/contact/locations.html,company_locations_page,2026-08-24,2026-08-25,https://nominatim.openstreetmap.org/,"18, De Rozentuin, Rochusbuurt, Stratum, Eindhoven, Noord-Brabant, Nederland, 5611 SW, Nederland",node,4762539495,"De Rozentuin 18, 5611 SW Eindhoven, Netherlands",,,,,,,,,,,,,,
applied-materials-046,applied-materials,Applied Materials,Applied Materials Bangalore Endeavour,office,"Endeavour MTB6, International Technology Park, Whitefield Road, Bangalore, Karnataka 560066, India",India,,,unlocated,needs_review,https://www.appliedmaterials.com/in/en/contact/locations.html,company_locations_page,2026-08-24,2026-08-25,https://nominatim.openstreetmap.org/,,,,,,,,,,,,,,,,,,
applied-materials-047,applied-materials,Applied Materials,Applied Materials Bangalore Validation Center,research,"5A Sadarmangala Industrial Area, Kadugodi, Bangalore, Karnataka 560067, India",India,,,unlocated,needs_review,https://www.appliedmaterials.com/in/en/contact/locations.html,company_locations_page,2026-08-24,2026-08-25,https://nominatim.openstreetmap.org/,,,,,,,,,,,,,,,,,,
applied-materials-048,applied-materials,Applied Materials,Applied Materials Mumbai Goregaon,office,"12th Floor South Side, Commerz, International Business Park, Oberoi Garden City, Off Western Express Highway, Goregaon East, Mumbai, Maharashtra 400063, India",India,,,unlocated,needs_review,https://www.appliedmaterials.com/in/en/contact/locations.html,company_locations_page,2026-08-24,2026-08-25,https://nominatim.openstreetmap.org/,,,,,,,,,,,,,,,,,,
applied-materials-049,applied-materials,Applied Materials,Applied Materials Pune,office,"Mundhwa-Kharadi Road, Amanora Park Town, Hadapsar, Pune, Maharashtra 411028, India",India,,,unlocated,needs_review,https://www.appliedmaterials.com/in/en/contact/locations.html,company_locations_page,2026-08-24,2026-08-25,https://nominatim.openstreetmap.org/,,,,,,,,,,,,,,,,,,
applied-materials-050,applied-materials,Applied Materials,Applied Materials Chennai,field_support,"6th Floor Unit 4, Pinnacle Building, Ascendas International Tech Park, CSIR Road, Taramani, Chennai, Tamil Nadu 600113, India",India,,,unlocated,needs_review,https://www.appliedmaterials.com/in/en/contact/locations.html,company_locations_page,2026-08-24,2026-08-25,https://nominatim.openstreetmap.org/,,,,,,,,,,,,,,,,,,
applied-materials-051,applied-materials,Applied Materials,Applied Materials Coimbatore,field_support,"Mayflower Signature, Modules A and C, 6th Floor, 531/537 Avinashi Road, Peelamedu, Coimbatore, Tamil Nadu 641004, India",India,,,unlocated,needs_review,https://www.appliedmaterials.com/in/en/contact/locations.html,company_locations_page,2026-08-24,2026-08-25,https://nominatim.openstreetmap.org/,,,,,,,,,,,,,,,,,,
applied-materials-052,applied-materials,Applied Materials,Applied Materials Mumbai IIT Bombay,research,"IIT Bombay, 2B-20 Hillside Road, Powai, Mumbai, Maharashtra 400076, India",India,,,unlocated,needs_review,https://www.appliedmaterials.com/in/en/contact/locations.html,company_locations_page,2026-08-24,2026-08-25,https://nominatim.openstreetmap.org/,,,,,,,,,,,,,,,,,,
applied-materials-053,applied-materials,Applied Materials,Applied Materials Rehovot,manufacturing,"9 Oppenheimer Street, Rehovot 76705, Israel",Israel,,,unlocated,needs_review,https://www.appliedmaterials.com/in/en/contact/locations.html,company_locations_page,2026-08-24,2026-08-25,https://nominatim.openstreetmap.org/,,,,,,,,,,,,,,,,,,
applied-materials-054,applied-materials,Applied Materials,Applied Materials Kiryat Gat,field_support,"1 Ha Ashlegan Street, Kiryat Gat, Israel",Israel,,,unlocated,needs_review,https://www.appliedmaterials.com/in/en/contact/locations.html,company_locations_page,2026-08-24,2026-08-25,https://nominatim.openstreetmap.org/,,,,,,,,,,,,,,,,,,
applied-materials-055,applied-materials,Applied Materials,Applied Materials Singapore Upper Changi,manufacturing,"8 Upper Changi Road North, Singapore 506906",Singapore,1.3524459,103.9654684,building,map_ready,https://www.appliedmaterials.com/in/en/contact/locations.html,company_locations_page,2026-08-24,2026-08-25,https://nominatim.openstreetmap.org/,"Applied Materials (Singapore), 8, Upper Changi Road North, Changi, Changi Business Park, East Region, Singapore, 506906, Singapore",way,453896022,"8 Upper Changi Road North, Singapore 506906",openstreetmap_building_match,2026-08-25,,,,,,,,,,,,
applied-materials-056,applied-materials,Applied Materials,Applied Materials Singapore Science Park,field_support,"The Alpha, 10 Science Park Road, Unit 01-01B, Singapore 117684",Singapore,,,unlocated,needs_review,https://www.appliedmaterials.com/in/en/contact/locations.html,company_locations_page,2026-08-24,2026-08-25,https://nominatim.openstreetmap.org/,,,,,,,,,,,,,,,,,,
applied-materials-057,applied-materials,Applied Materials,Applied Materials Singapore Fusionopolis,research,"Nexus at one-north, 1 Fusionopolis Link, Units 06-01 and 06-02, Singapore 138542",Singapore,,,unlocated,needs_review,https://www.appliedmaterials.com/in/en/contact/locations.html,company_locations_page,2026-08-24,2026-08-25,https://nominatim.openstreetmap.org/,,,,,,,,,,,,,,,,,,
applied-materials-058,applied-materials,Applied Materials,Applied Materials Singapore Turf Club,field_support,"Singapore Turf Club, 1 Turf Club Avenue, Singapore 738078",Singapore,1.4218646,103.7612807,street_or_area_candidate,geocoded,https://www.appliedmaterials.com/in/en/contact/locations.html,company_locations_page,2026-08-24,2026-08-25,https://nominatim.openstreetmap.org/,"Singapore Turf Club, 1, Turf Club Avenue, Turf Club, Sungei Kadut, North Region, Singapore, 738078, Singapore",node,3800199583,"Singapore Turf Club, 1 Turf Club Avenue, Singapore 738078",,,,,,,,,,,,,,
applied-materials-059,applied-materials,Applied Materials,Applied Materials Singapore Woodlands,field_support,"190 Woodlands Industrial Park E5, Unit 09-03, Singapore 757516",Singapore,,,unlocated,needs_review,https://www.appliedmaterials.com/in/en/contact/locations.html,company_locations_page,2026-08-24,2026-08-25,https://nominatim.openstreetmap.org/,,,,,,,,,,,,,,,,,,
applied-materials-060,applied-materials,Applied Materials,Applied Materials Shanghai Headquarters,headquarters,"Building 7, Lane 20 Yindong Road, Zhangjiang Science City, Pudong New Area, Shanghai 201210, China",China,,,unlocated,needs_review,https://www.appliedmaterials.com/in/en/contact/locations.html,company_locations_page,2026-08-24,2026-08-25,https://nominatim.openstreetmap.org/,,,,,,,,,,,,,,,,,,
applied-materials-061,applied-materials,Applied Materials,Applied Materials Beijing,field_support,"18th Floor, Building 40, 1 North Disheng Street, Economic-Technological Development Zone, Beijing 100176, China",China,,,unlocated,needs_review,https://www.appliedmaterials.com/in/en/contact/locations.html,company_locations_page,2026-08-24,2026-08-25,https://nominatim.openstreetmap.org/,,,,,,,,,,,,,,,,,,
applied-materials-062,applied-materials,Applied Materials,Applied Materials Chengdu,field_support,"Rooms 1903 and 1904, 19th Floor, Hengchuang Building, 693 Dongda Street, Pidu District, Chengdu, Sichuan 611730, China",China,,,unlocated,needs_review,https://www.appliedmaterials.com/in/en/contact/locations.html,company_locations_page,2026-08-24,2026-08-25,https://nominatim.openstreetmap.org/,,,,,,,,,,,,,,,,,,
applied-materials-063,applied-materials,Applied Materials,Applied Materials Hefei,field_support,"10th Floor, Area D, Import Commodity Trade Center, Dongfang Avenue, Xinzhan District, Hefei, Anhui 230011, China",China,,,unlocated,needs_review,https://www.appliedmaterials.com/in/en/contact/locations.html,company_locations_page,2026-08-24,2026-08-25,https://nominatim.openstreetmap.org/,,,,,,,,,,,,,,,,,,
applied-materials-064,applied-materials,Applied Materials,Applied Materials Nanjing,field_support,"Rooms 1202 and 1206, Building 5, CASTD Innovation Plaza, 150 Pubing Road, Pukou District, Nanjing, Jiangsu 210000, China",China,,,unlocated,needs_review,https://www.appliedmaterials.com/in/en/contact/locations.html,company_locations_page,2026-08-24,2026-08-25,https://nominatim.openstreetmap.org/,,,,,,,,,,,,,,,,,,
applied-materials-065,applied-materials,Applied Materials,Applied Materials Qingdao,field_support,"Rooms 410 and 304, Free Trade Tower, 150 East Huanghe Road, Huangdao District, Qingdao, Shandong 266400, China",China,,,unlocated,needs_review,https://www.appliedmaterials.com/in/en/contact/locations.html,company_locations_page,2026-08-24,2026-08-25,https://nominatim.openstreetmap.org/,,,,,,,,,,,,,,,,,,
applied-materials-066,applied-materials,Applied Materials,Applied Materials Shanghai Lingang,field_support,"Rooms 301-304, 849 West Huanhu 1st Road, Nanhui New Town, Pudong New Area, Shanghai 201306, China",China,,,unlocated,needs_review,https://www.appliedmaterials.com/in/en/contact/locations.html,company_locations_page,2026-08-24,2026-08-25,https://nominatim.openstreetmap.org/,,,,,,,,,,,,,,,,,,
applied-materials-067,applied-materials,Applied Materials,Applied Materials Shenzhen,field_support,"Room 1504, Building 4, Baoxin Science Park, 9 Guangyuan 5th Road, Guangming New District, Shenzhen, Guangdong 518107, China",China,,,unlocated,needs_review,https://www.appliedmaterials.com/in/en/contact/locations.html,company_locations_page,2026-08-24,2026-08-25,https://nominatim.openstreetmap.org/,,,,,,,,,,,,,,,,,,
applied-materials-068,applied-materials,Applied Materials,Applied Materials Suzhou,field_support,"Room 2009, Century Financial Tower, 1 West Suzhou Avenue, Suzhou Industrial Park, Suzhou, Jiangsu 215021, China",China,,,unlocated,needs_review,https://www.appliedmaterials.com/in/en/contact/locations.html,company_locations_page,2026-08-24,2026-08-25,https://nominatim.openstreetmap.org/,,,,,,,,,,,,,,,,,,
applied-materials-069,applied-materials,Applied Materials,Applied Materials Wuhan,field_support,"9th Floor, Building C3, Phase 1, Longshan Innovation Park, 999 Gaoxin Avenue, East Lake New Technology Development Zone, Wuhan, Hubei 430223, China",China,,,unlocated,needs_review,https://www.appliedmaterials.com/in/en/contact/locations.html,company_locations_page,2026-08-24,2026-08-25,https://nominatim.openstreetmap.org/,,,,,,,,,,,,,,,,,,
applied-materials-070,applied-materials,Applied Materials,Applied Materials Wuxi,field_support,"Rooms A110, A111, A118 and A608, Building A, IC Design Tower, 33-2 Xinda Road, Xinwu District, Wuxi, Jiangsu 214028, China",China,,,unlocated,needs_review,https://www.appliedmaterials.com/in/en/contact/locations.html,company_locations_page,2026-08-24,2026-08-25,https://nominatim.openstreetmap.org/,,,,,,,,,,,,,,,,,,
applied-materials-071,applied-materials,Applied Materials,Applied Materials Xiamen,field_support,"Room 404, Qiangye Building, 98 Xiangxing Road, Xiangan Industrial Area, Xiamen, Fujian 361101, China",China,,,unlocated,needs_review,https://www.appliedmaterials.com/in/en/contact/locations.html,company_locations_page,2026-08-24,2026-08-25,https://nominatim.openstreetmap.org/,,,,,,,,,,,,,,,,,,
applied-materials-072,applied-materials,Applied Materials,Applied Materials Xian,field_support,"28 Xinxi Avenue, Xian Hi-Tech Industrial Development Zone, Xian, Shaanxi 710119, China",China,,,unlocated,needs_review,https://www.appliedmaterials.com/in/en/contact/locations.html,company_locations_page,2026-08-24,2026-08-25,https://nominatim.openstreetmap.org/,,,,,,,,,,,,,,,,,,
applied-materials-073,applied-materials,Applied Materials,Applied Materials Hsinchu Headquarters,headquarters,"32 R&D Road II, Hsinchu Science Park, Hsinchu 300092, Taiwan",Taiwan,,,unlocated,needs_review,https://www.appliedmaterials.com/in/en/contact/locations.html,company_locations_page,2026-08-24,2026-08-25,https://nominatim.openstreetmap.org/,,,,,,,,,,,,,,,,,,
applied-materials-074,applied-materials,Applied Materials,Applied Materials Taoyuan Linkou,field_support,"2nd Floor, 361 Fuxing 1st Road, Guishan District, Taoyuan 333005, Taiwan",Taiwan,,,unlocated,needs_review,https://www.appliedmaterials.com/in/en/contact/locations.html,company_locations_page,2026-08-24,2026-08-25,https://nominatim.openstreetmap.org/,,,,,,,,,,,,,,,,,,
applied-materials-075,applied-materials,Applied Materials,Applied Materials Hsinchu Learning Center,training_center,"2nd Floor, 2 Keji 5th Road, East District, Hsinchu 300092, Taiwan",Taiwan,,,unlocated,needs_review,https://www.appliedmaterials.com/in/en/contact/locations.html,company_locations_page,2026-08-24,2026-08-25,https://nominatim.openstreetmap.org/,,,,,,,,,,,,,,,,,,
applied-materials-076,applied-materials,Applied Materials,Applied Materials Hsinchu PTTC,research,"5 Gonye East 7th Road, East District, Hsinchu 300093, Taiwan",Taiwan,,,unlocated,needs_review,https://www.appliedmaterials.com/in/en/contact/locations.html,company_locations_page,2026-08-24,2026-08-25,https://nominatim.openstreetmap.org/,,,,,,,,,,,,,,,,,,
applied-materials-077,applied-materials,Applied Materials,Applied Materials Taichung Keya,field_support,"3rd Floor, 48 Keya Road, Daya District, Taichung 42881, Taiwan",Taiwan,,,unlocated,needs_review,https://www.appliedmaterials.com/in/en/contact/locations.html,company_locations_page,2026-08-24,2026-08-25,https://nominatim.openstreetmap.org/,,,,,,,,,,,,,,,,,,
applied-materials-078,applied-materials,Applied Materials,Applied Materials Taichung Houli,field_support,"19 Lane 130, Section 4, Sanfeng Road, Houli District, Taichung 421012, Taiwan",Taiwan,,,unlocated,needs_review,https://www.appliedmaterials.com/in/en/contact/locations.html,company_locations_page,2026-08-24,2026-08-25,https://nominatim.openstreetmap.org/,,,,,,,,,,,,,,,,,,
applied-materials-079,applied-materials,Applied Materials,Applied Materials Tainan Nanke,research,"12 Nanke 7th Road, Southern Taiwan Science Park, Tainan 741014, Taiwan",Taiwan,,,unlocated,needs_review,https://www.appliedmaterials.com/in/en/contact/locations.html,company_locations_page,2026-08-24,2026-08-25,https://nominatim.openstreetmap.org/,,,,,,,,,,,,,,,,,,
applied-materials-080,applied-materials,Applied Materials,Applied Materials Tainan Beiyuan,manufacturing,"12 Beiyuan 3rd Road, Anding District, Tainan 745093, Taiwan",Taiwan,23.1239524,120.2622647,street_or_area_candidate,geocoded,https://www.appliedmaterials.com/in/en/contact/locations.html,company_locations_page,2026-08-24,2026-08-25,https://nominatim.openstreetmap.org/,"12號, 北園三路, 南科台南園區, 蘇林里, 安定區, 臺南市, 745, 臺灣",node,11060064104,"12 Beiyuan 3rd Road, Anding District, Tainan 745093, Taiwan",,,,,,,,,,,,,,
applied-materials-081,applied-materials,Applied Materials,Applied Materials Tainan Dali,manufacturing,"16 Dali 1st Road, Taiwan Science Park, Tainan 744093, Taiwan",Taiwan,,,unlocated,needs_review,https://www.appliedmaterials.com/in/en/contact/locations.html,company_locations_page,2026-08-24,2026-08-25,https://nominatim.openstreetmap.org/,,,,,,,,,,,,,,,,,,
applied-materials-082,applied-materials,Applied Materials,Applied Materials Taoyuan Wenhe,field_support,"7th and 11th Floors, 188 Wenhe Road, Guishan District, Taoyuan 333001, Taiwan",Taiwan,,,unlocated,needs_review,https://www.appliedmaterials.com/in/en/contact/locations.html,company_locations_page,2026-08-24,2026-08-25,https://nominatim.openstreetmap.org/,,,,,,,,,,,,,,,,,,
applied-materials-083,applied-materials,Applied Materials,Applied Materials Seongnam Headquarters,headquarters,"5th Floor, Korea Design Center, 322 Yanghyeon-ro, Bundang-gu, Seongnam-si, Gyeonggi-do 13496, South Korea",South Korea,,,unlocated,needs_review,https://www.appliedmaterials.com/in/en/contact/locations.html,company_locations_page,2026-08-24,2026-08-25,https://nominatim.openstreetmap.org/,,,,,,,,,,,,,,,,,,
applied-materials-084,applied-materials,Applied Materials,Applied Materials Paju,field_support,"268 Cheongseok-ro, Paju-si, Gyeonggi-do 10874, South Korea",South Korea,37.7258291,126.7177221,street_or_area_candidate,geocoded,https://www.appliedmaterials.com/in/en/contact/locations.html,company_locations_page,2026-08-24,2026-08-25,https://nominatim.openstreetmap.org/,"샐러디, 268, 청석로, 동패동, 교하동, 파주시, 경기도, 10874, 대한민국",node,13536833645,"268 Cheongseok-ro, Paju-si, Gyeonggi-do 10874, South Korea",,,,,,,,,,,,,,
applied-materials-085,applied-materials,Applied Materials,Applied Materials Cheonan,field_support,"5th Floor, Sunwoo Plaza, 138 Buldang 25-ro, Seobuk-gu, Cheonan-si, Chungcheongnam-do 31156, South Korea",South Korea,,,unlocated,needs_review,https://www.appliedmaterials.com/in/en/contact/locations.html,company_locations_page,2026-08-24,2026-08-25,https://nominatim.openstreetmap.org/,,,,,,,,,,,,,,,,,,
applied-materials-086,applied-materials,Applied Materials,Applied Materials Hwaseong Lucestar,field_support,"6th Floor, Lucestar Biz Building, 594-7 Dongtangiheung-ro, Hwaseong-si, Gyeonggi-do 18469, South Korea",South Korea,,,unlocated,needs_review,https://www.appliedmaterials.com/in/en/contact/locations.html,company_locations_page,2026-08-24,2026-08-25,https://nominatim.openstreetmap.org/,,,,,,,,,,,,,,,,,,
applied-materials-087,applied-materials,Applied Materials,Applied Materials Cheongju,field_support,"3rd Floor, HY Dream Mall, 108 Gangseo-ro, Heungdeok-gu, Cheongju-si, Chungcheongbuk-do 28378, South Korea",South Korea,,,unlocated,needs_review,https://www.appliedmaterials.com/in/en/contact/locations.html,company_locations_page,2026-08-24,2026-08-25,https://nominatim.openstreetmap.org/,,,,,,,,,,,,,,,,,,
applied-materials-088,applied-materials,Applied Materials,Applied Materials Hwaseong Wonhee Castle,field_support,"7th Floor, Wonhee Castle Dongtan, 6 Samsung 1-ro 5-gil, Hwaseong-si, Gyeonggi-do 18449, South Korea",South Korea,,,unlocated,needs_review,https://www.appliedmaterials.com/in/en/contact/locations.html,company_locations_page,2026-08-24,2026-08-25,https://nominatim.openstreetmap.org/,,,,,,,,,,,,,,,,,,
applied-materials-089,applied-materials,Applied Materials,Applied Materials Gumi,field_support,"4th Floor, Park Jae Dal Tower, 115 Indongbuk-gil, Gumi-si, Gyeongsangbuk-do 39439, South Korea",South Korea,,,unlocated,needs_review,https://www.appliedmaterials.com/in/en/contact/locations.html,company_locations_page,2026-08-24,2026-08-25,https://nominatim.openstreetmap.org/,,,,,,,,,,,,,,,,,,
applied-materials-090,applied-materials,Applied Materials,Applied Materials Pyeongtaek Sandan,manufacturing,"157 Sandan-ro 121beon-gil, Pyeongtaek-si, Gyeonggi-do 17744, South Korea",South Korea,37.0405656,127.0717949,street_or_area_candidate,geocoded,https://www.appliedmaterials.com/in/en/contact/locations.html,company_locations_page,2026-08-24,2026-08-25,https://nominatim.openstreetmap.org/,"산단로121번길, 가재동, 여염리, 평택시, 경기도, 17741, 대한민국",way,819979779,"157 Sandan-ro 121beon-gil, Pyeongtaek-si, Gyeonggi-do 17744, South Korea",,,,,,,,,,,,,,
applied-materials-091,applied-materials,Applied Materials,Applied Materials Icheon Gwango,field_support,"2773 Gyeongchung-daero, Gwango-dong, Icheon-si, Gyeonggi-do 17379, South Korea",South Korea,37.2889577,127.4274422,street_or_area_candidate,geocoded,https://www.appliedmaterials.com/in/en/contact/locations.html,company_locations_page,2026-08-24,2026-08-25,https://nominatim.openstreetmap.org/,"경충대로, 관고동, 이천시, 경기도, 17379, 대한민국",way,54607101,"2773 Gyeongchung-daero, Gwango-dong, Icheon-si, Gyeonggi-do 17379, South Korea",,,,,,,,,,,,,,
applied-materials-092,applied-materials,Applied Materials,Applied Materials Yongin Logistics,warehouse,"114 Dangha-ro, Namsa-eup, Cheoin-gu, Yongin-si, Gyeonggi-do 17118, South Korea",South Korea,,,unlocated,needs_review,https://www.appliedmaterials.com/in/en/contact/locations.html,company_locations_page,2026-08-24,2026-08-25,https://nominatim.openstreetmap.org/,,,,,,,,,,,,,,,,,,
applied-materials-093,applied-materials,Applied Materials,Applied Materials Icheon STK,field_support,"2nd Floor, STK Building, 107 Daesan-ro 288beon-gil, Icheon-si, Gyeonggi-do 17336, South Korea",South Korea,,,unlocated,needs_review,https://www.appliedmaterials.com/in/en/contact/locations.html,company_locations_page,2026-08-24,2026-08-25,https://nominatim.openstreetmap.org/,,,,,,,,,,,,,,,,,,
applied-materials-094,applied-materials,Applied Materials,Applied Materials Hwaseong Dongtan Industrial,manufacturing,"10 Dongtan-sandan 3-gil, Hwaseong-si, Gyeonggi-do 18487, South Korea",South Korea,,,unlocated,needs_review,https://www.appliedmaterials.com/in/en/contact/locations.html,company_locations_page,2026-08-24,2026-08-25,https://nominatim.openstreetmap.org/,,,,,,,,,,,,,,,,,,
applied-materials-095,applied-materials,Applied Materials,Applied Materials Pyeongtaek Godeok,field_support,"10th Floor, 200-18 Godeokjungang-ro, Pyeongtaek-si, Gyeonggi-do 18014, South Korea",South Korea,,,unlocated,needs_review,https://www.appliedmaterials.com/in/en/contact/locations.html,company_locations_page,2026-08-24,2026-08-25,https://nominatim.openstreetmap.org/,,,,,,,,,,,,,,,,,,
applied-materials-096,applied-materials,Applied Materials,Applied Materials Tokyo Headquarters,headquarters,"Yokoso Rainbow Tower, 3-20-20 Kaigan, Minato-ku, Tokyo 108-8444, Japan",Japan,,,unlocated,needs_review,https://www.appliedmaterials.com/in/en/contact/locations.html,company_locations_page,2026-08-24,2026-08-25,https://nominatim.openstreetmap.org/,,,,,,,,,,,,,,,,,,
applied-materials-097,applied-materials,Applied Materials,Applied Materials Tokyo Warehouse,warehouse,"Nippon Express Tokyo Warehouse, 4th Floor, 1-3 Tanabeshinden, Kawasaki-ku, Kawasaki, Kanagawa 210-0856, Japan",Japan,,,unlocated,needs_review,https://www.appliedmaterials.com/in/en/contact/locations.html,company_locations_page,2026-08-24,2026-08-25,https://nominatim.openstreetmap.org/,,,,,,,,,,,,,,,,,,
applied-materials-098,applied-materials,Applied Materials,Applied Materials Hiroshima,field_support,"Sogofudosan Building, 5-5 Saijokamiichi-cho, Higashihiroshima, Hiroshima 739-0006, Japan",Japan,,,unlocated,needs_review,https://www.appliedmaterials.com/in/en/contact/locations.html,company_locations_page,2026-08-24,2026-08-25,https://nominatim.openstreetmap.org/,,,,,,,,,,,,,,,,,,
applied-materials-099,applied-materials,Applied Materials,Applied Materials Hokuriku,field_support,"M1 Building, 1-12-10 Shakado, Uozu, Toyama 937-0067, Japan",Japan,,,unlocated,needs_review,https://www.appliedmaterials.com/in/en/contact/locations.html,company_locations_page,2026-08-24,2026-08-25,https://nominatim.openstreetmap.org/,,,,,,,,,,,,,,,,,,
applied-materials-100,applied-materials,Applied Materials,Applied Materials Kawasaki,field_support,"3-37-7 Shimoasao, Asao-ku, Kawasaki, Kanagawa 215-0022, Japan",Japan,,,unlocated,needs_review,https://www.appliedmaterials.com/in/en/contact/locations.html,company_locations_page,2026-08-24,2026-08-25,https://nominatim.openstreetmap.org/,,,,,,,,,,,,,,,,,,
applied-materials-101,applied-materials,Applied Materials,Applied Materials Kitakami,field_support,"Iwate Jisho Kitakami Ekimae Building, 2-3-8 Odori, Kitakami, Iwate 024-0061, Japan",Japan,,,unlocated,needs_review,https://www.appliedmaterials.com/in/en/contact/locations.html,company_locations_page,2026-08-24,2026-08-25,https://nominatim.openstreetmap.org/,,,,,,,,,,,,,,,,,,
applied-materials-102,applied-materials,Applied Materials,Applied Materials Kumamoto,field_support,"Techno Laboratory Building, 1155-12 Tabaru, Mashiki-machi, Kamimashiki-gun, Kumamoto 861-2202, Japan",Japan,,,unlocated,needs_review,https://www.appliedmaterials.com/in/en/contact/locations.html,company_locations_page,2026-08-24,2026-08-25,https://nominatim.openstreetmap.org/,,,,,,,,,,,,,,,,,,
applied-materials-103,applied-materials,Applied Materials,Applied Materials Kumamoto 2,field_support,"Meistier Mashiki Headquarters Building, 2081-17 Tabaru, Mashiki-machi, Kamimashiki-gun, Kumamoto 861-2202, Japan",Japan,,,unlocated,needs_review,https://www.appliedmaterials.com/in/en/contact/locations.html,company_locations_page,2026-08-24,2026-08-25,https://nominatim.openstreetmap.org/,,,,,,,,,,,,,,,,,,
applied-materials-104,applied-materials,Applied Materials,Applied Materials Kyoto,field_support,"Nihon Seimei Kyoto Santetsu Building, 608-9 Higashi Shiokoji-cho, Shimogyo-ku, Kyoto 600-8216, Japan",Japan,,,unlocated,needs_review,https://www.appliedmaterials.com/in/en/contact/locations.html,company_locations_page,2026-08-24,2026-08-25,https://nominatim.openstreetmap.org/,,,,,,,,,,,,,,,,,,
applied-materials-105,applied-materials,Applied Materials,Applied Materials Nagasaki,field_support,"Ariake Building, 6-10 Eisho-Higashimachi, Isahaya, Nagasaki 854-0071, Japan",Japan,,,unlocated,needs_review,https://www.appliedmaterials.com/in/en/contact/locations.html,company_locations_page,2026-08-24,2026-08-25,https://nominatim.openstreetmap.org/,,,,,,,,,,,,,,,,,,
applied-materials-106,applied-materials,Applied Materials,Applied Materials Nagoya,field_support,"TKH Building, 4-1-70 Osu, Naka-ku, Nagoya, Aichi 460-0011, Japan",Japan,,,unlocated,needs_review,https://www.appliedmaterials.com/in/en/contact/locations.html,company_locations_page,2026-08-24,2026-08-25,https://nominatim.openstreetmap.org/,,,,,,,,,,,,,,,,,,
applied-materials-107,applied-materials,Applied Materials,Applied Materials Naka,field_support,"Toko Building, 3-21-8 Higashi-Ishikawa, Hitachinaka, Ibaraki 312-0052, Japan",Japan,,,unlocated,needs_review,https://www.appliedmaterials.com/in/en/contact/locations.html,company_locations_page,2026-08-24,2026-08-25,https://nominatim.openstreetmap.org/,,,,,,,,,,,,,,,,,,
applied-materials-108,applied-materials,Applied Materials,Applied Materials Nishi Tokyo,field_support,"Xymax Hachioji Building, 25-6 Yokoyamacho, Hachioji, Tokyo 192-0081, Japan",Japan,,,unlocated,needs_review,https://www.appliedmaterials.com/in/en/contact/locations.html,company_locations_page,2026-08-24,2026-08-25,https://nominatim.openstreetmap.org/,,,,,,,,,,,,,,,,,,
applied-materials-109,applied-materials,Applied Materials,Applied Materials Oita,field_support,"EME Oita Ekimae Building, 2-6-15 Kanaikemachi, Oita, Oita 870-0026, Japan",Japan,,,unlocated,needs_review,https://www.appliedmaterials.com/in/en/contact/locations.html,company_locations_page,2026-08-24,2026-08-25,https://nominatim.openstreetmap.org/,,,,,,,,,,,,,,,,,,
applied-materials-110,applied-materials,Applied Materials,Applied Materials Osaka,field_support,"Osaka Eki-mae No. 4 Building, 1-11-4 Umeda, Kita-ku, Osaka 530-0001, Japan",Japan,,,unlocated,needs_review,https://www.appliedmaterials.com/in/en/contact/locations.html,company_locations_page,2026-08-24,2026-08-25,https://nominatim.openstreetmap.org/,,,,,,,,,,,,,,,,,,
applied-materials-111,applied-materials,Applied Materials,Applied Materials Shonai,field_support,"Tsuruoka SS Building, 2-68 Nishikimachi, Tsuruoka, Yamagata 997-0031, Japan",Japan,,,unlocated,needs_review,https://www.appliedmaterials.com/in/en/contact/locations.html,company_locations_page,2026-08-24,2026-08-25,https://nominatim.openstreetmap.org/,,,,,,,,,,,,,,,,,,
applied-materials-112,applied-materials,Applied Materials,Applied Materials Yokkaichi,field_support,"Mid-Building Yokkaichi, 2-10-16 Yasujima, Yokkaichi, Mie 510-0075, Japan",Japan,,,unlocated,needs_review,https://www.appliedmaterials.com/in/en/contact/locations.html,company_locations_page,2026-08-24,2026-08-25,https://nominatim.openstreetmap.org/,,,,,,,,,,,,,,,,,,
applied-materials-113,applied-materials,Applied Materials,Applied Materials Chitose,field_support,"Atlus Chitose Building, 5-2-1 Suehiro, Chitose, Hokkaido 066-0027, Japan",Japan,,,unlocated,needs_review,https://www.appliedmaterials.com/in/en/contact/locations.html,company_locations_page,2026-08-24,2026-08-25,https://nominatim.openstreetmap.org/,,,,,,,,,,,,,,,,,,
applied-materials-114,applied-materials,Applied Materials,Applied Materials Kulim,field_support,"KHTP Business Centre, Suite B.1 Ground Floor, Kulim Hi-Tech Park, Kulim, Kedah 09000, Malaysia",Malaysia,,,unlocated,needs_review,https://www.appliedmaterials.com/in/en/contact/locations.html,company_locations_page,2026-08-24,2026-08-25,https://nominatim.openstreetmap.org/,,,,,,,,,,,,,,,,,,
applied-materials-115,applied-materials,Applied Materials,Applied Materials Kuching,field_support,"DUBS Commercial Office Centre, L2-17, Lot 376 Section 54 KTLD, Jalan Petanak, Kuching, Sarawak 93100, Malaysia",Malaysia,,,unlocated,needs_review,https://www.appliedmaterials.com/in/en/contact/locations.html,company_locations_page,2026-08-24,2026-08-25,https://nominatim.openstreetmap.org/,,,,,,,,,,,,,,,,,,
applied-materials-116,applied-materials,Applied Materials,Applied Materials Clark Freeport,field_support,"Clark Center, Unit A Building 2 Ground Floor, Berthaphil Compound III, J. Abad Santos Avenue, Clark Freeport Zone, Angeles City, Pampanga 2009, Philippines",Philippines,,,unlocated,needs_review,https://www.appliedmaterials.com/in/en/contact/locations.html,company_locations_page,2026-08-24,2026-08-25,https://nominatim.openstreetmap.org/,,,,,,,,,,,,,,,,,,
screen-001,screen,SCREEN Holdings,SCREEN Kyoto Head Office,headquarters,"Tenjinkita-machi 1-1, Teranouchi-agaru 4-chome, Horikawa-dori, Kamigyo-ku, Kyoto 602-8585, Japan",Japan,,,unlocated,needs_review,https://www.screen.co.jp/spe/en/company/network/domestic,company_locations_page,2026-08-24,2026-08-25,https://nominatim.openstreetmap.org/,,,,,,,,,,,,,,,,,,
screen-002,screen,SCREEN Holdings,SCREEN Hikone Plant,manufacturing,"Takamiya-cho 480-1, Hikone, Shiga 522-0292, Japan",Japan,35.2354143,136.2655484,street_or_area_candidate,geocoded,https://www.screen.co.jp/spe/en/company/network/domestic,company_locations_page,2026-08-24,2026-08-25,https://nominatim.openstreetmap.org/,"多賀高宮線, 猿木, 彦根市, 犬上郡, 滋賀県, 522-0299, 日本",way,122891110,"Takamiya-cho 480-1, Hikone, Shiga 522-0292, Japan",,,,,,,,,,,,,,
screen-003,screen,SCREEN Holdings,SCREEN Taga Plant,manufacturing,"Suwa 976-5, Shide, Taga-cho, Inugami-gun, Shiga 522-0314, Japan",Japan,,,unlocated,needs_review,https://www.screen.co.jp/spe/en/company/network/domestic,company_locations_page,2026-08-24,2026-08-25,https://nominatim.openstreetmap.org/,,,,,,,,,,,,,,,,,,
screen-004,screen,SCREEN Holdings,SCREEN Kumamoto Global Training Center,training_center,"2083-7 Oyatsu, Mashiki-machi, Kamimashiki-gun, Kumamoto 861-2204, Japan",Japan,32.8141702,130.8560059,street_or_area_candidate,geocoded,https://www.screen.co.jp/spe/en/company/network/domestic,company_locations_page,2026-08-24,2026-08-25,https://nominatim.openstreetmap.org/,"小谷, 益城町, 上益城郡, 熊本県, 861-2204, 日本",node,8720249103,"2083-7 Oyatsu, Mashiki-machi, Kamimashiki-gun, Kumamoto 861-2204, Japan",,,,,,,,,,,,,,
screen-005,screen,SCREEN Holdings,SCREEN Rakusai Site,manufacturing,"Furukawa-cho 322, Hazukashi, Fushimi-ku, Kyoto 612-8486, Japan",Japan,,,unlocated,needs_review,https://www.screen.co.jp/spe/en/company/network/domestic,company_locations_page,2026-08-24,2026-08-25,https://nominatim.openstreetmap.org/,,,,,,,,,,,,,,,,,,
screen-006,screen,SCREEN Holdings,SCREEN Monzennakacho Site,office,"7th Floor, Yamatane Building, 2-21 Etchujima 1-chome, Koto-ku, Tokyo 135-0044, Japan",Japan,,,unlocated,needs_review,https://www.screen.co.jp/spe/en/company/network/domestic,company_locations_page,2026-08-24,2026-08-25,https://nominatim.openstreetmap.org/,,,,,,,,,,,,,,,,,,
screen-007,screen,SCREEN Holdings,SCREEN Takaoka Plant,manufacturing,"2-5-5 Hongo, Takaoka, Toyama 933-0947, Japan",Japan,36.758056,136.998221,street_or_area_candidate,geocoded,https://www.screen.co.jp/spe/en/company/network/domestic,company_locations_page,2026-08-24,2026-08-25,https://nominatim.openstreetmap.org/,"本郷二丁目, 高岡市, 富山県, 933-0954, 日本",node,9112938694,"2-5-5 Hongo, Takaoka, Toyama 933-0947, Japan",,,,,,,,,,,,,,
screen-008,screen,SCREEN Holdings,SCREEN Koriyama Quartz Plant,manufacturing,"Koriyama-Seibu Industrial Park 2, 15-4 Machiikedai 1-chome, Koriyama, Fukushima 963-0215, Japan",Japan,,,unlocated,needs_review,https://www.screen.co.jp/spe/en/company/network/domestic,company_locations_page,2026-08-24,2026-08-25,https://nominatim.openstreetmap.org/,,,,,,,,,,,,,,,,,,
screen-009,screen,SCREEN Holdings,SCREEN Kyoto Service Office,field_support,"13-1 Shinmei-cho, Nishikyogoku, Ukyo-ku, Kyoto 615-0864, Japan",Japan,,,unlocated,needs_review,https://www.screen.co.jp/spe/en/company/network/domestic,company_locations_page,2026-08-24,2026-08-25,https://nominatim.openstreetmap.org/,,,,,,,,,,,,,,,,,,
screen-010,screen,SCREEN Holdings,SCREEN Hikone Plastic Precision Plant,manufacturing,"761-5 Kawasebabacho, Hikone, Shiga 522-0223, Japan",Japan,35.226775,136.230254,street_or_area_candidate,geocoded,https://www.screen.co.jp/spe/en/company/network/domestic,company_locations_page,2026-08-24,2026-08-25,https://nominatim.openstreetmap.org/,"川瀬馬場町, 彦根市, 滋賀県, 522-8501, 日本",node,9114100832,"761-5 Kawasebabacho, Hikone, Shiga 522-0223, Japan",,,,,,,,,,,,,,
screen-011,screen,SCREEN Holdings,SCREEN Santa Clara Head Office,headquarters,"3151 Jay Street, Suite 210, Santa Clara, CA 95054, United States",United States,,,unlocated,needs_review,https://www.screen.co.jp/en/about/organization,company_locations_page,2026-08-24,2026-08-25,https://nominatim.openstreetmap.org/,,,,,,,,,,,,,,,,,,
screen-012,screen,SCREEN Holdings,SCREEN Ismaning Head Office,headquarters,"Fraunhoferstrasse 7, 85737 Ismaning, Germany",Germany,48.2337356,11.6822866,building,map_ready,https://www.screen.co.jp/en/about/organization,company_locations_page,2026-08-24,2026-08-25,https://nominatim.openstreetmap.org/,"7, Fraunhoferstraße, Gewerbegebiet Osterfeld, Fischerhäuser, Ismaning, Landkreis München, Bayern, 85737, Deutschland",way,38086790,"Fraunhoferstrasse 7, 85737 Ismaning, Germany",openstreetmap_building_match,2026-08-25,,,,,,,,,,,,
screen-013,screen,SCREEN Holdings,SCREEN Maynooth,field_support,"Unit G13, Maynooth Business Campus, Straffan Road, Maynooth, County Kildare W23 K2W6, Ireland",Ireland,,,unlocated,needs_review,https://www.screen.co.jp/en/about/organization,company_locations_page,2026-08-24,2026-08-25,https://nominatim.openstreetmap.org/,,,,,,,,,,,,,,,,,,
screen-014,screen,SCREEN Holdings,SCREEN Saint-Ismier,field_support,"ZA ISIPARC Building B, 420 Chemin des Preles, 38330 Saint-Ismier, France",France,,,unlocated,needs_review,https://www.screen.co.jp/en/about/organization,company_locations_page,2026-08-24,2026-08-25,https://nominatim.openstreetmap.org/,,,,,,,,,,,,,,,,,,
screen-015,screen,SCREEN Holdings,SCREEN Vimercate,field_support,"Via Torri Bianche 6, Torre Q Betulla, 20871 Vimercate, Italy",Italy,,,unlocated,needs_review,https://www.screen.co.jp/en/about/organization,company_locations_page,2026-08-24,2026-08-25,https://nominatim.openstreetmap.org/,,,,,,,,,,,,,,,,,,
screen-016,screen,SCREEN Holdings,SCREEN Kiryat Gat,field_support,"1 Leshem Street, 2nd Floor, Kiryat Gat, Israel",Israel,,,unlocated,needs_review,https://www.screen.co.jp/en/about/organization,company_locations_page,2026-08-24,2026-08-25,https://nominatim.openstreetmap.org/,,,,,,,,,,,,,,,,,,
screen-017,screen,SCREEN Holdings,SCREEN Hwaseong,field_support,"M Tower, 2nd Floor, Units 201-207, 51-9 Dongtancheomdansaneop 1-ro, Hwaseong-si, Gyeonggi-do 18469, South Korea",South Korea,,,unlocated,needs_review,https://www.screen.co.jp/en/about/organization,company_locations_page,2026-08-24,2026-08-25,https://nominatim.openstreetmap.org/,,,,,,,,,,,,,,,,,,
screen-018,screen,SCREEN Holdings,SCREEN Shanghai,field_support,"Rooms C1102-1105, 11th Floor, Tower C, 150 Zunyi Road, Changning District, Shanghai 200051, China",China,,,unlocated,needs_review,https://www.screen.co.jp/en/about/organization,company_locations_page,2026-08-24,2026-08-25,https://nominatim.openstreetmap.org/,,,,,,,,,,,,,,,,,,
screen-019,screen,SCREEN Holdings,SCREEN Hsinchu,headquarters,"311 Kao-tsui Road, Hsinchu 300070, Taiwan",Taiwan,,,unlocated,needs_review,https://www.screen.co.jp/en/about/organization,company_locations_page,2026-08-24,2026-08-25,https://nominatim.openstreetmap.org/,,,,,,,,,,,,,,,,,,
screen-020,screen,SCREEN Holdings,SCREEN Singapore,field_support,"29 Kaki Bukit View, Kaki Bukit Techpark II, Singapore 415963",Singapore,,,unlocated,needs_review,https://www.screen.co.jp/en/about/organization,company_locations_page,2026-08-24,2026-08-25,https://nominatim.openstreetmap.org/,,,,,,,,,,,,,,,,,,
screen-021,screen,SCREEN Holdings,SCREEN Kulim,field_support,"13-A Persiaran 1, Taman Kulim Avenue, Kulim Hi-Tech, Kulim, Kedah 09000, Malaysia",Malaysia,5.3885673,100.5708456,street_or_area_candidate,geocoded,https://www.screen.co.jp/en/about/organization,company_locations_page,2026-08-24,2026-08-25,https://nominatim.openstreetmap.org/,"Jalan Persiaran 1, Kulim Avenue, Pihak Berkuasa Tempatan Taman Perindustrian Hi-Tech Kulim, Kulim, Kedah, 09090, Malaysia",way,423212024,"13-A Persiaran 1, Taman Kulim Avenue, Kulim Hi-Tech, Kulim, Kedah 09000, Malaysia",,,,,,,,,,,,,,
nikon-001,nikon,Nikon,Nikon Tokyo,headquarters,"1-5-20 Nishioi, Shinagawa-ku, Tokyo 140-8601, Japan",Japan,35.5970691,139.7226401,street_or_area_candidate,geocoded,https://www.nikon.com/business/semi/network/,company_business_network,2026-08-24,2026-08-25,https://nominatim.openstreetmap.org/,"西大井本通り, 西大井四丁目, 西大井, 品川区, 東京都, 140-0015, 日本",way,232342227,"1-5-20 Nishioi, Shinagawa-ku, Tokyo 140-8601, Japan",,,,,,,,,,,,,,
nikon-002,nikon,Nikon,Nikon Kumagaya Plant,manufacturing,"201-9 Miizugahara, Kumagaya, Saitama 360-8559, Japan",Japan,,,unlocated,needs_review,https://www.nikon.com/business/semi/network/,company_business_network,2026-08-24,2026-08-25,https://nominatim.openstreetmap.org/,,,,,,,,,,,,,,,,,,
nikon-003,nikon,Nikon,Nikon Tochigi Nikon,manufacturing,"770 Midori, Otawara, Tochigi 324-8625, Japan",Japan,,,unlocated,needs_review,https://www.nikon.com/business/semi/network/,company_business_network,2026-08-24,2026-08-25,https://nominatim.openstreetmap.org/,,,,,,,,,,,,,,,,,,
nikon-004,nikon,Nikon,Nikon Miyagi Nikon Precision,manufacturing,"20 Shin-oyoke, Miya, Zao-machi, Katta-gun, Miyagi 989-0701, Japan",Japan,,,unlocated,needs_review,https://www.nikon.com/business/semi/network/,company_business_network,2026-08-24,2026-08-25,https://nominatim.openstreetmap.org/,,,,,,,,,,,,,,,,,,
nikon-005,nikon,Nikon,Nikon Nikon Tec,field_support,"5-21 Katsushima 1-chome, Shinagawa-ku, Tokyo 140-0012, Japan",Japan,35.5965662,139.7453725,street_or_area_candidate,geocoded,https://www.nikon.com/business/semi/network/,company_business_network,2026-08-24,2026-08-25,https://nominatim.openstreetmap.org/,"セブン-イレブン, 21, 勝島一丁目, 勝島, 品川区, 東京都, 140-0012, 日本",node,3711619563,"5-21 Katsushima 1-chome, Shinagawa-ku, Tokyo 140-0012, Japan",,,,,,,,,,,,,,
nikon-006,nikon,Nikon,Nikon Nikon Engineering,research,"6-3 Nishioi 1-chome, Shinagawa-ku, Tokyo 140-0015, Japan",Japan,,,unlocated,needs_review,https://www.nikon.com/business/semi/network/,company_business_network,2026-08-24,2026-08-25,https://nominatim.openstreetmap.org/,,,,,,,,,,,,,,,,,,
nikon-007,nikon,Nikon,Nikon Oita Network Corporation,field_support,"6-15 Harushinmachi, Oita, Oita 870-0912, Japan",Japan,33.249097,131.651063,street_or_area_candidate,geocoded,https://www.nikon.com/business/semi/network/,company_business_network,2026-08-24,2026-08-25,https://nominatim.openstreetmap.org/,"原新町, 大分市, 大分県, 870-8504, 日本",node,9130667468,"6-15 Harushinmachi, Oita, Oita 870-0912, Japan",,,,,,,,,,,,,,
nikon-008,nikon,Nikon,Nikon Belmont Research,research,"1399 Shoreway Road, Belmont, CA 94002-4107, United States",United States,37.5210882,-122.262706,street_or_area_candidate,geocoded,https://www.nikon.com/business/semi/network/,company_business_network,2026-08-24,2026-08-25,https://nominatim.openstreetmap.org/,"1399 Shoreway Road, Cormorant Drive, Belmont, San Mateo County, California, 94064, United States",node,6632637105,"1399 Shoreway Road, Belmont, CA 94002-4107, United States",,,,,,,,,,,,,,
nikon-009,nikon,Nikon,Nikon Hillsboro Precision,field_support,"6723 NE Bennett Street, Suite 100, Hillsboro, OR 97124, United States",United States,,,unlocated,needs_review,https://www.nikon.com/business/semi/network/,company_business_network,2026-08-24,2026-08-25,https://nominatim.openstreetmap.org/,,,,,,,,,,,,,,,,,,
nikon-010,nikon,Nikon,Nikon Langen Precision Europe,field_support,"Robert-Bosch-Strasse 11, 63225 Langen, Germany",Germany,50.0011447,8.6536287,building,map_ready,https://www.nikon.com/business/semi/network/,company_business_network,2026-08-24,2026-08-25,https://nominatim.openstreetmap.org/,"11, Robert-Bosch-Straße, Neurott, Langen, Landkreis Offenbach, Hessen, 63225, Deutschland",way,39658075,"Robert-Bosch-Strasse 11, 63225 Langen, Germany",openstreetmap_building_match,2026-08-25,,,,,,,,,,,,
nikon-011,nikon,Nikon,Nikon Yongin Precision Korea,field_support,"2 Singal-ro 124beon-gil, Giheung-gu, Yongin-si, Gyeonggi-do 16968, South Korea",South Korea,,,unlocated,needs_review,https://www.nikon.com/business/semi/network/,company_business_network,2026-08-24,2026-08-25,https://nominatim.openstreetmap.org/,,,,,,,,,,,,,,,,,,
nikon-012,nikon,Nikon,Nikon Seoul Instruments Korea,field_support,"21st Floor, City Air Tower, 36 Teheran-ro 87-gil, Gangnam-gu, Seoul 06164, South Korea",South Korea,,,unlocated,needs_review,https://www.nikon.com/business/semi/network/,company_business_network,2026-08-24,2026-08-25,https://nominatim.openstreetmap.org/,,,,,,,,,,,,,,,,,,
nikon-013,nikon,Nikon,Nikon Zhubei Precision Taiwan,field_support,"3rd Floor Unit 1, 28 Taiyuan Street, Zhubei City, Hsinchu County 302, Taiwan",Taiwan,,,unlocated,needs_review,https://www.nikon.com/business/semi/network/,company_business_network,2026-08-24,2026-08-25,https://nominatim.openstreetmap.org/,,,,,,,,,,,,,,,,,,
nikon-014,nikon,Nikon,Nikon Shanghai Precision,field_support,"11th and 12th Floors, Tower 5, Crystal Plaza, 36 Pingjiaqiao Road, Pudong New District, Shanghai 200126, China",China,,,unlocated,needs_review,https://www.nikon.com/business/semi/network/,company_business_network,2026-08-24,2026-08-25,https://nominatim.openstreetmap.org/,,,,,,,,,,,,,,,,,,
nikon-015,nikon,Nikon,Nikon Penang Precision Southeast Asia,field_support,"37-03-01 Ideal Golden Triangle, Jalan Dato Ismail Hashim, Bayan Lepas, Penang 11900, Malaysia",Malaysia,,,unlocated,needs_review,https://www.nikon.com/business/semi/network/,company_business_network,2026-08-24,2026-08-25,https://nominatim.openstreetmap.org/,,,,,,,,,,,,,,,,,,
asm-international-001,asm-international,ASM International,ASM Almere,headquarters,"Versterkerstraat 8, 1322 AP Almere, Netherlands",Netherlands,52.34973,5.189775,building,map_ready,https://www.asm.com/contact-us,company_locations_page,2026-08-24,,,,,,,,,,,https://www.asm.com/contact-us,,,,,,,,,
asm-international-002,asm-international,ASM International,ASM Helsinki,office,"Pietari Kalmin katu 3, F 2, Helsinki 00560, Finland",Finland,60.212761,24.964303,building,map_ready,https://www.asm.com/contact-us,company_locations_page,2026-08-24,,,,,,,,,,,https://www.asm.com/contact-us,,,,,,,,,
asm-international-003,asm-international,ASM International,ASM Grasbrunn,office,"Bretonischer Ring 16, 85630 Grasbrunn, Germany",Germany,48.101782,11.763271,building,map_ready,https://www.asm.com/contact-us,company_locations_page,2026-08-24,,,,,,,,,,,https://www.asm.com/contact-us,,,,,,,,,
asm-international-004,asm-international,ASM International,ASM Leuven,office,"Kapeldreef 75, 3001 Leuven, Belgium",Belgium,50.865564,4.676604,building,map_ready,https://www.asm.com/contact-us,company_locations_page,2026-08-24,,,,,,,,,,,https://www.asm.com/contact-us,,,,,,,,,
asm-international-005,asm-international,ASM International,ASM Crolles,office,"127 Rue Marcel Reynaud, 38920 Crolles, France",France,45.275538,5.890458,building,map_ready,https://www.asm.com/contact-us,company_locations_page,2026-08-24,,,,,,,,,,,https://www.asm.com/contact-us,,,,,,,,,
asm-international-006,asm-international,ASM International,ASM Milan,office,"Via Falzarego, 8, 20021 Baranzate, Milan, Italy",Italy,45.53319,9.10307,building,map_ready,https://www.asm.com/contact-us,company_locations_page,2026-08-24,,,,,,,,,,,https://www.asm.com/contact-us,,,,,,,,,
asm-international-007,asm-international,ASM International,ASM Dublin,office,"Unit 23, Hills Industrial Estate Lucan, K78 P661 Co Dublin, Ireland",Ireland,53.360656,-6.444756,building,map_ready,https://www.asm.com/contact-us,company_locations_page,2026-08-24,,,,,,,,,,,https://www.asm.com/contact-us,,,,,,,,,
asm-international-008,asm-international,ASM International,ASM Kiryat-Gat,office,"2 Hazaron St, Kiryat-Gat 82109, Israel",Israel,31.608461,34.769483,building,map_ready,https://www.asm.com/contact-us,company_locations_page,2026-08-24,,,,,,,,,,,https://www.asm.com/contact-us,,,,,,,,,
asm-international-009,asm-international,ASM International,ASM Tokyo,office,"23-1, 6-chome Nagayama, Tama-shi, Tokyo 206-0025, Japan",Japan,35.613147,139.444498,building,map_ready,https://www.asm.com/contact-us,company_locations_page,2026-08-24,,,,,,,,,,,https://www.asm.com/contact-us,,,,,,,,,
asm-international-010,asm-international,ASM International,ASM Dongtan,office,"63-11, Dongtan Cheomdan Saneop 1-ro, Hwaseong-si, Gyeonggi-do, South Korea",South Korea,37.216302,127.091821,building,map_ready,https://www.asm.com/contact-us,company_locations_page,2026-08-24,,,,,,,,,,,https://www.asm.com/contact-us,,,,,,,,,
asm-international-011,asm-international,ASM International,ASM Hsinchu City,office,"20 F.-2, No. 168, Sec. 2, Fuxing 3rd Rd., Zhubei City, Hsinchu County, 302052, Taiwan (R.O.C.), Taiwan",Taiwan,24.780301,121.021012,building,map_ready,https://www.asm.com/contact-us,company_locations_page,2026-08-24,,,,,,,,,,,https://www.asm.com/contact-us,,,,,,,,,
asm-international-012,asm-international,ASM International,ASM Shanghai,office,"Suite 201A, Building D, Changtai Plaza 2889 Alley, Jinke road, Pudong, Shanghai, 201203, China",China,31.207349,121.600731,building,map_ready,https://www.asm.com/contact-us,company_locations_page,2026-08-24,,,,,,,,,,,https://www.asm.com/contact-us,,,,,,,,,
asm-international-013,asm-international,ASM International,ASM Woodlands Height,office,"4 Woodlands Height, Singapore 737860, Singapore",Singapore,1.430862,103.800565,building,map_ready,https://www.asm.com/contact-us,company_locations_page,2026-08-24,,,,,,,,,,,https://www.asm.com/contact-us,,,,,,,,,
asm-international-014,asm-international,ASM International,ASM Kulim,office,"Suite 17 and 18, First Floor, Incubator Block, Kulim Techno Centre, Kulim Hi-Tech Park, 09000, Kulim, Malaysia",Malaysia,5.422256,100.584567,building,map_ready,https://www.asm.com/contact-us,company_locations_page,2026-08-24,,,,,,,,,,,https://www.asm.com/contact-us,,,,,,,,,
asm-international-015,asm-international,ASM International,ASM Phoenix,office,"3440 E University Dr, Phoenix, AZ 85034, United States",United States,33.418678,-112.006754,building,map_ready,https://www.asm.com/contact-us,company_locations_page,2026-08-24,,,,,,,,,,,https://www.asm.com/contact-us,,,,,,,,,
asm-international-016,asm-international,ASM International,ASM Boise,office,"1444 S. Entertainment Avenue STE 200, Boise, Idaho 83709, United States",United States,43.591281,-116.27832,building,map_ready,https://www.asm.com/contact-us,company_locations_page,2026-08-24,,,,,,,,,,,https://www.asm.com/contact-us,,,,,,,,,
asm-international-017,asm-international,ASM International,ASM Hillsboro,office,"8900 NE Walker Road, Suite 100, Hillsboro, OR 97006, United States",United States,45.535241,-122.888366,building,map_ready,https://www.asm.com/contact-us,company_locations_page,2026-08-24,,,,,,,,,,,https://www.asm.com/contact-us,,,,,,,,,
disco-001,disco,DISCO,DISCO Japan Head Office and R&D Center,headquarters,"13-11 Omori-Kita 2-chome, Ota-ku, Tokyo 143-8580 Japan",Japan,35.586823,139.734018,building,map_ready,https://www.disco.co.jp/eg/network/,company_locations_endpoint,2026-08-24,,,,,,,,,,,https://www.disco.co.jp/eg/csr/management/doc/CorporateQuestionnaire.pdf?20260225=,,,,,,,,,
disco-002,disco,DISCO,DISCO Haneda R&D Center,manufacturing,"7-56 Higashikojiya 6-chome, Ota-ku, Tokyo 144-0033 Japan",Japan,,,unlocated,needs_review,https://www.disco.co.jp/eg/network/,company_locations_endpoint,2026-08-24,2026-08-25,https://nominatim.openstreetmap.org/,,,,,,,,,,,,,,,,,,
disco-003,disco,DISCO,DISCO Osaka Branch,office,"3-16, Senba-higashi 3-chome, Minoh-shi, Osaka 562-0035 Japan",Japan,,,unlocated,needs_review,https://www.disco.co.jp/eg/network/,company_locations_endpoint,2026-08-24,2026-08-25,https://nominatim.openstreetmap.org/,,,,,,,,,,,,,,,,,,
disco-004,disco,DISCO,DISCO Kyushu Branch,office,"2170-4 Tabaru, Mashiki-machi, Kamimashiki-gun Kumamoto 861-2202 Japan",Japan,32.805538,130.8507004,street_or_area_candidate,geocoded,https://www.disco.co.jp/eg/network/,company_locations_endpoint,2026-08-24,2026-08-25,https://nominatim.openstreetmap.org/,"田原, 益城町, 上益城郡, 熊本県, 861-2202, 日本",node,8720249099,"2170-4 Tabaru, Mashiki-machi, Kamimashiki-gun Kumamoto 861-2202 Japan",,,,,,,,,,,,,,
disco-005,disco,DISCO,DISCO Kumamoto Mid-Process Center,manufacturing,"2081-12 Tabaru, Mashiki-machi, Kamimashiki-gun Kumamoto 861-2202 Japan",Japan,32.805538,130.8507004,street_or_area_candidate,geocoded,https://www.disco.co.jp/eg/network/,company_locations_endpoint,2026-08-24,2026-08-25,https://nominatim.openstreetmap.org/,"田原, 益城町, 上益城郡, 熊本県, 861-2202, 日本",node,8720249099,"2081-12 Tabaru, Mashiki-machi, Kamimashiki-gun Kumamoto 861-2202 Japan",,,,,,,,,,,,,,
disco-006,disco,DISCO,DISCO Sendai Branch,office,"1F, NL Sendai Hirosedori Building, 5-1 Honcho 2-chome, Aoba-ku, Sendai-shi Miyagi 980-0014 Japan",Japan,,,unlocated,needs_review,https://www.disco.co.jp/eg/network/,company_locations_endpoint,2026-08-24,2026-08-25,https://nominatim.openstreetmap.org/,,,,,,,,,,,,,,,,,,
disco-007,disco,DISCO,DISCO Kure Plant,manufacturing,"1-23, Hiro Bunka-cho, Kure-shi, Hiroshima 737-0198 Japan",Japan,34.233174,132.612599,building,map_ready,https://www.disco.co.jp/eg/network/,company_locations_endpoint,2026-08-24,,,,,,,,,,,https://www.disco.co.jp/eg/csr/management/doc/CorporateQuestionnaire.pdf?20260225=,,,,,,,,,
disco-008,disco,DISCO,DISCO Kuwabata Plant,manufacturing,"4010-1, Gohara-cho, Kure-shi, Hiroshima 737-0161 Japan",Japan,34.306279,132.612567,building,map_ready,https://www.disco.co.jp/eg/network/,company_locations_endpoint,2026-08-24,,,,,,,,,,,https://www.disco.co.jp/eg/csr/management/doc/CorporateQuestionnaire.pdf?20260225=,,,,,,,,,
disco-009,disco,DISCO,DISCO Chino Plant,manufacturing,"480 Toyohira, Chino-shi, Nagano 391-0297 Japan",Japan,36.03036,138.18777,building,map_ready,https://www.disco.co.jp/eg/network/,company_locations_endpoint,2026-08-24,,,,,,,,,,,https://www.disco.co.jp/eg/csr/management/doc/CorporateQuestionnaire.pdf?20260225=,,,,,,,,,
disco-010,disco,DISCO,DISCO San Jose,office,"5921 Optical Ct., San Jose, CA 95138 U.S.A.",United States,37.25495,-121.7858,building,map_ready,https://www.disco.co.jp/eg/network/,company_locations_endpoint,2026-08-24,,,,,,,,,,,https://www.disco.co.jp/eg/csr/management/doc/CorporateQuestionnaire.pdf?20260225=,,,,,,,,,
disco-011,disco,DISCO,DISCO Hillsboro Northwest,office,"9225 NE Turing Ct. Ste 100 Hillsboro, OR 97006",United States,,,unlocated,needs_review,https://www.disco.co.jp/eg/network/,company_locations_endpoint,2026-08-24,2026-08-25,https://nominatim.openstreetmap.org/,,,,,,,,,,,,,,,,,,
disco-012,disco,DISCO,DISCO Meridian Northern,office,"1111 S. Silverstone Way Suite 110 Meridian, ID 83642",United States,,,unlocated,needs_review,https://www.disco.co.jp/eg/network/,company_locations_endpoint,2026-08-24,2026-08-25,https://nominatim.openstreetmap.org/,,,,,,,,,,,,,,,,,,
disco-013,disco,DISCO,DISCO Chandler Southwestern,office,"1445 South Spectrum Blvd Suite 101, Chandler AZ 85286 U.S.A",United States,,,unlocated,needs_review,https://www.disco.co.jp/eg/network/,company_locations_endpoint,2026-08-24,2026-08-25,https://nominatim.openstreetmap.org/,,,,,,,,,,,,,,,,,,
disco-014,disco,DISCO,DISCO Rio Rancho,office,"Suite 302, AMREP Building, 333 Rio Rancho Blvd., Rio Rancho, New Mexico 87124 USA",United States,,,unlocated,needs_review,https://www.disco.co.jp/eg/network/,company_locations_endpoint,2026-08-24,2026-08-25,https://nominatim.openstreetmap.org/,,,,,,,,,,,,,,,,,,
disco-015,disco,DISCO,DISCO Tewksbury Eastern,office,"836 North Street Building 400, Suite 4002, Tewksbury, MA 01876 U.S.A",United States,,,unlocated,needs_review,https://www.disco.co.jp/eg/network/,company_locations_endpoint,2026-08-24,2026-08-25,https://nominatim.openstreetmap.org/,,,,,,,,,,,,,,,,,,
disco-016,disco,DISCO,DISCO Bethlehem,office,"3001 Emrick Blvd., Ste 202, Bethlehem, PA 18020 U.S.A",United States,,,unlocated,needs_review,https://www.disco.co.jp/eg/network/,company_locations_endpoint,2026-08-24,2026-08-25,https://nominatim.openstreetmap.org/,,,,,,,,,,,,,,,,,,
disco-017,disco,DISCO,DISCO Morrisville Southeastern,office,"598 Airport Boulevard, Suite 300, Morrisville, NC 27560. U.S.A",United States,,,unlocated,needs_review,https://www.disco.co.jp/eg/network/,company_locations_endpoint,2026-08-24,2026-08-25,https://nominatim.openstreetmap.org/,,,,,,,,,,,,,,,,,,
disco-018,disco,DISCO,DISCO Shanghai,office,"Building 115,No.166 Meiyue Rd, Pudong New District, Shanghai, 200131 P.R. China",China,31.30034,121.62967,building,map_ready,https://www.disco.co.jp/eg/network/,company_locations_endpoint,2026-08-24,,,,,,,,,,,https://www.disco.co.jp/eg/csr/management/doc/CorporateQuestionnaire.pdf?20260225=,,,,,,,,,
disco-019,disco,DISCO,DISCO Dongguan,office,"101, Building 4, Guangda WE Valley Puyan Science Park, No.5 Zhuangyuan Road, Songshan Lake Hi-Tech Industrial Development Zone, Dongguan, Guangdong, 523000 P.R China",China,,,unlocated,needs_review,https://www.disco.co.jp/eg/network/,company_locations_endpoint,2026-08-24,2026-08-25,https://nominatim.openstreetmap.org/,,,,,,,,,,,,,,,,,,
disco-020,disco,DISCO,DISCO Chengdu,office,"Room 2406, Ping An Financial Center, 99 East Street, Jinjiang District, Chengdu, Sichuan, 610021 P.R.China",China,,,unlocated,needs_review,https://www.disco.co.jp/eg/network/,company_locations_endpoint,2026-08-24,2026-08-25,https://nominatim.openstreetmap.org/,,,,,,,,,,,,,,,,,,
disco-021,disco,DISCO,DISCO Chongqing,office,"Room 2704-05A,1#27th Floor,No.10 Huasheng Road,Yuzhong District,Chongqing municipality, 400043,P.R.China",China,,,unlocated,needs_review,https://www.disco.co.jp/eg/network/,company_locations_endpoint,2026-08-24,2026-08-25,https://nominatim.openstreetmap.org/,,,,,,,,,,,,,,,,,,
disco-022,disco,DISCO,DISCO Hefei,office,"Room 1301, Building A, Anhuiland Square, No.288, Huaining Road, Shushan District, Hefei, Anhui, 230071 P.R.China",China,,,unlocated,needs_review,https://www.disco.co.jp/eg/network/,company_locations_endpoint,2026-08-24,2026-08-25,https://nominatim.openstreetmap.org/,,,,,,,,,,,,,,,,,,
disco-023,disco,DISCO,DISCO Nanjing,office,"Room 2015-16, Floor 20, Second Phase, International Finance Square, 111 Hexi Street, Jianye District, Nanjing , Jiangsu Province, 210019 P.R. China",China,,,unlocated,needs_review,https://www.disco.co.jp/eg/network/,company_locations_endpoint,2026-08-24,2026-08-25,https://nominatim.openstreetmap.org/,,,,,,,,,,,,,,,,,,
disco-024,disco,DISCO,DISCO Shenzhen,office,"Room 2705, 27F, West Tower Building,GALAXY TWIN TOWERS No.8 Yaxing Road, Longgang District, Shenzhen, 518129 P.R. China",China,,,unlocated,needs_review,https://www.disco.co.jp/eg/network/,company_locations_endpoint,2026-08-24,2026-08-25,https://nominatim.openstreetmap.org/,,,,,,,,,,,,,,,,,,
disco-025,disco,DISCO,DISCO Suzhou,office,"Suite ABC, 23rd Floor, Modern Media Plaza, No.265 Suzhou Avenue East, Suzhou Industrial Park, JiangSu, 215028, P.R.China",China,,,unlocated,needs_review,https://www.disco.co.jp/eg/network/,company_locations_endpoint,2026-08-24,2026-08-25,https://nominatim.openstreetmap.org/,,,,,,,,,,,,,,,,,,
disco-026,disco,DISCO,DISCO Tianjin,office,"1609 Room, International Building, No75, Nanjing Road, Heping District Tianjin 300050 P.R China",China,,,unlocated,needs_review,https://www.disco.co.jp/eg/network/,company_locations_endpoint,2026-08-24,2026-08-25,https://nominatim.openstreetmap.org/,,,,,,,,,,,,,,,,,,
disco-027,disco,DISCO,DISCO Wuhan,office,"Room2303, Poly International Center No. 332, GuanShanAvenue, East Lake Hi-Tech Development Zone, Wuhan City, Hubei Province, 430074, P.R.China",China,,,unlocated,needs_review,https://www.disco.co.jp/eg/network/,company_locations_endpoint,2026-08-24,2026-08-25,https://nominatim.openstreetmap.org/,,,,,,,,,,,,,,,,,,
disco-028,disco,DISCO,DISCO Xiamen,office,"Room 2105-2106, 1 building, Yunxi International Finance Plaza Gaolin middle Rd535, Huli district, Xiamen city, Fujian province 361016 P.R.China",China,,,unlocated,needs_review,https://www.disco.co.jp/eg/network/,company_locations_endpoint,2026-08-24,2026-08-25,https://nominatim.openstreetmap.org/,,,,,,,,,,,,,,,,,,
disco-029,disco,DISCO,DISCO Xian,office,"Room 3302, Runfeng Building, San-Qiao-Xin-Jie, Feng-Dong-Xin-Cheng, Xi'an, ShanxiProvince, 710086, P.R.China",China,,,unlocated,needs_review,https://www.disco.co.jp/eg/network/,company_locations_endpoint,2026-08-24,2026-08-25,https://nominatim.openstreetmap.org/,,,,,,,,,,,,,,,,,,
disco-030,disco,DISCO,DISCO Shaoxing,office,"Room 1001,3#10F, Shaoxingshuimuwanqukexueyuan, 2 Pingjiang Road, Yuecheng District, Shaoxing City, Zhejiang Province, 312000 P.R.China",China,,,unlocated,needs_review,https://www.disco.co.jp/eg/network/,company_locations_endpoint,2026-08-24,2026-08-25,https://nominatim.openstreetmap.org/,,,,,,,,,,,,,,,,,,
disco-031,disco,DISCO,DISCO Beijing,office,"Room 426, 2 South Xinyuan Road Chaoyang District, Beijing, 100004 P.R. China",China,,,unlocated,needs_review,https://www.disco.co.jp/eg/network/,company_locations_endpoint,2026-08-24,2026-08-25,https://nominatim.openstreetmap.org/,,,,,,,,,,,,,,,,,,
disco-032,disco,DISCO,DISCO Dalian,office,"Hongyu Road, Ganjingzi Direct, Dalian City, Liaoning Province, 116039, P.R. China",China,,,unlocated,needs_review,https://www.disco.co.jp/eg/network/,company_locations_endpoint,2026-08-24,2026-08-25,https://nominatim.openstreetmap.org/,,,,,,,,,,,,,,,,,,
disco-033,disco,DISCO,DISCO Huizhou,office,"Yanda Road, Huicheng District, Huizhou City, Guangdong Province, 516001 P.R. China",China,,,unlocated,needs_review,https://www.disco.co.jp/eg/network/,company_locations_endpoint,2026-08-24,2026-08-25,https://nominatim.openstreetmap.org/,,,,,,,,,,,,,,,,,,
disco-034,disco,DISCO,DISCO Seongnam Korea,office,"3F, DHK Solution Bldg., 28, Pangyo-ro 255beon-gil, Bundang-gu, Seongnam-si, Gyeonggi-do, Korea 13486",South Korea,37.40552,127.10064,building,map_ready,https://www.disco.co.jp/eg/network/,company_locations_endpoint,2026-08-24,,,,,,,,,,,https://www.disco.co.jp/eg/csr/management/doc/CorporateQuestionnaire.pdf?20260225=,,,,,,,,,
disco-035,disco,DISCO,DISCO Kuala Lumpur,office,"L10-1&2, Volt Business Suites, Tower 5, Icon City No. 1B, Jalan SS8/39 47300 Petaling Jaya",Malaysia,3.08769,101.61412,building,map_ready,https://www.disco.co.jp/eg/network/,company_locations_endpoint,2026-08-24,,,,,,,,,,,https://www.disco.co.jp/eg/csr/management/doc/CorporateQuestionnaire.pdf?20260225=,,,,,,,,,
disco-036,disco,DISCO,DISCO Penang,office,"The Light Exchange 3-11-1, Persiaran Chin Fung Kee, 11700 Gelugor, Pulau Pinang",Malaysia,,,unlocated,needs_review,https://www.disco.co.jp/eg/network/,company_locations_endpoint,2026-08-24,2026-08-25,https://nominatim.openstreetmap.org/,,,,,,,,,,,,,,,,,,
disco-037,disco,DISCO,DISCO Ipoh,office,"D-3-1, Greentown Square, Jalan Dato' Seri Ahmad Said 30450 Ipoh, Perak, Malaysia",Malaysia,,,unlocated,needs_review,https://www.disco.co.jp/eg/network/,company_locations_endpoint,2026-08-24,2026-08-25,https://nominatim.openstreetmap.org/,,,,,,,,,,,,,,,,,,
disco-038,disco,DISCO,DISCO Melaka,office,"9-12(A) & 9-12(B) Hotel Swan Garden Suite & SPA, Jalan KSB 2, Taman Kota Syahbandar, 75200 Melaka",Malaysia,,,unlocated,needs_review,https://www.disco.co.jp/eg/network/,company_locations_endpoint,2026-08-24,2026-08-25,https://nominatim.openstreetmap.org/,,,,,,,,,,,,,,,,,,
disco-039,disco,DISCO,DISCO Muntinlupa Philippines,office,"Unit 3B Unioil Center Center Bldg., Commerce Ave. cor. Acacia Ave., Madrigal Business Park 1, Muntinlupa City 1780, Philippines",Philippines,,,unlocated,needs_review,https://www.disco.co.jp/eg/network/,company_locations_endpoint,2026-08-24,2026-08-25,https://nominatim.openstreetmap.org/,,,,,,,,,,,,,,,,,,
disco-040,disco,DISCO,DISCO Singapore,office,"80 Ubi Avenue 4, #06-01 Singapore 408831",Singapore,1.33528,103.89212,building,map_ready,https://www.disco.co.jp/eg/network/,company_locations_endpoint,2026-08-24,,,,,,,,,,,https://www.disco.co.jp/eg/csr/management/doc/CorporateQuestionnaire.pdf?20260225=,,,,,,,,,
disco-041,disco,DISCO,DISCO New Taipei,office,"9F.,No.188,Baoqiao Rd.,Xindian Dist.,New Taipei City,Taiwan (R.O.C.)",Taiwan,24.97821,121.54997,building,map_ready,https://www.disco.co.jp/eg/network/,company_locations_endpoint,2026-08-24,,,,,,,,,,,https://www.disco.co.jp/eg/csr/management/doc/CorporateQuestionnaire.pdf?20260225=,,,,,,,,,
disco-042,disco,DISCO,DISCO Hsinchu,office,"3F., No. 99, Zhihui 1st Rd., Zhubei City, Hsinchu County 302059, Taiwan (R.O.C.)",Taiwan,,,unlocated,needs_review,https://www.disco.co.jp/eg/network/,company_locations_endpoint,2026-08-24,2026-08-25,https://nominatim.openstreetmap.org/,,,,,,,,,,,,,,,,,,
disco-043,disco,DISCO,DISCO Taichung,office,"19F.-Ｂ2, No.660, Sec. 3, Taiwan Blvd., Xitun Dist., Taichung City 407, Taiwan (R.O.C.)",Taiwan,,,unlocated,needs_review,https://www.disco.co.jp/eg/network/,company_locations_endpoint,2026-08-24,2026-08-25,https://nominatim.openstreetmap.org/,,,,,,,,,,,,,,,,,,
disco-044,disco,DISCO,DISCO Tainan,office,"1F-1, No. 15, Guoji Rd., Xinshi Dist., Tainan City 744 , Taiwan (R.O.C.)",Taiwan,,,unlocated,needs_review,https://www.disco.co.jp/eg/network/,company_locations_endpoint,2026-08-24,2026-08-25,https://nominatim.openstreetmap.org/,,,,,,,,,,,,,,,,,,
disco-045,disco,DISCO,DISCO Kaohsiung,office,"10F., No. 150, BoAi 2nd Rd., Zuoying Dist., Kaohsiung City 81357, Taiwan (R.O.C.)",Taiwan,,,unlocated,needs_review,https://www.disco.co.jp/eg/network/,company_locations_endpoint,2026-08-24,2026-08-25,https://nominatim.openstreetmap.org/,,,,,,,,,,,,,,,,,,
disco-046,disco,DISCO,DISCO Bangkok,office,"123 Suntowers bldg.B, 32nd Floor, Room no.3204 Vibhavadi-Rangsit Rd. Chomphon, Chatuchak, Bangkok 10900 Thailand",Thailand,13.81136,100.55767,building,map_ready,https://www.disco.co.jp/eg/network/,company_locations_endpoint,2026-08-24,,,,,,,,,,,https://www.disco.co.jp/eg/csr/management/doc/CorporateQuestionnaire.pdf?20260225=,,,,,,,,,
disco-047,disco,DISCO,DISCO Ho Chi Minh City,office,"Unit 503-504, 5th Floor, Saigon Riverside Office Center Building, 2A-4A Ton Duc Thang Street, Sai Gon Ward, Ho Chi Minh City, Vietnam.",Vietnam,10.78164,106.70282,building,map_ready,https://www.disco.co.jp/eg/network/,company_locations_endpoint,2026-08-24,,,,,,,,,,,https://www.disco.co.jp/eg/csr/management/doc/CorporateQuestionnaire.pdf?20260225=,,,,,,,,,
disco-048,disco,DISCO,DISCO Hanoi,office,"No.5, 5th Floor, Lancaster Luminaire, 1152-1154 Lang Street, Lang Ward, Hanoi, Vietnam.",Vietnam,,,unlocated,needs_review,https://www.disco.co.jp/eg/network/,company_locations_endpoint,2026-08-24,2026-08-25,https://nominatim.openstreetmap.org/,,,,,,,,,,,,,,,,,,
disco-049,disco,DISCO,DISCO Bangalore,office,"Unit 6, 2nd floor, Brigade triumph, No.45/5 - Dasarahalli Main Road, Sector B, Hebbal, Kempapura, Bangalore, Karnataka 560024, India",India,13.050249,77.623417,building,map_ready,https://www.disco.co.jp/eg/network/,company_locations_endpoint,2026-08-24,,,,,,,,,,,https://www.disco.co.jp/eg/csr/management/doc/CorporateQuestionnaire.pdf?20260225=,,,,,,,,,
disco-050,disco,DISCO,DISCO Kirchheim Europe Head Office,office,"Liebigstrasse 8, D-85551 Kirchheim b. Muenchen, Germany",Germany,48.1785,11.7602,building,map_ready,https://www.disco.co.jp/eg/network/,company_locations_endpoint,2026-08-24,,,,,,,,,,,https://www.disco.co.jp/eg/csr/management/doc/CorporateQuestionnaire.pdf?20260225=,,,,,,,,,
disco-051,disco,DISCO,DISCO Catania,office,"via Quintino Sella 5, I-95129 Catania, Italy",Italy,,,unlocated,needs_review,https://www.disco.co.jp/eg/network/,company_locations_endpoint,2026-08-24,2026-08-25,https://nominatim.openstreetmap.org/,,,,,,,,,,,,,,,,,,
disco-052,disco,DISCO,DISCO Rousset,office,"Zone Industrielle de Rousset, 460 Avenue Victoire, F-13790 Rousset Cedex, France",France,,,unlocated,needs_review,https://www.disco.co.jp/eg/network/,company_locations_endpoint,2026-08-24,2026-08-25,https://nominatim.openstreetmap.org/,,,,,,,,,,,,,,,,,,
disco-053,disco,DISCO,DISCO Crawley,office,"Unit 34, Basepoint Business Centre, Crawley, West Sussex RH11 7XX, United Kingdom",United Kingdom,,,unlocated,needs_review,https://www.disco.co.jp/eg/network/,company_locations_endpoint,2026-08-24,2026-08-25,https://nominatim.openstreetmap.org/,,,,,,,,,,,,,,,,,,
disco-054,disco,DISCO,DISCO Casablanca,office,"219, Boulevard Zerktouni, Résidence EI Bardai 1ér étage-Appt No1, 20100 Casablanca, Morocco",Morocco,,,unlocated,needs_review,https://www.disco.co.jp/eg/network/,company_locations_endpoint,2026-08-24,2026-08-25,https://nominatim.openstreetmap.org/,,,,,,,,,,,,,,,,,,
disco-055,disco,DISCO,DISCO Prague,office,"Václavské náměstí 808/66, Nové Město, 110 00 Praha 1, Czech Republic",Czech Republic,50.0792964,14.4297423,street_or_area_candidate,geocoded,https://www.disco.co.jp/eg/network/,company_locations_endpoint,2026-08-24,2026-08-25,https://nominatim.openstreetmap.org/,"808/66, Václavské náměstí, Nové Město, obvod Praha 1, Praha, 110 00, Česko",node,296607325,"Václavské náměstí 808/66, Nové Město, 110 00 Praha 1, Czech Republic",,,,,,,,,,,,,,
canon-001,canon,Canon,Canon Shimomaruko Headquarters,headquarters,"3-30-2 Shimomaruko, Ota-ku, Tokyo 146-8501, Japan",Japan,35.5660505,139.6820651,street_or_area_candidate,geocoded,https://global.canon/en/corporate/location.html,company_operations_page,2026-08-24,2026-08-25,https://nominatim.openstreetmap.org/,"下丸子, 大田区, 東京都, 146-0092, 日本",relation,18046744,"3-30-2 Shimomaruko, Ota-ku, Tokyo 146-8501, Japan",,,,,,,,,,,,,,
canon-002,canon,Canon,Canon Utsunomiya Optical Products Plant,manufacturing,"20-2 Kiyohara-Kogyodanchi, Utsunomiya, Tochigi 321-3292, Japan",Japan,,,unlocated,needs_review,https://global.canon/en/corporate/location.html,company_operations_page,2026-08-24,2026-08-25,https://nominatim.openstreetmap.org/,,,,,,,,,,,,,,,,,,
canon-003,canon,Canon,Canon Utsunomiya New Lithography Factory,manufacturing,"22-2 Kiyohara-Kogyodanchi, Utsunomiya, Tochigi, Japan",Japan,,,unlocated,needs_review,https://global.canon/en/news/2022/20221006-2.html,company_business_source,2026-08-24,2026-08-25,https://nominatim.openstreetmap.org/,,,,,,,,,,,,,,,,,,
canon-004,canon,Canon,Canon Ami Plant and Canon Semiconductor Equipment,manufacturing,"3577 Yoshiwara, Ohaza, Ami-machi, Inashiki-gun, Ibaraki 300-1195, Japan",Japan,,,unlocated,needs_review,https://semicon.canon/en/corporate/profile.html,company_business_source,2026-08-24,2026-08-25,https://nominatim.openstreetmap.org/,,,,,,,,,,,,,,,,,,
canon-005,canon,Canon,Canon Canon Nanotechnologies Austin,research,"1807 West Braker Lane, Building C-300, Austin, TX 78758, United States",United States,,,unlocated,needs_review,https://cnt.canon.com/about/,company_business_source,2026-08-24,2026-08-25,https://nominatim.openstreetmap.org/,,,,,,,,,,,,,,,,,,
canon-006,canon,Canon,Canon Canon USA Semiconductor Equipment,field_support,"3300 North First Street, San Jose, CA 95134, United States",United States,37.3973247,-121.9362806,street_or_area_candidate,geocoded,https://www.usa.canon.com/business/industrial/contact-semiconductor-products,company_business_source,2026-08-24,2026-08-25,https://nominatim.openstreetmap.org/,"North 1st Street, North San Jose, San Jose, Santa Clara County, California, 94136, United States",way,593259445,"3300 North First Street, San Jose, CA 95134, United States",,,,,,,,,,,,,,
canon-007,canon,Canon,Canon Canon Marketing Japan Industrial Equipment,field_support,"13-29 Konan 2-chome, Minato-ku, Tokyo 108-8011, Japan",Japan,35.6308434,139.7402894,street_or_area_candidate,geocoded,https://canon.jp/biz/product/indtech/ab/en/canon-semicon,company_business_source,2026-08-24,2026-08-25,https://nominatim.openstreetmap.org/,"港南二丁目, 港南, 港区, 東京都, 108-0075, 日本",relation,18747157,"13-29 Konan 2-chome, Minato-ku, Tokyo 108-8011, Japan",,,,,,,,,,,,,,
canon-008,canon,Canon,Canon Canon Semiconductor Engineering Korea,field_support,"49 Dosijiwon 1-gil, Godeok-myeon, Pyeongtaek-si, Gyeonggi-do, South Korea",South Korea,37.0282966,127.0134942,street_or_area_candidate,geocoded,https://anelva.canon/en/business/pdf/pu_detail22.pdf,company_business_source,2026-08-24,2026-08-25,https://nominatim.openstreetmap.org/,"도시지원1길, 해창리, 평택시, 경기도, 18021, 대한민국",way,715061270,"49 Dosijiwon 1-gil, Godeok-myeon, Pyeongtaek-si, Gyeonggi-do, South Korea",,,,,,,,,,,,,,
canon-009,canon,Canon,Canon Canon Semiconductor Equipment Taiwan,field_support,"9th Floor Unit 2, 25 Pu-Ding Road, Hsinchu 300, Taiwan",Taiwan,,,unlocated,needs_review,https://anelva.canon/en/business/pdf/pu_detail22.pdf,company_business_source,2026-08-24,2026-08-25,https://nominatim.openstreetmap.org/,,,,,,,,,,,,,,,,,,
canon-010,canon,Canon,Canon Canon Singapore,field_support,"Galaxis, 1 Fusionopolis Place, Unit 14-10, Singapore 138522",Singapore,,,unlocated,needs_review,https://anelva.canon/en/business/pdf/pu_detail22.pdf,company_business_source,2026-08-24,2026-08-25,https://nominatim.openstreetmap.org/,,,,,,,,,,,,,,,,,,
canon-011,canon,Canon,Canon Canon Optical Industrial Equipment Shanghai,field_support,"3rd-4th Floors, South Wing, Building 5, Innovation Galaxy, 210 Wenshui Road, Jingan District, Shanghai 200072, China",China,,,unlocated,needs_review,https://anelva.canon/en/business/pdf/pu_detail22.pdf,company_business_source,2026-08-24,2026-08-25,https://nominatim.openstreetmap.org/,,,,,,,,,,,,,,,,,,
onto-innovation-001,onto-innovation,Onto Innovation,Onto Innovation Shanghai,office,"Room A,B,C, Building 3, No.690 Bi Bo Road, Pudong, Shanghai 201203, China",China,,,unlocated,needs_review,https://ontoinnovation.com/locations/,company_locations_endpoint,2026-08-24,2026-08-25,https://nominatim.openstreetmap.org/,,,,,,,,,,,,,,,,,,
onto-innovation-002,onto-innovation,Onto Innovation,Onto Innovation Tianjin,office,"Room 2512, China Overseas Plaza, The Intersection of Weijin Road and Wujiayao Street, Hexi District, Tianjin, China 300074",China,,,unlocated,needs_review,https://ontoinnovation.com/locations/,company_locations_endpoint,2026-08-24,2026-08-25,https://nominatim.openstreetmap.org/,,,,,,,,,,,,,,,,,,
onto-innovation-003,onto-innovation,Onto Innovation,Onto Innovation Germany,office,"Antonstr. 39, 01097, Dresden, Germany",Germany,51.0631124,13.7376222,building,map_ready,https://ontoinnovation.com/locations/,company_locations_endpoint,2026-08-24,2026-08-25,https://nominatim.openstreetmap.org/,"Signal Iduna - Haus, 39, Antonstraße, Innere Neustadt, Neustadt, Dresden, Sachsen, 01097, Deutschland",way,23160375,"Antonstr. 39, 01097, Dresden, Germany",openstreetmap_building_match,2026-08-25,,,,,,,,,,,,
onto-innovation-004,onto-innovation,Onto Innovation,Onto Innovation The Netherlands,office,"Hooge Zijde 32, 5626 DC Eindhoven, The Netherlands",Netherlands,51.4830595,5.4155938,street_or_area_candidate,geocoded,https://ontoinnovation.com/locations/,company_locations_endpoint,2026-08-24,2026-08-25,https://nominatim.openstreetmap.org/,"32, Hooge Zijde, Kapelbeemd, Acht, Woensel-Noord, Eindhoven, Noord-Brabant, Nederland, 5626 DC, Nederland",node,2748575921,"Hooge Zijde 32, 5626 DC Eindhoven, The Netherlands",,,,,,,,,,,,,,
onto-innovation-005,onto-innovation,Onto Innovation,Onto Innovation Tokyo,office,"1F, Forecast Gotanda West, 8-9-5 Nishi-Gotanda, Shinagawa-ku, Tokyo, 141-0031 Japan",Japan,,,unlocated,needs_review,https://ontoinnovation.com/locations/,company_locations_endpoint,2026-08-24,2026-08-25,https://nominatim.openstreetmap.org/,,,,,,,,,,,,,,,,,,
onto-innovation-006,onto-innovation,Onto Innovation,Onto Innovation Kumamoto,office,"9-3-7 Idenakama, Minami-ku, Kumamoto-shi, Kumamoto, 862-0963 Japan",Japan,32.7703085,130.7193372,street_or_area_candidate,geocoded,https://ontoinnovation.com/locations/,company_locations_endpoint,2026-08-24,2026-08-25,https://nominatim.openstreetmap.org/,"出仲間七丁目, 田迎町田井島, 南区, 熊本市, 熊本県, 860-8601, 日本",node,8488230352,"9-3-7 Idenakama, Minami-ku, Kumamoto-shi, Kumamoto, 862-0963 Japan",,,,,,,,,,,,,,
onto-innovation-007,onto-innovation,Onto Innovation,Onto Innovation Yokkaichi,office,"1-5-16 Unomori, Yokkaichi-city, Mie, 510-0074 Japan",Japan,,,unlocated,needs_review,https://ontoinnovation.com/locations/,company_locations_endpoint,2026-08-24,2026-08-25,https://nominatim.openstreetmap.org/,,,,,,,,,,,,,,,,,,
onto-innovation-008,onto-innovation,Onto Innovation,Onto Innovation Cheongju,office,"1F, 45 SK-ro, Heungdeok-gu, Cheongju-si, Chungcheongbuk-do, South Korea",South Korea,,,unlocated,needs_review,https://ontoinnovation.com/locations/,company_locations_endpoint,2026-08-24,2026-08-25,https://nominatim.openstreetmap.org/,,,,,,,,,,,,,,,,,,
onto-innovation-009,onto-innovation,Onto Innovation,Onto Innovation Hwasung,office,"14F, The First Tower 2nd, 614, Dongtangiheung-ro, Hwaseong-si, Gyeonggi-do, 18469 South Korea",South Korea,,,unlocated,needs_review,https://ontoinnovation.com/locations/,company_locations_endpoint,2026-08-24,2026-08-25,https://nominatim.openstreetmap.org/,,,,,,,,,,,,,,,,,,
onto-innovation-010,onto-innovation,Onto Innovation,Onto Innovation Icheon,office,"#323, 3F, STK Building, 107 Daesan-ro 288beon-gil, Icheon-si, Gyeonggi-do, 17336 South Korea",South Korea,,,unlocated,needs_review,https://ontoinnovation.com/locations/,company_locations_endpoint,2026-08-24,2026-08-25,https://nominatim.openstreetmap.org/,,,,,,,,,,,,,,,,,,
onto-innovation-011,onto-innovation,Onto Innovation,Onto Innovation Pyeongtaek,office,"302, 320 Godeokjungang-ro, Pyeongtaek-si, Gyeonggi-do, South Korea",South Korea,,,unlocated,needs_review,https://ontoinnovation.com/locations/,company_locations_endpoint,2026-08-24,2026-08-25,https://nominatim.openstreetmap.org/,,,,,,,,,,,,,,,,,,
onto-innovation-012,onto-innovation,Onto Innovation,Onto Innovation Malaysia,office,"Suite 2.04, Second Floor KHTP Business Center, Kulim Hi-Tech Park, 09090 Kedah",Malaysia,,,unlocated,needs_review,https://ontoinnovation.com/locations/,company_locations_endpoint,2026-08-24,2026-08-25,https://nominatim.openstreetmap.org/,,,,,,,,,,,,,,,,,,
onto-innovation-013,onto-innovation,Onto Innovation,Onto Innovation Singapore,office,"6 Serangoon North Avenue 5 #05-12, Singapore 554910",Singapore,,,unlocated,needs_review,https://ontoinnovation.com/locations/,company_locations_endpoint,2026-08-24,2026-08-25,https://nominatim.openstreetmap.org/,,,,,,,,,,,,,,,,,,
onto-innovation-014,onto-innovation,Onto Innovation,Onto Innovation Hsinchu,office,"4F-1, No. 6,Taiyuan 2nd St., Zhubei City, Hsinchu County 302082, Taiwan (R.O.C.)",Taiwan,,,unlocated,needs_review,https://ontoinnovation.com/locations/,company_locations_endpoint,2026-08-24,2026-08-25,https://nominatim.openstreetmap.org/,,,,,,,,,,,,,,,,,,
onto-innovation-015,onto-innovation,Onto Innovation,Onto Innovation Tucson,office,"3280 E. Hemisphere Loop, Suite 146, Tucson, AZ 85706",United States,,,unlocated,needs_review,https://ontoinnovation.com/locations/,company_locations_endpoint,2026-08-24,2026-08-25,https://nominatim.openstreetmap.org/,,,,,,,,,,,,,,,,,,
onto-innovation-016,onto-innovation,Onto Innovation,Onto Innovation Phoenix,office,"2550 W. Union Hills Drive, Phoenix, AZ 85027",United States,33.6557117,-112.1132696,building,map_ready,https://ontoinnovation.com/locations/,company_locations_endpoint,2026-08-24,2026-08-25,https://nominatim.openstreetmap.org/,"2550, West Union Hills Drive, Deer Valley, Phoenix, Maricopa County, Arizona, 85027, United States",way,262317939,"2550 W. Union Hills Drive, Phoenix, AZ 85027",openstreetmap_building_match,2026-08-25,,,,,,,,,,,,
onto-innovation-017,onto-innovation,Onto Innovation,Onto Innovation California,office,"1550 Buckeye Drive, Milpitas, CA 95035",United States,37.4079673,-121.9149643,street_or_area_candidate,geocoded,https://ontoinnovation.com/locations/,company_locations_endpoint,2026-08-24,2026-08-25,https://nominatim.openstreetmap.org/,"1550, Buckeye Drive, Milpitas, Santa Clara County, California, 95035, United States",way,8965420,"1550 Buckeye Drive, Milpitas, CA 95035",,,,,,,,,,,,,,
onto-innovation-018,onto-innovation,Onto Innovation,Onto Innovation Florida,office,"12415 Telecom Dr, Tampa, FL 33637",United States,,,unlocated,needs_review,https://ontoinnovation.com/locations/,company_locations_endpoint,2026-08-24,2026-08-25,https://nominatim.openstreetmap.org/,,,,,,,,,,,,,,,,,,
onto-innovation-019,onto-innovation,Onto Innovation,Onto Innovation Billerica,office,"101 Billerica Avenue, Bldg 5, Suite 105, N. Billerica, MA 01862",United States,,,unlocated,needs_review,https://ontoinnovation.com/locations/,company_locations_endpoint,2026-08-24,2026-08-25,https://nominatim.openstreetmap.org/,,,,,,,,,,,,,,,,,,
onto-innovation-020,onto-innovation,Onto Innovation,Onto Innovation Headquarters,headquarters,"16 Jonspin Road, Wilmington, MA 01887",United States,42.5954876,-71.1508127,building,map_ready,https://ontoinnovation.com/locations/,company_locations_endpoint,2026-08-24,2026-08-25,https://nominatim.openstreetmap.org/,"Onto Innovation, 16, Jonspin Road, Wilmington, Middlesex County, Massachusetts, 01887, United States",way,163092497,"16 Jonspin Road, Wilmington, MA 01887",openstreetmap_building_match,2026-08-25,,,,,,,,,,,,
onto-innovation-021,onto-innovation,Onto Innovation,Onto Innovation Minnesota,office,"4900 West 78th Street, Bloomington, MN 55435",United States,44.858767,-93.337706,street_or_area_candidate,geocoded,https://ontoinnovation.com/locations/,company_locations_endpoint,2026-08-24,2026-08-25,https://nominatim.openstreetmap.org/,"4900, West 78th Street, Bloomington, Hennepin County, Minnesota, 55435, United States",way,636334318,"4900 West 78th Street, Bloomington, MN 55435",,,,,,,,,,,,,,
onto-innovation-022,onto-innovation,Onto Innovation,Onto Innovation New Jersey,office,"550 Clark Drive, Budd Lake, New Jersey 07828",United States,40.8991616,-74.7280636,building,map_ready,https://ontoinnovation.com/locations/,company_locations_endpoint,2026-08-24,2026-08-25,https://nominatim.openstreetmap.org/,"550, Clark Drive, Mount Olive, Morris County, New Jersey, 07828, United States",way,297840024,"550 Clark Drive, Budd Lake, New Jersey 07828",openstreetmap_building_match,2026-08-25,,,,,,,,,,,,
onto-innovation-023,onto-innovation,Onto Innovation,Onto Innovation Oregon,office,"9025 NE Von Neumann Drive, Suite 100, Hillsboro, OR 97006",United States,,,unlocated,needs_review,https://ontoinnovation.com/locations/,company_locations_endpoint,2026-08-24,2026-08-25,https://nominatim.openstreetmap.org/,,,,,,,,,,,,,,,,,,
onto-innovation-024,onto-innovation,Onto Innovation,Onto Innovation Texas,office,"303 Elliott St., Taylor, TX 76574",United States,,,unlocated,needs_review,https://ontoinnovation.com/locations/,company_locations_endpoint,2026-08-24,2026-08-25,https://nominatim.openstreetmap.org/,,,,,,,,,,,,,,,,,,
onto-innovation-025,onto-innovation,Onto Innovation,Onto Innovation Washington,office,"35030 SE Douglas Street, Suite 100, Snoqualmie, Washington 98065",United States,,,unlocated,needs_review,https://ontoinnovation.com/locations/,company_locations_endpoint,2026-08-24,2026-08-25,https://nominatim.openstreetmap.org/,,,,,,,,,,,,,,,,,,
onto-innovation-026,onto-innovation,Onto Innovation,Onto Innovation Vietnam,office,"22nd Floor, Leadvisors Tower, No. 643 Pham Van Dong Co Nhue 1 Ward, Bac Tu Liem District, Hanoi City, Vietnam",Vietnam,,,unlocated,needs_review,https://ontoinnovation.com/locations/,company_locations_endpoint,2026-08-24,2026-08-25,https://nominatim.openstreetmap.org/,,,,,,,,,,,,,,,,,,
formfactor-001,formfactor,FormFactor,FormFactor Livermore Headquarters,headquarters,"7005 Southfront Road, Livermore, CA 94551, United States",United States,37.7145397,-121.7080379,building,map_ready,https://www.formfactor.com/sales-service/contact-and-locations/,company_locations_page,2026-08-24,2026-08-25,https://nominatim.openstreetmap.org/,"7005;7099, Southfront Road, Centra, Ulmar, Livermore, Alameda County, California, 94550, United States",way,24305295,"7005 Southfront Road, Livermore, CA 94551, United States",openstreetmap_building_match,2026-08-25,,,,,,,,,,,,
formfactor-002,formfactor,FormFactor,FormFactor Carlsbad,manufacturing,"2281 Las Palmas Drive, Suite 102, Carlsbad, CA 92011, United States",United States,,,unlocated,needs_review,https://www.formfactor.com/sales-service/contact-and-locations/,company_locations_page,2026-08-24,2026-08-25,https://nominatim.openstreetmap.org/,,,,,,,,,,,,,,,,,,
formfactor-003,formfactor,FormFactor,FormFactor Beaverton,manufacturing,"9100 SW Gemini Drive, Beaverton, OR 97008, United States",United States,45.4539386,-122.7910802,building,map_ready,https://www.formfactor.com/sales-service/contact-and-locations/,company_locations_page,2026-08-24,2026-08-25,https://nominatim.openstreetmap.org/,"9100, Southwest Gemini Drive, Greenway, Beaverton, Washington County, Oregon, 97008, United States",way,352717770,"9100 SW Gemini Drive, Beaverton, OR 97008, United States",openstreetmap_building_match,2026-08-25,,,,,,,,,,,,
formfactor-004,formfactor,FormFactor,FormFactor Boulder,manufacturing,"4601 Nautilus Court South, Suite 100, Boulder, CO 80301, United States",United States,,,unlocated,needs_review,https://www.formfactor.com/sales-service/contact-and-locations/,company_locations_page,2026-08-24,2026-08-25,https://nominatim.openstreetmap.org/,,,,,,,,,,,,,,,,,,
formfactor-005,formfactor,FormFactor,FormFactor Farmers Branch,manufacturing,"4350 Innovation Drive, Farmers Branch, TX 75244, United States",United States,,,unlocated,needs_review,https://www.formfactor.com/sales-service/contact-and-locations/,company_locations_page,2026-08-24,2026-08-25,https://nominatim.openstreetmap.org/,,,,,,,,,,,,,,,,,,
formfactor-006,formfactor,FormFactor,FormFactor Thiendorf,manufacturing,"Suess-Strasse 1, 01561 Thiendorf, Germany",Germany,51.2853368,13.7789561,street_or_area_candidate,geocoded,https://www.formfactor.com/sales-service/contact-and-locations/,company_locations_page,2026-08-24,2026-08-25,https://nominatim.openstreetmap.org/,"1, Süss-Straße, Sacka, Thiendorf, Meißen, Sachsen, 01561, Deutschland",node,176940095,"Suess-Strasse 1, 01561 Thiendorf, Germany",,,,,,,,,,,,,,
formfactor-007,formfactor,FormFactor,FormFactor Dresden,field_support,"Manfred-von-Ardenne-Ring 20, Haus F, 01099 Dresden, Germany",Germany,,,unlocated,needs_review,https://www.formfactor.com/sales-service/contact-and-locations/,company_locations_page,2026-08-24,2026-08-25,https://nominatim.openstreetmap.org/,,,,,,,,,,,,,,,,,,
formfactor-008,formfactor,FormFactor,FormFactor Aschheim,field_support,"Max-Planck-Strasse 4, 85609 Aschheim, Germany",Germany,48.1525388,11.6823282,building,map_ready,https://www.formfactor.com/sales-service/contact-and-locations/,company_locations_page,2026-08-24,2026-08-25,https://nominatim.openstreetmap.org/,"4, Max-Planck-Straße, Gewerbegebiet Dornach West, Dornach, Aschheim, Landkreis München, Bayern, 85609, Deutschland",relation,2941123,"Max-Planck-Strasse 4, 85609 Aschheim, Germany",openstreetmap_building_match,2026-08-25,,,,,,,,,,,,
formfactor-009,formfactor,FormFactor,FormFactor Gallarate,field_support,"Via Carlo Cattaneo 9, 21013 Gallarate, Italy",Italy,45.6611791,8.7987659,street_or_area_candidate,geocoded,https://www.formfactor.com/sales-service/contact-and-locations/,company_locations_page,2026-08-24,2026-08-25,https://nominatim.openstreetmap.org/,"9, Via Carlo Cattaneo, Sciarè, Gallarate, Varese, Lombardia, 21013, Italia",node,4123971805,"Via Carlo Cattaneo 9, 21013 Gallarate, Italy",,,,,,,,,,,,,,
formfactor-010,formfactor,FormFactor,FormFactor Zhubei,field_support,"7th Floor Unit 3, 28 Taiyuan Street, Zhubei City, Hsinchu County 302, Taiwan",Taiwan,,,unlocated,needs_review,https://www.formfactor.com/sales-service/contact-and-locations/,company_locations_page,2026-08-24,2026-08-25,https://nominatim.openstreetmap.org/,,,,,,,,,,,,,,,,,,
formfactor-011,formfactor,FormFactor,FormFactor Seongnam,field_support,"8th Floor, 349 Seongnam-daero, Bundang-gu, Seongnam-si, Gyeonggi-do 13558, South Korea",South Korea,,,unlocated,needs_review,https://www.formfactor.com/sales-service/contact-and-locations/,company_locations_page,2026-08-24,2026-08-25,https://nominatim.openstreetmap.org/,,,,,,,,,,,,,,,,,,
formfactor-012,formfactor,FormFactor,FormFactor Singapore,field_support,"30 Marsiling Industrial Estate Road 8, Unit 05-02, Singapore 739193",Singapore,,,unlocated,needs_review,https://www.formfactor.com/sales-service/contact-and-locations/,company_locations_page,2026-08-24,2026-08-25,https://nominatim.openstreetmap.org/,,,,,,,,,,,,,,,,,,
formfactor-013,formfactor,FormFactor,FormFactor Yokohama,manufacturing,"Yokohama Business Park East Tower, 11th and 2nd Floors, 134 Godo-cho, Hodogaya-ku, Yokohama, Kanagawa 240-0005, Japan",Japan,,,unlocated,needs_review,https://www.formfactor.com/sales-service/contact-and-locations/,company_locations_page,2026-08-24,2026-08-25,https://nominatim.openstreetmap.org/,,,,,,,,,,,,,,,,,,
cohu-001,cohu,Cohu,Cohu San Diego Headquarters,headquarters,"17087 Via Del Campo, San Diego, CA 92127-1711, United States",United States,33.0204253,-117.0940584,street_or_area_candidate,geocoded,https://www.cohu.com/locations/,company_locations_page,2026-08-24,2026-08-25,https://nominatim.openstreetmap.org/,"17087, Via del Campo, Rancho Bernardo, San Diego, San Diego County, California, 92127, United States",way,6004985,"17087 Via Del Campo, San Diego, CA 92127-1711, United States",,,,,,,,,,,,,,
cohu-002,cohu,Cohu,Cohu Norwood,research,"825 University Avenue, Norwood, MA 02062-2643, United States",United States,42.2022673,-71.1764355,street_or_area_candidate,geocoded,https://www.cohu.com/locations/,company_locations_page,2026-08-24,2026-08-25,https://nominatim.openstreetmap.org/,"825, University Avenue, Norwood, Norfolk County, Massachusetts, 02062, United States",way,9280079,"825 University Avenue, Norwood, MA 02062-2643, United States",,,,,,,,,,,,,,
cohu-003,cohu,Cohu,Cohu St Paul,research,"4444 Centerville Road, Suite 105, St. Paul, MN 55127, United States",United States,,,unlocated,needs_review,https://www.cohu.com/locations/,company_locations_page,2026-08-24,2026-08-25,https://nominatim.openstreetmap.org/,,,,,,,,,,,,,,,,,,
cohu-004,cohu,Cohu,Cohu Lincoln,manufacturing,"6 Court Drive, Lincoln, RI 02865, United States",United States,41.9301441,-71.4816451,street_or_area_candidate,geocoded,https://www.cohu.com/locations/,company_locations_page,2026-08-24,2026-08-25,https://nominatim.openstreetmap.org/,"6, Court Drive, Lincoln, Providence County, Rhode Island, 02865, United States",way,19377646,"6 Court Drive, Lincoln, RI 02865, United States",,,,,,,,,,,,,,
cohu-005,cohu,Cohu,Cohu Seattle,research,"701 North 36th Street, Suite 340, Seattle, WA 98103, United States",United States,,,unlocated,needs_review,https://www.cohu.com/locations/,company_locations_page,2026-08-24,2026-08-25,https://nominatim.openstreetmap.org/,,,,,,,,,,,,,,,,,,
cohu-006,cohu,Cohu,Cohu Grenoble,field_support,"Miniparc Polytec, Batiment Tramontane, 60 Rue des Berges, 38000 Grenoble, France",France,,,unlocated,needs_review,https://www.cohu.com/locations/,company_locations_page,2026-08-24,2026-08-25,https://nominatim.openstreetmap.org/,,,,,,,,,,,,,,,,,,
cohu-007,cohu,Cohu,Cohu Kolbermoor,research,"Geigelsteinstrasse 6, 83059 Kolbermoor, Germany",Germany,47.8431723,12.0734346,building,map_ready,https://www.cohu.com/locations/,company_locations_page,2026-08-24,2026-08-25,https://nominatim.openstreetmap.org/,"Cohu Deutschland (Rasco GmbH), 6, Geigelsteinstraße, Grubholz, Kolbermoor, Landkreis Rosenheim, Bayern, 83059, Deutschland",way,116231217,"Geigelsteinstrasse 6, 83059 Kolbermoor, Germany",openstreetmap_building_match,2026-08-25,,,,,,,,,,,,
cohu-008,cohu,Cohu,Cohu Agrate Brianza,field_support,"Centro Colleoni, Palazzo Cassiopea, Scala 1, 20864 Agrate Brianza, Italy",Italy,,,unlocated,needs_review,https://www.cohu.com/locations/,company_locations_page,2026-08-24,2026-08-25,https://nominatim.openstreetmap.org/,,,,,,,,,,,,,,,,,,
cohu-009,cohu,Cohu,Cohu La Chaux-de-Fonds,research,"Chemin de la Combeta 5, 2300 La Chaux-de-Fonds, Switzerland",Switzerland,47.0852781,6.8101828,street_or_area_candidate,geocoded,https://www.cohu.com/locations/,company_locations_page,2026-08-24,2026-08-25,https://nominatim.openstreetmap.org/,"5, Chemin de la Combeta, Les Éplatures, La Chaux-de-Fonds, Région Montagnes, Neuchâtel, 2300, Schweiz/Suisse/Svizzera/Svizra",node,13566546137,"Chemin de la Combeta 5, 2300 La Chaux-de-Fonds, Switzerland",,,,,,,,,,,,,,
cohu-010,cohu,Cohu,Cohu Shanghai,field_support,"Unit 310, Building A, 200 Jinsu Road, Pudong New District, Shanghai 201206, China",China,,,unlocated,needs_review,https://www.cohu.com/locations/,company_locations_page,2026-08-24,2026-08-25,https://nominatim.openstreetmap.org/,,,,,,,,,,,,,,,,,,
cohu-011,cohu,Cohu,Cohu Shenzhen,field_support,"Room 102, Dormitory, Daqian Industrial Factory, Subdistrict 67, Xiong Community, Xinan Street, Baoan District, Shenzhen 51801, China",China,,,unlocated,needs_review,https://www.cohu.com/locations/,company_locations_page,2026-08-24,2026-08-25,https://nominatim.openstreetmap.org/,,,,,,,,,,,,,,,,,,
cohu-012,cohu,Cohu,Cohu Suzhou,field_support,"Room 05, 3rd Floor, Block 5, Xinsu Industrial Square, 5 Xin Han Street, Suzhou Industrial Park, Suzhou 215021, China",China,,,unlocated,needs_review,https://www.cohu.com/locations/,company_locations_page,2026-08-24,2026-08-25,https://nominatim.openstreetmap.org/,,,,,,,,,,,,,,,,,,
cohu-013,cohu,Cohu,Cohu Kawasaki,field_support,"Shin-Mizonokuchi Building, 5th Floor, 3-5-7 Hisamoto, Takatsu-ku, Kawasaki, Kanagawa 213-0011, Japan",Japan,,,unlocated,needs_review,https://www.cohu.com/locations/,company_locations_page,2026-08-24,2026-08-25,https://nominatim.openstreetmap.org/,,,,,,,,,,,,,,,,,,
cohu-014,cohu,Cohu,Cohu Osaka,manufacturing,"4-27 Rinku-Minamihama, Sennan, Osaka 590-0535, Japan",Japan,34.3825242,135.2682607,street_or_area_candidate,geocoded,https://www.cohu.com/locations/,company_locations_page,2026-08-24,2026-08-25,https://nominatim.openstreetmap.org/,"りんくう南浜, 泉南市, 大阪府, 590-0535, 日本",node,6746534393,"4-27 Rinku-Minamihama, Sennan, Osaka 590-0535, Japan",,,,,,,,,,,,,,
cohu-015,cohu,Cohu,Cohu Cheonan,field_support,"Units A-511, A-512 and B-510, 10 Baekseokgongdan 1-ro, Seobuk-gu, Cheonan-si, Chungcheongnam-do 31094, South Korea",South Korea,,,unlocated,needs_review,https://www.cohu.com/locations/,company_locations_page,2026-08-24,2026-08-25,https://nominatim.openstreetmap.org/,,,,,,,,,,,,,,,,,,
cohu-016,cohu,Cohu,Cohu Goyang,field_support,"Dongmun Goodmorning Tower, Room 1018, 358-39 Hosu-ro, Ilsandong-gu, Goyang-si, Gyeonggi-do 10449, South Korea",South Korea,,,unlocated,needs_review,https://www.cohu.com/locations/,company_locations_page,2026-08-24,2026-08-25,https://nominatim.openstreetmap.org/,,,,,,,,,,,,,,,,,,
cohu-017,cohu,Cohu,Cohu Hsinchu,field_support,"108 Section 2, Wenxing Road, Zhubei City, Hsinchu County 30274, Taiwan",Taiwan,,,unlocated,needs_review,https://www.cohu.com/locations/,company_locations_page,2026-08-24,2026-08-25,https://nominatim.openstreetmap.org/,,,,,,,,,,,,,,,,,,
cohu-018,cohu,Cohu,Cohu Melaka,manufacturing,"5203-1 Jalan PAK 2/3, Kawasan Perindustrian Ayer Keroh Fasa 4, Melaka 75450, Malaysia",Malaysia,,,unlocated,needs_review,https://www.cohu.com/locations/,company_locations_page,2026-08-24,2026-08-25,https://nominatim.openstreetmap.org/,,,,,,,,,,,,,,,,,,
cohu-019,cohu,Cohu,Cohu Penang,manufacturing,"Plot 82, Lintang Bayan Lepas, Bayan Lepas Industrial Park Phase 4, Bayan Lepas, Penang 11900, Malaysia",Malaysia,,,unlocated,needs_review,https://www.cohu.com/locations/,company_locations_page,2026-08-24,2026-08-25,https://nominatim.openstreetmap.org/,,,,,,,,,,,,,,,,,,
cohu-020,cohu,Cohu,Cohu Penang Jabil Support,field_support,"Jabil Circuit, Bayan Lepas Industrial Park Phase 4, Bayan Lepas, Penang 11900, Malaysia",Malaysia,,,unlocated,needs_review,https://www.cohu.com/locations/,company_locations_page,2026-08-24,2026-08-25,https://nominatim.openstreetmap.org/,,,,,,,,,,,,,,,,,,
cohu-021,cohu,Cohu,Cohu Baguio City,field_support,"Ground Floor, Standard Factory Building 2, BCEZ Philippine Economic Zone Authority, Loakan Road, Baguio City 2600, Philippines",Philippines,,,unlocated,needs_review,https://www.cohu.com/locations/,company_locations_page,2026-08-24,2026-08-25,https://nominatim.openstreetmap.org/,,,,,,,,,,,,,,,,,,
cohu-022,cohu,Cohu,Cohu Laguna,manufacturing,"17 Tagaytay Ridge Drive, Carmelray Industrial Park II, Barangay Punta, Calamba City, Laguna 4027, Philippines",Philippines,,,unlocated,needs_review,https://www.cohu.com/locations/,company_locations_page,2026-08-24,2026-08-25,https://nominatim.openstreetmap.org/,,,,,,,,,,,,,,,,,,
cohu-023,cohu,Cohu,Cohu Muntinlupa,field_support,"1216 Acacia Avenue, Madrigal Business Park, Ayala Alabang, Muntinlupa City, Philippines",Philippines,14.4252737,121.0237549,street_or_area_candidate,geocoded,https://www.cohu.com/locations/,company_locations_page,2026-08-24,2026-08-25,https://nominatim.openstreetmap.org/,"Acacia Avenue, Madrigal Business Park, Ayala Alabang, Muntinlupa District 2, Muntinlupa, Southern Manila District, Metro Manila, 1799, Philippines",way,4914001,"1216 Acacia Avenue, Madrigal Business Park, Ayala Alabang, Muntinlupa City, Philippines",,,,,,,,,,,,,,
cohu-024,cohu,Cohu,Cohu Pampanga,field_support,"Building 1-C, Block 2, Lots 1-4, Angeles Industrial Park SEZ, Calibutbut, Bacolor, Pampanga 2001, Philippines",Philippines,,,unlocated,needs_review,https://www.cohu.com/locations/,company_locations_page,2026-08-24,2026-08-25,https://nominatim.openstreetmap.org/,,,,,,,,,,,,,,,,,,
cohu-025,cohu,Cohu,Cohu Singapore Serangoon,field_support,"6 Serangoon North Avenue 5, Unit 03-06, Singapore 554910",Singapore,,,unlocated,needs_review,https://www.cohu.com/locations/,company_locations_page,2026-08-24,2026-08-25,https://nominatim.openstreetmap.org/,,,,,,,,,,,,,,,,,,
cohu-026,cohu,Cohu,Cohu Singapore Ubi,field_support,"Focus One, 1 Ubi View, Unit 01-08, Singapore 408555",Singapore,,,unlocated,needs_review,https://www.cohu.com/locations/,company_locations_page,2026-08-24,2026-08-25,https://nominatim.openstreetmap.org/,,,,,,,,,,,,,,,,,,
cohu-027,cohu,Cohu,Cohu Bangkok,field_support,"Bangna Tower, Room 1630, 16th Floor Unit A, 2/3 Bangna-Trad Road, KM 6.5, Bangkaew, Bangplee, Samutprakarn 10540, Thailand",Thailand,,,unlocated,needs_review,https://www.cohu.com/locations/,company_locations_page,2026-08-24,2026-08-25,https://nominatim.openstreetmap.org/,,,,,,,,,,,,,,,,,,
nova-001,nova,Nova,Nova Rehovot Headquarters,headquarters,"5 David Fikes Street, Rehovot 7632805, Israel",Israel,,,unlocated,needs_review,https://www.novami.com/nova-office/,company_locations_page,2026-08-24,2026-08-25,https://nominatim.openstreetmap.org/,,,,,,,,,,,,,,,,,,
nova-002,nova,Nova,Nova Fremont,office,"3342 Gateway Boulevard, Fremont, CA 94538, United States",United States,37.4756325,-121.9387432,street_or_area_candidate,geocoded,https://www.novami.com/nova-office/,company_locations_page,2026-08-24,2026-08-25,https://nominatim.openstreetmap.org/,"3342, Gateway Boulevard, Warm Springs District, Fremont, Alameda County, California, 94538, United States",way,417202342,"3342 Gateway Boulevard, Fremont, CA 94538, United States",,,,,,,,,,,,,,
nova-003,nova,Nova,Nova Bad Urach,office,"Schützenstraße 25, 72574 Bad Urach, Germany",Germany,48.4992098,9.4174396,building,map_ready,https://www.novami.com/nova-office/,company_locations_page,2026-08-24,2026-08-25,https://nominatim.openstreetmap.org/,"25, Schützenstraße, Ententäle, Bad Urach, VVG der Stadt Bad Urach, Landkreis Reutlingen, Baden-Württemberg, 72574, Deutschland",way,200663341,"Schützenstraße 25, 72574 Bad Urach, Germany",openstreetmap_building_match,2026-08-25,,,,,,,,,,,,
nova-004,nova,Nova,Nova Hsinchu,office,"23F, No. 118 Ciyun Road, East District, Hsinchu City, Taiwan",Taiwan,,,unlocated,needs_review,https://www.novami.com/nova-office/,company_locations_page,2026-08-24,2026-08-25,https://nominatim.openstreetmap.org/,,,,,,,,,,,,,,,,,,
nova-005,nova,Nova,Nova Hwaseong,office,"Honor SKY Building, 4F, 93 Dongtan-daero 23-gil, Hwaseong-si, Gyeonggi-do, South Korea",South Korea,,,unlocated,needs_review,https://www.novami.com/nova-office/,company_locations_page,2026-08-24,2026-08-25,https://nominatim.openstreetmap.org/,,,,,,,,,,,,,,,,,,
nova-006,nova,Nova,Nova Tokyo,office,"IOS Gotanda Annex 403, 1-7-11 Higashigotanda, Shinagawa-ku, Tokyo 141-0022, Japan",Japan,,,unlocated,needs_review,https://www.novami.com/nova-office/,company_locations_page,2026-08-24,2026-08-25,https://nominatim.openstreetmap.org/,,,,,,,,,,,,,,,,,,
nova-007,nova,Nova,Nova Dresden,office,"Buchenstraße 12, 01097 Dresden, Germany",Germany,51.0778558,13.7500704,street_or_area_candidate,geocoded,https://www.novami.com/nova-office/,company_locations_page,2026-08-24,2026-08-25,https://nominatim.openstreetmap.org/,"12, Buchenstraße, Hechtviertel, Leipziger Vorstadt, Neustadt, Dresden, Sachsen, 01097, Deutschland",node,624193927,"Buchenstraße 12, 01097 Dresden, Germany",,,,,,,,,,,,,,
nova-008,nova,Nova,Nova Shanghai,office,"Room 2302, South Tower 1, Shanghai International Fortune Center, 36 Xinjinqiao Road, Pudong New Area, Shanghai 201206, China",China,,,unlocated,needs_review,https://www.novami.com/nova-office/,company_locations_page,2026-08-24,2026-08-25,https://nominatim.openstreetmap.org/,,,,,,,,,,,,,,,,,,
nova-009,nova,Nova,Nova Singapore,office,"163 Kallang Way, #03-13, Singapore 349256",Singapore,,,unlocated,needs_review,https://www.novami.com/nova-office/,company_locations_page,2026-08-24,2026-08-25,https://nominatim.openstreetmap.org/,,,,,,,,,,,,,,,,,,
nova-010,nova,Nova,Nova Mannheim — Sentronics,office,"Dudenstraße 27-35, 68167 Mannheim, Germany",Germany,49.5000957,8.5017836,street_or_area_candidate,geocoded,https://www.novami.com/nova-office/,company_locations_page,2026-08-24,2026-08-25,https://nominatim.openstreetmap.org/,"Dudenstraße, Wohlgelegen, Neckarstadt-Ost, Neckarstadt-Ost/Wohlgelegen, Mannheim, Baden-Württemberg, 68167, Deutschland",way,364212053,"Dudenstraße 27-35, 68167 Mannheim, Germany",,,,,,,,,,,,,,
camtek-001,camtek,Camtek,Camtek Migdal HaEmek Headquarters,headquarters,"Ramat Gavriel Industrial Zone, Migdal HaEmek 2309407, Israel",Israel,,,unlocated,needs_review,https://www.camtek.com/contact/headquarters/,company_locations_page,2026-08-24,2026-08-25,https://nominatim.openstreetmap.org/,,,,,,,,,,,,,,,,,,
camtek-002,camtek,Camtek,Camtek Hong Kong,office,"Unit 2107, 21/F, Greenfield Tower, Concordia Plaza, 1 Science Museum Road, Tsim Sha Tsui East, Kowloon, Hong Kong",Hong Kong,,,unlocated,needs_review,https://www.camtek.com/contact/asia/,company_locations_page,2026-08-24,2026-08-25,https://nominatim.openstreetmap.org/,,,,,,,,,,,,,,,,,,
camtek-003,camtek,Camtek,Camtek Suzhou,office,"NM27-101 & 201, Nanopolis Suzhou, 99 Jinji Lake Avenue, Suzhou Industrial Park, Jiangsu 215123, China",China,,,unlocated,needs_review,https://www.camtek.com/contact/asia/,company_locations_page,2026-08-24,2026-08-25,https://nominatim.openstreetmap.org/,,,,,,,,,,,,,,,,,,
camtek-004,camtek,Camtek,Camtek Hsinchu,office,"7F-11, No. 1, Section 3, Gongdao 5th Road, East District, Hsinchu City 300, Taiwan",Taiwan,,,unlocated,needs_review,https://www.camtek.com/contact/asia/,company_locations_page,2026-08-24,2026-08-25,https://nominatim.openstreetmap.org/,,,,,,,,,,,,,,,,,,
camtek-005,camtek,Camtek,Camtek Suwon,office,"Suite 908, Ace Gwanggyo Tower 2, Changnyong-daero 256beon-gil, Yeongtong-gu, Suwon-si, Gyeonggi-do 16229, South Korea",South Korea,,,unlocated,needs_review,https://www.camtek.com/contact/asia/,company_locations_page,2026-08-24,2026-08-25,https://nominatim.openstreetmap.org/,,,,,,,,,,,,,,,,,,
camtek-006,camtek,Camtek,Camtek Tokyo,office,"5F-48 Sanno Bridge, 2-5-6 Sanno, Ota-ku, Tokyo 143-0023, Japan",Japan,,,unlocated,needs_review,https://www.camtek.com/contact/asia/,company_locations_page,2026-08-24,2026-08-25,https://nominatim.openstreetmap.org/,,,,,,,,,,,,,,,,,,
camtek-007,camtek,Camtek,Camtek Singapore,office,"Mapletree Hi-Tech Park, Block 163 Kallang Way, #03-11, Singapore 349256",Singapore,,,unlocated,needs_review,https://www.camtek.com/contact/asia/,company_locations_page,2026-08-24,2026-08-25,https://nominatim.openstreetmap.org/,,,,,,,,,,,,,,,,,,
camtek-008,camtek,Camtek,Camtek Beaverton,office,"1815 NW 169th Place, Suite 1080, Beaverton, OR 97006, United States",United States,,,unlocated,needs_review,https://www.camtek.com/contact/usa/,company_locations_page,2026-08-24,2026-08-25,https://nominatim.openstreetmap.org/,,,,,,,,,,,,,,,,,,
camtek-009,camtek,Camtek,Camtek Kirchheim bei München,office,"Liebigstraße 6, 85551 Kirchheim bei München, Germany",Germany,48.1783251,11.7596696,street_or_area_candidate,geocoded,https://www.camtek.com/contact/europe/,company_locations_page,2026-08-24,2026-08-25,https://nominatim.openstreetmap.org/,"6, Liebigstraße, Kirchheim I-West, Kirchheim bei München, Landkreis München, Bayern, 85551, Deutschland",node,4708756066,"Liebigstraße 6, 85551 Kirchheim bei München, Germany",,,,,,,,,,,,,,
camtek-010,camtek,Camtek,Camtek Bergisch Gladbach — FRT Metrology,manufacturing,"Friedrich-Ebert-Straße 75, 51429 Bergisch Gladbach, Germany",Germany,50.9581853,7.1883547,building,map_ready,https://www.camtek.com/contact/frt-metrology/,company_locations_page,2026-08-24,2026-08-25,https://nominatim.openstreetmap.org/,"Haus 51, 75, Friedrich-Ebert-Straße, Bockenberg, Moitzfeld, Bergisch Gladbach, Rheinisch-Bergischer Kreis, Nordrhein-Westfalen, 51429, Deutschland",way,178883747,"Friedrich-Ebert-Straße 75, 51429 Bergisch Gladbach, Germany",openstreetmap_building_match,2026-08-25,,,,,,,,,,,,
jeol-001,jeol,JEOL,JEOL Akishima Headquarters and Works,headquarters,"3-1-2 Musashino, Akishima, Tokyo 196-8558, Japan",Japan,35.7202101,139.3767428,street_or_area_candidate,geocoded,https://www.jeol.co.jp/corporate/outline/branches.html,company_locations_page,2026-08-24,2026-08-25,https://nominatim.openstreetmap.org/,"武蔵野, 昭島市, 東京都, 196-0021, 日本",relation,19163997,"3-1-2 Musashino, Akishima, Tokyo 196-8558, Japan",,,,,,,,,,,,,,
jeol-002,jeol,JEOL,JEOL Akishima Building 6,manufacturing,"1156 Nakagamicho, Akishima, Tokyo 196-0022, Japan",Japan,35.711499,139.3767214,street_or_area_candidate,geocoded,https://www.jeol.co.jp/corporate/outline/branches.html,company_locations_page,2026-08-24,2026-08-25,https://nominatim.openstreetmap.org/,"中神町, 昭島市, 東京都, 196-0022, 日本",relation,19163998,"1156 Nakagamicho, Akishima, Tokyo 196-0022, Japan",,,,,,,,,,,,,,
jeol-003,jeol,JEOL,JEOL Akishima Second Works,manufacturing,"2-6-38 Musashino, Akishima, Tokyo 196-0021, Japan",Japan,35.7218892,139.3761173,street_or_area_candidate,geocoded,https://www.jeol.co.jp/corporate/outline/branches.html,company_locations_page,2026-08-24,2026-08-25,https://nominatim.openstreetmap.org/,"武蔵野二丁目, 武蔵野, 昭島市, 東京都, 196-0021, 日本",relation,19163995,"2-6-38 Musashino, Akishima, Tokyo 196-0021, Japan",,,,,,,,,,,,,,
jeol-004,jeol,JEOL,JEOL Musashimurayama Works,manufacturing,"2-11-1 Inadaira, Musashimurayama, Tokyo 208-0023, Japan",Japan,35.7409989,139.3763425,street_or_area_candidate,geocoded,https://www.jeol.co.jp/corporate/outline/branches.html,company_locations_page,2026-08-24,2026-08-25,https://nominatim.openstreetmap.org/,"伊奈平, 武蔵村山市, 東京都, 208-0023, 日本",relation,19297103,"2-11-1 Inadaira, Musashimurayama, Tokyo 208-0023, Japan",,,,,,,,,,,,,,
jeol-005,jeol,JEOL,JEOL Tokyo Office,office,"Taisei Otemachi Building 13F, 2-1-1 Otemachi, Chiyoda-ku, Tokyo 100-0004, Japan",Japan,,,unlocated,needs_review,https://www.jeol.co.jp/corporate/outline/branches.html,company_locations_page,2026-08-24,2026-08-25,https://nominatim.openstreetmap.org/,,,,,,,,,,,,,,,,,,
jeol-006,jeol,JEOL,JEOL Tokyo Branch,office,"Taisei Otemachi Building 13F, 2-1-1 Otemachi, Chiyoda-ku, Tokyo 100-0004, Japan",Japan,,,unlocated,needs_review,https://www.jeol.co.jp/corporate/outline/branches.html,company_locations_page,2026-08-24,2026-08-25,https://nominatim.openstreetmap.org/,,,,,,,,,,,,,,,,,,
jeol-007,jeol,JEOL,JEOL Tokyo Second Office,office,"Shinsuzuharu Building, 2-8-3 Akebonocho, Tachikawa, Tokyo 190-0012, Japan",Japan,,,unlocated,needs_review,https://www.jeol.co.jp/corporate/outline/branches.html,company_locations_page,2026-08-24,2026-08-25,https://nominatim.openstreetmap.org/,,,,,,,,,,,,,,,,,,
jeol-008,jeol,JEOL,JEOL Yokohama Office,office,"Shin-Yokohama Chitose Kanko Building 6F, 3-6-4 Shin-Yokohama, Kohoku-ku, Yokohama, Kanagawa 222-0033, Japan",Japan,,,unlocated,needs_review,https://www.jeol.co.jp/corporate/outline/branches.html,company_locations_page,2026-08-24,2026-08-25,https://nominatim.openstreetmap.org/,,,,,,,,,,,,,,,,,,
jeol-009,jeol,JEOL,JEOL Sapporo Branch,office,"Norte Plaza 5F, Kita 9-jo Nishi 3-19, Kita-ku, Sapporo, Hokkaido 060-0809, Japan",Japan,,,unlocated,needs_review,https://www.jeol.co.jp/corporate/outline/branches.html,company_locations_page,2026-08-24,2026-08-25,https://nominatim.openstreetmap.org/,,,,,,,,,,,,,,,,,,
jeol-010,jeol,JEOL,JEOL Sendai Branch,office,"Sendai Mitsubishi Building 6F, 2-2-1 Chuo, Aoba-ku, Sendai, Miyagi 980-0021, Japan",Japan,,,unlocated,needs_review,https://www.jeol.co.jp/corporate/outline/branches.html,company_locations_page,2026-08-24,2026-08-25,https://nominatim.openstreetmap.org/,,,,,,,,,,,,,,,,,,
jeol-011,jeol,JEOL,JEOL Tsukuba Branch,office,"18-1 Higashiarai, Tsukuba, Ibaraki 305-0033, Japan",Japan,36.0764793,140.1126659,street_or_area_candidate,geocoded,https://www.jeol.co.jp/corporate/outline/branches.html,company_locations_page,2026-08-24,2026-08-25,https://nominatim.openstreetmap.org/,"東新井, つくば市, 茨城県, 305-0033, 日本",node,8394127083,"18-1 Higashiarai, Tsukuba, Ibaraki 305-0033, Japan",,,,,,,,,,,,,,
jeol-012,jeol,JEOL,JEOL Nagoya Branch,office,"Nagoya International Center Building 14F, 1-47-1 Nagono, Nakamura-ku, Nagoya, Aichi 450-0001, Japan",Japan,,,unlocated,needs_review,https://www.jeol.co.jp/corporate/outline/branches.html,company_locations_page,2026-08-24,2026-08-25,https://nominatim.openstreetmap.org/,,,,,,,,,,,,,,,,,,
jeol-013,jeol,JEOL,JEOL Osaka Branch,office,"Nissei Shin-Osaka South Exit Building 11F, 5-14-5 Nishinakajima, Yodogawa-ku, Osaka 532-0011, Japan",Japan,,,unlocated,needs_review,https://www.jeol.co.jp/corporate/outline/branches.html,company_locations_page,2026-08-24,2026-08-25,https://nominatim.openstreetmap.org/,,,,,,,,,,,,,,,,,,
jeol-014,jeol,JEOL,JEOL West Japan Solution Center,office,"Nissei Shin-Osaka South Exit Building 1F, 5-14-5 Nishinakajima, Yodogawa-ku, Osaka 532-0011, Japan",Japan,,,unlocated,needs_review,https://www.jeol.co.jp/corporate/outline/branches.html,company_locations_page,2026-08-24,2026-08-25,https://nominatim.openstreetmap.org/,,,,,,,,,,,,,,,,,,
jeol-015,jeol,JEOL,JEOL Hiroshima Branch,office,"Hiroshima NS Building 5F, 10-6 Hashimotocho, Naka-ku, Hiroshima 730-0015, Japan",Japan,,,unlocated,needs_review,https://www.jeol.co.jp/corporate/outline/branches.html,company_locations_page,2026-08-24,2026-08-25,https://nominatim.openstreetmap.org/,,,,,,,,,,,,,,,,,,
jeol-016,jeol,JEOL,JEOL Takamatsu Branch,office,"Pacific City Takamatsu 5F, 1-1-12 Kotobukicho, Takamatsu, Kagawa 760-0023, Japan",Japan,,,unlocated,needs_review,https://www.jeol.co.jp/corporate/outline/branches.html,company_locations_page,2026-08-24,2026-08-25,https://nominatim.openstreetmap.org/,,,,,,,,,,,,,,,,,,
jeol-017,jeol,JEOL,JEOL Fukuoka Branch,office,"Fukuoka Asahi Building 5F, 2-1-1 Hakataekimae, Hakata-ku, Fukuoka 812-0011, Japan",Japan,,,unlocated,needs_review,https://www.jeol.co.jp/corporate/outline/branches.html,company_locations_page,2026-08-24,2026-08-25,https://nominatim.openstreetmap.org/,,,,,,,,,,,,,,,,,,
jeol-018,jeol,JEOL,JEOL JEOL Technoservice,field_support,"3-1-2 Musashino, Akishima, Tokyo 196-8558, Japan",Japan,35.7202101,139.3767428,street_or_area_candidate,geocoded,https://www.jeol.co.jp/corporate/outline/branches.html,company_locations_page,2026-08-24,2026-08-25,https://nominatim.openstreetmap.org/,"武蔵野, 昭島市, 東京都, 196-0021, 日本",relation,19163997,"3-1-2 Musashino, Akishima, Tokyo 196-8558, Japan",,,,,,,,,,,,,,
jeol-019,jeol,JEOL,JEOL JEOL Yamagata,manufacturing,"1655 Daibutsu, Yamaguchi, Tendo, Yamagata 994-0101, Japan",Japan,,,unlocated,needs_review,https://www.jeol.co.jp/corporate/outline/branches.html,company_locations_page,2026-08-24,2026-08-25,https://nominatim.openstreetmap.org/,,,,,,,,,,,,,,,,,,
jeol-020,jeol,JEOL,JEOL JEOL Instruments,manufacturing,"2-8-11 Musashino, Akishima, Tokyo 196-0021, Japan",Japan,35.7218892,139.3761173,street_or_area_candidate,geocoded,https://www.jeol.co.jp/corporate/outline/branches.html,company_locations_page,2026-08-24,2026-08-25,https://nominatim.openstreetmap.org/,"武蔵野二丁目, 武蔵野, 昭島市, 東京都, 196-0021, 日本",relation,19163995,"2-8-11 Musashino, Akishima, Tokyo 196-0021, Japan",,,,,,,,,,,,,,
jeol-021,jeol,JEOL,JEOL Japan Superconductor Technology,manufacturing,"1-5-5 Takatsukadai, Nishi-ku, Kobe, Hyogo 651-2271, Japan",Japan,34.7381741,135.0208,street_or_area_candidate,geocoded,https://www.jeol.co.jp/corporate/outline/branches.html,company_locations_page,2026-08-24,2026-08-25,https://nominatim.openstreetmap.org/,"高塚台七丁目, 押部谷町高和, 西区, 神戸市, 兵庫県, 651-2271, 日本",node,8592241703,"1-5-5 Takatsukadai, Nishi-ku, Kobe, Hyogo 651-2271, Japan",,,,,,,,,,,,,,
jeol-022,jeol,JEOL,JEOL São Paulo — JEOL Brasil,office,"Av. Jabaquara 2958, 5th Floor, Suite 52, São Paulo, SP 04046-500, Brazil",Brazil,,,unlocated,needs_review,https://www.jeol.com/corporate/outline/overseas_relative/,company_locations_page,2026-08-24,2026-08-25,https://nominatim.openstreetmap.org/,,,,,,,,,,,,,,,,,,
jeol-023,jeol,JEOL,JEOL St-Hubert — JEOL Canada,office,"3275 1ere Rue, Local 8, St-Hubert, QC J3Y 8Y6, Canada",Canada,,,unlocated,needs_review,https://www.jeol.com/corporate/outline/overseas_relative/,company_locations_page,2026-08-24,2026-08-25,https://nominatim.openstreetmap.org/,,,,,,,,,,,,,,,,,,
jeol-024,jeol,JEOL,JEOL Mexico City — JEOL de Mexico,office,"Arkansas 11, Piso 2, Colonia Nápoles, Benito Juárez, Mexico City 03810, Mexico",Mexico,,,unlocated,needs_review,https://www.jeol.com/corporate/outline/overseas_relative/,company_locations_page,2026-08-24,2026-08-25,https://nominatim.openstreetmap.org/,,,,,,,,,,,,,,,,,,
jeol-025,jeol,JEOL,JEOL Peabody — JEOL USA,office,"11 Dearborn Road, Peabody, MA 01960, United States",United States,42.5236615,-70.9913018,building,map_ready,https://www.jeol.com/corporate/outline/overseas_relative/,company_locations_page,2026-08-24,2026-08-25,https://nominatim.openstreetmap.org/,"11, Dearborn Road, Peabody, Essex County, Massachusetts, 01960, United States",way,215002779,"11 Dearborn Road, Peabody, MA 01960, United States",openstreetmap_building_match,2026-08-25,,,,,,,,,,,,
jeol-026,jeol,JEOL,JEOL Pleasanton — Integrated Dynamic Electron Solutions,office,"4670 Willow Road, Suite 100, Pleasanton, CA 94588, United States",United States,,,unlocated,needs_review,https://www.jeol.com/corporate/outline/overseas_relative/,company_locations_page,2026-08-24,2026-08-25,https://nominatim.openstreetmap.org/,,,,,,,,,,,,,,,,,,
jeol-027,jeol,JEOL,JEOL Croissy-sur-Seine — JEOL Holding Europe,office,"Espace Claude Monet, 1 Allée de Giverny, 78290 Croissy-sur-Seine, France",France,,,unlocated,needs_review,https://www.jeol.com/corporate/outline/overseas_relative/,company_locations_page,2026-08-24,2026-08-25,https://nominatim.openstreetmap.org/,,,,,,,,,,,,,,,,,,
jeol-028,jeol,JEOL,JEOL Croissy-sur-Seine — JEOL Europe,office,"Espace Claude Monet, 1 Allée de Giverny, 78290 Croissy-sur-Seine, France",France,,,unlocated,needs_review,https://www.jeol.com/corporate/outline/overseas_relative/,company_locations_page,2026-08-24,2026-08-25,https://nominatim.openstreetmap.org/,,,,,,,,,,,,,,,,,,
jeol-029,jeol,JEOL,JEOL Freising — JEOL Germany,office,"Gute Änger 30, 85356 Freising, Germany",Germany,48.3879704,11.7568934,building,map_ready,https://www.jeol.com/corporate/outline/overseas_relative/,company_locations_page,2026-08-24,2026-08-25,https://nominatim.openstreetmap.org/,"30, Gute Änger, Lerchenfeld West, Lerchenfeld, Attaching, Freising, Landkreis Freising, Bayern, 85356, Deutschland",way,958570221,"Gute Änger 30, 85356 Freising, Germany",openstreetmap_building_match,2026-08-25,,,,,,,,,,,,
jeol-030,jeol,JEOL,JEOL Welwyn Garden City — JEOL UK,office,"Silver Court, Watchmead, Welwyn Garden City, Hertfordshire AL7 1LT, United Kingdom",United Kingdom,,,unlocated,needs_review,https://www.jeol.com/corporate/outline/overseas_relative/,company_locations_page,2026-08-24,2026-08-25,https://nominatim.openstreetmap.org/,,,,,,,,,,,,,,,,,,
jeol-031,jeol,JEOL,JEOL Basiglio — JEOL Italia,office,"Palazzo Pacinotti, Milano 3 City, Via Ludovico il Moro 6/A, 20079 Basiglio, Italy",Italy,,,unlocated,needs_review,https://www.jeol.com/corporate/outline/overseas_relative/,company_locations_page,2026-08-24,2026-08-25,https://nominatim.openstreetmap.org/,,,,,,,,,,,,,,,,,,
jeol-032,jeol,JEOL,JEOL Nieuw-Vennep — JEOL Europe BV,office,"Lireweg 4, 2153 PH Nieuw-Vennep, Netherlands",Netherlands,52.2549722,4.6303236,building,map_ready,https://www.jeol.com/corporate/outline/overseas_relative/,company_locations_page,2026-08-24,2026-08-25,https://nominatim.openstreetmap.org/,"Jeol, 4, Lireweg, Nieuw-Vennep-Zuid, Linquenda, Nieuw-Vennep, Haarlemmermeer, Noord-Holland, Nederland, 2153 PH, Nederland",node,2734903694,"Lireweg 4, 2153 PH Nieuw-Vennep, Netherlands",openstreetmap_building_match,2026-08-25,,,,,,,,,,,,
jeol-033,jeol,JEOL,JEOL Moscow — JEOL Rus,office,"Office 351, Floor 3, 23 Novoslobodskaya Street, Moscow 127055, Russia",Russia,,,unlocated,needs_review,https://www.jeol.com/corporate/outline/overseas_relative/,company_locations_page,2026-08-24,2026-08-25,https://nominatim.openstreetmap.org/,,,,,,,,,,,,,,,,,,
jeol-034,jeol,JEOL,JEOL Sollentuna — JEOL Nordic,office,"Hammarbacken 6A, 191 27 Sollentuna, Sweden",Sweden,59.4452928,17.9237637,street_or_area_candidate,geocoded,https://www.jeol.com/corporate/outline/overseas_relative/,company_locations_page,2026-08-24,2026-08-25,https://nominatim.openstreetmap.org/,"6A, Hammarbacken, Klasro, Södra Häggvik, Häggvik, Sollentuna kommun, Stockholms län, 191 49, Sverige",node,2406996040,"Hammarbacken 6A, 191 27 Sollentuna, Sweden",,,,,,,,,,,,,,
jeol-035,jeol,JEOL,JEOL Frenchs Forest — JEOL Australasia,office,"Suite 1, Level 2, 18 Aquatic Drive, Frenchs Forest, NSW 2086, Australia",Australia,,,unlocated,needs_review,https://www.jeol.com/corporate/outline/overseas_relative/,company_locations_page,2026-08-24,2026-08-25,https://nominatim.openstreetmap.org/,,,,,,,,,,,,,,,,,,
jeol-036,jeol,JEOL,JEOL Beijing,office,"Zhongkeziyuan Building South Tower 2F, 6 Zhongguancun Nansanjie Street, Haidian District, Beijing 100190, China",China,,,unlocated,needs_review,https://www.jeol.com/corporate/outline/overseas_relative/,company_locations_page,2026-08-24,2026-08-25,https://nominatim.openstreetmap.org/,,,,,,,,,,,,,,,,,,
jeol-037,jeol,JEOL,JEOL Shanghai Branch,office,"Room 2F-BC, Building A, Bio Hill, 207 Songhong Road, Changning District, Shanghai 200335, China",China,,,unlocated,needs_review,https://www.jeol.com/corporate/outline/overseas_relative/,company_locations_page,2026-08-24,2026-08-25,https://nominatim.openstreetmap.org/,,,,,,,,,,,,,,,,,,
jeol-038,jeol,JEOL,JEOL JEOL Shanghai Semiconductors,manufacturing,"Building 3, 589 Quwu Road, Shanghai 200241, China",China,,,unlocated,needs_review,https://www.jeol.com/corporate/outline/overseas_relative/,company_locations_page,2026-08-24,2026-08-25,https://nominatim.openstreetmap.org/,,,,,,,,,,,,,,,,,,
jeol-039,jeol,JEOL,JEOL New Delhi — JEOL India,office,"Unit 305, 3rd Floor, ABW Elegance Tower, Jasola District Centre, New Delhi 110025, India",India,,,unlocated,needs_review,https://www.jeol.com/corporate/outline/overseas_relative/,company_locations_page,2026-08-24,2026-08-25,https://nominatim.openstreetmap.org/,,,,,,,,,,,,,,,,,,
jeol-040,jeol,JEOL,JEOL Seoul — JEOL Korea,office,"AJ Building 6F, 9 Jeongui-ro 8-gil, Songpa-gu, Seoul 05836, South Korea",South Korea,,,unlocated,needs_review,https://www.jeol.com/corporate/outline/overseas_relative/,company_locations_page,2026-08-24,2026-08-25,https://nominatim.openstreetmap.org/,,,,,,,,,,,,,,,,,,
jeol-041,jeol,JEOL,JEOL Hwaseong — JEOL Semiconductors Korea,office,"Keumkang Penterium IT Tower 1102-1105, 557 Dongtangiheung-ro, Hwaseong-si, Gyeonggi-do 18469, South Korea",South Korea,,,unlocated,needs_review,https://www.jeol.com/corporate/outline/overseas_relative/,company_locations_page,2026-08-24,2026-08-25,https://nominatim.openstreetmap.org/,,,,,,,,,,,,,,,,,,
jeol-042,jeol,JEOL,JEOL Petaling Jaya — JEOL Malaysia,office,"Unit 508, Block A, Level 5, Kelana Business Center, 97 Jalan SS7/2, Kelana Jaya, Petaling Jaya 47301, Malaysia",Malaysia,,,unlocated,needs_review,https://www.jeol.com/corporate/outline/overseas_relative/,company_locations_page,2026-08-24,2026-08-25,https://nominatim.openstreetmap.org/,,,,,,,,,,,,,,,,,,
jeol-043,jeol,JEOL,JEOL Singapore — JEOL Asia,office,"Corporation Place, 2 Corporation Road, #01-12, Singapore 618494",Singapore,,,unlocated,needs_review,https://www.jeol.com/corporate/outline/overseas_relative/,company_locations_page,2026-08-24,2026-08-25,https://nominatim.openstreetmap.org/,,,,,,,,,,,,,,,,,,
jeol-044,jeol,JEOL,JEOL Zhubei — JEOL Taiwan Semiconductors,office,"198 Xingong 2nd Road, Zhubei City, Hsinchu County 302004, Taiwan",Taiwan,,,unlocated,needs_review,https://www.jeol.com/corporate/outline/overseas_relative/,company_locations_page,2026-08-24,2026-08-25,https://nominatim.openstreetmap.org/,,,,,,,,,,,,,,,,,,
jeol-045,jeol,JEOL,JEOL Zhubei — JEOL Taiwan Analysis Solutions,office,"198 Xingong 2nd Road, Zhubei City, Hsinchu County 302004, Taiwan",Taiwan,,,unlocated,needs_review,https://www.jeol.com/corporate/outline/overseas_relative/,company_locations_page,2026-08-24,2026-08-25,https://nominatim.openstreetmap.org/,,,,,,,,,,,,,,,,,,
jeol-046,jeol,JEOL,JEOL Dubai — JEOL Gulf,office,"West Wing 5WA, Unit G12, Dubai Airport Free Zone, Dubai, United Arab Emirates",United Arab Emirates,,,unlocated,needs_review,https://www.jeol.com/corporate/outline/overseas_relative/,company_locations_page,2026-08-24,2026-08-25,https://nominatim.openstreetmap.org/,,,,,,,,,,,,,,,,,,
jeol-047,jeol,JEOL,JEOL Bangkok — JEOL Asia Thailand,office,"118 Block 28X Building, 4th Floor, Room X401, Soi Chula 5, Wang Mai, Pathum Wan, Bangkok 10330, Thailand",Thailand,,,unlocated,needs_review,https://www.jeol.com/corporate/outline/overseas_relative/,company_locations_page,2026-08-24,2026-08-25,https://nominatim.openstreetmap.org/,,,,,,,,,,,,,,,,,,
raith-001,raith,Raith,Raith Dortmund Headquarters,headquarters,"Konrad-Adenauer-Allee 8, 44263 Dortmund, Germany",Germany,51.4857886,7.47992,building,map_ready,https://raith.com/company/locations-and-representatives/,company_locations_page,2026-08-24,2026-08-25,https://nominatim.openstreetmap.org/,"8, Konrad-Adenauer-Allee, Phönix-West, Hacheney, Hörde, Dortmund, Nordrhein-Westfalen, 44263, Deutschland",way,52879526,"Konrad-Adenauer-Allee 8, 44263 Dortmund, Germany",openstreetmap_building_match,2026-08-25,,,,,,,,,,,,
raith-002,raith,Raith,Raith Experience Center Europe,office,"Walter-Bruch-Straße 9, 44263 Dortmund, Germany",Germany,51.4877759,7.4769649,building,map_ready,https://raith.com/company/locations-and-representatives/,company_locations_page,2026-08-24,2026-08-25,https://nominatim.openstreetmap.org/,"9, Walter-Bruch-Straße, Phönix-West, Hacheney, Hörde, Dortmund, Nordrhein-Westfalen, 44263, Deutschland",way,498581205,"Walter-Bruch-Straße 9, 44263 Dortmund, Germany",openstreetmap_building_match,2026-08-25,,,,,,,,,,,,
raith-003,raith,Raith,Raith Münster Subsidiary,office,"Lise-Meitner-Straße 19, 48161 Münster, Germany",Germany,51.9420422,7.5290783,building,map_ready,https://raith.com/company/locations-and-representatives/,company_locations_page,2026-08-24,2026-08-25,https://nominatim.openstreetmap.org/,"19, Lise-Meitner-Straße, Roxel, Münster-West, Münster, Nordrhein-Westfalen, 48161, Deutschland",way,248468771,"Lise-Meitner-Straße 19, 48161 Münster, Germany",openstreetmap_building_match,2026-08-25,,,,,,,,,,,,
raith-004,raith,Raith,Raith Best — RAITH BV,office,"De Dintel 27, 5684 PS Best, Netherlands",Netherlands,51.4872998,5.402467,street_or_area_candidate,geocoded,https://raith.com/company/locations-and-representatives/,company_locations_page,2026-08-24,2026-08-25,https://nominatim.openstreetmap.org/,"27, de Dintel, Bedrijvenpark Breeven, Best, Noord-Brabant, Nederland, 5684 PS, Nederland",node,2736280719,"De Dintel 27, 5684 PS Best, Netherlands",,,,,,,,,,,,,,
raith-005,raith,Raith,Raith Eindhoven — RAITH Laser Systems,manufacturing,"Parmentierweg 7, 5657 EH Eindhoven, Netherlands",Netherlands,51.4568662,5.3999226,street_or_area_candidate,geocoded,https://raith.com/company/locations-and-representatives/,company_locations_page,2026-08-24,2026-08-25,https://nominatim.openstreetmap.org/,"7, Parmentierweg, Flight Forum, Strijp, Eindhoven, Noord-Brabant, Nederland, 5657 EH, Nederland",node,4695965210,"Parmentierweg 7, 5657 EH Eindhoven, Netherlands",,,,,,,,,,,,,,
raith-006,raith,Raith,Raith Troy — RAITH America,office,"International Applications Center, 300 Jordan Road, Troy, NY 12180, United States",United States,,,unlocated,needs_review,https://raith.com/company/locations-and-representatives/,company_locations_page,2026-08-24,2026-08-25,https://nominatim.openstreetmap.org/,,,,,,,,,,,,,,,,,,
raith-007,raith,Raith,Raith Bengaluru — RAITH India,office,"Sri Krishna Complex, 2nd Floor, 36 MES Ring Road, Bengaluru 560054, India",India,,,unlocated,needs_review,https://raith.com/company/locations-and-representatives/,company_locations_page,2026-08-24,2026-08-25,https://nominatim.openstreetmap.org/,,,,,,,,,,,,,,,,,,
raith-008,raith,Raith,Raith Hong Kong — RAITH Asia,office,"Two Chinachem Exchange Square, 7F, Units 05-06, 338 King’s Road, North Point, Hong Kong",Hong Kong,,,unlocated,needs_review,https://raith.com/company/locations-and-representatives/,company_locations_page,2026-08-24,2026-08-25,https://nominatim.openstreetmap.org/,,,,,,,,,,,,,,,,,,
raith-009,raith,Raith,Raith Seoul — RAITH Asia Korea Branch,office,"54 Eunhaengjeong-ro, Yangcheon-gu, Seoul 08021, South Korea",South Korea,37.526023,126.8595507,street_or_area_candidate,geocoded,https://raith.com/company/locations-and-representatives/,company_locations_page,2026-08-24,2026-08-25,https://nominatim.openstreetmap.org/,"은행정로, 신정4동, 양천구, 서울특별시, 08020, 대한민국",way,466004236,"54 Eunhaengjeong-ro, Yangcheon-gu, Seoul 08021, South Korea",,,,,,,,,,,,,,
raith-010,raith,Raith,Raith Beijing — RAITH China,office,"Room 1201, South Tower, Leeza SOHO, 20 Lize Road, Fengtai District, Beijing 100073, China",China,,,unlocated,needs_review,https://raith.com/company/locations-and-representatives/,company_locations_page,2026-08-24,2026-08-25,https://nominatim.openstreetmap.org/,,,,,,,,,,,,,,,,,,
raith-011,raith,Raith,Raith Experience Center Asia,office,"West Area, 1st Floor, Building 122, 166 Meiyue Road, China (Shanghai) Pilot Free Trade Zone, Shanghai 200131, China",China,,,unlocated,needs_review,https://raith.com/company/locations-and-representatives/,company_locations_page,2026-08-24,2026-08-25,https://nominatim.openstreetmap.org/,,,,,,,,,,,,,,,,,,
raith-012,raith,Raith,Raith Køge — Xnovo Technology,office,"Galoche Allé 15, 1st Floor, 4600 Køge, Denmark",Denmark,,,unlocated,needs_review,https://raith.com/company/locations-and-representatives/,company_locations_page,2026-08-24,2026-08-25,https://nominatim.openstreetmap.org/,,,,,,,,,,,,,,,,,,
park-systems-001,park-systems,Park Systems,Park Systems Global Headquarters,headquarters,"150 Gwacheon-daero 12-gil, Gwacheon-si, Gyeonggi-do 13824, South Korea",South Korea,37.4138811,126.9906686,building,map_ready,https://www.parksystems.com/en/company/locations,company_locations_endpoint,2026-08-24,,,,,,,,2026-08-24,,,https://www.parksystems.com/en/company/locations,,,,,,,,,
park-systems-002,park-systems,Park Systems,Park Systems Europe GmbH,office,"Schildkrötstraße 15, 68199 Mannheim, Germany",Germany,49.455071,8.4979918,building,map_ready,https://www.parksystems.com/en/company/locations,company_locations_endpoint,2026-08-24,,,,,,,,2026-08-24,,,https://www.parksystems.com/en/company/locations,,,,,,,,,
park-systems-003,park-systems,Park Systems,Park Systems Manufacturing Center,manufacturing,"KANC 4F, 109 Gwanggyo-ro, Suwon, Gyeonggi-do 16229, South Korea",South Korea,37.2929597,127.0422603,building,map_ready,https://www.parksystems.com/en/company/locations,company_locations_endpoint,2026-08-24,,,,,,,,2026-08-24,,,https://www.parksystems.com/en/company/locations,,,,,,,,,
park-systems-004,park-systems,Park Systems,Park Systems Santa Clara,office,"3040 Olcott Street, Santa Clara, CA 95054, United States",United States,37.377364,-121.9700289,building,map_ready,https://www.parksystems.com/en/company/locations,company_locations_endpoint,2026-08-24,,,,,,,,2026-08-24,,,https://www.parksystems.com/en/company/locations,,,,,,,,,
park-systems-005,park-systems,Park Systems,Park Systems East Coast Applications Center,office,"Building 5, Room 120, 147 South Bedford Street, Burlington, MA 01803, United States",United States,42.478542,-71.191362,building,map_ready,https://www.parksystems.com/en/company/locations,company_locations_endpoint,2026-08-24,,,,,,,,2026-08-24,,,https://www.parksystems.com/en/company/locations,,,,,,,,,
park-systems-006,park-systems,Park Systems,Park Systems Mexico,office,"Río de la Magdalena 326, Office 104, Colonia La Otra Banda, Álvaro Obregón, Mexico City 01090, Mexico",Mexico,19.3366217,-99.2011296,building,map_ready,https://www.parksystems.com/en/company/locations,company_locations_endpoint,2026-08-24,,,,,,,,2026-08-24,,,https://www.parksystems.com/en/company/locations,,,,,,,,,
park-systems-007,park-systems,Park Systems,Park Systems Göttingen — Accurion Division,office,"Stresemannstraße 30, 37079 Göttingen, Germany",Germany,51.54803704,9.905046798,building,map_ready,https://www.parksystems.com/en/company/locations,company_locations_endpoint,2026-08-24,,,,,,,,2026-08-24,,,https://www.parksystems.com/en/company/locations,,,,,,,,,
park-systems-008,park-systems,Park Systems,Park Systems UK,office,"MediCity Nottingham, Thane Road, Nottingham NG90 6BH, United Kingdom",United Kingdom,52.9253593,-1.1971452,building,map_ready,https://www.parksystems.com/en/company/locations,company_locations_endpoint,2026-08-24,,,,,,,,2026-08-24,,,https://www.parksystems.com/en/company/locations,,,,,,,,,
park-systems-009,park-systems,Park Systems,Park Systems France,office,"21 Rue Jean Rostand, Parc Orsay Université, 91400 Orsay, France",France,48.7103073,2.173384,building,map_ready,https://www.parksystems.com/en/company/locations,company_locations_endpoint,2026-08-24,,,,,,,,2026-08-24,,,https://www.parksystems.com/en/company/locations,,,,,,,,,
park-systems-010,park-systems,Park Systems,Park Systems Lausanne — Lyncée Tec,office,"EPFL Innovation Park, Building A, 1015 Lausanne, Switzerland",Switzerland,46.5191,6.5668,building,map_ready,https://www.parksystems.com/en/company/locations,company_locations_endpoint,2026-08-24,,,,,,,,2026-08-24,,,https://www.parksystems.com/en/company/locations,,,,,,,,,
park-systems-011,park-systems,Park Systems,Park Systems Japan,office,"1F, 1-11-4 Nishishimbashi, Minato-ku, Tokyo 105-0003, Japan",Japan,35.6687262,139.7531892,building,map_ready,https://www.parksystems.com/en/company/locations,company_locations_endpoint,2026-08-24,,,,,,,,2026-08-24,,,https://www.parksystems.com/en/company/locations,,,,,,,,,
park-systems-012,park-systems,Park Systems,Park Systems Beijing,office,"Room 518, Tianchuang Science and Technology Building, 8 Caihefang Road, Haidian District, Beijing, China",China,39.981621,116.3067954,building,map_ready,https://www.parksystems.com/en/company/locations,company_locations_endpoint,2026-08-24,,,,,,,,2026-08-24,,,https://www.parksystems.com/en/company/locations,,,,,,,,,
park-systems-013,park-systems,Park Systems,Park Systems Shanghai,office,"Room 118, Building 5, DoBe Hongqiao International WE, 199 Fenghong Road, Minhang District, Shanghai, China",China,31.2068416,121.3230258,building,map_ready,https://www.parksystems.com/en/company/locations,company_locations_endpoint,2026-08-24,,,,,,,,2026-08-24,,,https://www.parksystems.com/en/company/locations,,,,,,,,,
park-systems-014,park-systems,Park Systems,Park Systems Guangzhou,office,"Room B211, 200 Wushan Road, Tianhe District, Guangzhou, China",China,23.14406,113.3438613,building,map_ready,https://www.parksystems.com/en/company/locations,company_locations_endpoint,2026-08-24,,,,,,,,2026-08-24,,,https://www.parksystems.com/en/company/locations,,,,,,,,,
park-systems-015,park-systems,Park Systems,Park Systems Taiwan,office,"4F-1, No. 8, Taiyuan 1st Road, Zhubei City, Hsinchu County 302, Taiwan",Taiwan,24.8409259,121.0169745,building,map_ready,https://www.parksystems.com/en/company/locations,company_locations_endpoint,2026-08-24,,,,,,,,2026-08-24,,,https://www.parksystems.com/en/company/locations,,,,,,,,,
park-systems-016,park-systems,Park Systems,Park Systems Singapore,office,"The Alpha, #01-03, 10 Science Park Road, Singapore 117684",Singapore,1.2884794,103.7773393,building,map_ready,https://www.parksystems.com/en/company/locations,company_locations_endpoint,2026-08-24,,,,,,,,2026-08-24,,,https://www.parksystems.com/en/company/locations,,,,,,,,,
park-systems-017,park-systems,Park Systems,Park Systems India,office,"2F, No. 86, Gokul Towers, M. S. Ramaiah Road, Gokula, Bengaluru, Karnataka 560054, India",India,,,unlocated,needs_review,https://www.parksystems.com/en/company/locations,company_locations_endpoint,2026-08-24,2026-08-25,https://nominatim.openstreetmap.org/,,,,,,,,,,Official directory coordinate conflicts with the documented Bengaluru address; excluded pending building-level verification.,,,,,,,,
nearfield-instruments-001,nearfield-instruments,Nearfield Instruments,Nearfield Instruments Rotterdam Headquarters,headquarters,"Vareseweg 5, 3047 AT Rotterdam, Netherlands",Netherlands,51.9468338,4.411802,street_or_area_candidate,geocoded,https://www.nearfieldinstruments.com/contact/,company_locations_page,2026-08-24,2026-08-25,https://nominatim.openstreetmap.org/,"5, Vareseweg, Bedrijvenpark Noord-West, Overschie, Rotterdam, Zuid-Holland, Nederland, 3047 AT, Nederland",node,2788922186,"Vareseweg 5, 3047 AT Rotterdam, Netherlands",,,,,,,,,,,,,,
nearfield-instruments-002,nearfield-instruments,Nearfield Instruments,Nearfield Instruments Eindhoven,office,"High Tech Campus 69, 5656 AG Eindhoven, Netherlands",Netherlands,51.4086372,5.4563763,street_or_area_candidate,geocoded,https://www.nearfieldinstruments.com/portfolio/nearfield-instruments-establishes-korean-subsidiary/,company_locations_page,2026-08-24,2026-08-25,https://nominatim.openstreetmap.org/,"69, High Tech Campus, High Tech Campus Eindhoven, Gestel, Eindhoven, Noord-Brabant, Nederland, 5656 AG, Nederland",node,4750250074,"High Tech Campus 69, 5656 AG Eindhoven, Netherlands",,,,,,,,,,,,,,
nearfield-instruments-003,nearfield-instruments,Nearfield Instruments,Nearfield Instruments Nagasaki,office,"Nagasaki Bizport 2F, 9-18 Motofunamachi, Nagasaki 850-0035, Japan",Japan,,,unlocated,needs_review,https://www.nearfieldinstruments.com/contact/,company_locations_page,2026-08-24,2026-08-25,https://nominatim.openstreetmap.org/,,,,,,,,,,,,,,,,,,
nearfield-instruments-004,nearfield-instruments,Nearfield Instruments,Nearfield Instruments Pyeongtaek,office,"Ace First Godeok, Unit 1051, 290 Godeokjungang-ro, Pyeongtaek-si, Gyeonggi-do 18014, South Korea",South Korea,,,unlocated,needs_review,https://www.nearfieldinstruments.com/contact/,company_locations_page,2026-08-24,2026-08-25,https://nominatim.openstreetmap.org/,,,,,,,,,,,,,,,,,,
nearfield-instruments-005,nearfield-instruments,Nearfield Instruments,Nearfield Instruments Hillsboro,office,"3485 NE John Olsen Avenue, Hillsboro, OR 97124, United States",United States,45.5449272,-122.8806464,street_or_area_candidate,geocoded,https://www.nearfieldinstruments.com/contact/,company_locations_page,2026-08-24,2026-08-25,https://nominatim.openstreetmap.org/,"3485, Northeast John Olsen Avenue, Tanasbourne Corporate Center, Tanasbourne, Hillsboro, Washington County, Oregon, 97124, United States",way,107641097,"3485 NE John Olsen Avenue, Hillsboro, OR 97124, United States",,,,,,,,,,,,,,
nearfield-instruments-006,nearfield-instruments,Nearfield Instruments,Nearfield Instruments Singapore,office,"Singapore Business Federation Center, #14-04, 160 Robinson Road, Singapore 068914",Singapore,,,unlocated,needs_review,https://www.nearfieldinstruments.com/contact/,company_locations_page,2026-08-24,2026-08-25,https://nominatim.openstreetmap.org/,,,,,,,,,,,,,,,,,,
jsr-001,jsr,JSR,JSR Headquarters,headquarters,"Shiodome Sumitomo Building, 22F, 1-9-2 Higashi-Shimbashi, Minato-ku, Tokyo 105-8640, Japan",Japan,35.662193,139.760129,building,map_ready,https://www.jsr.co.jp/jsr_e/company/office.html,company_locations_page,2026-08-24,,,,,,,,2026-08-24,,,https://www.jsr.co.jp/jsr_e/company/office.html,,,,,,,,,
jsr-002,jsr,JSR,JSR Yokkaichi Plant and Research Laboratories,manufacturing,"100 Kawajiricho, Yokkaichi, Mie 510-8552, Japan",Japan,34.93144657823625,136.6028154507993,building,map_ready,https://www.jsr.co.jp/jsr_e/company/office.html,company_locations_page,2026-08-24,,,,,,,,2026-08-24,,,https://www.jsr.co.jp/jsr_e/company/office.html,,,,,,,,,
jsr-003,jsr,JSR,JSR JSR-Keio University Medical and Chemical Innovation Center,research,"35 Shinanomachi, Shinjuku-ku, Tokyo 160-8582, Japan",Japan,35.68371990258238,139.7202452613249,building,map_ready,https://www.jsr.co.jp/jsr_e/company/office.html,company_locations_page,2026-08-24,,,,,,,,2026-08-24,,,https://www.jsr.co.jp/jsr_e/company/office.html,,,,,,,,,
jsr-004,jsr,JSR,JSR JSR Bioscience and Informatics R&D Center,research,"3-103-9 Tonomachi, Kawasaki-ku, Kawasaki, Kanagawa 210-0821, Japan",Japan,35.538840480227776,139.75243781521206,building,map_ready,https://www.jsr.co.jp/jsr_e/company/office.html,company_locations_page,2026-08-24,,,,,,,,2026-08-24,,,https://www.jsr.co.jp/jsr_e/company/office.html,,,,,,,,,
jsr-005,jsr,JSR,"JSR JAPAN COLORING CO., LTD.",group_facility,"4-6 Tomarikoyanagi-cho, Yokkaichi, Mie 510-0883, Japan",Japan,,,unlocated,needs_review,https://www.jsr.co.jp/jsr_e/company/group.html,company_locations_page,2026-08-24,2026-08-25,https://nominatim.openstreetmap.org/,,,,,,,,,,,,,,,,,,
jsr-006,jsr,JSR,"JSR JSR Fine Technology Co., Ltd.",group_facility,"1-6-16 Obata, Yokkaichi, Mie 510-0875, Japan",Japan,34.930507,136.600933,street_or_area_candidate,geocoded,https://www.jsr.co.jp/jsr_e/company/group.html,company_locations_page,2026-08-24,2026-08-25,https://nominatim.openstreetmap.org/,"大治田二丁目, 川尻町, 四日市市, 三重県, 510-0882, 日本",node,9113102552,"1-6-16 Obata, Yokkaichi, Mie 510-0875, Japan",,,,,,,,,,,,,,
jsr-007,jsr,JSR,"JSR JEY-TRANS CO., LTD.",group_facility,"2-16-13 Obata, Yokkaichi, Mie 510-0875, Japan",Japan,34.930507,136.600933,street_or_area_candidate,geocoded,https://www.jsr.co.jp/jsr_e/company/group.html,company_locations_page,2026-08-24,2026-08-25,https://nominatim.openstreetmap.org/,"大治田二丁目, 川尻町, 四日市市, 三重県, 510-0882, 日本",node,9113102552,"2-16-13 Obata, Yokkaichi, Mie 510-0875, Japan",,,,,,,,,,,,,,
jsr-008,jsr,JSR,"JSR JN System Partners Co., Ltd.",group_facility,"1-9-4 Edagawa, Koto-ku, Tokyo 135-0051, Japan",Japan,35.656617,139.803432,street_or_area_candidate,geocoded,https://www.jsr.co.jp/jsr_e/company/group.html,company_locations_page,2026-08-24,2026-08-25,https://nominatim.openstreetmap.org/,"枝川一丁目, 枝川, 江東区, 東京都, 135-0051, 日本",relation,16944817,"1-9-4 Edagawa, Koto-ku, Tokyo 135-0051, Japan",,,,,,,,,,,,,,
jsr-009,jsr,JSR,"JSR JSR ARTON Manufacturing Co., Ltd.",group_facility,"5 Chigusakaigan, Ichihara-shi, Chiba 299-0108 Japan",Japan,35.509829,140.051654,street_or_area_candidate,geocoded,https://www.jsr.co.jp/jsr_e/company/group.html,company_locations_page,2026-08-24,2026-08-25,https://nominatim.openstreetmap.org/,"千種海岸, 市原市, 千葉県, 290-0036, 日本",node,8663206764,"5 Chigusakaigan, Ichihara-shi, Chiba 299-0108 Japan",,,,,,,,,,,,,,
jsr-010,jsr,JSR,"JSR JSR Active Innovation Fund ,LLC",group_facility,"1-9-2 Higashi-Shimbashi, Minato-ku, Tokyo 105-0021, Japan",Japan,,,unlocated,needs_review,https://www.jsr.co.jp/jsr_e/company/group.html,company_locations_page,2026-08-24,2026-08-25,https://nominatim.openstreetmap.org/,,,,,,,,,,,,,,,,,,
jsr-011,jsr,JSR,"JSR JSR Business Services Co., Ltd.",group_facility,"1-9-2 Higashi-Shimbashi, Minato-ku, Tokyo 105-0021, Japan",Japan,,,unlocated,needs_review,https://www.jsr.co.jp/jsr_e/company/group.html,company_locations_page,2026-08-24,2026-08-25,https://nominatim.openstreetmap.org/,,,,,,,,,,,,,,,,,,
jsr-012,jsr,JSR,"JSR JSR Logistics & Customer Center Co., Ltd.",group_facility,"100 Kawajiri-cho, Yokkaichi, Mie 510-8552, Japan",Japan,,,unlocated,needs_review,https://www.jsr.co.jp/jsr_e/company/group.html,company_locations_page,2026-08-24,2026-08-25,https://nominatim.openstreetmap.org/,,,,,,,,,,,,,,,,,,
jsr-013,jsr,JSR,"JSR JSR Micro Kyushu Co., Ltd.",group_facility,"1580-1 Kamiizumi, Kuboizumi-cho, Saga 849-0902, Japan",Japan,,,unlocated,needs_review,https://www.jsr.co.jp/jsr_e/company/group.html,company_locations_page,2026-08-24,2026-08-25,https://nominatim.openstreetmap.org/,,,,,,,,,,,,,,,,,,
jsr-014,jsr,JSR,"JSR Techno-UMG Co., Ltd.",group_facility,"1-9-2 Higashi-Shimbashi, Minato-ku, Tokyo 105-0021, Japan",Japan,,,unlocated,needs_review,https://www.jsr.co.jp/jsr_e/company/group.html,company_locations_page,2026-08-24,2026-08-25,https://nominatim.openstreetmap.org/,,,,,,,,,,,,,,,,,,
jsr-015,jsr,JSR,JSR YAMANAKA HUTECH CORPORATION,group_facility,"29, Shimogamo Matsubaracho, Kyoto Shi Sakyo Ku, Kyoto Fu, 606-0804, Japan",Japan,35.0364112,135.7707647,street_or_area_candidate,geocoded,https://www.jsr.co.jp/jsr_e/company/group.html,company_locations_page,2026-08-24,2026-08-25,https://nominatim.openstreetmap.org/,"下鴨松原町, 左京区, 京都市, 京都府, 606-0802, 日本",node,2927230044,"29, Shimogamo Matsubaracho, Kyoto Shi Sakyo Ku, Kyoto Fu, 606-0804, Japan",,,,,,,,,,,,,,
jsr-016,jsr,JSR,"JSR JSR Electronic Materials (Shanghai) Co., Ltd.",group_facility,"6F, SMEG PLAZA 1386 Hongqiao Road, Shanghai 200051, China",China,,,unlocated,needs_review,https://www.jsr.co.jp/jsr_e/company/group_oversea.html,company_locations_page,2026-08-24,2026-08-25,https://nominatim.openstreetmap.org/,,,,,,,,,,,,,,,,,,
jsr-017,jsr,JSR,"JSR JSR Micro (Changshu) Co., Ltd.",group_facility,"No.101, Changchun Rd., Riverside Industrial Park, Changshu, Economic Development Zone, Jiangsu Province, China",China,,,unlocated,needs_review,https://www.jsr.co.jp/jsr_e/company/group_oversea.html,company_locations_page,2026-08-24,2026-08-25,https://nominatim.openstreetmap.org/,,,,,,,,,,,,,,,,,,
jsr-018,jsr,JSR,"JSR Techno-UMG Shanghai Co., Ltd.",group_facility,"RM 2507-08, THE PLACE, TOWER A, 100 ZUNYI ROAD, SHANGHAI 200051, CHINA",China,,,unlocated,needs_review,https://www.jsr.co.jp/jsr_e/company/group_oversea.html,company_locations_page,2026-08-24,2026-08-25,https://nominatim.openstreetmap.org/,,,,,,,,,,,,,,,,,,
jsr-019,jsr,JSR,"JSR JSR (Shanghai) Co., Ltd.",group_facility,"Rm 606 SMEG PLAZA 1386 Hongqiao Road, Shanghai 200051, China",China,,,unlocated,needs_review,https://www.jsr.co.jp/jsr_e/company/group_oversea.html,company_locations_page,2026-08-24,2026-08-25,https://nominatim.openstreetmap.org/,,,,,,,,,,,,,,,,,,
jsr-020,jsr,JSR,"JSR Techno-UMG Hong Kong Co., Ltd.",group_facility,"Room 1406-07, 14/F, TowerⅡ, Admiralty Centre, 18 Harcourt Road, Hong Kong",Hong Kong,,,unlocated,needs_review,https://www.jsr.co.jp/jsr_e/company/group_oversea.html,company_locations_page,2026-08-24,2026-08-25,https://nominatim.openstreetmap.org/,,,,,,,,,,,,,,,,,,
jsr-021,jsr,JSR,"JSR JSR Micro Taiwan Co., Ltd.",group_facility,"20F.-1,2, No. 402, Shizheng Rd., Xitun Dist., Taichung City 407619, Taiwan (R.O.C.)",Taiwan,,,unlocated,needs_review,https://www.jsr.co.jp/jsr_e/company/group_oversea.html,company_locations_page,2026-08-24,2026-08-25,https://nominatim.openstreetmap.org/,,,,,,,,,,,,,,,,,,
jsr-022,jsr,JSR,"JSR JSR Electronic Materials Korea Co., Ltd.",group_facility,"Samwhan HIPEX A-610,240,Pangyoyeok-ro,Bundanggu, Seongnam-si,Gyeonggi-do 13493, Korea",South Korea,,,unlocated,needs_review,https://www.jsr.co.jp/jsr_e/company/group_oversea.html,company_locations_page,2026-08-24,2026-08-25,https://nominatim.openstreetmap.org/,,,,,,,,,,,,,,,,,,
jsr-023,jsr,JSR,"JSR JSR Micro Korea Co., Ltd.",group_facility,"97, Gwahaksaneop 4-ro, Oksan-myeon, Heungdeok-gu, Cheongju-si, Chungcheongbuk-do, 28122 Korea",South Korea,36.7009591,127.4147186,street_or_area_candidate,geocoded,https://www.jsr.co.jp/jsr_e/company/group_oversea.html,company_locations_page,2026-08-24,2026-08-25,https://nominatim.openstreetmap.org/,"과학산업4로, 옥산면, 흥덕구, 청주시, 충청북도, 28120, 대한민국",way,219483991,"97, Gwahaksaneop 4-ro, Oksan-myeon, Heungdeok-gu, Cheongju-si, Chungcheongbuk-do, 28122 Korea",,,,,,,,,,,,,,
jsr-024,jsr,JSR,"JSR Techno-UMG Asia Co., Ltd.",group_facility,"968, 28th Floor, U-Chuliang Foundation Building Rama 4 Road, Silom, Bangrak, Bangkok 10500, Thailand",Thailand,,,unlocated,needs_review,https://www.jsr.co.jp/jsr_e/company/group_oversea.html,company_locations_page,2026-08-24,2026-08-25,https://nominatim.openstreetmap.org/,,,,,,,,,,,,,,,,,,
jsr-025,jsr,JSR,JSR JSR Electronic Materials Singapore Pte. Ltd.,group_facility,300 Beach Road #10-01 The Concourse Singapore 199555,Singapore,,,unlocated,needs_review,https://www.jsr.co.jp/jsr_e/company/group_oversea.html,company_locations_page,2026-08-24,2026-08-25,https://nominatim.openstreetmap.org/,,,,,,,,,,,,,,,,,,
jsr-026,jsr,JSR,"JSR JSR Electronic Materials Taiwan Co., Ltd.",group_facility,"5F.-1, No. 30, Taiyuan St., Zhubei City, Hsinchu County 30288, Taiwan",Taiwan,,,unlocated,needs_review,https://www.jsr.co.jp/jsr_e/company/group_oversea.html,company_locations_page,2026-08-24,2026-08-25,https://nominatim.openstreetmap.org/,,,,,,,,,,,,,,,,,,
jsr-027,jsr,JSR,"JSR JSR Micro Advanced Manufacturing Taiwan Co., Ltd.",group_facility,"No. 11, Kehu 1st Road, Huwei Township, Yunlin County 63247, Taiwan",Taiwan,23.7374637,120.4045733,street_or_area_candidate,geocoded,https://www.jsr.co.jp/jsr_e/company/group_oversea.html,company_locations_page,2026-08-24,2026-08-25,https://nominatim.openstreetmap.org/,"科虎一路, 中科虎尾園區, 竹圍, 墾地里, 虎尾鎮, 雲林縣, 632206, 臺灣",way,308899381,"No. 11, Kehu 1st Road, Huwei Township, Yunlin County 63247, Taiwan",,,,,,,,,,,,,,
jsr-028,jsr,JSR,JSR Techno-UMG Europe GmbH,group_facility,"Berliner Allee 29, 40212 Dusseldorf, Germany",Germany,51.2231706,6.7822052,building,map_ready,https://www.jsr.co.jp/jsr_e/company/group_oversea.html,company_locations_page,2026-08-24,2026-08-25,https://nominatim.openstreetmap.org/,"29, Berliner Allee, Stadtmitte, Stadtbezirk 1, Düsseldorf, Nordrhein-Westfalen, 40212, Deutschland",way,327467871,"Berliner Allee 29, 40212 Dusseldorf, Germany",openstreetmap_building_match,2026-08-25,,,,,,,,,,,,
jsr-029,jsr,JSR,JSR JSR Micro N.V.,group_facility,"Technologielaan 8, B-3001, Leuven, Belgium",Belgium,,,unlocated,needs_review,https://www.jsr.co.jp/jsr_e/company/group_oversea.html,company_locations_page,2026-08-24,2026-08-25,https://nominatim.openstreetmap.org/,,,,,,,,,,,,,,,,,,
jsr-030,jsr,JSR,JSR Selexis SA,group_facility,"Chemin des Aulx, 14, CH-1228 Plan-les-Ouates, Geneva, SWITZERLAND",Switzerland,46.1685528,6.1035976,building,map_ready,https://www.jsr.co.jp/jsr_e/company/group_oversea.html,company_locations_page,2026-08-24,2026-08-25,https://nominatim.openstreetmap.org/,"14, Chemin des Aulx, ZIPLO, Arare, Plan-les-Ouates, Genève, 1228, Schweiz/Suisse/Svizzera/Svizra",way,24927559,"Chemin des Aulx, 14, CH-1228 Plan-les-Ouates, Geneva, SWITZERLAND",openstreetmap_building_match,2026-08-25,,,,,,,,,,,,
jsr-031,jsr,JSR,"JSR KBI Biopharma, Inc.",group_facility,"1101 Hamlin Road Durham, NC 27704, U.S.A",United States,,,unlocated,needs_review,https://www.jsr.co.jp/jsr_e/company/group_oversea.html,company_locations_page,2026-08-24,2026-08-25,https://nominatim.openstreetmap.org/,,,,,,,,,,,,,,,,,,
jsr-032,jsr,JSR,"JSR JSR Micro, Inc.",group_facility,"1280 North Mathilda Ave., Sunnyvale, CA 94089, U.S.A.",United States,,,unlocated,needs_review,https://www.jsr.co.jp/jsr_e/company/group_oversea.html,company_locations_page,2026-08-24,2026-08-25,https://nominatim.openstreetmap.org/,,,,,,,,,,,,,,,,,,
jsr-033,jsr,JSR,"JSR JSR Life Sciences, LLC",group_facility,"1280 North Mathilda Avenue, Sunnyvale, CA 94089, USA",United States,37.413174,-122.0258078,street_or_area_candidate,geocoded,https://www.jsr.co.jp/jsr_e/company/group_oversea.html,company_locations_page,2026-08-24,2026-08-25,https://nominatim.openstreetmap.org/,"1280, North Mathilda Avenue, Sunnyvale, Santa Clara County, California, 94089, United States",way,238230229,"1280 North Mathilda Avenue, Sunnyvale, CA 94089, USA",,,,,,,,,,,,,,
jsr-034,jsr,JSR,JSR JSR North America Holdings Inc.,group_facility,"1280 North Mathilda Avenue, Sunnyvale, CA 94089, USA",United States,37.413174,-122.0258078,street_or_area_candidate,geocoded,https://www.jsr.co.jp/jsr_e/company/group_oversea.html,company_locations_page,2026-08-24,2026-08-25,https://nominatim.openstreetmap.org/,"1280, North Mathilda Avenue, Sunnyvale, Santa Clara County, California, 94089, United States",way,238230229,"1280 North Mathilda Avenue, Sunnyvale, CA 94089, USA",,,,,,,,,,,,,,
jsr-035,jsr,JSR,JSR Crown Bioscience International,group_facility,"89 NEXUS WAY CAMANA BAY GRAND CAYMAN, Cayman Islands",Cayman Islands,,,unlocated,needs_review,https://www.jsr.co.jp/jsr_e/company/group_oversea.html,company_locations_page,2026-08-24,2026-08-25,https://nominatim.openstreetmap.org/,,,,,,,,,,,,,,,,,,
jsr-036,jsr,JSR,"JSR Techno-UMG America, Inc.",group_facility,"10260 Alliance Road, Suite 120 Blue Ash, OH 45242, United States",United States,,,unlocated,needs_review,https://www.jsr.co.jp/jsr_e/company/group_oversea.html,company_locations_page,2026-08-24,2026-08-25,https://nominatim.openstreetmap.org/,,,,,,,,,,,,,,,,,,
jsr-037,jsr,JSR,JSR Inpria Corporation,group_facility,"1100 NE Circle Blvd., Suite 360, Corvallis, Oregon 97330, United States",United States,,,unlocated,needs_review,https://www.jsr.co.jp/jsr_e/company/group_oversea.html,company_locations_page,2026-08-24,2026-08-25,https://nominatim.openstreetmap.org/,,,,,,,,,,,,,,,,,,
ajinomoto-001,ajinomoto,Ajinomoto Fine-Techno,Ajinomoto Fine-Techno Kawasaki Headquarters,headquarters,"1-2 Suzuki-cho, Kawasaki-ku, Kawasaki, Kanagawa 210-0801, Japan",Japan,35.538325503976345,139.72565773066196,building,map_ready,https://www.aft-website.com/en/company/access/,company_locations_page,2026-08-24,,,,,,,,2026-08-24,,,https://www.aft-website.com/en/company/access/,"Ajinomoto Group also names Ajinomoto Fine-Techno USA Corporation, but its current public directories provide no physical street address; no U.S. marker is published.",,,,,,,,
ajinomoto-002,ajinomoto,Ajinomoto Fine-Techno,Ajinomoto Fine-Techno Gunma Plant,manufacturing,"2080-4 Morishita, Showa, Tone District, Gunma 379-1204, Japan",Japan,36.61641964050211,139.04455192525631,building,map_ready,https://www.aft-website.com/en/company/access/,company_locations_page,2026-08-24,,,,,,,,2026-08-24,,,https://www.aft-website.com/en/company/access/,,,,,,,,,
nsig-001,nsig,National Silicon Industry Group,National Silicon Industry Group Office,headquarters,"1000 Yunshui Road, Nicheng, Pudong New Area, Shanghai 201306, China",China,,,unlocated,needs_review,https://static.sse.com.cn/stock/disclosure/announcement/c/202506/688126_20250626_OSBF.pdf,regulatory_filing,2026-08-24,2026-08-25,https://nominatim.openstreetmap.org/,,,,,,,,,,,,,,,,,,
nsig-002,nsig,National Silicon Industry Group,Zing Semiconductor,manufacturing,"1000 Yunshui Road, Nicheng, Pudong New Area, Shanghai 201306, China",China,,,unlocated,needs_review,https://www.nsig.com/en/contact,company_locations_page,2026-08-24,2026-08-25,https://nominatim.openstreetmap.org/,,,,,,,,,,,,,,,,,,
nsig-003,nsig,National Silicon Industry Group,Okmetic Vantaa,manufacturing,"Piitie 2, 01510 Vantaa, Finland",Finland,60.2910166,24.9874081,street_or_area_candidate,geocoded,https://www.nsig.com/en/contact,company_locations_page,2026-08-24,2026-08-25,https://nominatim.openstreetmap.org/,"Okmetic Oy, 2, Piitie, Köyhämäki, Koivuhaka, Tikkurilan suuralue, Vantaa, Helsingin seutukunta, Uusimaa, Manner-Suomi, 01510, Suomi / Finland",way,970431794,"Piitie 2, 01510 Vantaa, Finland",,,,,,,,,,,,,,
nsig-004,nsig,National Silicon Industry Group,Shanghai Simgui Technology,manufacturing,"200 Xinlai Road, Jiading District, Shanghai, China",China,,,unlocated,needs_review,https://www.nsig.com/en/contact,company_locations_page,2026-08-24,2026-08-25,https://nominatim.openstreetmap.org/,,,,,,,,,,,,,,,,,,
nata-opto-001,nata-opto,Nata Opto-electronic Materials,Nata Suzhou Headquarters,headquarters,"67 Pingsheng Road, Shengpu, Suzhou Industrial Park, Suzhou, Jiangsu 215126, China",China,31.3324122,120.8084087,street_or_area_candidate,geocoded,https://sonatamaterials.com/Marketing-Network/,company_locations_page,2026-08-24,2026-08-25,https://nominatim.openstreetmap.org/,"平胜路, 市镇社区, 胜浦街道, 苏州工业园区, 苏州市, 江苏省, 215126, 中国",way,366273267,"67 Pingsheng Road, Shengpu, Suzhou Industrial Park, Suzhou, Jiangsu 215126, China",,,,,,"The official company overview also names production/R&D sites in Ningbo, Quanjiao, Zibo, and Ulanqab, but supplies no street addresses; city-only markers are excluded.",,,,,,,,
nata-opto-002,nata-opto,Nata Opto-electronic Materials,Nata Zhubei Office,office,"21 Taihe Road, Zhubei City, Hsinchu County, Taiwan",Taiwan,,,unlocated,needs_review,https://sonatamaterials.com/Marketing-Network/,company_locations_page,2026-08-24,2026-08-25,https://nominatim.openstreetmap.org/,,,,,,,,,,,,,,,,,,
huate-gas-001,huate-gas,Huate Gas,Huate Gas Foshan Headquarters,headquarters,"East Foot of Wentouling, Fengxi Village, Heshun, Lishui Town, Nanhai District, Foshan, Guangdong 528244, China",China,,,unlocated,needs_review,https://huategas.com/en/Company/list.aspx,company_locations_page,2026-08-24,2026-08-25,https://nominatim.openstreetmap.org/,,,,,,,,,,"The official site and 2025 annual report name more than twenty subsidiaries and their operating cities, but do not publish street addresses for those facilities; city-only markers are excluded.",,,,,,,,
anji-microelectronics-001,anji-microelectronics,Anji Microelectronics,Anji Microelectronics Shanghai Headquarters,headquarters,"Building T6-5, South Area, Jinqiao Comprehensive Free Trade Zone, 5001 Huadong Road, Pudong New Area, Shanghai 201201, China",China,,,unlocated,needs_review,https://www.anjimicro.com/zoujinanji.html,company_locations_page,2026-08-24,2026-08-25,https://nominatim.openstreetmap.org/,,,,,,,,,,"The 2025 annual report also identifies Beijing, Singapore, and French subsidiaries but provides no street addresses for them; no approximate markers are published.",,,,,,,,
anji-microelectronics-002,anji-microelectronics,Anji Microelectronics,Anji Microelectronics Ningbo Production Base,manufacturing,"9 Yuntaishan Road, Xiapu Subdistrict, Beilun District, Ningbo, Zhejiang, China",China,,,unlocated,needs_review,https://www.anjimicro.com/zoujinanji.html,company_locations_page,2026-08-24,2026-08-25,https://nominatim.openstreetmap.org/,,,,,,,,,,,,,,,,,,
anji-microelectronics-003,anji-microelectronics,Anji Microelectronics,Anji Microelectronics Hsinchu Office,office,"11F-2, No. 27 Guanxin Road, East District, Hsinchu City, Taiwan",Taiwan,,,unlocated,needs_review,https://www.anjimicro.com/zoujinanji.html,company_locations_page,2026-08-24,2026-08-25,https://nominatim.openstreetmap.org/,,,,,,,,,,,,,,,,,,
jiangfeng-materials-001,jiangfeng-materials,Jiangfeng Electronic Materials,Jiangfeng Electronic Materials Yuyao Headquarters,headquarters,"Anshan Road, Mingbang Technology Industrial Park, Yuyao Economic Development Zone, Ningbo, Zhejiang, China",China,,,unlocated,needs_review,https://static.cninfo.com.cn/finalpage/2026-04-16/1225108969.PDF,regulatory_filing,2026-08-24,2026-08-25,https://nominatim.openstreetmap.org/,,,,,,,,,,"The current 2025 annual-report summary verifies this office at Anshan Road in Mingbang Technology Industrial Park but does not state a building number. Current company materials name additional operations in Wuhan, Hefei, Huizhou, Beijing, Shanghai, Japan, and Singapore without a complete official street-address directory; city-only markers are excluded.",,,,,,,,
synopsys-001,synopsys,Synopsys,Markham,office,"11 Allstate Parkway, Suite 408, Markham, Ontario L3R 9T8",Canada,43.8503129,-79.3645753,building,map_ready,https://www.synopsys.com/company/contact-synopsys/office-locations.html,official_company_directory,2026-08-24,2026-08-25,https://nominatim.openstreetmap.org/,"11, Allstate Parkway, Buttonville, Markham, York Region, Golden Horseshoe, Ontario, L3R 9T8, Canada",way,33561682,"11 Allstate Parkway, Markham, Ontario L3R 9T8, Canada",openstreetmap_building_match,2026-08-25,,,,,,,,,,,,
synopsys-002,synopsys,Synopsys,Mississauga,office,"1 City Centre Drive, Suite 900, Mississauga, Ontario L5B 1M2",Canada,43.5960213,-79.6394024,building,map_ready,https://www.synopsys.com/company/contact-synopsys/office-locations.html,official_company_directory,2026-08-24,2026-08-25,https://nominatim.openstreetmap.org/,"1, City Centre Drive, City Centre, Mississauga, Peel Region, Golden Horseshoe, Ontario, L5B 2N5, Canada",way,31786649,"1 City Centre Drive, Mississauga, Ontario L5B 1M2, Canada",openstreetmap_building_match,2026-08-25,,,,,,,,,,,,
synopsys-003,synopsys,Synopsys,Nepean,office,"One Antares Drive, Suite 300, Nepean, Ontario K2E 8C4",Canada,,,unlocated,needs_review,https://www.synopsys.com/company/contact-synopsys/office-locations.html,official_company_directory,2026-08-24,2026-08-25,https://nominatim.openstreetmap.org/,,,,,,,,,,,,,,,,,,
synopsys-004,synopsys,Synopsys,Ottawa,office,"84 Hines Road, Suite 260,, Ottawa, Ontario, K2K 3G3",Canada,45.3450846,-75.9224653,building,map_ready,https://www.synopsys.com/company/contact-synopsys/office-locations.html,official_company_directory,2026-08-24,2026-08-25,https://nominatim.openstreetmap.org/,"84, Hines Road, Kanata, Kanata North, Ottawa, Eastern Ontario, Ontario, K2K 3E7, Canada",way,223674910,"84 Hines Road, Ottawa, Ontario, K2K 3G3, Canada",openstreetmap_building_match,2026-08-25,,,,,,,,,,,,
synopsys-005,synopsys,Synopsys,Ottawa,office,"450 March Road, Suite 401, Ottawa, Ontario, K2K 3K2",Canada,45.3418841,-75.9148441,building,map_ready,https://www.synopsys.com/company/contact-synopsys/office-locations.html,official_company_directory,2026-08-24,2026-08-25,https://nominatim.openstreetmap.org/,"450, March Road, Kanata, Kanata North, Ottawa, Eastern Ontario, Ontario, K2K 3K2, Canada",way,233910635,"450 March Road, Ottawa, Ontario, K2K 3K2, Canada",openstreetmap_building_match,2026-08-25,,,,,,,,,,,,
synopsys-006,synopsys,Synopsys,Vancouver,office,"1095 W Pender Street, Suite 1800, Vancouver, BC V6E 2M6",Canada,49.287668,-123.1198284,building,map_ready,https://www.synopsys.com/company/contact-synopsys/office-locations.html,official_company_directory,2026-08-24,2026-08-25,https://nominatim.openstreetmap.org/,"Consulate General of Ireland, 1095, West Pender Street, Financial District, Downtown, Vancouver, Metro Vancouver Regional District, British Columbia, V6E 2M6, Canada",node,12279087422,"1095 W Pender Street, Vancouver, BC V6E 2M6, Canada",openstreetmap_building_match,2026-08-25,,,,,,,,,,,,
synopsys-007,synopsys,Synopsys,Zapopan,office,"Avenida Vallarta #6503 local F65, Esquina Periferico, Colonia Ciudad Granja, 45010 Zapopan, Jalisco, MEXICO",Mexico,,,unlocated,needs_review,https://www.synopsys.com/company/contact-synopsys/office-locations.html,official_company_directory,2026-08-24,2026-08-25,https://nominatim.openstreetmap.org/,,,,,,,,,,,,,,,,,,
synopsys-008,synopsys,Synopsys,Santiago,office,"Avenida Vitacura 5250, Oficina 708, Santiago 7630229, Chile",Chile,-33.3973144,-70.5839309,street_or_area_candidate,geocoded,https://www.synopsys.com/company/contact-synopsys/office-locations.html,official_company_directory,2026-08-24,2026-08-25,https://nominatim.openstreetmap.org/,"5250, Avenida Vitacura, Vitacura, Santiago, Provincia de Santiago, Región Metropolitana de Santiago, 8320000, Chile",node,1263668759,"Avenida Vitacura 5250, Santiago 7630229, Chile, Chile",,,,,,,,,,,,,,
synopsys-009,synopsys,Synopsys,Synopsys United States office,office,"2325 W. Guadalupe Rd,, Suite 115, Gilbert, AZ 85233",United States,33.3641319,-111.8405505,street_or_area_candidate,geocoded,https://www.synopsys.com/company/contact-synopsys/office-locations.html,official_company_directory,2026-08-24,2026-08-25,https://nominatim.openstreetmap.org/,"2325, West Guadalupe Road, Gilbert, Maricopa County, Arizona, 85233, United States",way,436926541,"2325 W. Guadalupe Rd, Gilbert, AZ 85233, United States",,,,,,,,,,,,,,
synopsys-010,synopsys,Synopsys,Synopsys United States office,office,"25 S. Arizona Pl, 5th Floor, Chandler, AZ 85225",United States,33.3028332,-111.8405529,building,map_ready,https://www.synopsys.com/company/contact-synopsys/office-locations.html,official_company_directory,2026-08-24,2026-08-25,https://nominatim.openstreetmap.org/,"Safe T Professionals LLC, 25, South Arizona Place, Chandler, Maricopa County, Arizona, 85225, United States",node,9663679794,"25 S. Arizona Pl, Chandler, AZ 85225, United States",openstreetmap_building_match,2026-08-25,,,,,,,,,,,,
synopsys-011,synopsys,Synopsys,Synopsys United States office,office,"7469 Draper Ave, La Jolla, CA 92037",United States,32.8392204,-117.27585,street_or_area_candidate,geocoded,https://www.synopsys.com/company/contact-synopsys/office-locations.html,official_company_directory,2026-08-24,,,,,,,,,,,,,,,,,,,,
synopsys-012,synopsys,Synopsys,Synopsys United States office,office,"20 Pacifica, Suite 820, Irvine, CA 92618",United States,33.6506863,-117.7497199,building,map_ready,https://www.synopsys.com/company/contact-synopsys/office-locations.html,official_company_directory,2026-08-24,2026-08-25,https://nominatim.openstreetmap.org/,"20, Pacifica, Irvine Spectrum, Irvine, Orange County, California, 92618, United States",way,352381539,"20 Pacifica, Irvine, CA 92618, United States",openstreetmap_building_match,2026-08-25,,,,,,,,,,,,
synopsys-013,synopsys,Synopsys,Synopsys United States office,office,"10180 Telesis Court,, Suite 200, San Diego, California 92121",United States,32.9023397,-117.2083796,building,map_ready,https://www.synopsys.com/company/contact-synopsys/office-locations.html,official_company_directory,2026-08-24,2026-08-25,https://nominatim.openstreetmap.org/,"10180, Telesis Court, Barnes Canyon, Sorrento Valley, San Diego, San Diego County, California, 92121, United States",way,31839467,"10180 Telesis Court, San Diego, California 92121, United States",openstreetmap_building_match,2026-08-25,,,,,,,,,,,,
synopsys-014,synopsys,Synopsys,Synopsys United States office,office,"3100 Arapahoe Ave,, Suite 303, Boulder, CO 80303",United States,40.0144771,-105.2524334,street_or_area_candidate,geocoded,https://www.synopsys.com/company/contact-synopsys/office-locations.html,official_company_directory,2026-08-24,2026-08-25,https://nominatim.openstreetmap.org/,"3100, Arapahoe Avenue, Boulder, Boulder County, Colorado, 80303, United States",way,327079561,"3100 Arapahoe Ave, Boulder, CO 80303, United States",,,,,,,,,,,,,,
synopsys-015,synopsys,Synopsys,Synopsys United States office,office,"15435 Gleneagle Drive, Suite 110, Colorado Springs, CO 80921",United States,,,unlocated,needs_review,https://www.synopsys.com/company/contact-synopsys/office-locations.html,official_company_directory,2026-08-24,2026-08-25,https://nominatim.openstreetmap.org/,,,,,,,,,,,,,,,,,,
synopsys-016,synopsys,Synopsys,Synopsys United States office,office,"90 Central Street, Suite 305, Boxborough, MA 01719",United States,42.4996604,-71.4785975,building,map_ready,https://www.synopsys.com/company/contact-synopsys/office-locations.html,official_company_directory,2026-08-24,2026-08-25,https://nominatim.openstreetmap.org/,"AMD / Qualcomm, 90, Central Street, Boxborough, Middlesex County, Massachusetts, 01719, United States",way,31901252,"90 Central Street, Boxborough, MA 01719, United States",openstreetmap_building_match,2026-08-25,,,,,,,,,,,,
synopsys-017,synopsys,Synopsys,Synopsys United States office,office,"11 Apex Drive, Suite 302B, Marlborough, MA 01752",United States,42.3394701,-71.5841282,building,map_ready,https://www.synopsys.com/company/contact-synopsys/office-locations.html,official_company_directory,2026-08-24,2026-08-25,https://nominatim.openstreetmap.org/,"11, Apex Drive, West Village, Marlborough, Middlesex County, Massachusetts, 01752, United States",way,623126555,"11 Apex Drive, Marlborough, MA 01752, United States",openstreetmap_building_match,2026-08-25,,,,,,,,,,,,
synopsys-018,synopsys,Synopsys,Synopsys United States office,office,"710 Slater Road, Suite 300, Morrisville, NC, 27560",United States,35.8689385,-78.8309099,street_or_area_candidate,geocoded,https://www.synopsys.com/company/contact-synopsys/office-locations.html,official_company_directory,2026-08-24,2026-08-25,https://nominatim.openstreetmap.org/,"710, Slater Road, Morrisville, Durham County, North Carolina, 27560, United States",way,16533168,"710 Slater Road, Morrisville, NC, 27560, United States",,,,,,,,,,,,,,
synopsys-019,synopsys,Synopsys,Synopsys United States office,office,"2025 NE Cornelius Pass Road Suite 400, Hillsboro, OR 97124",United States,,,unlocated,needs_review,https://www.synopsys.com/company/contact-synopsys/office-locations.html,official_company_directory,2026-08-24,2026-08-25,https://nominatim.openstreetmap.org/,,,,,,,,,,,,,,,,,,
synopsys-020,synopsys,Synopsys,Synopsys United States office,office,"1301 South Mopac Expressway, Suite 200, Austin, TX 78746",United States,30.2617485,-97.7878839,building,map_ready,https://www.synopsys.com/company/contact-synopsys/office-locations.html,official_company_directory,2026-08-24,2026-08-25,https://nominatim.openstreetmap.org/,"FOUR BARTON SKYWAY, 1301, South Mopac Expressway, Austin, Travis County, Texas, 78746, United States",way,382145622,"1301 South Mopac Expressway, Austin, TX 78746, United States",openstreetmap_building_match,2026-08-25,,,,,,,,,,,,
synopsys-021,synopsys,Synopsys,Synopsys United States office,office,"7160 N. Dallas Parkway, Suite 500, Plano, TX 75024",United States,33.0750423,-96.823864,street_or_area_candidate,geocoded,https://www.synopsys.com/company/contact-synopsys/office-locations.html,official_company_directory,2026-08-24,2026-08-25,https://nominatim.openstreetmap.org/,"7160, Dallas Parkway, Plano, Collin County, Texas, 75024, United States",way,419058770,"7160 N. Dallas Parkway, Plano, TX 75024, United States",,,,,,,,,,,,,,
synopsys-022,synopsys,Synopsys,Synopsys United States office,office,"400 Cornerstone Dr., Suite 325, Williston, VT 05495",United States,44.4470777,-73.1027415,street_or_area_candidate,geocoded,https://www.synopsys.com/company/contact-synopsys/office-locations.html,official_company_directory,2026-08-24,2026-08-25,https://nominatim.openstreetmap.org/,"Williston Coffee Shop, 400, Cornerstone Drive, Taft Corners, Williston, Chittenden County, Vermont, 05495, United States",node,5258987827,"400 Cornerstone Dr., Williston, VT 05495, United States",,,,,,,,,,,,,,
synopsys-023,synopsys,Synopsys,Synopsys United States office,office,"1341 N. Northlake Way, Suite 200, Seattle, WA 98103",United States,47.6472587,-122.3408834,building,map_ready,https://www.synopsys.com/company/contact-synopsys/office-locations.html,official_company_directory,2026-08-24,2026-08-25,https://nominatim.openstreetmap.org/,"1341, North Northlake Way, Fremont, Seattle, King County, Washington, 98103, United States",way,114214914,"1341 N. Northlake Way, Seattle, WA 98103, United States",openstreetmap_building_match,2026-08-25,,,,,,,,,,,,
synopsys-024,synopsys,Synopsys,Yerevan,office,"41 Arshakunyats Avenue, ViaSphere Technopark, Bldg 1, 0026 Yerevan, Armenia",Armenia,,,unlocated,needs_review,https://www.synopsys.com/company/contact-synopsys/office-locations.html,official_company_directory,2026-08-24,2026-08-25,https://nominatim.openstreetmap.org/,,,,,,,,,,,,,,,,,,
synopsys-025,synopsys,Synopsys,Synopsys Armenia office,office,"16 Halabyan Street, TUMO Center, Yerevan 0038, Armenia",Armenia,,,unlocated,needs_review,https://www.synopsys.com/company/contact-synopsys/office-locations.html,official_company_directory,2026-08-24,2026-08-25,https://nominatim.openstreetmap.org/,,,,,,,,,,,,,,,,,,
synopsys-026,synopsys,Synopsys,Gyumri,office,"1 Gayi Street, GTC (Gyumri Technology Center), Gyumri 3105, Armenia",Armenia,,,unlocated,needs_review,https://www.synopsys.com/company/contact-synopsys/office-locations.html,official_company_directory,2026-08-24,2026-08-25,https://nominatim.openstreetmap.org/,,,,,,,,,,,,,,,,,,
synopsys-027,synopsys,Synopsys,Leuven,office,"Haasrode Research Park, Building 1026, Technologielaan 11-0002, 3001 Leuven, Belgium",Belgium,,,unlocated,needs_review,https://www.synopsys.com/company/contact-synopsys/office-locations.html,official_company_directory,2026-08-24,2026-08-25,https://nominatim.openstreetmap.org/,,,,,,,,,,,,,,,,,,
synopsys-028,synopsys,Synopsys,Copenhagen,office,"Fruebjergvej 3, 2100 Copenhagen, Denmark",Denmark,55.715679,12.549398,street_or_area_candidate,geocoded,https://www.synopsys.com/company/contact-synopsys/office-locations.html,official_company_directory,2026-08-24,2026-08-25,https://nominatim.openstreetmap.org/,"3, Fruebjergvej, Lyngbyvejskvarteret, Bispebjerg, København, Københavns Kommune, Region Hovedstaden, 2100, Danmark",node,340506974,"Fruebjergvej 3, 2100 Copenhagen, Denmark, Denmark",,,,,,,,,,,,,,
synopsys-029,synopsys,Synopsys,Espoo,office,"Stella Luna, Lars Sonckin Kaari 14, 02600 Espoo, Finland",Finland,60.2117106,24.8174071,building,map_ready,https://www.synopsys.com/company/contact-synopsys/office-locations.html,official_company_directory,2026-08-24,2026-08-25,https://nominatim.openstreetmap.org/,"Stella Business Park- Luna, 14, Lars Sonckin kaari, Yhdyskunnanmäki, Perkkaa, Leppävaara, Suur-Leppävaara, Espoo, Helsingin seutukunta, Uusimaa, Manner-Suomi, 02600, Suomi / Finland",way,33480650,"Stella Luna, Lars Sonckin Kaari 14, 02600 Espoo, Finland, Finland",openstreetmap_building_match,2026-08-25,,,,,,,,,,,,
synopsys-030,synopsys,Synopsys,Oulu,office,"Kiviharjunlenkki 1 C, 90220 Oulu, Finland",Finland,65.0103601,25.5091913,building,map_ready,https://www.synopsys.com/company/contact-synopsys/office-locations.html,official_company_directory,2026-08-24,2026-08-25,https://nominatim.openstreetmap.org/,"1, Kiviharjunlenkki, Kontinkangas, Oulunsuu, Oulu, Oulun seutukunta, Pohjois-Pohjanmaa, Manner-Suomi, 90220, Suomi / Finland",way,941590283,"Kiviharjunlenkki 1 C, 90220 Oulu, Finland, Finland",openstreetmap_building_match,2026-08-25,,,,,,,,,,,,
synopsys-031,synopsys,Synopsys,Montbonnot,office,"Z.I.R.S.T. II, 12 rue Lavoisier, 38330 Montbonnot-Saint-Martin, France",France,45.2161035,5.8107974,building,map_ready,https://www.synopsys.com/company/contact-synopsys/office-locations.html,official_company_directory,2026-08-24,2026-08-25,https://nominatim.openstreetmap.org/,"12, Rue Lavoisier, Innovallée Montbonnot, Montbonnot-Saint-Martin, Grenoble, Isère, Auvergne-Rhône-Alpes, France métropolitaine, 38330, France",way,78548586,"Z.I.R.S.T. II, 12 rue Lavoisier, 38330 Montbonnot-Saint-Martin, France, France",openstreetmap_building_match,2026-08-25,,,,,,,,,,,,
synopsys-032,synopsys,Synopsys,Montpellier,office,"187 rue de Freyr, 34000 Montpellier, France",France,43.6168938,3.9165127,street_or_area_candidate,geocoded,https://www.synopsys.com/company/contact-synopsys/office-locations.html,official_company_directory,2026-08-24,2026-08-25,https://nominatim.openstreetmap.org/,"Rue de Freyr, Le Millénaire, Millénaire, Port Marianne, Montpellier, Hérault, Occitanie, France métropolitaine, 34965, France",way,48283475,"187 rue de Freyr, 34000 Montpellier, France, France",,,,,,,,,,,,,,
synopsys-033,synopsys,Synopsys,Rungis,office,"7 rue des Solets, Rungis 94150, France",France,48.7437705,2.357123,street_or_area_candidate,geocoded,https://www.synopsys.com/company/contact-synopsys/office-locations.html,official_company_directory,2026-08-24,2026-08-25,https://nominatim.openstreetmap.org/,"Rue des Solets, Parc ICADE Paris Orly-Rungis, Quartier Robert Schuman, Rungis, L'Haÿ-les-Roses, Val-de-Marne, Île-de-France, France métropolitaine, 94150, France",way,585769584,"7 rue des Solets, Rungis 94150, France, France",,,,,,,,,,,,,,
synopsys-034,synopsys,Synopsys,Sophia,office,"400 Avenue de Roumanille, Bat. 3, 06410 Sophia Antipolis, France",France,,,unlocated,needs_review,https://www.synopsys.com/company/contact-synopsys/office-locations.html,official_company_directory,2026-08-24,2026-08-25,https://nominatim.openstreetmap.org/,,,,,,,,,,,,,,,,,,
synopsys-035,synopsys,Synopsys,Aachen,office,"Ritterstrasse 23, 52072 Aachen, Germany",Germany,50.7910976,6.0643705,building,map_ready,https://www.synopsys.com/company/contact-synopsys/office-locations.html,official_company_directory,2026-08-24,2026-08-25,https://nominatim.openstreetmap.org/,"Synopsys GmbH, 23, Ritterstraße, Am Guten Hirten, Laurensberg, Aachen-Mitte, Aachen, Städteregion Aachen, Nordrhein-Westfalen, 52072, Deutschland",way,117043639,"Ritterstrasse 23, 52072 Aachen, Germany",openstreetmap_building_match,2026-08-25,,,,,,,,,,,,
synopsys-036,synopsys,Synopsys,Berlin,office,"Waldenserstraße 2-4, 10551 Berlin",Germany,52.5290289,13.3374793,building,map_ready,https://www.synopsys.com/company/contact-synopsys/office-locations.html,official_company_directory,2026-08-24,2026-08-25,https://nominatim.openstreetmap.org/,"bildungsmarkt, 2-4, Waldenserstraße, Alt-Moabit, Arminiuskiez, Moabit, Mitte, Berlin, 10551, Deutschland",way,375909180,"Waldenserstraße 2-4, 10551 Berlin, Germany",openstreetmap_building_match,2026-08-25,,,,,,,,,,,,
synopsys-037,synopsys,Synopsys,Erfurt,office,"Thüringen Büro Park, Europaplatz 5, 99091 Erfurt, Germany",Germany,,,unlocated,needs_review,https://www.synopsys.com/company/contact-synopsys/office-locations.html,official_company_directory,2026-08-24,2026-08-25,https://nominatim.openstreetmap.org/,,,,,,,,,,,,,,,,,,
synopsys-038,synopsys,Synopsys,Munich,office,"Munich, August-Everding-Strasse 24, 81671 Munich, Germany",Germany,,,unlocated,needs_review,https://www.synopsys.com/company/contact-synopsys/office-locations.html,official_company_directory,2026-08-24,2026-08-25,https://nominatim.openstreetmap.org/,,,,,,,,,,,,,,,,,,
synopsys-039,synopsys,Synopsys,Stuttgart,office,"Kreuznacherstr 62 . Unit C5 3.07, 70372 Stuttgart, Germany",Germany,,,unlocated,needs_review,https://www.synopsys.com/company/contact-synopsys/office-locations.html,official_company_directory,2026-08-24,2026-08-25,https://nominatim.openstreetmap.org/,,,,,,,,,,,,,,,,,,
synopsys-040,synopsys,Synopsys,Dublin,office,"Floor 4, No. 2 Stemple Exchange, Blanchardstown Corporate Park, Dublin 15, D15E4FN, Ireland",Ireland,,,unlocated,needs_review,https://www.synopsys.com/company/contact-synopsys/office-locations.html,official_company_directory,2026-08-24,2026-08-25,https://nominatim.openstreetmap.org/,,,,,,,,,,,,,,,,,,
synopsys-041,synopsys,Synopsys,Ra’anana,office,"c/o Mindspace, Infinity Park, Floor 3, HaPinina Street 6, Ra’anana 4321544, Israel",Israel,,,unlocated,needs_review,https://www.synopsys.com/company/contact-synopsys/office-locations.html,official_company_directory,2026-08-24,2026-08-25,https://nominatim.openstreetmap.org/,,,,,,,,,,,,,,,,,,
synopsys-042,synopsys,Synopsys,Haifa,office,"Andrei Sakharov 9 street, Haifa 3508409, Israel",Israel,,,unlocated,needs_review,https://www.synopsys.com/company/contact-synopsys/office-locations.html,official_company_directory,2026-08-24,2026-08-25,https://nominatim.openstreetmap.org/,,,,,,,,,,,,,,,,,,
synopsys-043,synopsys,Synopsys,Agrate Brianza,office,"Viale Colleoni, 11, Palazzo Sirio Ing. 3, Agrate Brianza MB 20864",Italy,,,unlocated,needs_review,https://www.synopsys.com/company/contact-synopsys/office-locations.html,official_company_directory,2026-08-24,2026-08-25,https://nominatim.openstreetmap.org/,,,,,,,,,,,,,,,,,,
synopsys-044,synopsys,Synopsys,Pavia,office,"Viale Indipendenza 11, Pavia 27100, ITALY",Italy,45.3195227,8.8856323,street_or_area_candidate,geocoded,https://www.synopsys.com/company/contact-synopsys/office-locations.html,official_company_directory,2026-08-24,2026-08-25,https://nominatim.openstreetmap.org/,"Viale Indipendenza, Cascina Aguzzafame, Vigevano, Pavia, Lombardia, 27029, Italia",way,655696163,"Viale Indipendenza 11, Pavia 27100, ITALY",,,,,,,,,,,,,,
synopsys-045,synopsys,Synopsys,Eindhoven,office,"High Tech Campus 41, 5656 AE Eindhoven, Netherlands",Netherlands,51.4140078,5.4582409,building,map_ready,https://www.synopsys.com/company/contact-synopsys/office-locations.html,official_company_directory,2026-08-24,2026-08-25,https://nominatim.openstreetmap.org/,"ams Sensors Netherlands B.V., 41, High Tech Campus, High Tech Campus Eindhoven, Gestel, Eindhoven, Noord-Brabant, Nederland, 5656 AE, Nederland",node,7554366107,"High Tech Campus 41, 5656 AE Eindhoven, Netherlands, Netherlands",openstreetmap_building_match,2026-08-25,,,,,,,,,,,,
synopsys-046,synopsys,Synopsys,Enschede,office,"Capitool 50, 7521 PL Enschede, the Netherlands",Netherlands,52.2360105,6.844656,building,map_ready,https://www.synopsys.com/company/contact-synopsys/office-locations.html,official_company_directory,2026-08-24,2026-08-25,https://nominatim.openstreetmap.org/,"TAUW, 50, Capitool, Kennispark, Enschede, Overijssel, Nederland, 7521 PL, Nederland",node,2756063015,"Capitool 50, 7521 PL Enschede, the Netherlands",openstreetmap_building_match,2026-08-25,,,,,,,,,,,,
synopsys-047,synopsys,Synopsys,Gdansk,office,"Arkonska Business Park, ul. Arkonska 6/A4, 80-387 Gdansk, Poland",Poland,,,unlocated,needs_review,https://www.synopsys.com/company/contact-synopsys/office-locations.html,official_company_directory,2026-08-24,2026-08-25,https://nominatim.openstreetmap.org/,,,,,,,,,,,,,,,,,,
synopsys-048,synopsys,Synopsys,Lisbon,office,"Lagoas Park, Edifício 4, Piso 2, 2740-267 Porto Salvo, Portugal",Portugal,,,unlocated,needs_review,https://www.synopsys.com/company/contact-synopsys/office-locations.html,official_company_directory,2026-08-24,2026-08-25,https://nominatim.openstreetmap.org/,,,,,,,,,,,,,,,,,,
synopsys-049,synopsys,Synopsys,Porto,office,"Rua Eng. Frederico Ulrich 2650, Edifício das Tecnologias, 4470-605 Moreira da Maia, Portugal",Portugal,,,unlocated,needs_review,https://www.synopsys.com/company/contact-synopsys/office-locations.html,official_company_directory,2026-08-24,2026-08-25,https://nominatim.openstreetmap.org/,,,,,,,,,,,,,,,,,,
synopsys-050,synopsys,Synopsys,Cluj-Napoca,office,"Str. Dr. Victor Deleu, nr. 1, Cluj-Napoca 400112, ROMANIA",Romania,,,unlocated,needs_review,https://www.synopsys.com/company/contact-synopsys/office-locations.html,official_company_directory,2026-08-24,2026-08-25,https://nominatim.openstreetmap.org/,,,,,,,,,,,,,,,,,,
synopsys-051,synopsys,Synopsys,Bucharest,office,"32, Calea Dorobantilor, District 1, Bucharest 10553, Romania",Romania,,,unlocated,needs_review,https://www.synopsys.com/company/contact-synopsys/office-locations.html,official_company_directory,2026-08-24,2026-08-25,https://nominatim.openstreetmap.org/,,,,,,,,,,,,,,,,,,
synopsys-052,synopsys,Synopsys,Bucharest,office,"Boulevard Iuliu Maniu, 6L,, District 6, Building Campus 6.1, Bucharest 061072, Romania",Romania,,,unlocated,needs_review,https://www.synopsys.com/company/contact-synopsys/office-locations.html,official_company_directory,2026-08-24,2026-08-25,https://nominatim.openstreetmap.org/,,,,,,,,,,,,,,,,,,
synopsys-053,synopsys,Synopsys,Lund,office,"Kalkstensvägen 3, 224 78 Lund, Sweden",Sweden,55.6917341,13.212737,building_candidate,geocoded,https://www.synopsys.com/company/contact-synopsys/office-locations.html,official_company_directory,2026-08-24,2026-08-25,https://nominatim.openstreetmap.org/,"3c, Kalkstensvägen, Gastelyckan, Söder, Lund, Lunds kommun, Skåne län, 224 57, Sverige",way,87897447,"Kalkstensvägen 3, 224 78 Lund, Sweden",,,,,,,,,,,,,,
synopsys-054,synopsys,Synopsys,Zurich,office,"Thurgauerstrasse 40, Airgate Building, 8050 Zurich, Switzerland",Switzerland,,,unlocated,needs_review,https://www.synopsys.com/company/contact-synopsys/office-locations.html,official_company_directory,2026-08-24,2026-08-25,https://nominatim.openstreetmap.org/,,,,,,,,,,,,,,,,,,
synopsys-055,synopsys,Synopsys,Synopsys United Kingdom office,office,"Bradninch Hall, Castle Street, Exeter EX4 3PL, United Kingdom",United Kingdom,50.7257926,-3.529259,building,map_ready,https://www.synopsys.com/company/contact-synopsys/office-locations.html,official_company_directory,2026-08-24,2026-08-25,https://nominatim.openstreetmap.org/,"Bradninch Hall, Castle Street, Newtown, Exeter, Devon, Devon and Torbay, England, EX4 3PL, United Kingdom",way,191449776,"Bradninch Hall, Castle Street, Exeter EX4 3PL, United Kingdom",openstreetmap_building_match,2026-08-25,,,,,,,,,,,,
synopsys-056,synopsys,Synopsys,Glasgow,office,"Suite 2B, 133 Finnieston Street, Glasgow G3 8HB, United Kingdom",United Kingdom,,,unlocated,needs_review,https://www.synopsys.com/company/contact-synopsys/office-locations.html,official_company_directory,2026-08-24,2026-08-25,https://nominatim.openstreetmap.org/,,,,,,,,,,,,,,,,,,
synopsys-057,synopsys,Synopsys,Hatfield,office,"2nd Floor, Titan Court, 3 Bishop Square, Hatfield AL10 9NA, United Kingdom",United Kingdom,,,unlocated,needs_review,https://www.synopsys.com/company/contact-synopsys/office-locations.html,official_company_directory,2026-08-24,2026-08-25,https://nominatim.openstreetmap.org/,,,,,,,,,,,,,,,,,,
synopsys-058,synopsys,Synopsys,Edinburgh,office,"c/o WeWork, 80 George Street, Edinburgh, Scotland EH2 3BU, United Kingdom",United Kingdom,,,unlocated,needs_review,https://www.synopsys.com/company/contact-synopsys/office-locations.html,official_company_directory,2026-08-24,2026-08-25,https://nominatim.openstreetmap.org/,,,,,,,,,,,,,,,,,,
synopsys-059,synopsys,Synopsys,Plymouth,office,"7 Research Way, Devon, Plymouth PL6 8 BT, Plymouth, United Kingdom",United Kingdom,,,unlocated,needs_review,https://www.synopsys.com/company/contact-synopsys/office-locations.html,official_company_directory,2026-08-24,2026-08-25,https://nominatim.openstreetmap.org/,,,,,,,,,,,,,,,,,,
synopsys-060,synopsys,Synopsys,Reading,office,"Arlington Business Park, Building 1430, Reading RG7 4SA, United Kingdom",United Kingdom,,,unlocated,needs_review,https://www.synopsys.com/company/contact-synopsys/office-locations.html,official_company_directory,2026-08-24,2026-08-25,https://nominatim.openstreetmap.org/,,,,,,,,,,,,,,,,,,
synopsys-061,synopsys,Synopsys,Beijing,office,"Unit 711-718, Raycom InfoTech Park, Tower A, No. 2 South Ke Xue Yuan Road, Haidian District, Beijing 100190, PRC",China,,,unlocated,needs_review,https://www.synopsys.com/company/contact-synopsys/office-locations.html,official_company_directory,2026-08-24,2026-08-25,https://nominatim.openstreetmap.org/,,,,,,,,,,,,,,,,,,
synopsys-062,synopsys,Synopsys,Hong Kong,office,"Room 1741-1743,, 700 Nathan Road,, Kowloon, Hong Kong",China,,,unlocated,needs_review,https://www.synopsys.com/company/contact-synopsys/office-locations.html,official_company_directory,2026-08-24,2026-08-25,https://nominatim.openstreetmap.org/,,,,,,,,,,,,,,,,,,
synopsys-063,synopsys,Synopsys,Synopsys China office,office,"20F, Tengfei Building A, No. 88, Yanchuang Park, Jiangmiao Road, Jiangbei New Area, Nanjing, 211800, PRC",China,,,unlocated,needs_review,https://www.synopsys.com/company/contact-synopsys/office-locations.html,official_company_directory,2026-08-24,2026-08-25,https://nominatim.openstreetmap.org/,,,,,,,,,,,,,,,,,,
synopsys-064,synopsys,Synopsys,Shenzhen,office,"Unit 01A, 06, 13F, Tower A, Uphills, No.5001, Huanggang Road, Futian District, Shenzhen, Canton Province (518036)",China,,,unlocated,needs_review,https://www.synopsys.com/company/contact-synopsys/office-locations.html,official_company_directory,2026-08-24,2026-08-25,https://nominatim.openstreetmap.org/,,,,,,,,,,,,,,,,,,
synopsys-065,synopsys,Synopsys,Shanghai,office,"387 Huimin Road, Lot 10 Yangpu District, Shanghai, 200433",China,,,unlocated,needs_review,https://www.synopsys.com/company/contact-synopsys/office-locations.html,official_company_directory,2026-08-24,2026-08-25,https://nominatim.openstreetmap.org/,,,,,,,,,,,,,,,,,,
synopsys-066,synopsys,Synopsys,Wuhan,office,"Building 2, No. 6 Long Shan South Street, Wuhan Future City, East Lake High-Tech Development Zone, Wuhan, Hubei 430206, PRC",China,,,unlocated,needs_review,https://www.synopsys.com/company/contact-synopsys/office-locations.html,official_company_directory,2026-08-24,2026-08-25,https://nominatim.openstreetmap.org/,,,,,,,,,,,,,,,,,,
synopsys-067,synopsys,Synopsys,Xiamen,office,"Room 306, No. 30 Guanri Road Fujian, Xiamen, Fujian 361008, PRC",China,,,unlocated,needs_review,https://www.synopsys.com/company/contact-synopsys/office-locations.html,official_company_directory,2026-08-24,2026-08-25,https://nominatim.openstreetmap.org/,,,,,,,,,,,,,,,,,,
synopsys-068,synopsys,Synopsys,Xi’An,office,"Room 1403-1405, 14F, No.G3, Tian Gu Ba Road, Huan Pu Science and Technology Industrial Park, Hi-tech Zone, Xi’An, 710003, PRC",China,,,unlocated,needs_review,https://www.synopsys.com/company/contact-synopsys/office-locations.html,official_company_directory,2026-08-24,2026-08-25,https://nominatim.openstreetmap.org/,,,,,,,,,,,,,,,,,,
synopsys-069,synopsys,Synopsys,Bengaluru,office,"10th Floor, Troy,, Bagmane Capital Business Park, Outer Ring Road, Mahadevapura Village, KR Puram Hobli, Bengaluru, Karnataka-560048-India",India,,,unlocated,needs_review,https://www.synopsys.com/company/contact-synopsys/office-locations.html,official_company_directory,2026-08-24,2026-08-25,https://nominatim.openstreetmap.org/,,,,,,,,,,,,,,,,,,
synopsys-070,synopsys,Synopsys,Bengaluru,office,"9th Floor, Troy,, Bagmane Capital Business Park, Outer Ring Road, Mahadevapura Village, KR Puram Hobli, Bengaluru, Karnataka-560048-India",India,,,unlocated,needs_review,https://www.synopsys.com/company/contact-synopsys/office-locations.html,official_company_directory,2026-08-24,2026-08-25,https://nominatim.openstreetmap.org/,,,,,,,,,,,,,,,,,,
synopsys-071,synopsys,Synopsys,Pune,office,"Smartworks, Malpani Agile, Baner Road, Pune, MH 411045",India,,,unlocated,needs_review,https://www.synopsys.com/company/contact-synopsys/office-locations.html,official_company_directory,2026-08-24,2026-08-25,https://nominatim.openstreetmap.org/,,,,,,,,,,,,,,,,,,
synopsys-072,synopsys,Synopsys,Bhubaneswar,office,"iHub, E/43, Infocity Avenue, Sailashree Vihar, Patia, Bhubaneswar, OR 751024",India,,,unlocated,needs_review,https://www.synopsys.com/company/contact-synopsys/office-locations.html,official_company_directory,2026-08-24,2026-08-25,https://nominatim.openstreetmap.org/,,,,,,,,,,,,,,,,,,
synopsys-073,synopsys,Synopsys,Hyderabad,office,"Hyderabad, Ground and 7th Floors, Block B, Ground, 6th, and 7th Floors, Block C, DivyaSree Omega, Survey No 13 EE, 13/U, Kondapur Village, TS 500032",India,,,unlocated,needs_review,https://www.synopsys.com/company/contact-synopsys/office-locations.html,official_company_directory,2026-08-24,2026-08-25,https://nominatim.openstreetmap.org/,,,,,,,,,,,,,,,,,,
synopsys-074,synopsys,Synopsys,Mumbai,office,"WeWork NESCO IT Park, Building 4, North Wing, Western Express Highway, Goregaon (East), Mumbai, MH 400063",India,,,unlocated,needs_review,https://www.synopsys.com/company/contact-synopsys/office-locations.html,official_company_directory,2026-08-24,2026-08-25,https://nominatim.openstreetmap.org/,,,,,,,,,,,,,,,,,,
synopsys-075,synopsys,Synopsys,New Delhi,office,"601-608, KLJ Tower North, Netaji Subhash Place, Wazirpur District Center, Pitam Pura - 110034, Delhi, India",India,,,unlocated,needs_review,https://www.synopsys.com/company/contact-synopsys/office-locations.html,official_company_directory,2026-08-24,2026-08-25,https://nominatim.openstreetmap.org/,,,,,,,,,,,,,,,,,,
synopsys-076,synopsys,Synopsys,Noida,office,"2nd, 3rd and 4th Floor, Tower A, DLF Techpark,, Sector-143-A, District Gautam Budh Nagar, Noida - 201307, Uttar Pradesh, India",India,,,unlocated,needs_review,https://www.synopsys.com/company/contact-synopsys/office-locations.html,official_company_directory,2026-08-24,2026-08-25,https://nominatim.openstreetmap.org/,,,,,,,,,,,,,,,,,,
synopsys-077,synopsys,Synopsys,Noida,office,"2nd Floor, Tower A, DLF Techpark,, Sector-143-A, District Gautam Budh Nagar, Noida - 201307, Uttar Pradesh, India",India,,,unlocated,needs_review,https://www.synopsys.com/company/contact-synopsys/office-locations.html,official_company_directory,2026-08-24,2026-08-25,https://nominatim.openstreetmap.org/,,,,,,,,,,,,,,,,,,
synopsys-078,synopsys,Synopsys,Penang,office,"Lintang Mayang Pasir 3, 11950 Bayan Baru, Penang, Malaysia",Malaysia,5.3251767,100.2866539,street_or_area_candidate,geocoded,https://www.synopsys.com/company/contact-synopsys/office-locations.html,official_company_directory,2026-08-24,2026-08-25,https://nominatim.openstreetmap.org/,"Lintang Mayang Pasir 3, Bayan Lepas, Barat Daya, George Town, Pulau Pinang, 11950, Malaysia",way,575907005,"Lintang Mayang Pasir 3, 11950 Bayan Baru, Penang, Malaysia",,,,,,,,,,,,,,
synopsys-079,synopsys,Synopsys,Singapore,office,"300 Beach Road, #31-02, The Concourse, Singapore 199555, [email protected]",Singapore,,,unlocated,needs_review,https://www.synopsys.com/company/contact-synopsys/office-locations.html,official_company_directory,2026-08-24,2026-08-25,https://nominatim.openstreetmap.org/,,,,,,,,,,,,,,,,,,
synopsys-080,synopsys,Synopsys,Colombo,office,"No. 03, 2/1, Lukshmi Gardens, Colombo 08, Sri Lanka",Sri Lanka,,,unlocated,needs_review,https://www.synopsys.com/company/contact-synopsys/office-locations.html,official_company_directory,2026-08-24,2026-08-25,https://nominatim.openstreetmap.org/,,,,,,,,,,,,,,,,,,
synopsys-081,synopsys,Synopsys,Colombo,office,"Level 1, Rigel Building No: 752,, Dr. Danister De Silva Mawatha,, Colombo Western 00900,, Sri Lanka",Sri Lanka,,,unlocated,needs_review,https://www.synopsys.com/company/contact-synopsys/office-locations.html,official_company_directory,2026-08-24,2026-08-25,https://nominatim.openstreetmap.org/,,,,,,,,,,,,,,,,,,
synopsys-082,synopsys,Synopsys,Seongnam-si,office,"5F, H-Square N-dong,, 235 Pangyoyeok-ro,, Bundang-gu, Seongnam-si,, Gyeonggi-do, 13494, South Korea, [email protected]",South Korea,,,unlocated,needs_review,https://www.synopsys.com/company/contact-synopsys/office-locations.html,official_company_directory,2026-08-24,2026-08-25,https://nominatim.openstreetmap.org/,,,,,,,,,,,,,,,,,,
synopsys-083,synopsys,Synopsys,Seongnam-si,office,"5F, B-dong, U-Space 1,, 660, Daewangpangyo-ro,, Bundang-gu, Seongnam-si,, Gyeonggi-do, 13494, South Korea",South Korea,,,unlocated,needs_review,https://www.synopsys.com/company/contact-synopsys/office-locations.html,official_company_directory,2026-08-24,2026-08-25,https://nominatim.openstreetmap.org/,,,,,,,,,,,,,,,,,,
synopsys-084,synopsys,Synopsys,Yongin-si,office,"Units 805-814, 8F, Tera Tower,, 11, Seocheon-ro 201 beon-gil, Giheung-gu, Yongin-si,, Gyeonggi-do, 17111, South Korea",South Korea,,,unlocated,needs_review,https://www.synopsys.com/company/contact-synopsys/office-locations.html,official_company_directory,2026-08-24,2026-08-25,https://nominatim.openstreetmap.org/,,,,,,,,,,,,,,,,,,
synopsys-085,synopsys,Synopsys,Hsinchu,office,"12F, No. 8, Keyan RD., East District, Hsinchu City 300192 , Taiwan, [email protected]",Taiwan,,,unlocated,needs_review,https://www.synopsys.com/company/contact-synopsys/office-locations.html,official_company_directory,2026-08-24,2026-08-25,https://nominatim.openstreetmap.org/,,,,,,,,,,,,,,,,,,
synopsys-086,synopsys,Synopsys,Hsinchu,office,"No. 25, Industry East Road IV, Science-Based Industrial Park, 300093 Hsinchu City, Taiwan, [email protected]",Taiwan,,,unlocated,needs_review,https://www.synopsys.com/company/contact-synopsys/office-locations.html,official_company_directory,2026-08-24,2026-08-25,https://nominatim.openstreetmap.org/,,,,,,,,,,,,,,,,,,
synopsys-087,synopsys,Synopsys,Hsinchu,office,"5 F., No. 8, Taiyuan 2nd St.,, Zhubei City,, Hsinchu County 302082, Taiwan, [email protected]",Taiwan,,,unlocated,needs_review,https://www.synopsys.com/company/contact-synopsys/office-locations.html,official_company_directory,2026-08-24,2026-08-25,https://nominatim.openstreetmap.org/,,,,,,,,,,,,,,,,,,
synopsys-088,synopsys,Synopsys,Taipei,office,"Rm. 3108, 31 F., No. 333,, Sec. 1, Keelung Rd., Xinyi Dist.,, Taipei City 110208, Taiwan, [email protected]",Taiwan,,,unlocated,needs_review,https://www.synopsys.com/company/contact-synopsys/office-locations.html,official_company_directory,2026-08-24,2026-08-25,https://nominatim.openstreetmap.org/,,,,,,,,,,,,,,,,,,
synopsys-089,synopsys,Synopsys,Ho Chi Minh City,office,"19F & 22F, UOA Tower, 6 Tan Trao St., Tan My Ward, Ho Chi Minh, Viet Nam",Vietnam,,,unlocated,needs_review,https://www.synopsys.com/company/contact-synopsys/office-locations.html,official_company_directory,2026-08-24,2026-08-25,https://nominatim.openstreetmap.org/,,,,,,,,,,,,,,,,,,
synopsys-090,synopsys,Synopsys,Ho Chi Minh City,office,"9F Etown 2 Building, 364 Cong Hoa St., Tan Binh Ward, Ho Chi Minh, Viet Nam",Vietnam,,,unlocated,needs_review,https://www.synopsys.com/company/contact-synopsys/office-locations.html,official_company_directory,2026-08-24,2026-08-25,https://nominatim.openstreetmap.org/,,,,,,,,,,,,,,,,,,
synopsys-091,synopsys,Synopsys,Da Nang,office,"2F & 3F, Fhome Building, 16LY Thuong Kiet St., Hai Chau Ward, Da Nang, Viet Nam",Vietnam,,,unlocated,needs_review,https://www.synopsys.com/company/contact-synopsys/office-locations.html,official_company_directory,2026-08-24,2026-08-25,https://nominatim.openstreetmap.org/,,,,,,,,,,,,,,,,,,
synopsys-092,synopsys,Synopsys,Hanoi,office,"8F & 9F Taisei Office, Tower, 289 Khuat Duy Tien St., Dai Mo Ward, Hanoi, Viet Nam",Vietnam,,,unlocated,needs_review,https://www.synopsys.com/company/contact-synopsys/office-locations.html,official_company_directory,2026-08-24,2026-08-25,https://nominatim.openstreetmap.org/,,,,,,,,,,,,,,,,,,
synopsys-093,synopsys,Synopsys,Tokyo,office,"Futako Tamagawa Rise Office, 2-21-1 Tamagawa, Setagaya-ku, Tokyo 158-0094, Japan",Japan,,,unlocated,needs_review,https://www.synopsys.com/company/contact-synopsys/office-locations.html,official_company_directory,2026-08-24,2026-08-25,https://nominatim.openstreetmap.org/,,,,,,,,,,,,,,,,,,
synopsys-094,synopsys,Synopsys,Osaka,office,"Pias Tower 13F, 3-19-3 Toyosaki, Kita-ku, Osaka-shi, Osaka, 531-0072, Japan",Japan,,,unlocated,needs_review,https://www.synopsys.com/company/contact-synopsys/office-locations.html,official_company_directory,2026-08-24,2026-08-25,https://nominatim.openstreetmap.org/,,,,,,,,,,,,,,,,,,
synopsys-095,synopsys,Synopsys,Sunnyvale worldwide headquarters,headquarters,"675 Almanor Ave, Sunnyvale, CA 94085, United States",United States,37.3980452,-122.0323385,building,map_ready,https://www.synopsys.com/company/contact-synopsys/office-locations.html,official_company_directory,2026-08-24,2026-08-25,https://nominatim.openstreetmap.org/,"Synopsys Building 6, 675, Almanor Avenue, Sunnyvale, Santa Clara County, California, 94085, United States",way,102376986,"675 Almanor Ave, Sunnyvale, CA 94085, United States",openstreetmap_building_match,2026-08-25,,,,,,,,,,,,
cadence-001,cadence,Cadence,San Jose corporate headquarters,headquarters,"2655 Seely Avenue, San Jose, CA 95134, United States",United States,37.3966298,-121.918936,street_or_area_candidate,geocoded,https://www.cadence.com/en_US/home/company/cadence-offices.html,official_company_directory,2026-08-24,2026-08-25,https://nominatim.openstreetmap.org/,"2655 Seely Avenue, Seely Avenue, North San Jose, San Jose, Santa Clara County, California, 95031, United States",node,6736236800,"2655 Seely Avenue, San Jose, CA 95134, United States",,,,,,"Cadence states that it has 70+ worldwide offices. This initial verified set consolidates physical buildings exposed by current official contact, regional, media, and training pages; the client-rendered global locator requires a later completeness pass.",,,,,,,,
cadence-002,cadence,Cadence,Dublin international headquarters,headquarters,"Block S, Eastpoint Business Park, Fairview, Dublin 3, Ireland",Ireland,53.3565395,-6.2263294,building_candidate,geocoded,https://www.cadence.com/en_US/home/company/contact-us.html,official_company_directory,2026-08-24,2026-08-25,https://nominatim.openstreetmap.org/,"Block S, EastPoint Business Park, Fairview, North Strand, North Dock B ED, Dublin, County Dublin, Leinster, Éire / Ireland",way,50234812,"Block S, Eastpoint Business Park, Fairview, Dublin 3, Ireland",,,,,,,,,,,,,,
cadence-003,cadence,Cadence,Shanghai office and Asia-Pacific headquarters,office,"5-10F, Building A, New Bund World Trade Center Phase III, No. 1, Lane 221, Dongyu Road, Pudong District, Shanghai 200126, China",China,,,unlocated,needs_review,https://www.cadence.com/zh_CN/home/company/contact-us-china.html,official_company_directory,2026-08-24,2026-08-25,https://nominatim.openstreetmap.org/,,,,,,,,,,,,,,,,,,
cadence-004,cadence,Cadence,Beijing office and R&D center,office,"Building D, Beijing Global Trade Center, No. 36 North Third Ring Road East, Dongcheng District, Beijing 100013, China",China,,,unlocated,needs_review,https://www.cadence.com/zh_CN/home/company/contact-us-china.html,official_company_directory,2026-08-24,2026-08-25,https://nominatim.openstreetmap.org/,,,,,,,,,,,,,,,,,,
cadence-005,cadence,Cadence,Shenzhen office,office,"Unit 01A, 24F, Tower B, East Pacific International Center, 7888 Shennan Avenue, Futian District, Shenzhen 518040, China",China,,,unlocated,needs_review,https://www.cadence.com/zh_CN/home/company/contact-us-china.html,official_company_directory,2026-08-24,2026-08-25,https://nominatim.openstreetmap.org/,,,,,,,,,,,,,,,,,,
cadence-006,cadence,Cadence,Noida office,office,"Plot 57A, B & C, Noida Special Economic Zone, Noida 201305, India",India,,,unlocated,needs_review,https://www.cadence.com/en_US/home/training/apac/india.html,official_company_directory,2026-08-24,2026-08-25,https://nominatim.openstreetmap.org/,,,,,,,,,,,,,,,,,,
cadence-007,cadence,Cadence,Bengaluru office,office,"Buildings 4A & 4B, RMZ Ecoworld SEZ, Sarjapur Outer Ring Road, Bengaluru, Karnataka 560103, India",India,,,unlocated,needs_review,https://www.cadence.com/en_US/home/training/apac/india.html,official_company_directory,2026-08-24,2026-08-25,https://nominatim.openstreetmap.org/,,,,,,,,,,,,,,,,,,
cadence-008,cadence,Cadence,Vélizy office,office,"Bâtiment Avenir, 18 rue Grange Dame Rose, 78140 Vélizy, France",France,,,unlocated,needs_review,https://www.cadence.com/en_US/home/training/contact.html,official_company_directory,2026-08-24,2026-08-25,https://nominatim.openstreetmap.org/,,,,,,,,,,,,,,,,,,
cadence-009,cadence,Cadence,Munich office,office,"Mozartstrasse 2, 85622 Feldkirchen, Munich, Germany",Germany,48.1516651,11.7232317,building,map_ready,https://login.cadence.com/content/cadence-www/global/en_US/home/training/emea/germany.html,official_company_directory,2026-08-24,2026-08-25,https://nominatim.openstreetmap.org/,"2, Mozartstraße, Feldkirchen, Landkreis München, Bayern, 85622, Deutschland",way,77806770,"Mozartstrasse 2, 85622 Feldkirchen, Munich, Germany",openstreetmap_building_match,2026-08-25,,,,,,,,,,,,
cadence-010,cadence,Cadence,Petah Tikva office,office,"18 Aharon Bert Street, Kiryat Arieh, Petah Tikva 4951448, Israel",Israel,,,unlocated,needs_review,https://www.cadence.com/en_US/home/training/contact.html,official_company_directory,2026-08-24,2026-08-25,https://nominatim.openstreetmap.org/,,,,,,,,,,,,,,,,,,
cadence-011,cadence,Cadence,Yokohama office,office,"2-100-45 Shin-Yokohama, Kohoku-ku, Yokohama 222-0033, Japan",Japan,35.5084446,139.6165552,street_or_area_candidate,geocoded,https://www.cadence.com/zh_CN/home/company/newsroom/media-contacts.html,official_company_directory,2026-08-24,2026-08-25,https://nominatim.openstreetmap.org/,"環状2号線, 新横浜二丁目, 港北区, 横浜市, 神奈川県, 231-0017, 日本",way,306232429,"2-100-45 Shin-Yokohama, Kohoku-ku, Yokohama 222-0033, Japan",,,,,,,,,,,,,,
cadence-012,cadence,Cadence,Seongnam office,office,"5F, M Tower, 8 Gumi-ro, Bundang-gu, Seongnam-si, Gyeonggi-do 13638, South Korea",South Korea,,,unlocated,needs_review,https://www.cadence.com/zh_CN/home/company/newsroom/media-contacts.html,official_company_directory,2026-08-24,2026-08-25,https://nominatim.openstreetmap.org/,,,,,,,,,,,,,,,,,,
cadence-013,cadence,Cadence,Singapore office,office,"Level 19, Unit 19-06, Capital Tower, 168 Robinson Road, Singapore 068912",Singapore,,,unlocated,needs_review,https://www.cadence.com/zh_CN/home/company/newsroom/media-contacts.html,official_company_directory,2026-08-24,2026-08-25,https://nominatim.openstreetmap.org/,,,,,,,,,,,,,,,,,,
cadence-014,cadence,Cadence,Kista office,office,"Isafjordsgatan 30C, Kista SE-164 40, Sweden",Sweden,,,unlocated,needs_review,https://www.cadence.com/en_US/home/training/contact.html,official_company_directory,2026-08-24,2026-08-25,https://nominatim.openstreetmap.org/,,,,,,,,,,,,,,,,,,
cadence-015,cadence,Cadence,Hsinchu office,office,"2F, No. 6-5, Dusing Road, Hsinchu Science Park, Hsinchu City, Taiwan",Taiwan,,,unlocated,needs_review,https://www.cadence.com/zh_CN/home/company/newsroom/media-contacts.html,official_company_directory,2026-08-24,2026-08-25,https://nominatim.openstreetmap.org/,,,,,,,,,,,,,,,,,,
cadence-016,cadence,Cadence,Bracknell office,office,"Maxis 1, Western Road, Bracknell RG12 1RT, United Kingdom",United Kingdom,51.4190702,-0.7729467,building,map_ready,https://www.cadence.com/zh_CN/home/company/newsroom/media-contacts.html,official_company_directory,2026-08-24,2026-08-25,https://nominatim.openstreetmap.org/,"Maxis 1, Western Road, Easthampstead, Bracknell, Bracknell Forest, England, RG12 1RT, United Kingdom",way,303631123,"Maxis 1, Western Road, Bracknell RG12 1RT, United Kingdom",openstreetmap_building_match,2026-08-25,,,,,,,,,,,,
coherent-001,coherent,Coherent,Coherent Corp. - Global Headquarters,headquarters,"375 Saxonburg Boulevard, Saxonburg, PA, 16056, United States",United States,40.73322122952481,-79.82037312243655,building,map_ready,https://www.coherent.com/company/locations/americas/united-states/coherent-corp-hq,official_company_directory,2026-08-24,,,,,,,official_company_directory,,,,,Imported from the corporate-location subset of Coherent’s official public locator index; distributor and partner records are excluded.,,,,,,,,
coherent-002,coherent,Coherent,Coherent - Santa Clara,office,"5100 Patrick Henry Drive,  Santa Clara, CA, 95054, United States",United States,37.40499691982995,-121.9851993074372,building,map_ready,https://www.coherent.com/company/locations/americas/united-states/coherent-santa-clara,official_company_directory,2026-08-24,,,,,,,official_company_directory,,,,,Imported from the corporate-location subset of Coherent’s official public locator index; distributor and partner records are excluded.,,,,,,,,
coherent-003,coherent,Coherent,Coherent - Fremont (Christy),office,"41762 Christy Street, Fremont, CA, 94538, United States",United States,37.51354352376712,-121.9787697892378,building,map_ready,https://www.coherent.com/company/locations/americas/united-states/coherent-fremont1,official_company_directory,2026-08-24,,,,,,,official_company_directory,,,,,Imported from the corporate-location subset of Coherent’s official public locator index; distributor and partner records are excluded.,,,,,,,,
coherent-004,coherent,Coherent,Coherent - Traverse City,office,"3340 Parkland Ct., Traverse City, MI, 49686-8723, United States",United States,44.73599813532224,-85.54662391059182,building,map_ready,https://www.coherent.com/company/locations/americas/united-states/coherent-traverse-city,official_company_directory,2026-08-24,,,,,,,official_company_directory,,,,,Imported from the corporate-location subset of Coherent’s official public locator index; distributor and partner records are excluded.,,,,,,,,
coherent-005,coherent,Coherent,Coherent - Warrendale,office,"5000 Ericsson Drive, Warrendale, PA, 15086, United States",United States,40.65775216810128,-80.10184389513824,building,map_ready,https://www.coherent.com/company/locations/americas/united-states/coherent-warrendale,official_company_directory,2026-08-24,,,,,,,official_company_directory,,,,,Imported from the corporate-location subset of Coherent’s official public locator index; distributor and partner records are excluded.,,,,,,,,
coherent-006,coherent,Coherent,Coherent - Champaign (Rion),office,"1606 Rion Drive, Champaign, IL, 61822, United States",United States,40.1596933241372,-88.27136621270026,building,map_ready,https://www.coherent.com/company/locations/americas/united-states/coherent-epiworks,official_company_directory,2026-08-24,,,,,,,official_company_directory,,,,,Imported from the corporate-location subset of Coherent’s official public locator index; distributor and partner records are excluded.,,,,,,,,
coherent-007,coherent,Coherent,Coherent - Pine Brook,office,"20 Chapin Rd., Units 1003-1010, Pine Brook, NJ, 07058, United States",United States,40.85747818838643,-74.33684586037008,building,map_ready,https://www.coherent.com/company/locations/americas/united-states/coherent-pine-brook,official_company_directory,2026-08-24,,,,,,,official_company_directory,,,,,Imported from the corporate-location subset of Coherent’s official public locator index; distributor and partner records are excluded.,,,,,,,,
coherent-008,coherent,Coherent,Coherent – Sunnyvale (Midas),office,"1230 Midas Way, Sunnyvale, CA, United States",United States,37.38493738951389,-121.9922094408206,building,map_ready,https://www.coherent.com/company/locations/americas/united-states/coherent-sunnyvale,official_company_directory,2026-08-24,,,,,,,official_company_directory,,,,,Imported from the corporate-location subset of Coherent’s official public locator index; distributor and partner records are excluded.,,,,,,,,
coherent-009,coherent,Coherent,Coherent - Sherman,office,"6800 South US Highway 75, Sherman, TX, 75090, United States",United States,33.55668912361848,-96.60838095530531,building,map_ready,https://www.coherent.com/company/locations/americas/united-states/coherent-sherman,official_company_directory,2026-08-24,,,,,,,official_company_directory,,,,,Imported from the corporate-location subset of Coherent’s official public locator index; distributor and partner records are excluded.,,,,,,,,
coherent-010,coherent,Coherent,Coherent - Bloomfield,office,"1280 Blue Hills Ave, Bloomfield, CT, 06002, United States",United States,41.85335998526296,-72.70229231987135,building,map_ready,https://www.coherent.com/company/locations/americas/united-states/coherent-bloomfield,official_company_directory,2026-08-24,,,,,,,official_company_directory,,,,,Imported from the corporate-location subset of Coherent’s official public locator index; distributor and partner records are excluded.,,,,,,,,
coherent-011,coherent,Coherent,Coherent - Horsham,office,"702 Electronic Drive, Suite 100, Horsham, PA, 19044, United States",United States,40.1615733322906,-75.1458774805125,building,map_ready,https://www.coherent.com/company/locations/americas/united-states/coherent-horsham,official_company_directory,2026-08-24,,,,,,,official_company_directory,,,,,Imported from the corporate-location subset of Coherent’s official public locator index; distributor and partner records are excluded.,,,,,,,,
coherent-012,coherent,Coherent,Coherent - Plymouth,office,"40984 Concept Dr, Plymouth, MI, 48170, United States",United States,42.3768656445898,-83.43883374436169,building,map_ready,https://www.coherent.com/company/locations/americas/united-states/coherent-plymouth,official_company_directory,2026-08-24,,,,,,,official_company_directory,,,,,Imported from the corporate-location subset of Coherent’s official public locator index; distributor and partner records are excluded.,,,,,,,,
coherent-013,coherent,Coherent,Coherent - New Port Richey,office,"7716 Massachusetts Avenue, New Port Richey, FL, 34653, United States",United States,28.25916795326465,-82.68680089352343,building,map_ready,https://www.coherent.com/company/locations/americas/united-states/coherent-new-port-richey,official_company_directory,2026-08-24,,,,,,,official_company_directory,,,,,Imported from the corporate-location subset of Coherent’s official public locator index; distributor and partner records are excluded.,,,,,,,,
coherent-014,coherent,Coherent,Coherent Canada,office,"15 Allstate Parkway, Suite 600,  Markham, Ontario,  L3R 5B4, Canada",Canada,43.85072874756852,-79.36355503285064,building,map_ready,https://www.coherent.com/company/locations/americas/canada/coherent-canada-inc,official_company_directory,2026-08-24,,,,,,,official_company_directory,,,,,Imported from the corporate-location subset of Coherent’s official public locator index; distributor and partner records are excluded.,,,,,,,,
coherent-015,coherent,Coherent,Coherent - Easton,office,"2251 Newlins Mill Road, Easton, PA, 18045, United States",United States,40.72944704943197,-75.26007689386161,building,map_ready,https://www.coherent.com/company/locations/americas/united-states/coherent-easton,official_company_directory,2026-08-24,,,,,,,official_company_directory,,,,,Imported from the corporate-location subset of Coherent’s official public locator index; distributor and partner records are excluded.,,,,,,,,
coherent-016,coherent,Coherent,Coherent - Newark (DE),office,"1300 Marrows Road, Newark, DE, 19711, United States",United States,39.68125612717343,-75.72787086749541,building,map_ready,https://www.coherent.com/company/locations/americas/united-states/coherent-newark1,official_company_directory,2026-08-24,,,,,,,official_company_directory,,,,,Imported from the corporate-location subset of Coherent’s official public locator index; distributor and partner records are excluded.,,,,,,,,
coherent-017,coherent,Coherent,Coherent - Marlow,office,"10465 Vista Park Road, Dallas, TX, 75238, United States",United States,32.89324510813424,-96.70397709777717,building,map_ready,https://www.coherent.com/company/locations/americas/united-states/coherent-marlow,official_company_directory,2026-08-24,,,,,,,official_company_directory,,,,,Imported from the corporate-location subset of Coherent’s official public locator index; distributor and partner records are excluded.,,,,,,,,
coherent-018,coherent,Coherent,Coherent - Sunnyvale (Stewart),office,"1012-1020 Stewart Dr., Sunnyvale, CA, 94085, United States",United States,37.38404566981576,-122.0009395097964,building,map_ready,https://www.coherent.com/company/locations/americas/united-states/coherent-sunnyvale2,official_company_directory,2026-08-24,,,,,,,official_company_directory,,,,,Imported from the corporate-location subset of Coherent’s official public locator index; distributor and partner records are excluded.,,,,,,,,
coherent-019,coherent,Coherent,Coherent - Advanced Coating Center,office,"3640 Westwind Boulevard, Santa Rosa, CA, 95403, United States",United States,38.50866261268317,-122.7957255338557,building,map_ready,https://www.coherent.com/company/locations/americas/united-states/coherent-santa-rosa,official_company_directory,2026-08-24,,,,,,,official_company_directory,,,,,Imported from the corporate-location subset of Coherent’s official public locator index; distributor and partner records are excluded.,,,,,,,,
coherent-020,coherent,Coherent,Coherent - Dallas,office,"10540 Miller Road, Dallas, TX, 75238, United States",United States,32.89430276675579,-96.70302968048907,building,map_ready,https://www.coherent.com/company/locations/americas/united-states/coherent-dallas,official_company_directory,2026-08-24,,,,,,,official_company_directory,,,,,Imported from the corporate-location subset of Coherent’s official public locator index; distributor and partner records are excluded.,,,,,,,,
coherent-021,coherent,Coherent,Coherent - Wilmington,office,"265 Ballardvale St., Wilmington, MA, 01887, United States",United States,42.59673691207824,-71.15949043974145,building,map_ready,https://www.coherent.com/company/locations/americas/united-states/coherent-wilmington,official_company_directory,2026-08-24,,,,,,,official_company_directory,,,,,Imported from the corporate-location subset of Coherent’s official public locator index; distributor and partner records are excluded.,,,,,,,,
coherent-022,coherent,Coherent,Coherent - Starkville,office,"MSU - 60 Technology Blvd., Suite 200, Starkville, MS, 39759, United States",United States,33.4737011365179,-88.79314042333468,building,map_ready,https://www.coherent.com/company/locations/americas/united-states/coherent-starkville,official_company_directory,2026-08-24,,,,,,,official_company_directory,,,,,Imported from the corporate-location subset of Coherent’s official public locator index; distributor and partner records are excluded.,,,,,,,,
coherent-023,coherent,Coherent,Coherent - Rheinland-Pfalz,office,"Struthstraße 2, Idar-Oberstein, Rheinland-Pfalz, 55743, Germany",Germany,49.70486440765427,7.344941576244221,building,map_ready,https://www.coherent.com/company/locations/emea/germany/coherent-rheinland-pfalz,official_company_directory,2026-08-24,,,,,,,official_company_directory,,,,,Imported from the corporate-location subset of Coherent’s official public locator index; distributor and partner records are excluded.,,,,,,,,
coherent-024,coherent,Coherent,Coherent - San Jose,office,"1830 Bering Dr., San Jose, CA, 95112, United States",United States,37.37397562007308,-121.9121940093436,building,map_ready,https://www.coherent.com/company/locations/americas/united-states/coherent-san-jose,official_company_directory,2026-08-24,,,,,,,official_company_directory,,,,,Imported from the corporate-location subset of Coherent’s official public locator index; distributor and partner records are excluded.,,,,,,,,
coherent-025,coherent,Coherent,Coherent - Pittsburgh,office,"535 Smithfield Street, 3rd Floor, Pittsburgh, PA, 15222-2302, United States",United States,40.4413716622292,-79.99805046783912,building,map_ready,https://www.coherent.com/company/locations/americas/united-states/coherent-pittsburgh,official_company_directory,2026-08-24,,,,,,,official_company_directory,,,,,Imported from the corporate-location subset of Coherent’s official public locator index; distributor and partner records are excluded.,,,,,,,,
coherent-026,coherent,Coherent,Coherent - Woburn ,office,"78A Olympia Avenue, Woburn, MA, 01801, United States",United States,42.49859269635499,-71.13831607969009,building,map_ready,https://www.coherent.com/company/locations/americas/united-states/coherent-woburn,official_company_directory,2026-08-24,,,,,,,official_company_directory,,,,,Imported from the corporate-location subset of Coherent’s official public locator index; distributor and partner records are excluded.,,,,,,,,
coherent-027,coherent,Coherent,Coherent - Hillsborough,office,"132 Stryker Lane, Hillsborough, NJ, 08844, United States",United States,40.49451205103966,-74.63947868330042,building,map_ready,https://www.coherent.com/company/locations/americas/united-states/coherent-hillsborough,official_company_directory,2026-08-24,,,,,,,official_company_directory,,,,,Imported from the corporate-location subset of Coherent’s official public locator index; distributor and partner records are excluded.,,,,,,,,
coherent-028,coherent,Coherent,Coherent - Monrovia,office,"850 E. Duarte Road, Monrovia, CA, 91016, United States",United States,34.13204634055289,-117.9879342835181,building,map_ready,https://www.coherent.com/company/locations/americas/united-states/coherent-monrovia,official_company_directory,2026-08-24,,,,,,,official_company_directory,,,,,Imported from the corporate-location subset of Coherent’s official public locator index; distributor and partner records are excluded.,,,,,,,,
coherent-029,coherent,Coherent,Coherent - Innovion,office,"2121 Zanker Road, San Jose, CA, 95131, United States",United States,37.3791845072086,-121.9165192384126,building,map_ready,https://www.coherent.com/company/locations/americas/united-states/coherent-innovion,official_company_directory,2026-08-24,,,,,,,official_company_directory,,,,,Imported from the corporate-location subset of Coherent’s official public locator index; distributor and partner records are excluded.,,,,,,,,
coherent-030,coherent,Coherent,Coherent - Huntsville,office,"7027 Old Madison Pike, Suite 108, Huntsville, AL, 35806, United States",United States,34.71233459347123,-86.67702768288547,building,map_ready,https://www.coherent.com/company/locations/americas/united-states/coherent-huntsville,official_company_directory,2026-08-24,,,,,,,official_company_directory,,,,,Imported from the corporate-location subset of Coherent’s official public locator index; distributor and partner records are excluded.,,,,,,,,
coherent-031,coherent,Coherent,Coherent - Budd Lake,office,"200 International Drive, Budd Lake, NJ, United States",United States,40.89743397042647,-74.72108220205637,building,map_ready,https://www.coherent.com/company/locations/americas/united-states/coherent-budd-lake,official_company_directory,2026-08-24,,,,,,,official_company_directory,,,,,Imported from the corporate-location subset of Coherent’s official public locator index; distributor and partner records are excluded.,,,,,,,,
coherent-032,coherent,Coherent,Coherent - Beavercreek,office,"1300 Research Park Dr., Beavercreek, OH, 45432, United States",United States,39.72948441804975,-84.06755093330999,building,map_ready,https://www.coherent.com/company/locations/americas/united-states/coherent-beavercreek,official_company_directory,2026-08-24,,,,,,,official_company_directory,,,,,Imported from the corporate-location subset of Coherent’s official public locator index; distributor and partner records are excluded.,,,,,,,,
coherent-033,coherent,Coherent,Coherent - Port Richey,office,"6716 Industrial Ave., Suite A&B, Port Richey, FL, 34668, United States",United States,28.27835282311429,-82.70340240955622,building,map_ready,https://www.coherent.com/company/locations/americas/united-states/coherent-port-richey,official_company_directory,2026-08-24,,,,,,,official_company_directory,,,,,Imported from the corporate-location subset of Coherent’s official public locator index; distributor and partner records are excluded.,,,,,,,,
coherent-034,coherent,Coherent,Coherent - Fremont (Milmont),office,"48800 Milmont Drive, Fremont, CA, 94538, United States",United States,37.46384095394252,-121.921894548784,building,map_ready,https://www.coherent.com/company/locations/americas/united-states/coherent-fremont3,official_company_directory,2026-08-24,,,,,,,official_company_directory,,,,,Imported from the corporate-location subset of Coherent’s official public locator index; distributor and partner records are excluded.,,,,,,,,
coherent-035,coherent,Coherent,Coherent - Detroit,office,"70701 Powell Road, Romeo, MI, 48065, United States",United States,42.81559978642112,-82.98265509546295,building,map_ready,https://www.coherent.com/company/locations/americas/united-states/coherent-detroit,official_company_directory,2026-08-24,,,,,,,official_company_directory,,,,,Imported from the corporate-location subset of Coherent’s official public locator index; distributor and partner records are excluded.,,,,,,,,
coherent-036,coherent,Coherent,Coherent - Eugene,office,"875 Wilson St., Unit C, Eugene, OR, 97402, United States",United States,44.05002633604964,-123.1314310094124,building,map_ready,https://www.coherent.com/company/locations/americas/united-states/coherent-eugene,official_company_directory,2026-08-24,,,,,,,official_company_directory,,,,,Imported from the corporate-location subset of Coherent’s official public locator index; distributor and partner records are excluded.,,,,,,,,
coherent-037,coherent,Coherent,Coherent - Wilsonville,office,"27650 Southwest 95th Avenue, Wilsonville, OR, 97070, United States",United States,45.31978311121778,-122.7719069184606,building,map_ready,https://www.coherent.com/company/locations/americas/united-states/coherent-wilsonville,official_company_directory,2026-08-24,,,,,,,official_company_directory,,,,,Imported from the corporate-location subset of Coherent’s official public locator index; distributor and partner records are excluded.,,,,,,,,
coherent-038,coherent,Coherent,Coherent - Fremont (Warm Springs),office,"47757 Warm Springs Blvd., Fremont, CA, 94539, United States",United States,37.47822798569212,-121.9233084777616,building,map_ready,https://www.coherent.com/company/locations/americas/united-states/coherent-fremont2,official_company_directory,2026-08-24,,,,,,,official_company_directory,,,,,Imported from the corporate-location subset of Coherent’s official public locator index; distributor and partner records are excluded.,,,,,,,,
coherent-039,coherent,Coherent,Coherent - East Granby (Nufern),office,"7 Airport Park Road, East Granby, CT, 06026, United States",United States,41.93805016074542,-72.70846300931018,building,map_ready,https://www.coherent.com/company/locations/americas/united-states/coherent-east-granby,official_company_directory,2026-08-24,,,,,,,official_company_directory,,,,,Imported from the corporate-location subset of Coherent’s official public locator index; distributor and partner records are excluded.,,,,,,,,
coherent-040,coherent,Coherent,Coherent - Monroe,office,"921 Main Street Monroe, Monroe, CT, 06468, United States",United States,41.35420127301987,-73.26214007942998,building,map_ready,https://www.coherent.com/company/locations/americas/united-states/coherent-monroe,official_company_directory,2026-08-24,,,,,,,official_company_directory,,,,,Imported from the corporate-location subset of Coherent’s official public locator index; distributor and partner records are excluded.,,,,,,,,
coherent-041,coherent,Coherent,Coherent - Champaign (Fox),office,"2004 Fox Drive, Champaign, IL, 61820, United States",United States,40.09113626999346,-88.25015982023966,building,map_ready,https://www.coherent.com/company/locations/americas/united-states/coherent-champaign,official_company_directory,2026-08-24,,,,,,,official_company_directory,,,,,Imported from the corporate-location subset of Coherent’s official public locator index; distributor and partner records are excluded.,,,,,,,,
coherent-042,coherent,Coherent,Coherent - Richmond,office,"4040 Lakeside Drive, Richmond, CA, 94806, United States",United States,37.98734992926422,-122.3320083359317,building,map_ready,https://www.coherent.com/company/locations/americas/united-states/coherent-richmond,official_company_directory,2026-08-24,,,,,,,official_company_directory,,,,,Imported from the corporate-location subset of Coherent’s official public locator index; distributor and partner records are excluded.,,,,,,,,
coherent-043,coherent,Coherent,Coherent - Tustin,office,"14192 Chambers Rd., Tustin, CA, 92870, United States",United States,33.72187510778692,-117.80528034177,building,map_ready,https://www.coherent.com/company/locations/americas/united-states/coherent-tustin,official_company_directory,2026-08-24,,,,,,,official_company_directory,,,,,Imported from the corporate-location subset of Coherent’s official public locator index; distributor and partner records are excluded.,,,,,,,,
coherent-044,coherent,Coherent,Coherent - M Cubed,office,"31 Pecks Lane, Suite 8, Newtown, CT, 06470, United States",United States,41.38430923923276,-73.27868265245206,building,map_ready,https://www.coherent.com/company/locations/americas/united-states/coherent-m-cubed,official_company_directory,2026-08-24,,,,,,,official_company_directory,,,,,Imported from the corporate-location subset of Coherent’s official public locator index; distributor and partner records are excluded.,,,,,,,,
coherent-045,coherent,Coherent,Coherent - Warren,office,"141 Mt Bethel Road, Warren, NJ, 07059, United States",United States,40.63263119996864,-74.50346667904375,building,map_ready,https://www.coherent.com/company/locations/americas/united-states/coherent-warren,official_company_directory,2026-08-24,,,,,,,official_company_directory,,,,,Imported from the corporate-location subset of Coherent’s official public locator index; distributor and partner records are excluded.,,,,,,,,
coherent-046,coherent,Coherent,"Coherent - Yangsan-si, Korea",office,"3 Yangsanyeok 6-gil, Yangsan, Gyeongsangnam-do, South Korea",South Korea,35.33872041280345,129.0268084658734,building,map_ready,https://www.coherent.com/company/locations/apac/korea/coherent-yangsan-si,official_company_directory,2026-08-24,,,,,,,official_company_directory,,,,,Imported from the corporate-location subset of Coherent’s official public locator index; distributor and partner records are excluded.,,,,,,,,
coherent-047,coherent,Coherent,Coherent - Taipei,office,"4F, No. 100, Rueiguang Rd.,11491, Taipei City, Taiwan, Taiwan",Taiwan,25.07629311757128,121.575207794936,building,map_ready,https://www.coherent.com/company/locations/apac/taiwan/coherent-taipei,official_company_directory,2026-08-24,,,,,,,official_company_directory,,,,,Imported from the corporate-location subset of Coherent’s official public locator index; distributor and partner records are excluded.,,,,,,,,
coherent-048,coherent,Coherent,Coherent - Hshinchu,office,"3F., No.8, Hsin-Ann Road, Hsinchu Science Park, 30016, Hshinchu, Taiwan, Taiwan",Taiwan,24.782018,121.004249,building,map_ready,https://www.coherent.com/company/locations/apac/taiwan/coherent-hshinchu,official_company_directory,2026-08-24,,,,,,,official_company_directory,,,,,Imported from the corporate-location subset of Coherent’s official public locator index; distributor and partner records are excluded.,,,,,,,,
coherent-049,coherent,Coherent,Coherent - Rosario,office,"Cavite Economic Zone Authority, Lot 6, Blk 1, Phase II Rosario, 4106, Rosario, Cavite, 4106, Philippines",Philippines,14.40678068110112,120.8609393658021,building,map_ready,https://www.coherent.com/company/locations/apac/philippines/coherent-rosario,official_company_directory,2026-08-24,,,,,,,official_company_directory,,,,,Imported from the corporate-location subset of Coherent’s official public locator index; distributor and partner records are excluded.,,,,,,,,
coherent-050,coherent,Coherent,Coherent - Laguna,office,"Bldg # 5 EZP Center, Calamba Premier International Park (CPIP), Batino, Calamba, 4027, Philippines",Philippines,14.19680531439127,121.1286573534488,building,map_ready,https://www.coherent.com/company/locations/apac/philippines/coherent-laguna,official_company_directory,2026-08-24,,,,,,,official_company_directory,,,,,Imported from the corporate-location subset of Coherent’s official public locator index; distributor and partner records are excluded.,,,,,,,,
coherent-051,coherent,Coherent,Coherent - Shanghai (Dan Gui),office,"Room. 102, 103, Vanke E-park Building 1, No. 835, 937 Dan Gui Road, Pudong, Shanghai, 201203, China",China,31.21582831936367,121.6242798363103,building,map_ready,https://www.coherent.com/company/locations/apac/china/coherent-shanghai,official_company_directory,2026-08-24,,,,,,,official_company_directory,,,,,Imported from the corporate-location subset of Coherent’s official public locator index; distributor and partner records are excluded.,,,,,,,,
coherent-052,coherent,Coherent,Coherent - Ipoh,office,"Plot 1, Kinta Free Industrial Zone, Off Jalan Tunku Abdul Rahman, Chemor, Negeri Perak, 31200, Malaysia",Malaysia,4.674223958408827,101.1235344975528,building,map_ready,https://www.coherent.com/company/locations/apac/malaysia/coherent-ipoh,official_company_directory,2026-08-24,,,,,,,official_company_directory,,,,,Imported from the corporate-location subset of Coherent’s official public locator index; distributor and partner records are excluded.,,,,,,,,
coherent-053,coherent,Coherent,Coherent - Penang,office,"155-A, FIZ, Block C, Phase 1, Bayan Lepas, Penang, 11900, Malaysia",Malaysia,5.31592450697547,100.2867953493941,building,map_ready,https://www.coherent.com/company/locations/apac/malaysia/coherent-penang,official_company_directory,2026-08-24,,,,,,,official_company_directory,,,,,Imported from the corporate-location subset of Coherent’s official public locator index; distributor and partner records are excluded.,,,,,,,,
coherent-054,coherent,Coherent,Coherent - Wuxi,office,"Lot Z3-1, Wuxi new District Free Trade Zone, Wuxi, China, 214111, China",China,31.5431839605414,120.3368789294223,building,map_ready,https://www.coherent.com/company/locations/apac/china/coherent-wuxi,official_company_directory,2026-08-24,,,,,,,official_company_directory,,,,,Imported from the corporate-location subset of Coherent’s official public locator index; distributor and partner records are excluded.,,,,,,,,
coherent-055,coherent,Coherent,Coherent - Hyderabad,office,"Unit 05-01, Fifth Floor, Block 2 Cyber Pearl Phase 2, HITEC, Telangana, 500081, India",India,17.44526250099086,78.37666165881446,building,map_ready,https://www.coherent.com/company/locations/apac/india/coherent-hyderabad,official_company_directory,2026-08-24,,,,,,,official_company_directory,,,,,Imported from the corporate-location subset of Coherent’s official public locator index; distributor and partner records are excluded.,,,,,,,,
coherent-056,coherent,Coherent,Coherent - Suzhou (Qiming),office,"158 Qiming Road, Suzhou, Jiangsu Province, 215121, China",China,31.339216553531,120.8374978096811,building,map_ready,https://www.coherent.com/company/locations/apac/china/coherent-suzhou2,official_company_directory,2026-08-24,,,,,,,official_company_directory,,,,,Imported from the corporate-location subset of Coherent’s official public locator index; distributor and partner records are excluded.,,,,,,,,
coherent-057,coherent,Coherent,Coherent - Daejeon,office,"41, Saeul-ro, Dong-gu, Daejeon, 34674, South Korea",South Korea,36.32211690095458,127.4623473747983,building,map_ready,https://www.coherent.com/company/locations/apac/korea/coherent-daejeon,official_company_directory,2026-08-24,,,,,,,official_company_directory,,,,,Imported from the corporate-location subset of Coherent’s official public locator index; distributor and partner records are excluded.,,,,,,,,
coherent-058,coherent,Coherent,Coherent - Anseong-si,office,"79 Seungryang-gil, Wongok-myun, Anseong-si, Gyeonggi-do, 17554, South Korea",South Korea,37.04234744177317,127.1279587275572,building,map_ready,https://www.coherent.com/company/locations/apac/korea/coherent-anseong,official_company_directory,2026-08-24,,,,,,,official_company_directory,,,,,Imported from the corporate-location subset of Coherent’s official public locator index; distributor and partner records are excluded.,,,,,,,,
coherent-059,coherent,Coherent,Coherent - Fuzhou,office,"56 Fuxing Road, Fuzhou, Fujian, 350014, China",China,26.08230197479904,119.3497399956372,building,map_ready,https://www.coherent.com/company/locations/apac/china/coherent-fuzhou,official_company_directory,2026-08-24,,,,,,,official_company_directory,,,,,Imported from the corporate-location subset of Coherent’s official public locator index; distributor and partner records are excluded.,,,,,,,,
coherent-060,coherent,Coherent,Coherent - Calamba City,office,"Bldg # 5 EZP Center, Calamba Premier International Park (CPIP), Batino, Calamba City, Laguna, 4027, Philippines",Philippines,14.19678483083961,121.1286688825345,building,map_ready,https://www.coherent.com/company/locations/apac/philippines/coherent-calamba-city,official_company_directory,2026-08-24,,,,,,,official_company_directory,,,,,Imported from the corporate-location subset of Coherent’s official public locator index; distributor and partner records are excluded.,,,,,,,,
coherent-061,coherent,Coherent,Coherent - Asan-si,office,"4F, Narae Building, 47, Gosokcheo-daero,  Baebang-eup, Asan-si, Chungcheongnam-do, 31470, South Korea",South Korea,36.79603589091158,127.1076590408736,building,map_ready,https://www.coherent.com/company/locations/apac/korea/coherent-asan-si,official_company_directory,2026-08-24,,,,,,,official_company_directory,,,,,Imported from the corporate-location subset of Coherent’s official public locator index; distributor and partner records are excluded.,,,,,,,,
coherent-062,coherent,Coherent,Coherent - Hanoi,office,"FB6 Factory, Fuji Precision Park, Yen Phong Industial Zones, Long Chau Commune, Yen Phong District, Bac Ninh, Vietnam",Vietnam,21.19253405553847,106.0041290805615,building,map_ready,https://www.coherent.com/company/locations/apac/vietnam/coherent-hanoi,official_company_directory,2026-08-24,,,,,,,official_company_directory,,,,,Imported from the corporate-location subset of Coherent’s official public locator index; distributor and partner records are excluded.,,,,,,,,
coherent-063,coherent,Coherent,Coherent - Guangzhou,office,"Building 5, 4th Lan-Yu Street, Kai-Fa Blvd., Economic & Technological Development District, Guangzhou, Guangdong, 510730, China",China,,,unlocated,address_verified,https://www.coherent.com/company/locations/apac/china/coherent-guangzhou,official_company_directory,2026-08-24,,,,,,,,,,,,Imported from the corporate-location subset of Coherent’s official public locator index; distributor and partner records are excluded.,,,,,,,,
coherent-064,coherent,Coherent,Coherent - Shenzhen (Huang Ge),office,"3, 4/F, Building D, T4, Tian’an Cyber Park, Huang Ge Road, Center City Longgang District, Shenzhen, China",China,,,unlocated,address_verified,https://www.coherent.com/company/locations/apac/china/coherent-shenzhen2,official_company_directory,2026-08-24,,,,,,,,,,,,Imported from the corporate-location subset of Coherent’s official public locator index; distributor and partner records are excluded.,,,,,,,,
coherent-065,coherent,Coherent,Coherent - Atsugi,office,"1042-4 Toda, Atsugi-shi, Kanagawa-ken,  243-0023, Japan",Japan,35.40220453038029,139.3663482833321,building,map_ready,https://www.coherent.com/company/locations/apac/japan/coherent-atsugi,official_company_directory,2026-08-24,,,,,,,official_company_directory,,,,,Imported from the corporate-location subset of Coherent’s official public locator index; distributor and partner records are excluded.,,,,,,,,
coherent-066,coherent,Coherent,Coherent- Tokyo,office,"Shinjuku MAYNDS Tower 26F, 2-1-1, Yoyogi, Shibuya-ku, Tokyo, 151-0053, Japan",Japan,35.68682960926085,139.698854684828,building,map_ready,https://www.coherent.com/company/locations/apac/japan/coherent-tokyo,official_company_directory,2026-08-24,,,,,,,official_company_directory,,,,,Imported from the corporate-location subset of Coherent’s official public locator index; distributor and partner records are excluded.,,,,,,,,
coherent-067,coherent,Coherent,Coherent - Osaka,office,"Nissay Shin-Osaka Minamiguchi Bld. 9F, 5-14-5, Nishi-Nakajima, Osaka, Yodogawa-ku, 532-0011, Japan",Japan,34.73113620933795,135.4991714839048,building,map_ready,https://www.coherent.com/company/locations/apac/japan/coherent-osaka,official_company_directory,2026-08-24,,,,,,,official_company_directory,,,,,Imported from the corporate-location subset of Coherent’s official public locator index; distributor and partner records are excluded.,,,,,,,,
coherent-068,coherent,Coherent,Coherent - Gumi-si,office,"251-1 Gongdan-dong, Gumi, Gyeongsangbuk-do, South Korea",South Korea,36.10276373002883,128.3839719813865,building,map_ready,https://www.coherent.com/company/locations/apac/korea/coherent-gumi-si,official_company_directory,2026-08-24,,,,,,,official_company_directory,,,,,Imported from the corporate-location subset of Coherent’s official public locator index; distributor and partner records are excluded.,,,,,,,,
coherent-069,coherent,Coherent,Coherent - Sydney,office,"21 Rosebery Avenue, Rosebery NSW 2018, Australia, Sydney, Australia",Australia,-33.91522292887278,151.2067848257048,building,map_ready,https://www.coherent.com/company/locations/apac/australia/coherent-sydney,official_company_directory,2026-08-24,,,,,,,official_company_directory,,,,,Imported from the corporate-location subset of Coherent’s official public locator index; distributor and partner records are excluded.,,,,,,,,
coherent-070,coherent,Coherent,Coherent - Yen Phong District,office,"FB6 Fuji Precision Park,; Yen Phong Industrial Zone, Yen Phong District, Vietnam",Vietnam,21.19248403925982,106.0042256389858,building,map_ready,https://www.coherent.com/company/locations/apac/vietnam/coherent-yen-phong-district,official_company_directory,2026-08-24,,,,,,,official_company_directory,,,,,Imported from the corporate-location subset of Coherent’s official public locator index; distributor and partner records are excluded.,,,,,,,,
coherent-071,coherent,Coherent,Coherent - Zurich,office,"Binzstrasse 17, Zurich, 8045, Switzerland",Switzerland,47.36253118003008,8.51728911407705,building,map_ready,https://www.coherent.com/company/locations/emea/switzerland/coherent-zurich,official_company_directory,2026-08-24,,,,,,,official_company_directory,,,,,Imported from the corporate-location subset of Coherent’s official public locator index; distributor and partner records are excluded.,,,,,,,,
coherent-072,coherent,Coherent,Coherent - Belp,office,"Aemmenmattstrasse 43,  Belp, 3123, Switzerland",Switzerland,46.90213016164315,7.504745684508527,building,map_ready,https://www.coherent.com/company/locations/emea/switzerland/coherent-belp,official_company_directory,2026-08-24,,,,,,,official_company_directory,,,,,Imported from the corporate-location subset of Coherent’s official public locator index; distributor and partner records are excluded.,,,,,,,,
coherent-073,coherent,Coherent,Coherent - Günding,office,"Hauptstraße 12b, Günding, Germany",Germany,48.25799020077358,11.39477232312181,building,map_ready,https://www.coherent.com/company/locations/emea/germany/coherent-gunding,official_company_directory,2026-08-24,,,,,,,official_company_directory,,,,,Imported from the corporate-location subset of Coherent’s official public locator index; distributor and partner records are excluded.,,,,,,,,
coherent-074,coherent,Coherent,Coherent - Gent,office,"Ottergemsesteenweg-Zuid 808, B544, Gent, 9000, Belgium",Belgium,51.01632347622264,3.735876826646511,building,map_ready,https://www.coherent.com/company/locations/emea/belgium/coherent-gent,official_company_directory,2026-08-24,,,,,,,official_company_directory,,,,,Imported from the corporate-location subset of Coherent’s official public locator index; distributor and partner records are excluded.,,,,,,,,
coherent-075,coherent,Coherent,Coherent - Mainz,office,"Galileo-Galilei-Str. 10, Mainz, 55129, Germany",Germany,49.96319203490321,8.257790035566108,building,map_ready,https://www.coherent.com/company/locations/emea/germany/coherent-mainz,official_company_directory,2026-08-24,,,,,,,official_company_directory,,,,,Imported from the corporate-location subset of Coherent’s official public locator index; distributor and partner records are excluded.,,,,,,,,
coherent-076,coherent,Coherent,Coherent - Sulzheim,office,"12 Hintere DorfstraSse, Sulzheim, 55286, Germany",Germany,49.84304519405806,8.091783625543377,building,map_ready,https://www.coherent.com/company/locations/emea/germany/coherent-sulzheim,official_company_directory,2026-08-24,,,,,,,official_company_directory,,,,,Imported from the corporate-location subset of Coherent’s official public locator index; distributor and partner records are excluded.,,,,,,,,
coherent-077,coherent,Coherent,Coherent - Kaiserslautern,office,"Opelstrasse 10, Kaiserslautern, 67661, Germany",Germany,49.46296659509682,7.693596084518941,building,map_ready,https://www.coherent.com/company/locations/emea/germany/coherent-kaiserslautern,official_company_directory,2026-08-24,,,,,,,official_company_directory,,,,,Imported from the corporate-location subset of Coherent’s official public locator index; distributor and partner records are excluded.,,,,,,,,
coherent-078,coherent,Coherent,Coherent Freiburg,office,"Stübeweg 52, Freiburg, 79108, Germany",Germany,48.025553,7.853147,building,map_ready,https://www.coherent.com/company/locations/emea/germany/coherent-freiburg,official_company_directory,2026-08-24,,,,,,,official_company_directory,,,,,Imported from the corporate-location subset of Coherent’s official public locator index; distributor and partner records are excluded.,,,,,,,,
coherent-079,coherent,Coherent,Coherent - Lisses,office,"14-16 All. du Cantal, Lisses, 91090, France",France,48.61188523545204,2.425991642274669,building,map_ready,https://www.coherent.com/company/locations/emea/france/coherent-lisses,official_company_directory,2026-08-24,,,,,,,official_company_directory,,,,,Imported from the corporate-location subset of Coherent’s official public locator index; distributor and partner records are excluded.,,,,,,,,
coherent-080,coherent,Coherent,Coherent - Tampere,office,"Kauhakorvenkatu 52, Tampere, 33720, Finland",Finland,61.45237426228384,23.90002051337649,building,map_ready,https://www.coherent.com/company/locations/emea/finland/coherent-tampere,official_company_directory,2026-08-24,,,,,,,official_company_directory,,,,,Imported from the corporate-location subset of Coherent’s official public locator index; distributor and partner records are excluded.,,,,,,,,
coherent-081,coherent,Coherent,Coherent - Glasgow,office,"West of Scotland Science Park, Todd Campus Maryhill Road, Glasgow, Scotland, G20 0XA, United Kingdom",United Kingdom,55.90481752501322,-4.30477216768973,building,map_ready,https://www.coherent.com/company/locations/emea/scotland/coherent-glasgow,official_company_directory,2026-08-24,,,,,,,official_company_directory,,,,,Imported from the corporate-location subset of Coherent’s official public locator index; distributor and partner records are excluded.,,,,,,,,
coherent-082,coherent,Coherent,Coherent - Weiterstadt,office,"Brunnenweg 19-21, Weiterstadt, 64331, Germany",Germany,49.90404344363746,8.604478854663734,building,map_ready,https://www.coherent.com/company/locations/emea/germany/coherent-weiterstadt,official_company_directory,2026-08-24,,,,,,,official_company_directory,,,,,Imported from the corporate-location subset of Coherent’s official public locator index; distributor and partner records are excluded.,,,,,,,,
coherent-083,coherent,Coherent,Coherent - Luebeck,office,"Estlandring 6, Luebeck, 23560, Germany",Germany,53.83586497457186,10.64996304224066,building,map_ready,https://www.coherent.com/company/locations/emea/germany/coherent-luebeck,official_company_directory,2026-08-24,,,,,,,official_company_directory,,,,,Imported from the corporate-location subset of Coherent’s official public locator index; distributor and partner records are excluded.,,,,,,,,
coherent-084,coherent,Coherent,Coherent - Rehovot ,office,"10 Menachem Plaut St., Science Building 1 Entrance A, Rehovot, 7670609, Israel",Israel,31.907744,34.808983,building,map_ready,https://www.coherent.com/company/locations/emea/israel/coherent-rehovot,official_company_directory,2026-08-24,,,,,,,official_company_directory,,,,,Imported from the corporate-location subset of Coherent’s official public locator index; distributor and partner records are excluded.,,,,,,,,
coherent-085,coherent,Coherent,Coherent - Göttingen,office,"Hans Boeckler Straße 12, Göttingen, 37079, Germany",Germany,51.54767318499325,9.882304533387135,building,map_ready,https://www.coherent.com/company/locations/emea/germany/coherent-gottingen,official_company_directory,2026-08-24,,,,,,,official_company_directory,,,,,Imported from the corporate-location subset of Coherent’s official public locator index; distributor and partner records are excluded.,,,,,,,,
coherent-086,coherent,Coherent,Coherent - Munich,office,"Zeppelinstraße 10-12,  Gilching, 82205, Germany",Germany,48.09403492291086,11.30783514338339,building,map_ready,https://www.coherent.com/company/locations/emea/germany/coherent-gilching,official_company_directory,2026-08-24,,,,,,,official_company_directory,,,,,Imported from the corporate-location subset of Coherent’s official public locator index; distributor and partner records are excluded.,,,,,,,,
coherent-087,coherent,Coherent,Coherent - Zeist,office,"Huis ter Heideweg 14, Zeist, 3705, Netherlands",Netherlands,52.10286237108471,5.256781938214461,building,map_ready,https://www.coherent.com/company/locations/emea/netherlands/coherent-zeist,official_company_directory,2026-08-24,,,,,,,official_company_directory,,,,,Imported from the corporate-location subset of Coherent’s official public locator index; distributor and partner records are excluded.,,,,,,,,
coherent-088,coherent,Coherent,Coherent - Overath,office,"Zur Kaule 1, Overath, 51491, Germany",Germany,50.96123359480374,7.323897139378123,building,map_ready,https://www.coherent.com/company/locations/emea/germany/coherent-overath,official_company_directory,2026-08-24,,,,,,,official_company_directory,,,,,Imported from the corporate-location subset of Coherent’s official public locator index; distributor and partner records are excluded.,,,,,,,,
coherent-089,coherent,Coherent,Coherent - Hamburg,office,"Berzeliusstrasse 83, Hamburg, 22113, Germany",Germany,53.53390948677389,10.10233919120535,building,map_ready,https://www.coherent.com/company/locations/emea/germany/coherent-hamburg,official_company_directory,2026-08-24,,,,,,,official_company_directory,,,,,Imported from the corporate-location subset of Coherent’s official public locator index; distributor and partner records are excluded.,,,,,,,,
coherent-090,coherent,Coherent,Coherent - Paignton,office,"Unit F, Westfield Business Park, Long Road, Devon, Paignton, United Kingdom",United Kingdom,50.41409838105402,-3.591798258803487,building,map_ready,https://www.coherent.com/company/locations/emea/united-kingdom/coherent-paignton,official_company_directory,2026-08-24,,,,,,,official_company_directory,,,,,Imported from the corporate-location subset of Coherent’s official public locator index; distributor and partner records are excluded.,,,,,,,,
coherent-091,coherent,Coherent,Coherent - Berlin,office,"Reuchlinstraße 10-11, Berlin, Germany, 10553, Germany",Germany,52.52630778459604,13.32385443942292,building,map_ready,https://www.coherent.com/company/locations/emea/germany/coherent-berlin,official_company_directory,2026-08-24,,,,,,,official_company_directory,,,,,Imported from the corporate-location subset of Coherent’s official public locator index; distributor and partner records are excluded.,,,,,,,,
coherent-092,coherent,Coherent,Coherent - Mölndal,office,"Aminogatan 30, Mölndal, SE 43153, Sweden",Sweden,57.64242762637046,11.99604005563368,building,map_ready,https://www.coherent.com/company/locations/emea/sweden/coherent-molndal,official_company_directory,2026-08-24,,,,,,,official_company_directory,,,,,Imported from the corporate-location subset of Coherent’s official public locator index; distributor and partner records are excluded.,,,,,,,,
coherent-093,coherent,Coherent,Coherent - Kleinmachnow,office,"Hermann-von-Helmholtz-Straße 2, Kleinmachnow, 14532, Germany",Germany,52.4095384947679,13.19059833999649,building,map_ready,https://www.coherent.com/company/locations/emea/germany/coherent-kleinmachnow,official_company_directory,2026-08-24,,,,,,,official_company_directory,,,,,Imported from the corporate-location subset of Coherent’s official public locator index; distributor and partner records are excluded.,,,,,,,,
coherent-094,coherent,Coherent,Coherent - Pamplona,office,"Pol. Arazuri-Oroyen Calle C, nº 12, Arazuri, Navarra, 31170, Spain",Spain,42.81499538615243,-1.703179025068756,building,map_ready,https://www.coherent.com/company/locations/emea/spain/coherent-pamplona,official_company_directory,2026-08-24,,,,,,,official_company_directory,,,,,Imported from the corporate-location subset of Coherent’s official public locator index; distributor and partner records are excluded.,,,,,,,,
coherent-095,coherent,Coherent,Coherent - Kista,office,"Isafjordsgatan 22B, Electrum 207;  SE164 40, Kista, 16440, Sweden",Sweden,59.40491951195333,17.94953542636159,building,map_ready,https://www.coherent.com/company/locations/emea/sweden/coherent-kista,official_company_directory,2026-08-24,,,,,,,official_company_directory,,,,,Imported from the corporate-location subset of Coherent’s official public locator index; distributor and partner records are excluded.,,,,,,,,
coherent-096,coherent,Coherent,Coherent - Milan,office,"Via Andrea Costa 31, Milan, 20131, Italy",Italy,45.48855482960952,9.221437639100209,building,map_ready,https://www.coherent.com/company/locations/emea/italy/coherent-milan,official_company_directory,2026-08-24,,,,,,,official_company_directory,,,,,Imported from the corporate-location subset of Coherent’s official public locator index; distributor and partner records are excluded.,,,,,,,,
coherent-097,coherent,Coherent,Coherent - Eching,office,"Oskar-von-Miller-Straße 1, Eching, Germany, 85386, Germany",Germany,48.3102692286244,11.64743359683266,building,map_ready,https://www.coherent.com/company/locations/emea/germany/coherent-eching,official_company_directory,2026-08-24,,,,,,,official_company_directory,,,,,Imported from the corporate-location subset of Coherent’s official public locator index; distributor and partner records are excluded.,,,,,,,,
coherent-098,coherent,Coherent,Coherent - Newton Aycliffe,office,"Millennium Way, Aycliffe Business Park, Co Durham, DL5 6JW, Newton Aycliffe, United Kingdom",United Kingdom,54.58947335657032,-1.569192241867175,building,map_ready,https://www.coherent.com/company/locations/emea/united-kingdom/coherent-newton-aycliffe,official_company_directory,2026-08-24,,,,,,,official_company_directory,,,,,Imported from the corporate-location subset of Coherent’s official public locator index; distributor and partner records are excluded.,,,,,,,,
coherent-099,coherent,Coherent,Coherent - Monza,office,"Viale Lombardia, 159, Monza, 20900, Italy",Italy,45.57465116966984,9.24796390670686,building,map_ready,https://www.coherent.com/company/locations/emea/italy/coherent-monza,official_company_directory,2026-08-24,,,,,,,official_company_directory,,,,,Imported from the corporate-location subset of Coherent’s official public locator index; distributor and partner records are excluded.,,,,,,,,
coherent-100,coherent,Coherent,Coherent - Idar-Oberstein,office,"Struthstraße 2, Idar-Oberstein, 55743, Germany",Germany,49.7048366847967,7.344984473689409,building,map_ready,https://www.coherent.com/company/locations/emea/germany/coherent-idar-oberstein,official_company_directory,2026-08-24,,,,,,,official_company_directory,,,,,Imported from the corporate-location subset of Coherent’s official public locator index; distributor and partner records are excluded.,,,,,,,,
smee-001,smee,Shanghai Micro Electronics Equipment,SMEE Shanghai headquarters,headquarters,"1525 Zhangdong Road, Zhangjiang High-Tech Park, Pudong New Area, Shanghai, China",China,,,unlocated,needs_review,https://www.smee.com.cn/,official_company_directory,2026-08-24,2026-08-25,https://nominatim.openstreetmap.org/,,,,,,,,,,SMEE’s current official site consistently publishes this single company address and does not expose a separate office or manufacturing-site directory.,,,,,,,,
hwatsing-001,hwatsing,Hwatsing Technology,Hwatsing Tianjin headquarters,headquarters,"11 Juxing Road, Xianshuigu Town, Jinnan District, Tianjin 300350, China",China,,,unlocated,needs_review,https://www.hwatsing.com/relation_site.html,official_company_directory,2026-08-24,2026-08-25,https://nominatim.openstreetmap.org/,,,,,,,,,,"The current official site and 2026 regulatory materials verify this headquarters and principal operating address. Current disclosures name Beijing and Shanghai subsidiaries and activity in Zhejiang, Jiangsu, and Hubei, but no complete current street-address directory is published; those sites are withheld from the map.",,,,,,,,
empyrean-001,empyrean,Empyrean Technology,Beijing headquarters,headquarters,"2F, Tower A, Wangjing Science and Technology Park, 2 Lize Middle 2nd Road, Chaoyang District, Beijing, China",China,,,unlocated,needs_review,https://www.empyrean.com.cn/company/contact-us.html,official_company_directory,2026-08-24,2026-08-25,https://nominatim.openstreetmap.org/,,,,,,,,,,"The current official profile also names subsidiaries or branches in Hong Kong, Tianjin, Wuhan, Chongqing, Xiamen, and Suzhou without publishing their street addresses on the contact directory; those city-only sites are withheld.",,,,,,,,
empyrean-002,empyrean,Empyrean Technology,Nanjing office,office,"8F, Tower A, Chuangzhi Building, 17 Xinghuo Road, Jiangbei New Area, Nanjing, Jiangsu, China",China,,,unlocated,needs_review,https://www.empyrean.com.cn/company/contact-us.html,official_company_directory,2026-08-24,2026-08-25,https://nominatim.openstreetmap.org/,,,,,,,,,,,,,,,,,,
empyrean-003,empyrean,Empyrean Technology,Chengdu office,office,"518 Guoxin Avenue, Shuangliu District, Chengdu, Sichuan, China",China,,,unlocated,needs_review,https://www.empyrean.com.cn/company/contact-us.html,official_company_directory,2026-08-24,2026-08-25,https://nominatim.openstreetmap.org/,,,,,,,,,,,,,,,,,,
empyrean-004,empyrean,Empyrean Technology,Shenzhen office,office,"10F, Building E, Shenzhen-Hong Kong International Science and Technology Park, 3 Binglang Road, Futian Free Trade Zone, Shenzhen, Guangdong, China",China,,,unlocated,needs_review,https://www.empyrean.com.cn/company/contact-us.html,official_company_directory,2026-08-24,2026-08-25,https://nominatim.openstreetmap.org/,,,,,,,,,,,,,,,,,,
empyrean-005,empyrean,Empyrean Technology,Shanghai Lingang office,office,"1F, Building 9, Lane 88, Haiyang 2nd Road, Lingang New Area, Shanghai, China",China,,,unlocated,needs_review,https://www.empyrean.com.cn/company/contact-us.html,official_company_directory,2026-08-24,2026-08-25,https://nominatim.openstreetmap.org/,,,,,,,,,,,,,,,,,,
empyrean-006,empyrean,Empyrean Technology,Shanghai Zhangjiang office,office,"10F, Building C, 1867 Zhongke Road, Pudong New Area, Shanghai, China",China,,,unlocated,needs_review,https://www.empyrean.com.cn/company/contact-us.html,official_company_directory,2026-08-24,2026-08-25,https://nominatim.openstreetmap.org/,,,,,,,,,,,,,,,,,,
empyrean-007,empyrean,Empyrean Technology,Beijing Industrial Software Research Institute,research,"Room 1201, 12F, Tower A, Building 1, 19 Ronghua Middle Road, Beijing Economic-Technological Development Area, Beijing, China",China,,,unlocated,needs_review,https://www.empyrean.com.cn/company/contact-us.html,official_company_directory,2026-08-24,2026-08-25,https://nominatim.openstreetmap.org/,,,,,,,,,,,,,,,,,,
empyrean-008,empyrean,Empyrean Technology,Xi’an office,office,"8F, Building G1, Huanpu Science and Technology Park, 211 Tiangu 8th Road, Xi’an High-Tech Zone, Shaanxi, China",China,,,unlocated,needs_review,https://www.empyrean.com.cn/company/contact-us.html,official_company_directory,2026-08-24,2026-08-25,https://nominatim.openstreetmap.org/,,,,,,,,,,,,,,,,,,
intel-foundry-001,intel-foundry,Intel Foundry,Santa Clara headquarters,headquarters,"2200 Mission College Boulevard, Santa Clara, CA 95054, United States",United States,37.3882663,-121.963779,street_or_area_candidate,geocoded,https://www.intel.com/content/www/us/en/support/campus-locations.html,official_company_directory,2026-08-25,2026-08-25,https://nominatim.openstreetmap.org/,"2200 Mission College Boulevard, Mission College Boulevard, Agnew, Santa Clara, Santa Clara County, California, 95054, United States",node,6644939630,"2200 Mission College Boulevard, Santa Clara, CA 95054, United States",,,,,,"Intel's current foundry network also names Shanghai and the future Ohio One site, but the reviewed current official materials did not provide stable street addresses for those campuses; they are withheld pending exact-address verification. Network scope: https://www.intel.com/content/www/us/en/foundry/manufacturing.html",,,,,,,,
intel-foundry-002,intel-foundry,Intel Foundry,Ocotillo manufacturing campus,manufacturing,"4500 S Dobson Road, Chandler, AZ 85248, United States",United States,33.239697,-111.876057,street_or_area_candidate,geocoded,https://www.intel.com/content/dam/www/central-libraries/us/en/documents/2026-01/0222427-cert-qms-eng-intel-corporation-main-appendix.pdf,official_company_directory,2026-08-25,2026-08-25,https://nominatim.openstreetmap.org/,"4500, South Dobson Road, Chandler, Maricopa County, Arizona, 85248, United States",way,531254712,"4500 S Dobson Road, Chandler, AZ 85248, United States",,,,,,,,,,,,,,
intel-foundry-003,intel-foundry,Intel Foundry,Gordon Moore Park at Ronler Acres,research_manufacturing,"2501 NW 229th Avenue, Hillsboro, OR 97124, United States",United States,45.5469844,-122.9124967,building,map_ready,https://www.intel.com/content/dam/www/central-libraries/us/en/documents/2026-01/0222427-cert-qms-eng-intel-corporation-main-appendix.pdf,official_company_directory,2026-08-25,2026-08-25,https://nominatim.openstreetmap.org/,"Intel RA1, 2501, Northeast Century Boulevard, Hillsboro, Washington County, Oregon, 97124, United States",way,607852248,"2501 NW 229th Avenue, Hillsboro, OR 97124, United States",openstreetmap_building_match,2026-08-25,,,,,,,,,,,,
intel-foundry-004,intel-foundry,Intel Foundry,Rio Rancho advanced packaging campus,manufacturing,"1600 Rio Rancho Boulevard SE, Rio Rancho, NM 87124, United States",United States,35.2629883,-106.632509,street_or_area_candidate,geocoded,https://www.intel.com/content/dam/www/central-libraries/us/en/documents/2026-01/0222427-cert-qms-eng-intel-corporation-main-appendix.pdf,official_company_directory,2026-08-25,2026-08-25,https://nominatim.openstreetmap.org/,"Pat D'Arco Highway, Rio Rancho, Sandoval County, New Mexico, 87048, United States",way,133136633,"1600 Rio Rancho Boulevard SE, Rio Rancho, NM 87124, United States",,,,,,,,,,,,,,
intel-foundry-005,intel-foundry,Intel Foundry,Leixlip manufacturing campus,manufacturing,"Collinstown Industrial Park, Leixlip, County Kildare W23 CX68, Ireland",Ireland,53.3752546,-6.5224636,building_candidate,geocoded,https://www.intel.com/content/dam/www/central-libraries/us/en/documents/2026-01/0222427-cert-qms-eng-intel-corporation-main-appendix.pdf,official_company_directory,2026-08-25,2026-08-25,https://nominatim.openstreetmap.org/,"Collinstown Industrial Park, Leixlip ED, Leixlip, County Kildare, Leinster, W23 N2T7, Éire / Ireland",way,33123574,"Collinstown Industrial Park, Leixlip, County Kildare W23 CX68, Ireland",,,,,,,,,,,,,,
intel-foundry-006,intel-foundry,Intel Foundry,Kiryat Gat manufacturing campus,manufacturing,"2 Tzoran Street, New Industrial Area, Kiryat Gat 82109, Israel",Israel,,,unlocated,needs_review,https://www.intel.com/content/dam/www/central-libraries/us/en/documents/2026-01/0222427-cert-qms-eng-intel-corporation-main-appendix.pdf,official_company_directory,2026-08-25,2026-08-25,https://nominatim.openstreetmap.org/,,,,,,,,,,,,,,,,,,
intel-foundry-007,intel-foundry,Intel Foundry,Jerusalem development campus,research,"9 Hamarpe Street, Har Hotzvim Industrial Area, Jerusalem 91004, Israel",Israel,,,unlocated,needs_review,https://www.intel.com/content/www/us/en/corporate-responsibility/intel-in-israel.html,official_company_directory,2026-08-25,2026-08-25,https://nominatim.openstreetmap.org/,,,,,,,,,,,,,,,,,,
intel-foundry-008,intel-foundry,Intel Foundry,Chengdu assembly and test site,manufacturing,"8-1 Kexin Road, Chengdu High-Tech Zone West Park, Chengdu, Sichuan 611731, China",China,,,unlocated,needs_review,https://www.intel.com/content/dam/www/public/us/en/documents/corporate-information/19-4326-d-chengdu-cdat-certificate.pdf,official_company_directory,2026-08-25,2026-08-25,https://nominatim.openstreetmap.org/,,,,,,,,,,,,,,,,,,
intel-foundry-009,intel-foundry,Intel Foundry,Costa Rica assembly and test campus,manufacturing,"Calle 129, La Ribera de Belén, Belén, Heredia 40702, Costa Rica",Costa Rica,10.0013431,-84.170258,street_or_area_candidate,geocoded,https://www.intel.com/content/dam/www/public/us/en/documents/corporate-information/intel-bcr-eea-final-2025.pdf,official_company_directory,2026-08-25,2026-08-25,https://nominatim.openstreetmap.org/,"Calle Echeverría, Echeverría, La Ribera, Belén, Heredia, 40702, Costa Rica",way,307026036,"Calle 129, La Ribera de Belén, Belén, Heredia 40702, Costa Rica, Costa Rica",,,,,,,,,,,,,,
intel-foundry-010,intel-foundry,Intel Foundry,Kulim manufacturing campus,manufacturing,"Lot 8, Jalan Hi-Tech 2/3, Kulim Hi-Tech Park, Kulim, Kedah 09000, Malaysia",Malaysia,5.424179,100.5899075,street_or_area_candidate,geocoded,https://cdrdv2-public.intel.com/891637/Invoice%20Requirements%20By%20Country-Region.pdf,official_company_directory,2026-08-25,2026-08-25,https://nominatim.openstreetmap.org/,"Jalan Hi-Tech 2/3, Kawasan Perindustrian Teknologi Tinggi Kulim, Pihak Berkuasa Tempatan Taman Perindustrian Hi-Tech Kulim, Kulim, Kedah, 09090, Malaysia",way,50894803,"Lot 8, Jalan Hi-Tech 2/3, Kulim Hi-Tech Park, Kulim, Kedah 09000, Malaysia",,,,,,,,,,,,,,
intel-foundry-011,intel-foundry,Intel Foundry,Penang assembly and test campus,manufacturing,"Bayan Lepas Free Industrial Zone, Phase 3, Halaman Kampung Jawa, Bayan Lepas, Penang 11900, Malaysia",Malaysia,,,unlocated,needs_review,https://cdrdv2-public.intel.com/891637/Invoice%20Requirements%20By%20Country-Region.pdf,official_company_directory,2026-08-25,2026-08-25,https://nominatim.openstreetmap.org/,,,,,,,,,,,,,,,,,,
intel-foundry-012,intel-foundry,Intel Foundry,Ho Chi Minh City assembly and test site,manufacturing,"Lot I2, D1 Road, Saigon Hi-Tech Park, Thu Duc City, Ho Chi Minh City, Vietnam",Vietnam,,,unlocated,needs_review,https://www.intel.com/content/dam/www/central-libraries/us/en/documents/2026-01/0222427-cert-qms-eng-intel-corporation-main-appendix.pdf,official_company_directory,2026-08-25,2026-08-25,https://nominatim.openstreetmap.org/,,,,,,,,,,,,,,,,,,
jcet-001,jcet,JCET,Jiangyin Binjiang production base,manufacturing,"275 Binjiang Middle Road, Jiangyin, Jiangsu, China",China,,,unlocated,needs_review,https://www.jcetglobal.com/uploads/27001%26e8%268b%26b1%26e6%2696%2687-%26e6%2680%26bb%26e8%26af%2681.pdf,official_company_certification,2026-08-25,2026-08-25,https://nominatim.openstreetmap.org/,,,,,,,,,,JCET’s 2024 ESG report defines eight operating manufacturing plants. Co-located JCET legal entities at 78 Changshan Road are represented by one physical campus marker. Sales branches in more than 20 countries are not street-addressed in the reviewed current official directory and are withheld.,,,,,,,,
jcet-002,jcet,JCET,Jiangyin City East production and R&D base,research_manufacturing,"78 Changshan Road, Chengjiang Town, Jiangyin, Jiangsu, China",China,,,unlocated,needs_review,https://www.jcetglobal.com/uploads/27001%26e8%268b%26b1%26e6%2696%2687-%26e6%2680%26bb%26e8%26af%2681.pdf,official_company_certification,2026-08-25,2026-08-25,https://nominatim.openstreetmap.org/,,,,,,,,,,,,,,,,,,
jcet-003,jcet,JCET,Jiangyin Dong’an production site,manufacturing,"1 Dong’an Road, Jiangyin, Jiangsu, China",China,,,unlocated,needs_review,https://www.jcetglobal.com/uploads/27001%26e8%268b%26b1%26e6%2696%2687-%26e6%2680%26bb%26e8%26af%2681.pdf,official_company_certification,2026-08-25,2026-08-25,https://nominatim.openstreetmap.org/,,,,,,,,,,,,,,,,,,
jcet-004,jcet,JCET,Chuzhou production base,manufacturing,"999 Shiji Road, Chuzhou, Anhui, China",China,,,unlocated,needs_review,https://www.jcetglobal.com/uploads/27001%26e8%268b%26b1%26e6%2696%2687-%26e6%2680%26bb%26e8%26af%2681.pdf,official_company_certification,2026-08-25,2026-08-25,https://nominatim.openstreetmap.org/,,,,,,,,,,,,,,,,,,
jcet-005,jcet,JCET,Suqian production base,manufacturing,"5 Putuoshan Road, Susu Industrial Park, Suqian, Jiangsu, China",China,,,unlocated,needs_review,https://www.jcetglobal.com/uploads/27001%26e8%268b%26b1%26e6%2696%2687-%26e6%2680%26bb%26e8%26af%2681.pdf,official_company_certification,2026-08-25,2026-08-25,https://nominatim.openstreetmap.org/,,,,,,,,,,,,,,,,,,
jcet-006,jcet,JCET,Singapore Yishun production base,manufacturing,"5 Yishun Street 23, Singapore 768442",Singapore,1.4399068,103.8423215,building,map_ready,https://www.jcetglobal.com/uploads/2023%26e5%26b9%26b4%26e9%2695%26bf%26e7%2694%26b5%26e7%26a7%2691%26e6%268a%2680ESG%26e6%268a%25a5%26e5%2591%268a-EN.PDF,official_company_certification,2026-08-25,2026-08-25,https://nominatim.openstreetmap.org/,"JCET STATS ChipPAC, 5, Yishun Street 23, Northland, Yishun, North Region, Singapore, 768442, Singapore",way,125275075,"5 Yishun Street 23, Singapore 768442, Singapore",openstreetmap_building_match,2026-08-25,,,,,,,,,,,,
jcet-007,jcet,JCET,Incheon production and R&D base,research_manufacturing,"191 Jayumuyeok-ro, Jung-gu, Incheon 22379, South Korea",South Korea,,,unlocated,needs_review,https://www.jcetglobal.com/uploads/2023%26e5%26b9%26b4%26e9%2695%26bf%26e7%2694%26b5%26e7%26a7%2691%26e6%268a%2680ESG%26e6%268a%25a5%26e5%2591%268a-EN.PDF,official_company_certification,2026-08-25,2026-08-25,https://nominatim.openstreetmap.org/,,,,,,,,,,,,,,,,,,
jcet-008,jcet,JCET,Incheon JCET STATS production base,manufacturing,"299 Jayumuyeok-ro, Jung-gu, Incheon 22379, South Korea",South Korea,,,unlocated,needs_review,https://www.jcetglobal.com/uploads/SCK%20IATF16949.pdf,official_company_certification,2026-08-25,2026-08-25,https://nominatim.openstreetmap.org/,,,,,,,,,,,,,,,,,,
tongfu-001,tongfu,Tongfu Microelectronics,Nantong headquarters,headquarters,"288 Chongchuan Road, Nantong, Jiangsu 226004, China",China,31.9720974,120.8676121,street_or_area_candidate,geocoded,https://en.tfme.com/contact.html,official_company_directory,2026-08-25,2026-08-25,https://nominatim.openstreetmap.org/,"崇川路, 崇川经济开发区, 狼山镇街道, 崇川区, 南通市, 江苏省, 226000, 中国",way,1136708209,"288 Chongchuan Road, Nantong, Jiangsu 226004, China",,,,,,"Tongfu’s 2025 reporting describes nine production bases. Seven are street-addressed in the current corporate contact directory; TF-AMD publishes the Batu Kawan address directly, and the Suzhou government identifies the new Jinguang Industrial Park base. Taiwan is listed only as a sales contact without a physical address and is withheld.",,,,,,,,
tongfu-002,tongfu,Tongfu Microelectronics,Hefei production base,manufacturing,"Intersection of Yungu Road and Hezhang Road, Hefei, Anhui 231299, China",China,,,unlocated,needs_review,https://en.tfme.com/contact.html,official_company_directory,2026-08-25,2026-08-25,https://nominatim.openstreetmap.org/,,,,,,,,,,,,,,,,,,
tongfu-003,tongfu,Tongfu Microelectronics,Nantong Tongfu production base,manufacturing,"99 Jiangda Road, Nantong Sutong Science and Technology Industrial Park, Nantong, Jiangsu 226017, China",China,,,unlocated,needs_review,https://en.tfme.com/contact.html,official_company_directory,2026-08-25,2026-08-25,https://nominatim.openstreetmap.org/,,,,,,,,,,,,,,,,,,
tongfu-004,tongfu,Tongfu Microelectronics,TF-AMD Suzhou production base,manufacturing,"88 Sutong Road, Suzhou Industrial Park, Suzhou, Jiangsu 215021, China",China,31.3049578,120.6693489,street_or_area_candidate,geocoded,https://en.tfme.com/contact.html,official_company_directory,2026-08-25,2026-08-25,https://nominatim.openstreetmap.org/,"苏桐路, 加城社区, 湖西社工委, 金鸡湖街道, 苏州工业园区, 苏州市, 江苏省, 215021, 中国",way,419912489,"88 Sutong Road, Suzhou Industrial Park, Suzhou, Jiangsu 215021, China",,,,,,,,,,,,,,
tongfu-005,tongfu,Tongfu Microelectronics,TF-AMD Penang production base,manufacturing,"Phase 3, Free Industrial Zone, Bayan Lepas, Penang 11900, Malaysia",Malaysia,5.3273588,100.3016808,building,map_ready,https://tf-amd.com.my/contact/,official_company_directory,2026-08-25,2026-08-25,https://nominatim.openstreetmap.org/,"Clarion Malaysia Sdn Bhd (Phase 3), Halaman Kampung Jawa, Zon Perindustrian Bebas Bayan Lepas, Bayan Lepas, Barat Daya, George Town, Pulau Pinang, 11950, Malaysia",way,262989935,"Phase 3, Free Industrial Zone, Bayan Lepas, Penang 11900, Malaysia",openstreetmap_building_match,2026-08-25,,,,,,,,,,,,
tongfu-006,tongfu,Tongfu Microelectronics,Nantong Tongfu Tongke production base,manufacturing,"226 Tongjing Avenue, Chongchuan District, Nantong, Jiangsu 226017, China",China,31.9966706,120.8928799,street_or_area_candidate,geocoded,https://en.tfme.com/contact.html,official_company_directory,2026-08-25,2026-08-25,https://nominatim.openstreetmap.org/,"通京大道, 果园社区, 文峰街道, 崇川区, 南通市, 江苏省, 226000, 中国",way,542726325,"226 Tongjing Avenue, Chongchuan District, Nantong, Jiangsu 226017, China",,,,,,,,,,,,,,
tongfu-007,tongfu,Tongfu Microelectronics,Xiamen production base,manufacturing,"89 Nanhai 2nd Road, Haicang District, Xiamen, Fujian 361026, China",China,,,unlocated,needs_review,https://en.tfme.com/contact.html,official_company_directory,2026-08-25,2026-08-25,https://nominatim.openstreetmap.org/,,,,,,,,,,,,,,,,,,
tongfu-008,tongfu,Tongfu Microelectronics,TF-AMD Batu Kawan production base,manufacturing,"PT6050, Persiaran Cassia Selatan 8, Taman Perindustrian Batu Kawan, Simpang Ampat, Penang 14110, Malaysia",Malaysia,,,unlocated,needs_review,https://tf-amd.com.my/contact/,official_company_directory,2026-08-25,2026-08-25,https://nominatim.openstreetmap.org/,,,,,,,,,,,,,,,,,,
tongfu-009,tongfu,Tongfu Microelectronics,TF-AMD Suzhou Jinguang production base,research_manufacturing,"9 Chunpu Road, Suzhou Industrial Park, Suzhou, Jiangsu, China",China,31.3120459,120.8444383,street_or_area_candidate,geocoded,https://www.suzhou.gov.cn/szsrmzf/szyw/202411/04aa4b3c180a4b5f824540d5aaef9853.shtml,official_government_record,2026-08-25,2026-08-25,https://nominatim.openstreetmap.org/,"春浦路, 园东社区, 胜浦街道, 苏州工业园区, 苏州市, 江苏省, 215126, 中国",way,1425991213,"9 Chunpu Road, Suzhou Industrial Park, Suzhou, Jiangsu, China",,,,,,,,,,,,,,
huatian-001,huatian,Huatian Technology,Xi’an headquarters and production base,headquarters,"105 Fengcheng 5th Road, Xi’an Economic and Technological Development Zone, Xi’an, Shaanxi 710018, China",China,,,unlocated,needs_review,https://www.ht-tech.com/,official_company_directory,2026-08-25,2026-08-25,https://nominatim.openstreetmap.org/,,,,,,,,,,"Huatian’s current official profile identifies manufacturing in Xi’an, Tianshui, Kunshan, Nanjing, Shanghai and the controlled Unisem network. Current exact-address records were reconciled against the 2025 annual filing and Unisem’s official directory/certification. City-only Huatian sales points in Silicon Valley, Korea and Japan, plus Unisem phone-only points in California, Texas and Taiwan, are withheld. Third-party regional representatives are excluded. PT Unisem Batam was liquidated in 2025 and is excluded. Profile scope: https://www.ht-tech.com/html/qyjs/index.html",,,,,,,,
huatian-002,huatian,Huatian Technology,Tianshui production and corporate office,manufacturing,"360 Qinzhou Avenue, Tianshuijun Subdistrict, Qinzhou District, Tianshui, Gansu 741001, China",China,,,unlocated,needs_review,https://vip.stock.finance.sina.com.cn/corp/view/vCB_AllBulletinDetail.php?CompanyCode=80050100&gather=1&id=12045582,official_company_filing,2026-08-25,2026-08-25,https://nominatim.openstreetmap.org/,,,,,,,,,,,,,,,,,,
huatian-003,huatian,Huatian Technology,Kunshan production base,manufacturing,"112 Longteng Road, Kunshan Economic and Technological Development Zone, Kunshan, Jiangsu, China",China,,,unlocated,needs_review,https://epaper.stcn.com/att/202508/02/ZQ02B067-CR_eBook.pdf,official_company_filing,2026-08-25,2026-08-25,https://nominatim.openstreetmap.org/,,,,,,,,,,,,,,,,,,
huatian-004,huatian,Huatian Technology,Nanjing production base,manufacturing,"16 Dingxiang Road, Qiaolin Subdistrict, Pukou District, Nanjing, Jiangsu, China",China,,,unlocated,needs_review,https://sthjj.nanjing.gov.cn/ztzl/xzxkhxzzfxxgs/pcjxxgk/pk/hpnpxmgs_68867/202602/t20260206_5788587.html,official_government_record,2026-08-25,2026-08-25,https://nominatim.openstreetmap.org/,,,,,,,,,,,,,,,,,,
huatian-005,huatian,Huatian Technology,Shanghai production base,manufacturing,"351 Guoshoujing Road, Zhangjiang Hi-Tech Park, Pudong New Area, Shanghai 201203, China",China,,,unlocated,needs_review,https://vip.stock.finance.sina.com.cn/corp/view/vCB_AllBulletinDetail.php?CompanyCode=80050100&gather=1&id=12045582,official_company_filing,2026-08-25,2026-08-25,https://nominatim.openstreetmap.org/,,,,,,,,,,,,,,,,,,
huatian-006,huatian,Huatian Technology,FlipChip International Phoenix production base,manufacturing,"3701 E University Drive, Phoenix, AZ 85034, United States",United States,33.4210523,-112.0015263,building,map_ready,https://www.phoenix.gov/content/dam/phoenix/waterservicessite/documents/2017_IPP_Annual_Report_Final.pdf,official_government_record,2026-08-25,2026-08-25,https://nominatim.openstreetmap.org/,"3701, East University Drive, South Mountain, Phoenix, Maricopa County, Arizona, 85034, United States",way,215518532,"3701 E University Drive, Phoenix, AZ 85034, United States",openstreetmap_building_match,2026-08-25,,,,,,,,,,,,
huatian-007,huatian,Huatian Technology,Unisem Ipoh production base,manufacturing,"1 Persiaran Pulai Jaya 9, Kawasan Perindustrian Pulai Jaya, Ipoh, Perak 31300, Malaysia",Malaysia,,,unlocated,needs_review,https://www.unisemgroup.com/wp-content/uploads/2026/05/ESD_ESD0081_USP.pdf,official_company_certification,2026-08-25,2026-08-25,https://nominatim.openstreetmap.org/,,,,,,,,,,,,,,,,,,
huatian-008,huatian,Huatian Technology,Unisem Advanced Technologies Ipoh production base,manufacturing,"1A Persiaran Pulai Jaya 9, Kawasan Perindustrian Pulai Jaya, Ipoh, Perak 31300, Malaysia",Malaysia,,,unlocated,needs_review,https://www.unisemgroup.com/wp-content/uploads/2026/05/ESD_ESD0081_USP.pdf,official_company_certification,2026-08-25,2026-08-25,https://nominatim.openstreetmap.org/,,,,,,,,,,,,,,,,,,
huatian-009,huatian,Huatian Technology,Unisem Gopeng production base,manufacturing,"Lot 302285, Jalan Industri 1/1, Kawasan Perindustrian Gopeng, Gopeng, Perak 31600, Malaysia",Malaysia,,,unlocated,needs_review,https://www.unisemgroup.com/wp-content/uploads/2026/05/ESD_ESD0081_USP.pdf,official_company_certification,2026-08-25,2026-08-25,https://nominatim.openstreetmap.org/,,,,,,,,,,,,,,,,,,
huatian-010,huatian,Huatian Technology,Unisem Chengdu production base,manufacturing,"8-2 Kexin Road, West Park of Chengdu Hi-Tech Zone, Chengdu, Sichuan 611731, China",China,,,unlocated,needs_review,https://www.unisemgroup.com/company-info/contact/,official_company_directory,2026-08-25,2026-08-25,https://nominatim.openstreetmap.org/,,,,,,,,,,,,,,,,,,
huatian-011,huatian,Huatian Technology,Unisem Singapore office,office,"37 Jalan Pemimpin, #04-14, Singapore 577177",Singapore,,,unlocated,needs_review,https://www.unisemgroup.com/wp-content/uploads/2024/12/2025-WW-Calendar.pdf,official_company_directory,2026-08-25,2026-08-25,https://nominatim.openstreetmap.org/,,,,,,,,,,,,,,,,,,
huatian-012,huatian,Huatian Technology,Unisem Kuala Lumpur investor office,office,"UBN Tower, 10 Jalan P. Ramlee, 9th Floor, Kuala Lumpur 50250, Malaysia",Malaysia,,,unlocated,needs_review,https://www.unisemgroup.com/investor-relations/ir-contact/,official_company_directory,2026-08-25,2026-08-25,https://nominatim.openstreetmap.org/,,,,,,,,,,,,,,,,,,
nexchip-001,nexchip,Nexchip Semiconductor,Hefei headquarters and wafer-fab campus,headquarters,"88 Xifeihe Road, Hefei Comprehensive Bonded Zone, Xinzhan District, Hefei, Anhui 230012, China",China,,,unlocated,needs_review,https://www.nexchip.com.cn/zh-cn/About/Contact,official_company_directory,2026-08-25,2026-08-25,https://nominatim.openstreetmap.org/,,,,,,,,,,"Nexchip’s current contact page, 2025 annual filing and manufacturing profile identify one headquarters and 12-inch wafer-fab campus at this address. Multiple fab phases on the campus are consolidated because no current official building-level postal addresses distinguish them. No separately addressed current offices were found.",,,,,,,,
nvidia-001,nvidia,NVIDIA,Santa Clara Endeavor headquarters,headquarters,"2788 San Tomas Expressway, Santa Clara, CA 95051, United States",United States,37.3705437,-121.9670806,building,map_ready,https://www.nvidia.com/content/dam/en-zz/Solutions/support/VisitoMap.pdf,official_company_campus_map,2026-08-25,2026-08-25,https://nominatim.openstreetmap.org/,"NVIDIA Endeavor, 2788, San Tomas Expressway, Santa Clara, Santa Clara County, California, 95051, United States",way,543998399,"2788 San Tomas Expressway, Santa Clara, CA 95051, United States",openstreetmap_building_match,2026-08-25,,,,"NVIDIA’s current directory reports more than 50 offices and names 68 city-level locations, but publishes a street address only for the corporate campus. This first exact-address pass adds the four separately addressed Santa Clara buildings plus current addresses found in NVIDIA regulatory and technical documents. All other city-only directory entries remain explicitly partial and require a later address-resolution pass; none receive approximate markers. Directory scope: https://www.nvidia.com/en-us/contact/",,,,,,,,
nvidia-002,nvidia,NVIDIA,Santa Clara Voyager office,office,"2888 San Tomas Expressway, Santa Clara, CA 95051, United States",United States,37.3729142,-121.9672134,building,map_ready,https://www.nvidia.com/content/dam/en-zz/Solutions/support/VisitoMap.pdf,official_company_campus_map,2026-08-25,2026-08-25,https://nominatim.openstreetmap.org/,"NVIDIA Voyager, 2888, San Tomas Expressway, Santa Clara, Santa Clara County, California, 95051, United States",way,1053138344,"2888 San Tomas Expressway, Santa Clara, CA 95051, United States",openstreetmap_building_match,2026-08-25,,,,,,,,,,,,
nvidia-003,nvidia,NVIDIA,Santa Clara Building A office,office,"2721 San Tomas Expressway, Santa Clara, CA 95050, United States",United States,37.3710372,-121.9645669,building,map_ready,https://www.nvidia.com/content/dam/en-zz/Solutions/support/VisitoMap.pdf,official_company_campus_map,2026-08-25,2026-08-25,https://nominatim.openstreetmap.org/,"NVIDIA Building A, 2721, San Tomas Expressway, Santa Clara, Santa Clara County, California, 95050, United States",way,37767321,"2721 San Tomas Expressway, Santa Clara, CA 95050, United States",openstreetmap_building_match,2026-08-25,,,,,,,,,,,,
nvidia-004,nvidia,NVIDIA,Santa Clara Building S office,office,"2330 Central Expressway, Santa Clara, CA 95050, United States",United States,37.3743298,-121.9678333,street_or_area_candidate,geocoded,https://www.nvidia.com/content/dam/en-zz/Solutions/support/VisitoMap.pdf,official_company_campus_map,2026-08-25,2026-08-25,https://nominatim.openstreetmap.org/,"2330, Central Expressway, Santa Clara, Santa Clara County, California, 95050, United States",way,28485289,"2330 Central Expressway, Santa Clara, CA 95050, United States",,,,,,,,,,,,,,
nvidia-005,nvidia,NVIDIA,Munich office,office,"Bavaria Towers - Blue Tower, Einsteinstrasse 172, 81677 Munich, Germany",Germany,,,unlocated,needs_review,https://developer.download.nvidia.com/drive/docs/drive-agx-thor-regulatory-compliance-and-safety-guide-sku10.pdf,official_company_regulatory_document,2026-08-25,2026-08-25,https://nominatim.openstreetmap.org/,,,,,,,,,,,,,,,,,,
nvidia-006,nvidia,NVIDIA,Reading office,office,"100 Brook Drive, 3rd Floor, Green Park, Reading RG2 6UJ, United Kingdom",United Kingdom,,,unlocated,needs_review,https://images.nvidia.com/aem-dam/Solutions/design-visualization/quadro-product-literature/rtx-pro-blackwell-online-qsg-210x148mm-20250718-r14.pdf,official_company_regulatory_document,2026-08-25,2026-08-25,https://nominatim.openstreetmap.org/,,,,,,,,,,,,,,,,,,
nvidia-007,nvidia,NVIDIA,Tokyo office,office,"ATT New Tower, 2-11-7 Akasaka, 13th Floor, Minato-ku, Tokyo 107-0052, Japan",Japan,,,unlocated,needs_review,https://images.nvidia.com/content/geforce/technologies/frameview/frameview-1-7-user-guide-web-version.pdf,official_company_document,2026-08-25,2026-08-25,https://nominatim.openstreetmap.org/,,,,,,,,,,,,,,,,,,
nvidia-008,nvidia,NVIDIA,Seoul office,office,"COEX Trade Tower, 159-1 Samsung-dong, 21st Floor, Gangnam-gu, Seoul 135-729, South Korea",South Korea,,,unlocated,needs_review,https://images.nvidia.com/content/geforce/technologies/frameview/frameview-1-7-user-guide-web-version.pdf,official_company_document,2026-08-25,2026-08-25,https://nominatim.openstreetmap.org/,,,,,,,,,,,,,,,,,,
nvidia-009,nvidia,NVIDIA,Singapore office,office,"Regus Galaxis, 1 Fusionopolis Place, #03-20, Singapore",Singapore,,,unlocated,needs_review,https://images.nvidia.com/content/geforce/technologies/frameview/frameview-1-7-user-guide-web-version.pdf,official_company_document,2026-08-25,2026-08-25,https://nominatim.openstreetmap.org/,,,,,,,,,,,,,,,,,,
nvidia-010,nvidia,NVIDIA,Taipei office,office,"8 Kee Hu Road, Neihu District, Taipei 114, Taiwan",Taiwan,,,unlocated,needs_review,https://images.nvidia.com/content/geforce/technologies/frameview/frameview-1-7-user-guide-web-version.pdf,official_company_document,2026-08-25,2026-08-25,https://nominatim.openstreetmap.org/,,,,,,,,,,,,,,,,,,
intel-001,intel,Intel,Santa Clara corporate headquarters,headquarters,"2200 Mission College Boulevard, Santa Clara, CA 95054, United States",United States,37.3882663,-121.963779,street_or_area_candidate,geocoded,https://www.intel.com/content/www/us/en/support/campus-locations.html,official_company_directory,2026-08-25,2026-08-25,https://nominatim.openstreetmap.org/,"2200 Mission College Boulevard, Mission College Boulevard, Agnew, Santa Clara, Santa Clara County, California, 95054, United States",node,6644939630,"2200 Mission College Boulevard, Santa Clara, CA 95054, United States",,,,,,"Intel’s public campus selector lists operations in 39 countries. This corporate-office batch reconciles physical office and R&D addresses from Intel’s current Corporate Privacy Rules appendix, consolidates co-located legal entities, and excludes registered-agent, c/o and mail-only addresses. Manufacturing campuses are represented under the separate Intel Foundry record to prevent duplicate markers. Additional city-level employment sites without exact public addresses remain for a later pass.",,,,,,,,
intel-002,intel,Intel,Villach office,office,"Europastrasse 8, Building T02, 9524 Villach, Austria",Austria,,,unlocated,needs_review,https://www.intel.in/content/dam/www/public/us/en/documents/corporate-information/intel-eea-bcrs.pdf,official_company_legal_document,2026-08-25,2026-08-25,https://nominatim.openstreetmap.org/,,,,,,,,,,,,,,,,,,
intel-003,intel,Intel,Kontich office,office,"Kings Square, Veldkant 31, 2550 Kontich, Belgium",Belgium,,,unlocated,needs_review,https://www.intel.in/content/dam/www/public/us/en/documents/corporate-information/intel-eea-bcrs.pdf,official_company_legal_document,2026-08-25,2026-08-25,https://nominatim.openstreetmap.org/,,,,,,,,,,,,,,,,,,
intel-004,intel,Intel,Prague office,office,"I. P. Pavlova 1789/5, 120 00 Prague 2, Czech Republic",Czech Republic,50.0748298,14.4289492,street_or_area_candidate,geocoded,https://www.intel.in/content/dam/www/public/us/en/documents/corporate-information/intel-eea-bcrs.pdf,official_company_legal_document,2026-08-25,2026-08-25,https://nominatim.openstreetmap.org/,"I. P. Pavlova, Vyšehrad, obvod Praha 2, Praha, 121 32, Česko",way,366972790,"I. P. Pavlova 1789/5, 120 00 Prague 2, Czech Republic",,,,,,,,,,,,,,
intel-005,intel,Intel,Herlev office,office,"Horkaer 12A, 2730 Herlev, Denmark",Denmark,55.718523,12.4372,street_or_area_candidate,geocoded,https://www.intel.in/content/dam/www/public/us/en/documents/corporate-information/intel-eea-bcrs.pdf,official_company_legal_document,2026-08-25,2026-08-25,https://nominatim.openstreetmap.org/,"12A, Hørkær, Eventyrkvarteret, Herlev, Herlev Kommune, Region Hovedstaden, 2730, Danmark",node,754045864,"Horkaer 12A, 2730 Herlev, Denmark, Denmark",,,,,,,,,,,,,,
intel-006,intel,Intel,Espoo office,office,"Westendinkatu 7, 02160 Espoo, Finland",Finland,60.1679468,24.7912228,building,map_ready,https://www.intel.in/content/dam/www/public/us/en/documents/corporate-information/intel-eea-bcrs.pdf,official_company_legal_document,2026-08-25,2026-08-25,https://nominatim.openstreetmap.org/,"Intel, 7, Westendinkatu, Westend, Suur-Tapiola, Espoo, Helsingin seutukunta, Uusimaa, Manner-Suomi, 02120, Suomi / Finland",way,125451983,"Westendinkatu 7, 02160 Espoo, Finland, Finland",openstreetmap_building_match,2026-08-25,,,,,,,,,,,,
intel-007,intel,Intel,Meudon office,office,"Les Montalets, 2 Rue de Paris, 92196 Meudon Cedex, France",France,,,unlocated,needs_review,https://www.intel.in/content/dam/www/public/us/en/documents/corporate-information/intel-eea-bcrs.pdf,official_company_legal_document,2026-08-25,2026-08-25,https://nominatim.openstreetmap.org/,,,,,,,,,,,,,,,,,,
intel-008,intel,Intel,Neubiberg office,office,"Am Campeon 10-12, 85579 Neubiberg, Germany",Germany,48.0811311,11.6162104,street_or_area_candidate,geocoded,https://www.intel.in/content/dam/www/public/us/en/documents/corporate-information/intel-eea-bcrs.pdf,official_company_legal_document,2026-08-25,2026-08-25,https://nominatim.openstreetmap.org/,"Am Campeon, Unterbiberg, Neubiberg, Landkreis München, Bayern, 85579, Deutschland",way,38763242,"Am Campeon 10-12, 85579 Neubiberg, Germany",,,,,,,,,,,,,,
intel-009,intel,Intel,Assago office,office,"Milanofiori Palazzo E/4, 20090 Assago, Milan, Italy",Italy,,,unlocated,needs_review,https://www.intel.in/content/dam/www/public/us/en/documents/corporate-information/intel-eea-bcrs.pdf,official_company_legal_document,2026-08-25,2026-08-25,https://nominatim.openstreetmap.org/,,,,,,,,,,,,,,,,,,
intel-010,intel,Intel,Vilnius office,office,"J. Jasinskio 16B, LT-03163 Vilnius, Lithuania",Lithuania,,,unlocated,needs_review,https://www.intel.in/content/dam/www/public/us/en/documents/corporate-information/intel-eea-bcrs.pdf,official_company_legal_document,2026-08-25,2026-08-25,https://nominatim.openstreetmap.org/,,,,,,,,,,,,,,,,,,
intel-011,intel,Intel,Eindhoven office,office,"High Tech Campus 83, 5656 AG Eindhoven, Netherlands",Netherlands,51.4083834,5.454806,building,map_ready,https://www.intel.in/content/dam/www/public/us/en/documents/corporate-information/intel-eea-bcrs.pdf,official_company_legal_document,2026-08-25,2026-08-25,https://nominatim.openstreetmap.org/,"Intel, 83, High Tech Campus, High Tech Campus Eindhoven, Gestel, Eindhoven, Noord-Brabant, Nederland, 5656 AG, Nederland",node,2727694813,"High Tech Campus 83, 5656 AG Eindhoven, Netherlands, Netherlands",openstreetmap_building_match,2026-08-25,,,,,,,,,,,,
intel-012,intel,Intel,Schiphol-Rijk office,office,"Capronilaan 37, 1119 NG Schiphol-Rijk, Netherlands",Netherlands,52.2802549,4.7671371,building,map_ready,https://www.intel.in/content/dam/www/public/us/en/documents/corporate-information/intel-eea-bcrs.pdf,official_company_legal_document,2026-08-25,2026-08-25,https://nominatim.openstreetmap.org/,"Intel, 37, Capronilaan, Schiphol-Rijk, Haarlemmermeer, Noord-Holland, Nederland, 1119 NG, Nederland",node,2745068125,"Capronilaan 37, 1119 NG Schiphol-Rijk, Netherlands, Netherlands",openstreetmap_building_match,2026-08-25,,,,,,,,,,,,
intel-013,intel,Intel,Gdansk office,research,"173 Slowackiego Street, 80-298 Gdansk, Poland",Poland,,,unlocated,needs_review,https://www.intel.in/content/dam/www/public/us/en/documents/corporate-information/intel-eea-bcrs.pdf,official_company_legal_document,2026-08-25,2026-08-25,https://nominatim.openstreetmap.org/,,,,,,,,,,,,,,,,,,
intel-014,intel,Intel,Lisbon office,office,"Rua Castilho 44, 8th Floor, 1250-071 Lisbon, Portugal",Portugal,,,unlocated,needs_review,https://www.intel.in/content/dam/www/public/us/en/documents/corporate-information/intel-eea-bcrs.pdf,official_company_legal_document,2026-08-25,2026-08-25,https://nominatim.openstreetmap.org/,,,,,,,,,,,,,,,,,,
intel-015,intel,Intel,Timisoara office,research,"United Business Center 1, 2A Piata Consiliul Europei, 7th-8th Floors, Timisoara, Romania",Romania,,,unlocated,needs_review,https://www.intel.in/content/dam/www/public/us/en/documents/corporate-information/intel-eea-bcrs.pdf,official_company_legal_document,2026-08-25,2026-08-25,https://nominatim.openstreetmap.org/,,,,,,,,,,,,,,,,,,
intel-016,intel,Intel,Madrid office,office,"Torre Picasso, Plaza Pablo Ruiz Picasso 1, 25th Floor, 28020 Madrid, Spain",Spain,,,unlocated,needs_review,https://www.intel.in/content/dam/www/public/us/en/documents/corporate-information/intel-eea-bcrs.pdf,official_company_legal_document,2026-08-25,2026-08-25,https://nominatim.openstreetmap.org/,,,,,,,,,,,,,,,,,,
intel-017,intel,Intel,Kista office,office,"Isafjordsgatan 30B, 16440 Kista, Sweden",Sweden,59.4058737,17.948884,building,map_ready,https://www.intel.in/content/dam/www/public/us/en/documents/corporate-information/intel-eea-bcrs.pdf,official_company_legal_document,2026-08-25,2026-08-25,https://nominatim.openstreetmap.org/,"30B, Isafjordsgatan, Kista, Järva stadsdelsområde, Stockholm, Stockholms kommun, Stockholms län, 164 40, Sverige",way,36256889,"Isafjordsgatan 30B, 16440 Kista, Sweden",openstreetmap_building_match,2026-08-25,,,,,,,,,,,,
intel-018,intel,Intel,Algiers office,office,"Algerian Business Center, Pins Maritimes, 11th Floor, El Mohammadia, Algiers, Algeria",Algeria,,,unlocated,needs_review,https://www.intel.in/content/dam/www/public/us/en/documents/corporate-information/intel-eea-bcrs.pdf,official_company_legal_document,2026-08-25,2026-08-25,https://nominatim.openstreetmap.org/,,,,,,,,,,,,,,,,,,
intel-019,intel,Intel,Buenos Aires office,office,"Juan Diaz de Solis 1330, 5th Floor, Vicente Lopez, Buenos Aires, Argentina",Argentina,,,unlocated,needs_review,https://www.intel.in/content/dam/www/public/us/en/documents/corporate-information/intel-eea-bcrs.pdf,official_company_legal_document,2026-08-25,2026-08-25,https://nominatim.openstreetmap.org/,,,,,,,,,,,,,,,,,,
intel-020,intel,Intel,Sydney office,office,"Governor Phillip Tower, 1 Farrer Place, Level 61, Sydney NSW 2000, Australia",Australia,,,unlocated,needs_review,https://www.intel.in/content/dam/www/public/us/en/documents/corporate-information/intel-eea-bcrs.pdf,official_company_legal_document,2026-08-25,2026-08-25,https://nominatim.openstreetmap.org/,,,,,,,,,,,,,,,,,,
intel-021,intel,Intel,Sao Paulo office,office,"Avenida Doutor Chucri Zaidan 940, 9th-11th Floors, Vila Cordeiro, Sao Paulo 04583-904, Brazil",Brazil,,,unlocated,needs_review,https://www.intel.in/content/dam/www/public/us/en/documents/corporate-information/intel-eea-bcrs.pdf,official_company_legal_document,2026-08-25,2026-08-25,https://nominatim.openstreetmap.org/,,,,,,,,,,,,,,,,,,
intel-022,intel,Intel,Vancouver office,office,"Park Place, 666 Burrard Street, Suite 1700, Vancouver, BC V6C 2X8, Canada",Canada,,,unlocated,needs_review,https://www.intel.in/content/dam/www/public/us/en/documents/corporate-information/intel-eea-bcrs.pdf,official_company_legal_document,2026-08-25,2026-08-25,https://nominatim.openstreetmap.org/,,,,,,,,,,,,,,,,,,
intel-023,intel,Intel,Santiago office,office,"Avenida Providencia 1760, 19th Floor, Providencia, Santiago, Chile",Chile,-33.4216545,-70.6089116,street_or_area_candidate,geocoded,https://www.intel.in/content/dam/www/public/us/en/documents/corporate-information/intel-eea-bcrs.pdf,official_company_legal_document,2026-08-25,2026-08-25,https://nominatim.openstreetmap.org/,"Chile Vapo, 2237 Local P32, Avenida Providencia, Barrio Paseo Providencia, Providencia, Santiago, Provincia de Santiago, Región Metropolitana de Santiago, 7500000, Chile",node,6727680050,"Avenida Providencia 1760, Providencia, Santiago, Chile, Chile",,,,,,,,,,,,,,
intel-024,intel,Intel,Shanghai Zizhu R&D office,research,"880 Zixing Road, Zizhu Science Park, Shanghai 201109, China",China,31.0204492,121.4384056,street_or_area_candidate,geocoded,https://www.intel.in/content/dam/www/public/us/en/documents/corporate-information/intel-eea-bcrs.pdf,official_company_legal_document,2026-08-25,2026-08-25,https://nominatim.openstreetmap.org/,"紫星路, 紫竹科学园区, 吴泾镇, 闵行区, 上海市, 200240, 中国",way,1013955401,"880 Zixing Road, Zizhu Science Park, Shanghai 201109, China",,,,,,,,,,,,,,
intel-025,intel,Intel,Shanghai Ziri office,office,"751 Ziri Road, 2nd Floor, Zizhu Science Park, Shanghai 200241, China",China,,,unlocated,needs_review,https://www.intel.in/content/dam/www/public/us/en/documents/corporate-information/intel-eea-bcrs.pdf,official_company_legal_document,2026-08-25,2026-08-25,https://nominatim.openstreetmap.org/,,,,,,,,,,,,,,,,,,
intel-026,intel,Intel,Beijing research center,research,"Raycom Infotech Park A, 2 Kexueyuan South Road, 8th Floor, Haidian District, Beijing 100190, China",China,,,unlocated,needs_review,https://www.intel.in/content/dam/www/public/us/en/documents/corporate-information/intel-eea-bcrs.pdf,official_company_legal_document,2026-08-25,2026-08-25,https://nominatim.openstreetmap.org/,,,,,,,,,,,,,,,,,,
intel-027,intel,Intel,Shanghai Zhangjiang office,research,"Building 5, Phase IV Incubation Building, 14-16 Lane 647 Songtao Road, Zhangjiang Hi-Tech Park, Pudong, Shanghai, China",China,,,unlocated,needs_review,https://www.intel.in/content/dam/www/public/us/en/documents/corporate-information/intel-eea-bcrs.pdf,official_company_legal_document,2026-08-25,2026-08-25,https://nominatim.openstreetmap.org/,,,,,,,,,,,,,,,,,,
intel-028,intel,Intel,Xi’an office,research,"Xi’an Ascendas Innovation Hub, 38 Gaoxin 6th Road, Building A, Room 607, Xi’an, Shaanxi 710075, China",China,,,unlocated,needs_review,https://www.intel.in/content/dam/www/public/us/en/documents/corporate-information/intel-eea-bcrs.pdf,official_company_legal_document,2026-08-25,2026-08-25,https://nominatim.openstreetmap.org/,,,,,,,,,,,,,,,,,,
intel-029,intel,Intel,Shanghai Waigaoqiao office,office,"2 Middle Tainan Road, 3rd Floor, Room 317, Waigaoqiao Free Trade Zone, Pudong, Shanghai 200131, China",China,,,unlocated,needs_review,https://www.intel.in/content/dam/www/public/us/en/documents/corporate-information/intel-eea-bcrs.pdf,official_company_legal_document,2026-08-25,2026-08-25,https://nominatim.openstreetmap.org/,,,,,,,,,,,,,,,,,,
intel-030,intel,Intel,Bogota office,office,"Carrera 7 No. 71-21, Torre B, Office 603, Bogota, Colombia",Colombia,,,unlocated,needs_review,https://www.intel.in/content/dam/www/public/us/en/documents/corporate-information/intel-eea-bcrs.pdf,official_company_legal_document,2026-08-25,2026-08-25,https://nominatim.openstreetmap.org/,,,,,,,,,,,,,,,,,,
intel-031,intel,Intel,Escazu office,office,"Avenida Escazu, Torre Lexus, 4th Floor, Escazu, San Jose, Costa Rica",Costa Rica,,,unlocated,needs_review,https://www.intel.in/content/dam/www/public/us/en/documents/corporate-information/intel-eea-bcrs.pdf,official_company_legal_document,2026-08-25,2026-08-25,https://nominatim.openstreetmap.org/,,,,,,,,,,,,,,,,,,
intel-032,intel,Intel,New Cairo office,office,"Administrative Building 47, Office 444, 4th Floor, Al Tasseein North Street, Fifth Settlement, New Cairo, Egypt",Egypt,,,unlocated,needs_review,https://www.intel.in/content/dam/www/public/us/en/documents/corporate-information/intel-eea-bcrs.pdf,official_company_legal_document,2026-08-25,2026-08-25,https://nominatim.openstreetmap.org/,,,,,,,,,,,,,,,,,,
intel-033,intel,Intel,Hong Kong office,office,"Central Plaza, 18 Harbour Road, 69th Floor, Wan Chai, Hong Kong",Hong Kong,22.2799826,114.1737117,building,map_ready,https://www.intel.in/content/dam/www/public/us/en/documents/corporate-information/intel-eea-bcrs.pdf,official_company_legal_document,2026-08-25,2026-08-25,https://nominatim.openstreetmap.org/,"台北經濟文化辦事處 (香港辦事處) Taipei Economic and Cultural Office in Hong Kong, 18, 港灣道 Harbour Road, 灣仔 Wan Chai, 灣仔區 Wan Chai District, 香港島 Hong Kong Island, 香港 Hong Kong, 中国",node,5239080023,"Central Plaza, 18 Harbour Road, Wan Chai, Hong Kong, Hong Kong",openstreetmap_building_match,2026-08-25,,,,,,,,,,,,
intel-034,intel,Intel,Bengaluru office,research,"23-56P, Devarabeesanahalli, Varthur Hobli, Outer Ring Road, Bengaluru, Karnataka 560103, India",India,,,unlocated,needs_review,https://www.intel.in/content/dam/www/public/us/en/documents/corporate-information/intel-eea-bcrs.pdf,official_company_legal_document,2026-08-25,2026-08-25,https://nominatim.openstreetmap.org/,,,,,,,,,,,,,,,,,,
intel-035,intel,Intel,Jakarta office,office,"Menara BCA, Jalan M. H. Thamrin No. 1, 45th and 50th Floors, Menteng, Central Jakarta 10310, Indonesia",Indonesia,,,unlocated,needs_review,https://www.intel.in/content/dam/www/public/us/en/documents/corporate-information/intel-eea-bcrs.pdf,official_company_legal_document,2026-08-25,2026-08-25,https://nominatim.openstreetmap.org/,,,,,,,,,,,,,,,,,,
intel-036,intel,Intel,Haifa office,research,"9 Andrei Sakharov Street, Haifa 3508409, Israel",Israel,,,unlocated,needs_review,https://www.intel.in/content/dam/www/public/us/en/documents/corporate-information/intel-eea-bcrs.pdf,official_company_legal_document,2026-08-25,2026-08-25,https://nominatim.openstreetmap.org/,,,,,,,,,,,,,,,,,,
intel-037,intel,Intel,Petah Tikva office,research,"94 Em HaMoshavot Road, Petah Tikva, Israel",Israel,,,unlocated,needs_review,https://www.intel.in/content/dam/www/public/us/en/documents/corporate-information/intel-eea-bcrs.pdf,official_company_legal_document,2026-08-25,2026-08-25,https://nominatim.openstreetmap.org/,,,,,,,,,,,,,,,,,,
intel-038,intel,Intel,Tokyo office,office,"Kokusai Building, 3-1-1 Marunouchi, 5th Floor, Chiyoda-ku, Tokyo 100-0005, Japan",Japan,,,unlocated,needs_review,https://www.intel.in/content/dam/www/public/us/en/documents/corporate-information/intel-eea-bcrs.pdf,official_company_legal_document,2026-08-25,2026-08-25,https://nominatim.openstreetmap.org/,,,,,,,,,,,,,,,,,,
intel-039,intel,Intel,Almaty office,office,"28V Timiryazev Street, 9th Floor, Bostandyk District, Almaty 050040, Kazakhstan",Kazakhstan,,,unlocated,needs_review,https://www.intel.in/content/dam/www/public/us/en/documents/corporate-information/intel-eea-bcrs.pdf,official_company_legal_document,2026-08-25,2026-08-25,https://nominatim.openstreetmap.org/,,,,,,,,,,,,,,,,,,
intel-040,intel,Intel,Nairobi office,office,"Cavendish Block, Riverside Drive, 4th Floor, Office 2, Nairobi, Kenya",Kenya,,,unlocated,needs_review,https://www.intel.in/content/dam/www/public/us/en/documents/corporate-information/intel-eea-bcrs.pdf,official_company_legal_document,2026-08-25,2026-08-25,https://nominatim.openstreetmap.org/,,,,,,,,,,,,,,,,,,
intel-041,intel,Intel,George Town office,office,"2 Lebuh Pantai, 1st Floor, George Town, Penang 10300, Malaysia",Malaysia,,,unlocated,needs_review,https://www.intel.in/content/dam/www/public/us/en/documents/corporate-information/intel-eea-bcrs.pdf,official_company_legal_document,2026-08-25,2026-08-25,https://nominatim.openstreetmap.org/,,,,,,,,,,,,,,,,,,
intel-042,intel,Intel,Mexico City office,office,"Torre Esmeralda II, Boulevard Manuel Avila Camacho 36, 7th Floor, Lomas de Chapultepec, Mexico City 11000, Mexico",Mexico,,,unlocated,needs_review,https://www.intel.in/content/dam/www/public/us/en/documents/corporate-information/intel-eea-bcrs.pdf,official_company_legal_document,2026-08-25,2026-08-25,https://nominatim.openstreetmap.org/,,,,,,,,,,,,,,,,,,
intel-043,intel,Intel,Lagos office,office,"Mulliner Towers, 39 Alfred Rewane Road, 3rd Floor, Suite 312, Ikoyi, Lagos, Nigeria",Nigeria,,,unlocated,needs_review,https://www.intel.in/content/dam/www/public/us/en/documents/corporate-information/intel-eea-bcrs.pdf,official_company_legal_document,2026-08-25,2026-08-25,https://nominatim.openstreetmap.org/,,,,,,,,,,,,,,,,,,
intel-044,intel,Intel,Lima office,office,"Avenida Jose Larco 1301, Interior P-20, Lima, Peru",Peru,,,unlocated,needs_review,https://www.intel.in/content/dam/www/public/us/en/documents/corporate-information/intel-eea-bcrs.pdf,official_company_legal_document,2026-08-25,2026-08-25,https://nominatim.openstreetmap.org/,,,,,,,,,,,,,,,,,,
intel-045,intel,Intel,Taguig office,office,"Net Cube Center, 3rd Avenue corner 30th Street, 7th Floor, Unit 702, Bonifacio Global City, Taguig 1634, Philippines",Philippines,,,unlocated,needs_review,https://www.intel.in/content/dam/www/public/us/en/documents/corporate-information/intel-eea-bcrs.pdf,official_company_legal_document,2026-08-25,2026-08-25,https://nominatim.openstreetmap.org/,,,,,,,,,,,,,,,,,,
intel-046,intel,Intel,Seoul office,office,"82 Uisadang-daero, 5th Floor, Yeongdeungpo-gu, Seoul 07321, South Korea",South Korea,,,unlocated,needs_review,https://www.intel.com/content/www/us/en/privacy/intel-privacy-notice.html,official_company_legal_document,2026-08-25,2026-08-25,https://nominatim.openstreetmap.org/,,,,,,,,,,,,,,,,,,
intel-047,intel,Intel,Riyadh office,office,"Tatweer Towers, Tower 1 North, King Fahd Road at King Abdullah Road, Level 4, Riyadh 11312, Saudi Arabia",Saudi Arabia,,,unlocated,needs_review,https://www.intel.in/content/dam/www/public/us/en/documents/corporate-information/intel-eea-bcrs.pdf,official_company_legal_document,2026-08-25,2026-08-25,https://nominatim.openstreetmap.org/,,,,,,,,,,,,,,,,,,
intel-048,intel,Intel,Singapore office,office,"80 Robinson Road, #02-00, Singapore 068898",Singapore,,,unlocated,needs_review,https://www.intel.in/content/dam/www/public/us/en/documents/corporate-information/intel-eea-bcrs.pdf,official_company_legal_document,2026-08-25,2026-08-25,https://nominatim.openstreetmap.org/,,,,,,,,,,,,,,,,,,
intel-049,intel,Intel,Johannesburg office,office,"Design Quarter, Leslie Road, Offices 263-265, Fourways, Johannesburg, Gauteng 2191, South Africa",South Africa,,,unlocated,needs_review,https://www.intel.in/content/dam/www/public/us/en/documents/corporate-information/intel-eea-bcrs.pdf,official_company_legal_document,2026-08-25,2026-08-25,https://nominatim.openstreetmap.org/,,,,,,,,,,,,,,,,,,
intel-050,intel,Intel,Taipei office,office,"369 Section 7 Zhongxiao East Road, 20th Floor, Nangang District, Taipei, Taiwan",Taiwan,,,unlocated,needs_review,https://www.intel.in/content/dam/www/public/us/en/documents/corporate-information/intel-eea-bcrs.pdf,official_company_legal_document,2026-08-25,2026-08-25,https://nominatim.openstreetmap.org/,,,,,,,,,,,,,,,,,,
intel-051,intel,Intel,Bangkok office,office,"M Thai Tower, All Seasons Place, 87 Wireless Road, 23rd Floor, Rooms 2316, 2318 and 2320, Pathum Wan, Bangkok 10330, Thailand",Thailand,,,unlocated,needs_review,https://www.intel.in/content/dam/www/public/us/en/documents/corporate-information/intel-eea-bcrs.pdf,official_company_legal_document,2026-08-25,2026-08-25,https://nominatim.openstreetmap.org/,,,,,,,,,,,,,,,,,,
intel-052,intel,Intel,Istanbul office,office,"Akmerkez B3 Tower, Nispetiye Avenue, 8th Floor, Etiler, Besiktas 34337, Istanbul, Turkey",Turkey,,,unlocated,needs_review,https://www.intel.in/content/dam/www/public/us/en/documents/corporate-information/intel-eea-bcrs.pdf,official_company_legal_document,2026-08-25,2026-08-25,https://nominatim.openstreetmap.org/,,,,,,,,,,,,,,,,,,
intel-053,intel,Intel,Dubai office,office,"Building 5, 2nd Floor, Dubai Internet City, Dubai, United Arab Emirates",United Arab Emirates,,,unlocated,needs_review,https://www.intel.in/content/dam/www/public/us/en/documents/corporate-information/intel-eea-bcrs.pdf,official_company_legal_document,2026-08-25,2026-08-25,https://nominatim.openstreetmap.org/,,,,,,,,,,,,,,,,,,
intel-054,intel,Intel,Swindon office,office,"Pipers Way, Swindon, Wiltshire SN3 1RJ, United Kingdom",United Kingdom,,,unlocated,needs_review,https://www.intel.in/content/dam/www/public/us/en/documents/corporate-information/intel-eea-bcrs.pdf,official_company_legal_document,2026-08-25,2026-08-25,https://nominatim.openstreetmap.org/,,,,,,,,,,,,,,,,,,
intel-055,intel,Intel,Salford R&D office,research,"2 New Bailey, 6 Stanley Street, Salford, Greater Manchester M3 5GS, United Kingdom",United Kingdom,,,unlocated,needs_review,https://www.intel.in/content/dam/www/public/us/en/documents/corporate-information/intel-eea-bcrs.pdf,official_company_legal_document,2026-08-25,2026-08-25,https://nominatim.openstreetmap.org/,,,,,,,,,,,,,,,,,,
intel-056,intel,Intel,Ho Chi Minh City office,office,"Etown Central, 11 Doan Van Bo Street, Ward 13, District 4, Ho Chi Minh City, Vietnam",Vietnam,,,unlocated,needs_review,https://www.intel.in/content/dam/www/public/us/en/documents/corporate-information/intel-eea-bcrs.pdf,official_company_legal_document,2026-08-25,2026-08-25,https://nominatim.openstreetmap.org/,,,,,,,,,,,,,,,,,,
broadcom-001,broadcom,Broadcom,"California, Palo Alto (Corporate Headquarters)",headquarters,"3421 Hillview Ave, Palo Alto, California, 94304, United States",United States,37.3990267,-122.1444156,street_or_area_candidate,geocoded,https://www.broadcom.com/company/contact,official_company_directory,2026-08-25,2026-08-25,https://nominatim.openstreetmap.org/,"3421 Hillview Avenue, Hillview Avenue, Palo Alto, Santa Clara County, California, 94304, United States",node,5845187708,"3421 Hillview Ave, Palo Alto, California, 94304, United States",,,,,,"Complete import of the 92 locations in Broadcom’s current official “Broadcom Company Office” directory. Manufacturing representatives, resellers, media contacts and other non-company contacts are excluded. Each separately published street address is retained; no city-only or approximate markers are introduced.",,,,,,,,
broadcom-002,broadcom,Broadcom,"Ottawa, Canada",office,"390 March Road, Suite 120, Ottawa, K2K 0G7, Canada",Canada,,,unlocated,needs_review,https://www.broadcom.com/company/contact,official_company_directory,2026-08-25,2026-08-25,https://nominatim.openstreetmap.org/,,,,,,,,,,,,,,,,,,
broadcom-003,broadcom,Broadcom,"Canada, Richmond, BC",office,"13711 International Place, Richmond, BC, V6V 2Z8, Canada",Canada,49.1741304,-123.0704566,building,map_ready,https://www.broadcom.com/company/contact,official_company_directory,2026-08-25,2026-08-25,https://nominatim.openstreetmap.org/,"13711, International Place, Crestwood Corporate Centre, East Cambie, Richmond, Metro Vancouver Regional District, British Columbia, V6V 2X7, Canada",way,254830846,"13711 International Place, Richmond, BC, V6V 2Z8, Canada",openstreetmap_building_match,2026-08-25,,,,,,,,,,,,
broadcom-004,broadcom,Broadcom,"Canada, Waterloo, ON",office,"609 Kumpf Drive, Suite 204, Waterloo, ON, N2V 1K8, Canada",Canada,,,unlocated,needs_review,https://www.broadcom.com/company/contact,official_company_directory,2026-08-25,2026-08-25,https://nominatim.openstreetmap.org/,,,,,,,,,,,,,,,,,,
broadcom-005,broadcom,Broadcom,"Arizona, Chandler",office,"500 North Juniper Drive, Chandler Corporate Center, Suite 200, Chandler, Arizona, 85226, United States",United States,,,unlocated,needs_review,https://www.broadcom.com/company/contact,official_company_directory,2026-08-25,2026-08-25,https://nominatim.openstreetmap.org/,,,,,,,,,,,,,,,,,,
broadcom-006,broadcom,Broadcom,"California, Culver City",office,"800 Corporate Pointe, Suite 100, Culver City, California, 90230, United States",United States,,,unlocated,needs_review,https://www.broadcom.com/company/contact,official_company_directory,2026-08-25,2026-08-25,https://nominatim.openstreetmap.org/,,,,,,,,,,,,,,,,,,
broadcom-007,broadcom,Broadcom,"California, Irvine",office,"15101 Alton Parkway, Irvine, California, 92618, United States",United States,33.649251,-117.7291233,building,map_ready,https://www.broadcom.com/company/contact,official_company_directory,2026-08-25,2026-08-25,https://nominatim.openstreetmap.org/,"Broadcom Campus, 15101, Alton Parkway, Orange County Great Park, Irvine, Orange County, California, 92618, United States",way,712900364,"15101 Alton Parkway, Irvine, California, 92618, United States",openstreetmap_building_match,2026-08-25,,,,,,,,,,,,
broadcom-008,broadcom,Broadcom,"California, Petaluma",office,"1465 North McDowell Blvd, Petaluma, California, 94954, United States",United States,38.2769578,-122.6715844,street_or_area_candidate,geocoded,https://www.broadcom.com/company/contact,official_company_directory,2026-08-25,2026-08-25,https://nominatim.openstreetmap.org/,"1465, North McDowell Boulevard, Petaluma, Sonoma County, California, 94954, United States",way,35261438,"1465 North McDowell Blvd, Petaluma, California, 94954, United States",,,,,,,,,,,,,,
broadcom-009,broadcom,Broadcom,"California, San Diego",office,"16340 West Bernardo Drive, Bernardo Technology Park, Building A, San Diego, California, 92127, United States",United States,,,unlocated,needs_review,https://www.broadcom.com/company/contact,official_company_directory,2026-08-25,2026-08-25,https://nominatim.openstreetmap.org/,,,,,,,,,,,,,,,,,,
broadcom-010,broadcom,Broadcom,"California, San Jose",office,"1320 Ridder Park Drive, San Jose, California, 95131, United States",United States,37.3875416,-121.8998511,street_or_area_candidate,geocoded,https://www.broadcom.com/company/contact,official_company_directory,2026-08-25,2026-08-25,https://nominatim.openstreetmap.org/,"1320;1330;1350, Ridder Park Drive, Wayne, San Jose, Santa Clara County, California, 95131, United States",node,9184345935,"1320 Ridder Park Drive, San Jose, California, 95131, United States",,,,,,,,,,,,,,
broadcom-011,broadcom,Broadcom,"California, San Jose",office,"1730 Fox Drive, San Jose, California, 95131, United States",United States,37.3851995,-121.9025445,building,map_ready,https://www.broadcom.com/company/contact,official_company_directory,2026-08-25,2026-08-25,https://nominatim.openstreetmap.org/,"1730, Fox Drive, Wayne, San Jose, Santa Clara County, California, 95131, United States",relation,13344421,"1730 Fox Drive, San Jose, California, 95131, United States",openstreetmap_building_match,2026-08-25,,,,,,,,,,,,
broadcom-012,broadcom,Broadcom,"California, San Jose",office,"250 Innovation Drive, San Jose, California, 95134, United States",United States,37.4007141,-121.9307209,building,map_ready,https://www.broadcom.com/company/contact,official_company_directory,2026-08-25,2026-08-25,https://nominatim.openstreetmap.org/,"Broadcom (250/#1), 250, Innovation Drive, North San Jose, San Jose, Santa Clara County, California, 95134, United States",way,220799910,"250 Innovation Drive, San Jose, California, 95134, United States",openstreetmap_building_match,2026-08-25,,,,,,,,,,,,
broadcom-013,broadcom,Broadcom,"Colorado, Broomfield",office,"11900 Quantum Parkway, Broomfield, Colorado, 80021, United States",United States,39.895658,-105.1328976,street_or_area_candidate,geocoded,https://www.broadcom.com/company/contact,official_company_directory,2026-08-25,2026-08-25,https://nominatim.openstreetmap.org/,"Quantum Parkway, Broomfield, Colorado, 80021, United States",way,158086828,"11900 Quantum Parkway, Broomfield, Colorado, 80021, United States",,,,,,,,,,,,,,
broadcom-014,broadcom,Broadcom,"Colorado, Colorado Springs",office,"4420 Arrows West Drive, Colorado Springs, Colorado, 80907, United States",United States,,,unlocated,needs_review,https://www.broadcom.com/company/contact,official_company_directory,2026-08-25,2026-08-25,https://nominatim.openstreetmap.org/,,,,,,,,,,,,,,,,,,
broadcom-015,broadcom,Broadcom,"Colorado, Fort Collins",office,"4380 Ziegler Road, Fort Collins, Colorado, 80525-9640, United States",United States,40.5299032,-105.0203868,street_or_area_candidate,geocoded,https://www.broadcom.com/company/contact,official_company_directory,2026-08-25,2026-08-25,https://nominatim.openstreetmap.org/,"4380, Ziegler Road, Woodland Park Estates, Fort Collins, Larimer County, Colorado, 80525, United States",way,160173840,"4380 Ziegler Road, Fort Collins, Colorado, 80525-9640, United States",,,,,,,,,,,,,,
broadcom-016,broadcom,Broadcom,"D.C., Washington",office,"607 14th St. NW, Suite 660, Washington, District of Columbia, 20005, United States",United States,,,unlocated,needs_review,https://www.broadcom.com/company/contact,official_company_directory,2026-08-25,2026-08-25,https://nominatim.openstreetmap.org/,,,,,,,,,,,,,,,,,,
broadcom-017,broadcom,Broadcom,"Georgia, Atlanta",office,"1155 Perimeter Center West, Atlanta, Georgia, 30338, United States",United States,33.9302061,-84.3506136,building,map_ready,https://www.broadcom.com/company/contact,official_company_directory,2026-08-25,2026-08-25,https://nominatim.openstreetmap.org/,"VMware AirWatch, 1155, Perimeter Center West, Atlanta, Fulton County, Georgia, 30328, United States",way,336851530,"1155 Perimeter Center West, Atlanta, Georgia, 30338, United States",openstreetmap_building_match,2026-08-25,,,,,,,,,,,,
broadcom-018,broadcom,Broadcom,"Georgia, Duluth",office,"4385 River Green Parkway, Chattahoochee Corners, Suite 100, Duluth, Georgia, 30096, United States",United States,,,unlocated,needs_review,https://www.broadcom.com/company/contact,official_company_directory,2026-08-25,2026-08-25,https://nominatim.openstreetmap.org/,,,,,,,,,,,,,,,,,,
broadcom-019,broadcom,Broadcom,"Illinois, Lisle",office,"3333 Warrenville Rd, Suite 800, Lisle, Illinois, 60532, United States",United States,,,unlocated,needs_review,https://www.broadcom.com/company/contact,official_company_directory,2026-08-25,2026-08-25,https://nominatim.openstreetmap.org/,,,,,,,,,,,,,,,,,,
broadcom-020,broadcom,Broadcom,"Illinois, Warrenville",office,"27475 Ferry Road, Warrenville, Illinois, 60555, United States",United States,41.8104796,-88.2117132,street_or_area_candidate,geocoded,https://www.broadcom.com/company/contact,official_company_directory,2026-08-25,2026-08-25,https://nominatim.openstreetmap.org/,"Ferry Road, Warrenville, Naperville Township, DuPage County, Illinois, 60555, United States",way,914517262,"27475 Ferry Road, Warrenville, Illinois, 60555, United States",,,,,,,,,,,,,,
broadcom-021,broadcom,Broadcom,"Massachusetts, Andover",office,"200 Brickstone Square, Andover, Massachusetts, 01810, United States",United States,42.675684,-71.1457202,street_or_area_candidate,geocoded,https://www.broadcom.com/company/contact,official_company_directory,2026-08-25,2026-08-25,https://nominatim.openstreetmap.org/,"Brickstone Square, Shawsheen Village, Andover, Essex County, Massachusetts, 01843, United States",way,9160270,"200 Brickstone Square, Andover, Massachusetts, 01810, United States",,,,,,,,,,,,,,
broadcom-022,broadcom,Broadcom,"Massachusetts, Burlington",office,"65 Blue Sky Drive, Burlington, Massachusetts, 01803, United States",United States,42.4963715,-71.2352109,building,map_ready,https://www.broadcom.com/company/contact,official_company_directory,2026-08-25,2026-08-25,https://nominatim.openstreetmap.org/,"65, Blue Sky Drive, Blue Sky Center, Burlington, Middlesex County, Massachusetts, 01805, United States",way,212291840,"65 Blue Sky Drive, Burlington, Massachusetts, 01803, United States",openstreetmap_building_match,2026-08-25,,,,,,,,,,,,
broadcom-023,broadcom,Broadcom,"Massachusetts, Framingham",office,"111 Speen Street, Framingham, Massachusetts, 01701, United States",United States,42.3099132,-71.3856124,building,map_ready,https://www.broadcom.com/company/contact,official_company_directory,2026-08-25,2026-08-25,https://nominatim.openstreetmap.org/,"111, Speen Street, Saxonville, Framingham, Middlesex County, Massachusetts, 01701, United States",way,471561533,"111 Speen Street, Framingham, Massachusetts, 01701, United States",openstreetmap_building_match,2026-08-25,,,,,,,,,,,,
broadcom-024,broadcom,Broadcom,"Minnesota, Mendota Heights",office,"1230 Northland Drive, Mendota Office Center IV, Suite 100, Mendota Heights, Minnesota, 55120, United States",United States,,,unlocated,needs_review,https://www.broadcom.com/company/contact,official_company_directory,2026-08-25,2026-08-25,https://nominatim.openstreetmap.org/,,,,,,,,,,,,,,,,,,
broadcom-025,broadcom,Broadcom,"Minnesota, Rochester",office,"2900 37th Street NW, Bldg 101, Rochester, Minnesota, 55901, United States",United States,,,unlocated,needs_review,https://www.broadcom.com/company/contact,official_company_directory,2026-08-25,2026-08-25,https://nominatim.openstreetmap.org/,,,,,,,,,,,,,,,,,,
broadcom-026,broadcom,Broadcom,"New Hampshire, Portsmouth",office,"273 Corporate Drive, Suite 115, Portsmouth, New Hampshire, 03801, United States",United States,,,unlocated,needs_review,https://www.broadcom.com/company/contact,official_company_directory,2026-08-25,2026-08-25,https://nominatim.openstreetmap.org/,,,,,,,,,,,,,,,,,,
broadcom-027,broadcom,Broadcom,"New Jersey, Princeton",office,"700 Alexander Park Dr., Suite 204, Princeton, New Jersey, 08540, United States",United States,,,unlocated,needs_review,https://www.broadcom.com/company/contact,official_company_directory,2026-08-25,2026-08-25,https://nominatim.openstreetmap.org/,,,,,,,,,,,,,,,,,,
broadcom-028,broadcom,Broadcom,"New York, Melville",office,"100 Baylis Road, Suite 200, Melville, New York, 11747, United States",United States,,,unlocated,needs_review,https://www.broadcom.com/company/contact,official_company_directory,2026-08-25,2026-08-25,https://nominatim.openstreetmap.org/,,,,,,,,,,,,,,,,,,
broadcom-029,broadcom,Broadcom,"North Carolina, Charlotte",office,"9815 David Taylor Drive, Charlotte, North Carolina, 28262, United States",United States,35.3268252,-80.7580978,street_or_area_candidate,geocoded,https://www.broadcom.com/company/contact,official_company_directory,2026-08-25,2026-08-25,https://nominatim.openstreetmap.org/,"9815, David Taylor Drive, University City, Charlotte, Mecklenburg County, North Carolina, 28262, United States",way,16711632,"9815 David Taylor Drive, Charlotte, North Carolina, 28262, United States",,,,,,,,,,,,,,
broadcom-030,broadcom,Broadcom,"North Carolina, Durham",office,"1030 Swabia Court, Imperial Center, Suite 400, Durham, North Carolina, 27703, United States",United States,,,unlocated,needs_review,https://www.broadcom.com/company/contact,official_company_directory,2026-08-25,2026-08-25,https://nominatim.openstreetmap.org/,,,,,,,,,,,,,,,,,,
broadcom-031,broadcom,Broadcom,"Oregon, Beaverton",office,"500 SW 116th Avenue, Beaverton, Oregon, 97225, United States",United States,45.4956809,-122.796496,street_or_area_candidate,geocoded,https://www.broadcom.com/company/contact,official_company_directory,2026-08-25,2026-08-25,https://nominatim.openstreetmap.org/,"Southwest 116th Avenue, Central Beaverton, Beaverton, Washington County, Oregon, 97005, United States",way,105958701,"500 SW 116th Avenue, Beaverton, Oregon, 97225, United States",,,,,,,,,,,,,,
broadcom-032,broadcom,Broadcom,"Pennsylvania, Allentown",office,"1110 American Parkway, Allentown, Pennsylvania, 18109, United States",United States,40.633061,-75.4542816,building,map_ready,https://www.broadcom.com/company/contact,official_company_directory,2026-08-25,2026-08-25,https://nominatim.openstreetmap.org/,"Patriot American Parkway, 1110, American Parkway, 6th Ward, Allentown, Lehigh County, Pennsylvania, 18109, United States",relation,19310993,"1110 American Parkway, Allentown, Pennsylvania, 18109, United States",openstreetmap_building_match,2026-08-25,,,,,,,,,,,,
broadcom-033,broadcom,Broadcom,"Pennsylvania, Breinigsville",office,"9999 Hamilton Blvd., TEK Park, Breinigsville, Pennsylvania, 18031, United States",United States,,,unlocated,needs_review,https://www.broadcom.com/company/contact,official_company_directory,2026-08-25,2026-08-25,https://nominatim.openstreetmap.org/,,,,,,,,,,,,,,,,,,
broadcom-034,broadcom,Broadcom,"Pennsylvania, Lancaster",office,"805 Estelle Drive, Cherryhill Office Building, Lancaster, Pennsylvania, 17601, United States",United States,,,unlocated,needs_review,https://www.broadcom.com/company/contact,official_company_directory,2026-08-25,2026-08-25,https://nominatim.openstreetmap.org/,,,,,,,,,,,,,,,,,,
broadcom-035,broadcom,Broadcom,"Pennsylvania, Pittsburgh",office,"750 Holiday Drive, Foster Plaza 9, Suite 300, Pittsburgh, Pennsylvania, 15220, United States",United States,,,unlocated,needs_review,https://www.broadcom.com/company/contact,official_company_directory,2026-08-25,2026-08-25,https://nominatim.openstreetmap.org/,,,,,,,,,,,,,,,,,,
broadcom-036,broadcom,Broadcom,"Texas, Austin",office,"6500 River Place Blvd., Building 6, Austin, Texas, 78730, United States",United States,,,unlocated,needs_review,https://www.broadcom.com/company/contact,official_company_directory,2026-08-25,2026-08-25,https://nominatim.openstreetmap.org/,,,,,,,,,,,,,,,,,,
broadcom-037,broadcom,Broadcom,"Texas, Plano",office,"5465 Legacy Drive, Plano, Texas, 75024, United States",United States,33.0780371,-96.8110619,street_or_area_candidate,geocoded,https://www.broadcom.com/company/contact,official_company_directory,2026-08-25,2026-08-25,https://nominatim.openstreetmap.org/,"5465, Legacy Drive, Plano, Collin County, Texas, 75024, United States",way,288183457,"5465 Legacy Drive, Plano, Texas, 75024, United States",,,,,,,,,,,,,,
broadcom-038,broadcom,Broadcom,"Utah, Draper",office,"25 East Scenic Pointe Drive, Draper, Utah, 84020, United States",United States,40.4825029,-111.8906278,building,map_ready,https://www.broadcom.com/company/contact,official_company_directory,2026-08-25,2026-08-25,https://nominatim.openstreetmap.org/,"25, Scenic Pointe Drive, Draper, Salt Lake County, Utah, 84020, United States",way,1009363602,"25 East Scenic Pointe Drive, Draper, Utah, 84020, United States",openstreetmap_building_match,2026-08-25,,,,,,,,,,,,
broadcom-039,broadcom,Broadcom,"Virginia, Reston",office,"12100 Sunset Hills, Reston, Virginia, 20191, United States",United States,38.9547891,-77.3637825,building,map_ready,https://www.broadcom.com/company/contact,official_company_directory,2026-08-25,2026-08-25,https://nominatim.openstreetmap.org/,"RTC West, 12100, Sunset Hills Road, Reston, Fairfax County, Virginia, 20190, United States",way,79854655,"12100 Sunset Hills, Reston, Virginia, 20191, United States",openstreetmap_building_match,2026-08-25,,,,,,,,,,,,
broadcom-040,broadcom,Broadcom,"Washington, Bellevue",office,"500 108th Ave. NE, Suite 1400, Bellevue, Washington, 98004, United States",United States,,,unlocated,needs_review,https://www.broadcom.com/company/contact,official_company_directory,2026-08-25,2026-08-25,https://nominatim.openstreetmap.org/,,,,,,,,,,,,,,,,,,
broadcom-041,broadcom,Broadcom,"Australia, Canberra",office,"60 Marcus Clarke Street, Level 3, Suite 1, Canberra, 2601, Australia",Australia,,,unlocated,needs_review,https://www.broadcom.com/company/contact,official_company_directory,2026-08-25,2026-08-25,https://nominatim.openstreetmap.org/,,,,,,,,,,,,,,,,,,
broadcom-042,broadcom,Broadcom,"Australia, Sydney",office,"175 Pitt Street, Sydney, 2000, Australia",Australia,-33.8335886,150.9920146,street_or_area_candidate,geocoded,https://www.broadcom.com/company/contact,official_company_directory,2026-08-25,2026-08-25,https://nominatim.openstreetmap.org/,"Medscan Merrylands, 175, Pitt Street, Merrylands, Sydney, New South Wales, 2160, Australia",node,9763413853,"175 Pitt Street, Sydney, 2000, Australia",,,,,,,,,,,,,,
broadcom-043,broadcom,Broadcom,"China, Beijing",office,"No. 2 Kexueyuan South Rd, Haidian District, 1/F, S Wing Bldg C, Raycom InfoTech Park Unit 101 112, Beijing, 100190, China",China,,,unlocated,needs_review,https://www.broadcom.com/company/contact,official_company_directory,2026-08-25,2026-08-25,https://nominatim.openstreetmap.org/,,,,,,,,,,,,,,,,,,
broadcom-044,broadcom,Broadcom,"China, Nanjing",office,"86 Huashen Avenue, Yuhua District, Dongruan R&D Center, Nanjing, 210012, China",China,,,unlocated,needs_review,https://www.broadcom.com/company/contact,official_company_directory,2026-08-25,2026-08-25,https://nominatim.openstreetmap.org/,,,,,,,,,,,,,,,,,,
broadcom-045,broadcom,Broadcom,China - Shanghai (Hi Tech),office,"No. 4560 Jin Ke Road, Building 2, Jin Chuang Mansion, Shanghai, 201203, China",China,,,unlocated,needs_review,https://www.broadcom.com/company/contact,official_company_directory,2026-08-25,2026-08-25,https://nominatim.openstreetmap.org/,,,,,,,,,,,,,,,,,,
broadcom-046,broadcom,Broadcom,China - Shanghai (KIC),office,"333 Songhu Road, Shanghai, 200000, China",China,31.3037028,121.5102642,street_or_area_candidate,geocoded,https://www.broadcom.com/company/contact,official_company_directory,2026-08-25,2026-08-25,https://nominatim.openstreetmap.org/,"淞沪路, 五角场, 五角场街道, 杨浦区, 上海市, 200433, 中国",way,136798933,"333 Songhu Road, Shanghai, 200000, China",,,,,,,,,,,,,,
broadcom-047,broadcom,Broadcom,China - Shenzhen (Foxconn),office,"Yousong Rd, No. 2, Building F21 1.5F, Shenzhen, 518057, China",China,,,unlocated,needs_review,https://www.broadcom.com/company/contact,official_company_directory,2026-08-25,2026-08-25,https://nominatim.openstreetmap.org/,,,,,,,,,,,,,,,,,,
broadcom-048,broadcom,Broadcom,"China, Shenzhen",office,"No 3 Haide Road, Tiley Central Plaza, Nanshan District, Shenzhen, 518054, China",China,,,unlocated,needs_review,https://www.broadcom.com/company/contact,official_company_directory,2026-08-25,2026-08-25,https://nominatim.openstreetmap.org/,,,,,,,,,,,,,,,,,,
broadcom-049,broadcom,Broadcom,"India, Bangalore",office,"192, 3rd Main Rd, Kalyani Vista II, Doresanipalya, Anthappa Layout, Phase 4, J. P. Nagar, Bangalore, Karnataka, 560078, India",India,,,unlocated,needs_review,https://www.broadcom.com/company/contact,official_company_directory,2026-08-25,2026-08-25,https://nominatim.openstreetmap.org/,,,,,,,,,,,,,,,,,,
broadcom-050,broadcom,Broadcom,"India, Bangalore",office,"Wipro Electronic City, Special Economic Zone, Doddathogur Village, Begur Hobli, Karnataka, Bangalore, Karnataka, 560100, India",India,,,unlocated,needs_review,https://www.broadcom.com/company/contact,official_company_directory,2026-08-25,2026-08-25,https://nominatim.openstreetmap.org/,,,,,,,,,,,,,,,,,,
broadcom-051,broadcom,Broadcom,"India, Hyderabad",office,"Survey no 115, Bldg 2, Nanakramguda Village, Ranga Reddy District, Hyderabad, 500032, India",India,,,unlocated,needs_review,https://www.broadcom.com/company/contact,official_company_directory,2026-08-25,2026-08-25,https://nominatim.openstreetmap.org/,,,,,,,,,,,,,,,,,,
broadcom-052,broadcom,Broadcom,"India, Pune",office,"Panchshil Business Park, S. No 20, Plot No A Pune, Maharashtra, Pune, 411047, India",India,,,unlocated,needs_review,https://www.broadcom.com/company/contact,official_company_directory,2026-08-25,2026-08-25,https://nominatim.openstreetmap.org/,,,,,,,,,,,,,,,,,,
broadcom-053,broadcom,Broadcom,"India, Pune",office,"MIDC Kharadi Knowledge Park, EON Kharadi Infrastructure Pvt Ltd, SEZ Plot No.1, Survey No. 77, Pune, 411014, India",India,,,unlocated,needs_review,https://www.broadcom.com/company/contact,official_company_directory,2026-08-25,2026-08-25,https://nominatim.openstreetmap.org/,,,,,,,,,,,,,,,,,,
broadcom-054,broadcom,Broadcom,"Japan, Tokyo",office,"3 Chome-1 Minato, Msb Tamachi, Tamachi Station Tower N, Tokyo, 108-0023, Japan",Japan,,,unlocated,needs_review,https://www.broadcom.com/company/contact,official_company_directory,2026-08-25,2026-08-25,https://nominatim.openstreetmap.org/,,,,,,,,,,,,,,,,,,
broadcom-055,broadcom,Broadcom,"Korea, Seoul",office,"16 Maeheonro, 8F Hibrand, Seocho-gu, Seoul, 06771, Korea",Korea,,,unlocated,needs_review,https://www.broadcom.com/company/contact,official_company_directory,2026-08-25,2026-08-25,https://nominatim.openstreetmap.org/,,,,,,,,,,,,,,,,,,
broadcom-056,broadcom,Broadcom,"Malaysia, Batu Kawan",office,"Plot 315a, Persiaran Cassia Selatan 4, Taman Perindustrian, Mukim 13, Seberang Perai Selatan, Batu Kawan, 14110, Malaysia",Malaysia,,,unlocated,needs_review,https://www.broadcom.com/company/contact,official_company_directory,2026-08-25,2026-08-25,https://nominatim.openstreetmap.org/,,,,,,,,,,,,,,,,,,
broadcom-057,broadcom,Broadcom,"Malaysia, Penang",office,"Bayan Lepas Free Industrial Zone, Penang, 11900, Malaysia",Malaysia,5.3194422,100.2952329,building_candidate,geocoded,https://www.broadcom.com/company/contact,official_company_directory,2026-08-25,2026-08-25,https://nominatim.openstreetmap.org/,"Zon Perindustrian Bebas Bayan Lepas, Bayan Lepas, Barat Daya, George Town, Pulau Pinang, Malaysia",relation,11204369,"Bayan Lepas Free Industrial Zone, Penang, 11900, Malaysia",,,,,,,,,,,,,,
broadcom-058,broadcom,Broadcom,"Singapore, Robinson Road",office,"63 Robinson Road, Singapore, 068894",Singapore,1.2789323,103.8491404,building,map_ready,https://www.broadcom.com/company/contact,official_company_directory,2026-08-25,2026-08-25,https://nominatim.openstreetmap.org/,"Afro Asia Building, 63, Robinson Road, Golden Shoe, Civic District, Downtown Core, Central Region, Singapore, 068894, Singapore",way,45098517,"63 Robinson Road, Singapore, 068894, Singapore",openstreetmap_building_match,2026-08-25,,,,,,,,,,,,
broadcom-059,broadcom,Broadcom,Singapore,office,"3 North Coast Drive, Senoko, Singapore, 757696",Singapore,1.4575729,103.7949776,street_or_area_candidate,geocoded,https://www.broadcom.com/company/contact,official_company_directory,2026-08-25,2026-08-25,https://nominatim.openstreetmap.org/,"North Coast Drive, North Coast, Woodlands, North Region, Singapore, 758197, Singapore",way,658203216,"3 North Coast Drive, Senoko, Singapore, 757696, Singapore",,,,,,,,,,,,,,
broadcom-060,broadcom,Broadcom,Singapore,office,"1150 Depot Road, Singapore, 109673",Singapore,1.2822221,103.8085594,street_or_area_candidate,geocoded,https://www.broadcom.com/company/contact,official_company_directory,2026-08-25,2026-08-25,https://nominatim.openstreetmap.org/,"Depot Road, Alexandra, Bukit Merah, Central Region, Singapore",relation,19910396,"1150 Depot Road, Singapore, 109673, Singapore",,,,,,,,,,,,,,
broadcom-061,broadcom,Broadcom,Singapore,office,"No. 1 Yishun Avenue 7, Singapore, 768923",Singapore,1.4414655,103.8401633,street_or_area_candidate,geocoded,https://www.broadcom.com/company/contact,official_company_directory,2026-08-25,2026-08-25,https://nominatim.openstreetmap.org/,"Yishun Avenue 7, Northland, Yishun, North Region, Singapore, 768924, Singapore",way,639336131,"No. 1 Yishun Avenue 7, Singapore, 768923, Singapore",,,,,,,,,,,,,,
broadcom-062,broadcom,Broadcom,"Taiwan, Hsinchu",office,"25 Puding Road, Hsinshu Innovation Center, Hsinchu, 30072, Taiwan",Taiwan,,,unlocated,needs_review,https://www.broadcom.com/company/contact,official_company_directory,2026-08-25,2026-08-25,https://nominatim.openstreetmap.org/,,,,,,,,,,,,,,,,,,
broadcom-063,broadcom,Broadcom,"Taiwan, Taipei",office,"No 399 Ruiguang Rd., Neihu District, Taipei, 11492, Taiwan",Taiwan,25.0785344,121.5701591,street_or_area_candidate,geocoded,https://www.broadcom.com/company/contact,official_company_directory,2026-08-25,2026-08-25,https://nominatim.openstreetmap.org/,"瑞光路, 港墘里, 內湖區, 臺北市, 11492, 臺灣",way,324294428,"No 399 Ruiguang Rd., Neihu District, Taipei, 11492, Taiwan",,,,,,,,,,,,,,
broadcom-064,broadcom,Broadcom,"Armenia, Yerevan",office,"Forum Business Center, 48/3 Mamikonyants str, Yerevan, 51, Armenia",Armenia,,,unlocated,needs_review,https://www.broadcom.com/company/contact,official_company_directory,2026-08-25,2026-08-25,https://nominatim.openstreetmap.org/,,,,,,,,,,,,,,,,,,
broadcom-065,broadcom,Broadcom,"Austria, Vienna",office,"Am Europlatz 5, Vienna, 1120, Austria",Austria,48.1700818,16.33398,building,map_ready,https://www.broadcom.com/company/contact,official_company_directory,2026-08-25,2026-08-25,https://nominatim.openstreetmap.org/,"EURO PLAZA Objekt C, 5, Am Europlatz, Euro Plaza, Katastralgemeinde Altmannsdorf, Meidling, Wien, 1120, Österreich",way,90065941,"Am Europlatz 5, Vienna, 1120, Austria",openstreetmap_building_match,2026-08-25,,,,,,,,,,,,
broadcom-066,broadcom,Broadcom,"Belgium, Eke",office,"Begoniastraat 3, Eke, 9810, Belgium",Belgium,50.9734326,3.6563584,building,map_ready,https://www.broadcom.com/company/contact,official_company_directory,2026-08-25,2026-08-25,https://nominatim.openstreetmap.org/,"3, Begoniastraat, Bedrijvenzone Eke, Eke, Nazareth-De Pinte, Gent, Oost-Vlaanderen, Vlaanderen, 9810, België / Belgique / Belgien",way,1190542102,"Begoniastraat 3, Eke, 9810, Belgium",openstreetmap_building_match,2026-08-25,,,,,,,,,,,,
broadcom-067,broadcom,Broadcom,"Belgium, Mechelen",office,"Battelsesteenweg 455 B, Businesspark E19, Building B, Mechelen, 2800, Belgium",Belgium,,,unlocated,needs_review,https://www.broadcom.com/company/contact,official_company_directory,2026-08-25,2026-08-25,https://nominatim.openstreetmap.org/,,,,,,,,,,,,,,,,,,
broadcom-068,broadcom,Broadcom,"Bulgaria, Plovdiv",office,"Office Park Plovdiv, 65A Svoboda Blvd, Plovdiv, 4001, Bulgaria",Bulgaria,,,unlocated,needs_review,https://www.broadcom.com/company/contact,official_company_directory,2026-08-25,2026-08-25,https://nominatim.openstreetmap.org/,,,,,,,,,,,,,,,,,,
broadcom-069,broadcom,Broadcom,"Bulgaria, Sofia",office,"Garitage Park, 2 Donka Ushlinova Str., Sofia, 1766, Bulgaria",Bulgaria,,,unlocated,needs_review,https://www.broadcom.com/company/contact,official_company_directory,2026-08-25,2026-08-25,https://nominatim.openstreetmap.org/,,,,,,,,,,,,,,,,,,
broadcom-070,broadcom,Broadcom,"Bulgaria, Varna",office,"Business Park Varna, Building 8, Floor 2, Varna, 9009, Bulgaria",Bulgaria,,,unlocated,needs_review,https://www.broadcom.com/company/contact,official_company_directory,2026-08-25,2026-08-25,https://nominatim.openstreetmap.org/,,,,,,,,,,,,,,,,,,
broadcom-071,broadcom,Broadcom,"Czech Republic, Prague",office,"V Parku 2343, Praha 4 Chodov, Prague, 148 00, Czech Republic",Czech Republic,50.0262838,14.4975311,street_or_area_candidate,geocoded,https://www.broadcom.com/company/contact,official_company_directory,2026-08-25,2026-08-25,https://nominatim.openstreetmap.org/,"2343/24, V Parku, Sídliště Chodov, Chodov, Praha 11, obvod Praha 4, Praha, 148 00, Česko",node,2793778236,"V Parku 2343, Praha 4 Chodov, Prague, 148 00, Czech Republic",,,,,,,,,,,,,,
broadcom-072,broadcom,Broadcom,"Estonia, Tallinn",office,"Aiandi Street 13, Tallinn, 12918, Estonia",Estonia,,,unlocated,needs_review,https://www.broadcom.com/company/contact,official_company_directory,2026-08-25,2026-08-25,https://nominatim.openstreetmap.org/,,,,,,,,,,,,,,,,,,
broadcom-073,broadcom,Broadcom,"France, Paris",office,"Tour Franklin, 100-101 Terrasse Boieldieu, Paris, 92042, France",France,,,unlocated,needs_review,https://www.broadcom.com/company/contact,official_company_directory,2026-08-25,2026-08-25,https://nominatim.openstreetmap.org/,,,,,,,,,,,,,,,,,,
broadcom-074,broadcom,Broadcom,"France, Paris",office,"1-7 Cours Valmy, Puteaux, 92800, France",France,48.8921229,2.2342013,building,map_ready,https://www.broadcom.com/company/contact,official_company_directory,2026-08-25,2026-08-25,https://nominatim.openstreetmap.org/,"Le Belvédère, 1-7, Cours Valmy, Quartier Boieldieu, Arche Sud, Puteaux, Nanterre, Hauts-de-Seine, Île-de-France, France métropolitaine, 92800, France",way,68850532,"1-7 Cours Valmy, Puteaux, 92800, France, France",openstreetmap_building_match,2026-08-25,,,,,,,,,,,,
broadcom-075,broadcom,Broadcom,"Germany, Munich",office,"Charles de Gaulle Strasse 2, Munich, Bavaria, 81737, Germany",Germany,48.1018952,11.643865,building,map_ready,https://www.broadcom.com/company/contact,official_company_directory,2026-08-25,2026-08-25,https://nominatim.openstreetmap.org/,"Broadcom, 2, Charles-de-Gaulle-Straße, Neuperlach, Ramersdorf-Perlach, München, Bayern, 81737, Deutschland",node,8603332256,"Charles de Gaulle Strasse 2, Munich, Bavaria, 81737, Germany",openstreetmap_building_match,2026-08-25,,,,,,,,,,,,
broadcom-076,broadcom,Broadcom,"Germany, Regensburg",office,"Gertraud-Kaltenecker-Strasse 1, Regensburg, 93049, Germany",Germany,49.0130862,12.0758433,building,map_ready,https://www.broadcom.com/company/contact,official_company_directory,2026-08-25,2026-08-25,https://nominatim.openstreetmap.org/,"DÖRNBERG Office, 1, Gertraud-Kaltenecker-Straße, Karolinenhof, Das Dörnberg, Regensburg, Bayern, 93049, Deutschland",way,953090922,"Gertraud-Kaltenecker-Strasse 1, Regensburg, 93049, Germany",openstreetmap_building_match,2026-08-25,,,,,,,,,,,,
broadcom-077,broadcom,Broadcom,"Greece, Athens",office,"75 Posidonos Avenue, Athens, Greece",Greece,,,unlocated,needs_review,https://www.broadcom.com/company/contact,official_company_directory,2026-08-25,2026-08-25,https://nominatim.openstreetmap.org/,,,,,,,,,,,,,,,,,,
broadcom-078,broadcom,Broadcom,"Ireland, Cork",office,"Kavanagh House, Barrack Square, Cork, P31HX01, Ireland",Ireland,51.8893655,-8.5872256,building_candidate,geocoded,https://www.broadcom.com/company/contact,official_company_directory,2026-08-25,2026-08-25,https://nominatim.openstreetmap.org/,"Kavanagh House, Barrack Square, Ballincollig, Ballincollig ED, Cork, County Cork, Munster, Éire / Ireland",way,180271960,"Kavanagh House, Barrack Square, Cork, P31HX01, Ireland",,,,,,,,,,,,,,
broadcom-079,broadcom,Broadcom,"Israel, Nazareth",office,"Nazareth Industrial Park, Block 16565, Nazareth, Israel",Israel,,,unlocated,needs_review,https://www.broadcom.com/company/contact,official_company_directory,2026-08-25,2026-08-25,https://nominatim.openstreetmap.org/,,,,,,,,,,,,,,,,,,
broadcom-080,broadcom,Broadcom,"Israel, Tel Aviv",office,"Tel Aviv University, 17 George Weiss Street, Tel Aviv, 6997801, Israel",Israel,,,unlocated,needs_review,https://www.broadcom.com/company/contact,official_company_directory,2026-08-25,2026-08-25,https://nominatim.openstreetmap.org/,,,,,,,,,,,,,,,,,,
broadcom-081,broadcom,Broadcom,"Netherlands, Bunnik",office,"Kosterijland 14, Bunnik, 3981, Netherlands",Netherlands,52.0618032,5.2076393,street_or_area_candidate,geocoded,https://www.broadcom.com/company/contact,official_company_directory,2026-08-25,2026-08-25,https://nominatim.openstreetmap.org/,"14, Kosterijland, Bunnik, Utrecht, Nederland, 3981 AJ, Nederland",node,2865323726,"Kosterijland 14, Bunnik, 3981, Netherlands, Netherlands",,,,,,,,,,,,,,
broadcom-082,broadcom,Broadcom,"Poland, Warsaw",office,"Adgar Plaza One, Postępu 15, Warsaw, 02-676, Poland",Poland,52.1805343,20.9962811,building,map_ready,https://www.broadcom.com/company/contact,official_company_directory,2026-08-25,2026-08-25,https://nominatim.openstreetmap.org/,"Adgar Plaza One, 15, Postępu, Służewiec, Mokotów, Warszawa, województwo mazowieckie, 02-676, Polska",way,935534949,"Adgar Plaza One, Postępu 15, Warsaw, 02-676, Poland",openstreetmap_building_match,2026-08-25,,,,,,,,,,,,
broadcom-083,broadcom,Broadcom,"Romania, Bucharest",office,"Bulevardul Iuliu Maniu 6L, Bucharest, 61072, Romania",Romania,44.4352138,26.0537446,building,map_ready,https://www.broadcom.com/company/contact,official_company_directory,2026-08-25,2026-08-25,https://nominatim.openstreetmap.org/,"NXP Semiconductors Romania, 6L, Bulevardul Iuliu Maniu, Militari, Sector 6, București, 061103, România",node,6348250893,"Bulevardul Iuliu Maniu 6L, Bucharest, 61072, Romania",openstreetmap_building_match,2026-08-25,,,,,,,,,,,,
broadcom-084,broadcom,Broadcom,"Saudi Arabia, Riyadh",office,"Olaya Towers, Tower B, Mohammed bin Abdul-Aziz Street, Riyadh, 12213, Saudi Arabia",Saudi Arabia,,,unlocated,needs_review,https://www.broadcom.com/company/contact,official_company_directory,2026-08-25,2026-08-25,https://nominatim.openstreetmap.org/,,,,,,,,,,,,,,,,,,
broadcom-085,broadcom,Broadcom,"Spain, Madrid",office,"Calle Quintanapalla, 2, Madrid, 28050, Spain",Spain,40.4978527,-3.6654947,building,map_ready,https://www.broadcom.com/company/contact,official_company_directory,2026-08-25,2026-08-25,https://nominatim.openstreetmap.org/,"2, Calle Quintanapalla, Parque Empresarial Foresta, Valverde, Fuencarral-El Pardo, Madrid, Comunidad de Madrid, 28050, España",way,1229658903,"Calle Quintanapalla, 2, Madrid, 28050, Spain",openstreetmap_building_match,2026-08-25,,,,,,,,,,,,
broadcom-086,broadcom,Broadcom,"Switzerland, Morges",office,"Chemin du Vuasset 2, Préverenges, 1028, Switzerland",Switzerland,46.5181599,6.5175046,building,map_ready,https://www.broadcom.com/company/contact,official_company_directory,2026-08-25,2026-08-25,https://nominatim.openstreetmap.org/,"2, Chemin du Vuasset, Préverenges, District de Morges, Vaud, 1028, Schweiz/Suisse/Svizzera/Svizra",way,670807293,"Chemin du Vuasset 2, Préverenges, 1028, Switzerland",openstreetmap_building_match,2026-08-25,,,,,,,,,,,,
broadcom-087,broadcom,Broadcom,"United Arab Emirates, Dubai",office,"Business Central Towers, Tower A, 7th - Al Sufouh - Al Sufouh 2, Dubai, United Arab Emirates",United Arab Emirates,,,unlocated,needs_review,https://www.broadcom.com/company/contact,official_company_directory,2026-08-25,2026-08-25,https://nominatim.openstreetmap.org/,,,,,,,,,,,,,,,,,,
broadcom-088,broadcom,Broadcom,"United Kingdom, Bristol",office,"910 Hempton Court, Aztec West, Bristol, England, BS32 4SR, United Kingdom",United Kingdom,51.5388341,-2.5762037,building,map_ready,https://www.broadcom.com/company/contact,official_company_directory,2026-08-25,2026-08-25,https://nominatim.openstreetmap.org/,"Broadcom, 910, Coniston Road, Bristol, South Gloucestershire, West of England, England, BS32 4SR, United Kingdom",way,146813602,"910 Hempton Court, Aztec West, Bristol, England, BS32 4SR, United Kingdom",openstreetmap_building_match,2026-08-25,,,,,,,,,,,,
broadcom-089,broadcom,Broadcom,"United Kingdom, Cambridge",office,"406 Science Park Milton Road, Cambridge, CB4 0WW, United Kingdom",United Kingdom,,,unlocated,needs_review,https://www.broadcom.com/company/contact,official_company_directory,2026-08-25,2026-08-25,https://nominatim.openstreetmap.org/,,,,,,,,,,,,,,,,,,
broadcom-090,broadcom,Broadcom,"United Kingdom, Cheadle (Manchester)",office,"No. 4 Station Road, Cheadle, SK85AE, United Kingdom",United Kingdom,53.4098988,-2.2041942,street_or_area_candidate,geocoded,https://www.broadcom.com/company/contact,official_company_directory,2026-08-25,2026-08-25,https://nominatim.openstreetmap.org/,"Station Road, Heaton Mersey Industrial Estate, Heaton Mersey, The Four Heatons, Cheadle, Stockport, Greater Manchester, England, SK4 3QT, United Kingdom",way,32937381,"No. 4 Station Road, Cheadle, SK85AE, United Kingdom",,,,,,,,,,,,,,
broadcom-091,broadcom,Broadcom,"United Kingdom, Edinburgh",office,"19 Canning St, Exchange Tower, 6th Floor, Edinburgh, Scotland, EH3 8EG, United Kingdom",United Kingdom,,,unlocated,needs_review,https://www.broadcom.com/company/contact,official_company_directory,2026-08-25,2026-08-25,https://nominatim.openstreetmap.org/,,,,,,,,,,,,,,,,,,
broadcom-092,broadcom,Broadcom,"United Kingdom, London",office,"7 St Cross Street, London, EC1N 8XA, United Kingdom",United Kingdom,51.520511,-0.1092546,street_or_area_candidate,geocoded,https://www.broadcom.com/company/contact,official_company_directory,2026-08-25,2026-08-25,https://nominatim.openstreetmap.org/,"6-7, St Cross Street, Hatton Garden, Holborn, London Borough of Camden, Greater London, England, EC1N 8UB, United Kingdom",node,1773478641,"7 St Cross Street, London, EC1N 8XA, United Kingdom",,,,,,,,,,,,,,
cerebras-001,cerebras,Cerebras,Sunnyvale headquarters,headquarters,"1237 E Arques Avenue, Sunnyvale, CA 94085, United States",United States,37.380586,-121.9976017,street_or_area_candidate,geocoded,https://www.sec.gov/Archives/edgar/data/2021728/000162828026044941/cbrs-20260623.htm,official_regulatory_filing,2026-08-25,2026-08-25,https://nominatim.openstreetmap.org/,"1237, East Arques Avenue, Sunnyvale, Santa Clara County, California, 94085, United States",way,188695643,"1237 E Arques Avenue, Sunnyvale, CA 94085, United States",,,,,,"Cerebras’s current careers page confirms active Sunnyvale, Toronto and India offices. Sunnyvale is verified by its 2026 SEC filing; Toronto by the company-maintained LinkedIn location and current hiring records; Bengaluru by the active Indian GST principal-place record. The older San Diego lease is no longer named in current hiring, and Tokyo, UAE, Finland and Western Canada are only city/region or role labels without current street addresses, so they are withheld pending verification.",,,,,,,,
cerebras-002,cerebras,Cerebras,Toronto office,office,"150 King Street West, Toronto, ON M5H 1J9, Canada",Canada,43.6481125,-79.3844631,building,map_ready,https://www.linkedin.com/company/cerebras-systems,official_company_social_profile,2026-08-25,2026-08-25,https://nominatim.openstreetmap.org/,"Sun Life Financial, 150, King Street West, Financial District, Spadina—Fort York, Toronto, Golden Horseshoe, Ontario, M5H 1J9, Canada",way,27767637,"150 King Street West, Toronto, ON M5H 1J9, Canada",openstreetmap_building_match,2026-08-25,,,,,,,,,,,,
cerebras-003,cerebras,Cerebras,Bengaluru engineering office,research,"Venus Block, Prestige Tech Park, Marathahalli-Sarjapur Outer Ring Road, 8th Floor, Kadubeesanahalli, Bengaluru, Karnataka 560103, India",India,,,unlocated,needs_review,https://piceapp.com/gst-number-search/cerebras-systems-india-private-limited-29aadcw1936b1zg/,government_tax_registry_mirror,2026-08-25,2026-08-25,https://nominatim.openstreetmap.org/,,,,,,,,,,,,,,,,,,
groq-001,groq,Groq,San Jose office,headquarters,"2700 Zanker Road, Suite 150, San Jose, CA 95134, United States",United States,,,unlocated,needs_review,https://console.groq.com/docs/legal/archive,official_company_legal_document,2026-08-25,2026-08-25,https://nominatim.openstreetmap.org/,,,,,,,,,,"Groq’s current legal documents identify physical company offices in San Jose, London and Riyadh. Older Mountain View street addresses are superseded by the current San Jose physical address. Groq reports 13 operating cloud data centers but does not disclose their physical addresses; partner-operated infrastructure is not represented as company offices and receives no approximate markers.",,,,,,,,
groq-002,groq,Groq,London office,office,"3 Hammersmith Grove, London W6 0ND, United Kingdom",United Kingdom,51.4937808,-0.2262551,building,map_ready,https://console.groq.com/docs/legal/archive,official_company_legal_document,2026-08-25,2026-08-25,https://nominatim.openstreetmap.org/,"3, Hammersmith Grove, Hammersmith, London Borough of Hammersmith and Fulham, Greater London, England, W6 0ND, United Kingdom",way,972164865,"3 Hammersmith Grove, London W6 0ND, United Kingdom",openstreetmap_building_match,2026-08-25,,,,,,,,,,,,
groq-003,groq,Groq,Riyadh office,office,"Al Raidah Tower, 8476 King Fahd Road, 2nd Floor, Al Muhammadiyah District, Riyadh 12363-4228, Saudi Arabia",Saudi Arabia,,,unlocated,needs_review,https://groq.com/privacy-policy,official_company_legal_document,2026-08-25,2026-08-25,https://nominatim.openstreetmap.org/,,,,,,,,,,,,,,,,,,
tenstorrent-001,tenstorrent,Tenstorrent,Santa Clara office,office,"2600 Great America Way, Suite 501, Santa Clara, CA 95054, United States",United States,,,unlocated,needs_review,https://open.tenstorrent.com/about,official_company_directory,2026-08-25,2026-08-25,https://nominatim.openstreetmap.org/,,,,,,,,,,Complete import of all 12 exact-address offices in Tenstorrent’s current official “Our locations” directory. The Austin address is also the current SEC business address for Tenstorrent Holdings. No reseller or partner locations are included.,,,,,,,,
tenstorrent-002,tenstorrent,Tenstorrent,Fort Collins office,office,"2580 E Harmony Road, Suite 201, Fort Collins, CO 80528, United States",United States,,,unlocated,needs_review,https://open.tenstorrent.com/about,official_company_directory,2026-08-25,2026-08-25,https://nominatim.openstreetmap.org/,,,,,,,,,,,,,,,,,,
tenstorrent-003,tenstorrent,Tenstorrent,Marlborough office,office,"5 Mount Royal Avenue, Suite 220, Marlborough, MA 01752, United States",United States,,,unlocated,needs_review,https://open.tenstorrent.com/about,official_company_directory,2026-08-25,2026-08-25,https://nominatim.openstreetmap.org/,,,,,,,,,,,,,,,,,,
tenstorrent-004,tenstorrent,Tenstorrent,Austin headquarters,headquarters,"7717 Southwest Parkway, Building 3, Suite 200, Austin, TX 78735, United States",United States,,,unlocated,needs_review,https://open.tenstorrent.com/about,official_company_directory,2026-08-25,2026-08-25,https://nominatim.openstreetmap.org/,,,,,,,,,,,,,,,,,,
tenstorrent-005,tenstorrent,Tenstorrent,Toronto office,office,"150 Ferrand Drive, Suite 901, North York, ON M3C 3E5, Canada",Canada,,,unlocated,needs_review,https://open.tenstorrent.com/about,official_company_directory,2026-08-25,2026-08-25,https://nominatim.openstreetmap.org/,,,,,,,,,,,,,,,,,,
tenstorrent-006,tenstorrent,Tenstorrent,Bengaluru office,office,"Brigade Tech Gardens, Block B1, Unit 201, 2nd Floor, Brookefield, Kundalahalli, Bengaluru, Karnataka 560037, India",India,,,unlocated,needs_review,https://open.tenstorrent.com/about,official_company_directory,2026-08-25,2026-08-25,https://nominatim.openstreetmap.org/,,,,,,,,,,,,,,,,,,
tenstorrent-007,tenstorrent,Tenstorrent,Beijing office,office,"Lei Shing Hong Plaza, Tower C, 8 Wangjing Street, 5th Floor, Chaoyang District, Beijing 100102, China",China,,,unlocated,needs_review,https://open.tenstorrent.com/about,official_company_directory,2026-08-25,2026-08-25,https://nominatim.openstreetmap.org/,,,,,,,,,,,,,,,,,,
tenstorrent-008,tenstorrent,Tenstorrent,Pangyo office,office,"Greits Pangyo, 117 Bundangnaegok-ro, 4th Floor, Bundang-gu, Seongnam, Gyeonggi-do, South Korea",South Korea,,,unlocated,needs_review,https://open.tenstorrent.com/about,official_company_directory,2026-08-25,2026-08-25,https://nominatim.openstreetmap.org/,,,,,,,,,,,,,,,,,,
tenstorrent-009,tenstorrent,Tenstorrent,Tokyo office,office,"T-LITE Building, 2-4-7 Toranomon, 8th Floor, Minato-ku, Tokyo, Japan",Japan,,,unlocated,needs_review,https://open.tenstorrent.com/about,official_company_directory,2026-08-25,2026-08-25,https://nominatim.openstreetmap.org/,,,,,,,,,,,,,,,,,,
tenstorrent-010,tenstorrent,Tenstorrent,Belgrade office,office,"Bulevar Milutina Milankovica 1i, 11070 New Belgrade, Serbia",Serbia,44.8059911,20.4225865,building_candidate,geocoded,https://open.tenstorrent.com/about,official_company_directory,2026-08-25,2026-08-25,https://nominatim.openstreetmap.org/,"Navigator Business Center 2, 1i, Милутина Миланковића, МЗ Газела, Градска општина Нови Београд, Београд, Град Београд, Централна Србија, 11070, Србија",way,914690748,"Bulevar Milutina Milankovica 1i, 11070 New Belgrade, Serbia, Serbia",,,,,,,,,,,,,,
tenstorrent-011,tenstorrent,Tenstorrent,Munich office,office,"Feringastrasse 6, 85774 Unterfoehring, Germany",Germany,48.1777715,11.6331996,street_or_area_candidate,geocoded,https://open.tenstorrent.com/about,official_company_directory,2026-08-25,2026-08-25,https://nominatim.openstreetmap.org/,"MediaMarkt, 6, Feringastraße, Unterföhring, Landkreis München, Bayern, 85774, Deutschland",node,5466863063,"Feringastrasse 6, 85774 Unterfoehring, Germany",,,,,,,,,,,,,,
tenstorrent-012,tenstorrent,Tenstorrent,Warsaw office,office,"50 Krucza Street, 00-025 Warsaw, Poland",Poland,,,unlocated,needs_review,https://open.tenstorrent.com/about,official_company_directory,2026-08-25,2026-08-25,https://nominatim.openstreetmap.org/,,,,,,,,,,,,,,,,,,
qualcomm-001,qualcomm,Qualcomm,OSLO.A,office,"Biskop Gunnerus Gate 14, Oslo, 0185, Norway",Norway,59.91164,10.754635,street_or_area_candidate,geocoded,https://www.qualcomm.com/company/facilities/offices,official_company_directory,2026-08-25,2026-08-25,https://nominatim.openstreetmap.org/,"14A, Biskop Gunnerus’ gate, Sjøtomta, Vaterland, Sentrum, Oslo, 0185, Norge",node,3138840290,"Biskop Gunnerus Gate 14, Oslo, 0185, Norway",,,,,,"Complete import of all 205 separately listed facilities in Qualcomm’s current official global office directory. The directory includes separately addressed corporate buildings, offices and named colocation facilities; each is retained because Qualcomm publishes it as a company facility. Qualcomm-supplied map coordinates are not promoted automatically because the source contains observable coordinate errors; every published marker must pass the independent building-level verification pipeline.",,,,,,,,
qualcomm-002,qualcomm,Qualcomm,EBURG.A,office,"47 Potterrow The Bayes Centre, Edinburgh, Scotland, EH9 8BT, United Kingdom",United Kingdom,,,unlocated,needs_review,https://www.qualcomm.com/company/facilities/offices,official_company_directory,2026-08-25,2026-08-25,https://nominatim.openstreetmap.org/,,,,,,,,,,,,,,,,,,
qualcomm-003,qualcomm,Qualcomm,BEL.C,office,"500 108th Ave, NE Suite 1100, Bellevue, WA, 98004, USA",USA,,,unlocated,needs_review,https://www.qualcomm.com/company/facilities/offices,official_company_directory,2026-08-25,2026-08-25,https://nominatim.openstreetmap.org/,,,,,,,,,,,,,,,,,,
qualcomm-004,qualcomm,Qualcomm,SFO.F,office,"595 Pacific Ave Floor 4 & 5, San Francisco, CA, 94133, USA",USA,,,unlocated,needs_review,https://www.qualcomm.com/company/facilities/offices,official_company_directory,2026-08-25,2026-08-25,https://nominatim.openstreetmap.org/,,,,,,,,,,,,,,,,,,
qualcomm-005,qualcomm,Qualcomm,BOS.C,office,"50 Milk Street, Boston, MA, 02109, USA",USA,42.357074,-71.0575972,building_candidate,geocoded,https://www.qualcomm.com/company/facilities/offices,official_company_directory,2026-08-25,2026-08-25,https://nominatim.openstreetmap.org/,"50 Milk Street, 50, Milk Street, Downtown Crossing, Downtown, Boston, Suffolk County, Massachusetts, 02108, United States",way,29613210,"50 Milk Street, Boston, MA, 02109, USA",,,,,,,,,,,,,,
qualcomm-006,qualcomm,Qualcomm,LTS.A,office,"199 First Street Suites 200 and 300, Los Altos, CA, USA",USA,,,unlocated,needs_review,https://www.qualcomm.com/company/facilities/offices,official_company_directory,2026-08-25,2026-08-25,https://nominatim.openstreetmap.org/,,,,,,,,,,,,,,,,,,
qualcomm-007,qualcomm,Qualcomm,Toronto (YYZ.COLO1),data_center,"905 King Street West Suite 400 Cologix, Toronto, ON, M7A 2A9, Canada",Canada,,,unlocated,needs_review,https://www.qualcomm.com/company/facilities/offices,official_company_directory,2026-08-25,2026-08-25,https://nominatim.openstreetmap.org/,,,,,,,,,,,,,,,,,,
qualcomm-008,qualcomm,Qualcomm,Valbonne (SOPHI.E),office,"535 Route des Lucioles Les Aqueducs - Batiment 2, Valbonne, 06560, France",France,,,unlocated,needs_review,https://www.qualcomm.com/company/facilities/offices,official_company_directory,2026-08-25,2026-08-25,https://nominatim.openstreetmap.org/,,,,,,,,,,,,,,,,,,
qualcomm-009,qualcomm,Qualcomm,GZHOU.A,office,"No. 87 Dingxin Road, Unit # 101, Guangzhou City, 510300, China",China,,,unlocated,needs_review,https://www.qualcomm.com/company/facilities/offices,official_company_directory,2026-08-25,2026-08-25,https://nominatim.openstreetmap.org/,,,,,,,,,,,,,,,,,,
qualcomm-010,qualcomm,Qualcomm,ACHEN.B,office,"Campus Boulevard 51, Aachen, Germany",Germany,50.7834198,6.0435026,building,map_ready,https://www.qualcomm.com/company/facilities/offices,official_company_directory,2026-08-25,2026-08-25,https://nominatim.openstreetmap.org/,"Cluster Smart Logistik, 51, Campus-Boulevard, Melaten, Seffent, Laurensberg, Aachen, Städteregion Aachen, Nordrhein-Westfalen, 52074, Deutschland",way,1386091221,"Campus Boulevard 51, Aachen, Germany",openstreetmap_building_match,2026-08-25,,,,,,,,,,,,
qualcomm-011,qualcomm,Qualcomm,VNCVR.A,office,"2930 Virtual Way Broadway Tech Centre, Building 5 Suites: 110 and 150, Vancouver, British Columbia, V5M 0A5, Canada",Canada,,,unlocated,needs_review,https://www.qualcomm.com/company/facilities/offices,official_company_directory,2026-08-25,2026-08-25,https://nominatim.openstreetmap.org/,,,,,,,,,,,,,,,,,,
qualcomm-012,qualcomm,Qualcomm,IAD.COLO3,data_center,"43292 Old Ox Rd. ATTN: Qualcomm Care of: CyrusOne, Sterling, VA, 20166, USA",USA,,,unlocated,needs_review,https://www.qualcomm.com/company/facilities/offices,official_company_directory,2026-08-25,2026-08-25,https://nominatim.openstreetmap.org/,,,,,,,,,,,,,,,,,,
qualcomm-013,qualcomm,Qualcomm,KRK.A,office,"10210 NE Points Drive Building 3, Suite 200, Kirkland, WA, 98033, USA",USA,,,unlocated,needs_review,https://www.qualcomm.com/company/facilities/offices,official_company_directory,2026-08-25,2026-08-25,https://nominatim.openstreetmap.org/,,,,,,,,,,,,,,,,,,
qualcomm-014,qualcomm,Qualcomm,ATL.COLO1,data_center,"4 Switch Way ATTN: Qualcomm Care of: Switch, Lithia Springs, GA, 30122, USA",USA,,,unlocated,needs_review,https://www.qualcomm.com/company/facilities/offices,official_company_directory,2026-08-25,2026-08-25,https://nominatim.openstreetmap.org/,,,,,,,,,,,,,,,,,,
qualcomm-015,qualcomm,Qualcomm,FRA.COLO2,data_center,"Hugo-Junkers-Straße 5, Arriver Software c/o Digital Realty, FRA18, Frankfurt am Main, D-60386, Germany",Germany,,,unlocated,needs_review,https://www.qualcomm.com/company/facilities/offices,official_company_directory,2026-08-25,2026-08-25,https://nominatim.openstreetmap.org/,,,,,,,,,,,,,,,,,,
qualcomm-016,qualcomm,Qualcomm,LAS.COLO6,data_center,"6240 W. Maule Ave. ATTN: Qualcomm Care of: Switch, Las Vegas, NV, 89139, USA",USA,,,unlocated,needs_review,https://www.qualcomm.com/company/facilities/offices,official_company_directory,2026-08-25,2026-08-25,https://nominatim.openstreetmap.org/,,,,,,,,,,,,,,,,,,
qualcomm-017,qualcomm,Qualcomm,LAS.COLO5,data_center,"7375 Lindell Road, Las Vegas, NV, USA",USA,36.1459452,-115.2166718,street_or_area_candidate,geocoded,https://www.qualcomm.com/company/facilities/offices,official_company_directory,2026-08-25,2026-08-25,https://nominatim.openstreetmap.org/,"Lindell Road, Buffalo, Las Vegas, Clark County, Nevada, 89146, United States",way,601628816,"7375 Lindell Road, Las Vegas, NV, USA",,,,,,,,,,,,,,
qualcomm-018,qualcomm,Qualcomm,ETOY.A,office,"Regus - Etoy, iLife City Route Suisse 8A, Etoy, 1163, Switzerland",Switzerland,,,unlocated,needs_review,https://www.qualcomm.com/company/facilities/offices,official_company_directory,2026-08-25,2026-08-25,https://nominatim.openstreetmap.org/,,,,,,,,,,,,,,,,,,
qualcomm-019,qualcomm,Qualcomm,SJO.H,office,"1730 North First Street Suites 650 & 500, San Jose, CA, 95112, USA",USA,,,unlocated,needs_review,https://www.qualcomm.com/company/facilities/offices,official_company_directory,2026-08-25,2026-08-25,https://nominatim.openstreetmap.org/,,,,,,,,,,,,,,,,,,
qualcomm-020,qualcomm,Qualcomm,PUNE.B,office,"Sai Radhe Commercial Complex Unit No 206, 207, 208, 2nd Floor Sangamwadi, Kennedy Road B-Wing, Final Plot No. 100+101, Pune, Maharashtra, 411001, India",India,,,unlocated,needs_review,https://www.qualcomm.com/company/facilities/offices,official_company_directory,2026-08-25,2026-08-25,https://nominatim.openstreetmap.org/,,,,,,,,,,,,,,,,,,
qualcomm-021,qualcomm,Qualcomm,BNGLO.R,office,"Building 8A 10th Floor Units 1001-1004 Sarjapur - Marathalli , Outer Ring Road, Bangalore, KA, 560103, India",India,,,unlocated,needs_review,https://www.qualcomm.com/company/facilities/offices,official_company_directory,2026-08-25,2026-08-25,https://nominatim.openstreetmap.org/,,,,,,,,,,,,,,,,,,
qualcomm-022,qualcomm,Qualcomm,CORK.B,office,"Office Block 1, Floors 5-7, Cork, T23 PPT8, Ireland",Ireland,,,unlocated,needs_review,https://www.qualcomm.com/company/facilities/offices,official_company_directory,2026-08-25,2026-08-25,https://nominatim.openstreetmap.org/,,,,,,,,,,,,,,,,,,
qualcomm-023,qualcomm,Qualcomm,TRNTO.A,office,"70 University Ave, 10-11th floors, Toronto, Ontario, M5J 2M4, Canada",Canada,,,unlocated,needs_review,https://www.qualcomm.com/company/facilities/offices,official_company_directory,2026-08-25,2026-08-25,https://nominatim.openstreetmap.org/,,,,,,,,,,,,,,,,,,
qualcomm-024,qualcomm,Qualcomm,OTTWA.A,office,"495 March Road, Suites 100 and 400, Ottawa, Ontario, K2K 3 G1, Canada",Canada,,,unlocated,needs_review,https://www.qualcomm.com/company/facilities/offices,official_company_directory,2026-08-25,2026-08-25,https://nominatim.openstreetmap.org/,,,,,,,,,,,,,,,,,,
qualcomm-025,qualcomm,Qualcomm,PTRAS.A,office,"Patras Science Park, Stadiou Street, Ground Floor of Building A, Patras, 265 04, Greece",Greece,,,unlocated,needs_review,https://www.qualcomm.com/company/facilities/offices,official_company_directory,2026-08-25,2026-08-25,https://nominatim.openstreetmap.org/,,,,,,,,,,,,,,,,,,
qualcomm-026,qualcomm,Qualcomm,CPT.A,office,"20813 Stevens Creek Blvd, Suite 250, Cupertino, 95014, USA",USA,,,unlocated,needs_review,https://www.qualcomm.com/company/facilities/offices,official_company_directory,2026-08-25,2026-08-25,https://nominatim.openstreetmap.org/,,,,,,,,,,,,,,,,,,
qualcomm-027,qualcomm,Qualcomm,CPT.B,office,"20863 Stevens Creek Blvd, Suites 260 & 456, Cupertino, 95014, USA",USA,,,unlocated,needs_review,https://www.qualcomm.com/company/facilities/offices,official_company_directory,2026-08-25,2026-08-25,https://nominatim.openstreetmap.org/,,,,,,,,,,,,,,,,,,
qualcomm-028,qualcomm,Qualcomm,TAIPE.A,office,"No 22 North Zhongshan Road, Section 3, 14F East, Taipei City, 10491, Taiwan",Taiwan,,,unlocated,needs_review,https://www.qualcomm.com/company/facilities/offices,official_company_directory,2026-08-25,2026-08-25,https://nominatim.openstreetmap.org/,,,,,,,,,,,,,,,,,,
qualcomm-029,qualcomm,Qualcomm,ACHEN.A,office,"RWTH building #2040, Rooms 308 and 308.1, Muffeter Weg 3a, Aachen, 52074, Germany",Germany,,,unlocated,needs_review,https://www.qualcomm.com/company/facilities/offices,official_company_directory,2026-08-25,2026-08-25,https://nominatim.openstreetmap.org/,,,,,,,,,,,,,,,,,,
qualcomm-030,qualcomm,Qualcomm,BNGLO.P,office,"5th floor (South Tower), Virgo Building, Outer Ring Road, Bangalore, Karnataka, 560048, India",India,,,unlocated,needs_review,https://www.qualcomm.com/company/facilities/offices,official_company_directory,2026-08-25,2026-08-25,https://nominatim.openstreetmap.org/,,,,,,,,,,,,,,,,,,
qualcomm-031,qualcomm,Qualcomm,DELHI.A,office,"15 Tolstoy Marg, 2nd Floor, Unit 201, 3rd floor; Units 306-307, New Delhi, Haryana, 100-001, India",India,,,unlocated,needs_review,https://www.qualcomm.com/company/facilities/offices,official_company_directory,2026-08-25,2026-08-25,https://nominatim.openstreetmap.org/,,,,,,,,,,,,,,,,,,
qualcomm-032,qualcomm,Qualcomm,MALMO.A,office,"Västra Varvsgatan 19, Malmö, 211 77, Sweden",Sweden,55.6117936,12.9782945,building,map_ready,https://www.qualcomm.com/company/facilities/offices,official_company_directory,2026-08-25,2026-08-25,https://nominatim.openstreetmap.org/,"GetAccept AB, 19, Västra Varvsgatan, Västra Hamnen, Norr, Malmö, Malmö kommun, Skåne län, 211 77, Sverige",node,10885674386,"Västra Varvsgatan 19, Malmö, 211 77, Sweden",openstreetmap_building_match,2026-08-25,,,,,,,,,,,,
qualcomm-033,qualcomm,Qualcomm,SBINO.B,office,"Via Kennedy 36/a, Strambino, 10019, Italy",Italy,45.3788689,7.8857638,street_or_area_candidate,geocoded,https://www.qualcomm.com/company/facilities/offices,official_company_directory,2026-08-25,2026-08-25,https://nominatim.openstreetmap.org/,"Via John Fitzgerald Kennedy, Realizio, Strambino, Torino, Piemonte, 10019, Italia",way,183901842,"Via Kennedy 36/a, Strambino, 10019, Italy",,,,,,,,,,,,,,
qualcomm-034,qualcomm,Qualcomm,SBINO.A,office,"Via Kennedy 34, Strambino, 10019, Italy",Italy,45.3788689,7.8857638,street_or_area_candidate,geocoded,https://www.qualcomm.com/company/facilities/offices,official_company_directory,2026-08-25,2026-08-25,https://nominatim.openstreetmap.org/,"Via John Fitzgerald Kennedy, Realizio, Strambino, Torino, Piemonte, 10019, Italia",way,183901842,"Via Kennedy 34, Strambino, 10019, Italy",,,,,,,,,,,,,,
qualcomm-035,qualcomm,Qualcomm,LUGNO.A,office,"Via Ferruccio Pelli 14, Ticino, Lugano, 6900, Switzerland",Switzerland,46.0080257,8.9514353,street_or_area_candidate,geocoded,https://www.qualcomm.com/company/facilities/offices,official_company_directory,2026-08-25,2026-08-25,https://nominatim.openstreetmap.org/,"14, Via Ferruccio Pelli, Quartiere Maghetti, Pregassona, Breganzona, Lugano, Circolo di Lugano ovest, Distretto di Lugano, Ticino, 6900, Schweiz/Suisse/Svizzera/Svizra",node,13040573586,"Via Ferruccio Pelli 14, Ticino, Lugano, 6900, Switzerland",,,,,,,,,,,,,,
qualcomm-036,qualcomm,Qualcomm,TURIN.B,office,"Via Agostino Da Montefeltro No. 2, Turin, 10134, Italy",Italy,45.0502149,7.6696699,street_or_area_candidate,geocoded,https://www.qualcomm.com/company/facilities/offices,official_company_directory,2026-08-25,2026-08-25,https://nominatim.openstreetmap.org/,"Via Agostino da Montefeltro, Crocetta, Circoscrizione 1, Torino, Piemonte, 10128, Italia",way,39773187,"Via Agostino Da Montefeltro No. 2, Turin, 10134, Italy",,,,,,,,,,,,,,
qualcomm-037,qualcomm,Qualcomm,MRUSI.A,office,"Vasilissis Olgas 24, 3rd floor Number 9,10 and 2nd floor Number 5, BCO Prime Marousi (Coworking Space), Marousi, 151 22, Greece",Greece,,,unlocated,needs_review,https://www.qualcomm.com/company/facilities/offices,official_company_directory,2026-08-25,2026-08-25,https://nominatim.openstreetmap.org/,,,,,,,,,,,,,,,,,,
qualcomm-038,qualcomm,Qualcomm,BNGLO.O,office,"Angkor East Building, Bagmane Capital, Bangalore, Karnataka, 560048, India",India,,,unlocated,needs_review,https://www.qualcomm.com/company/facilities/offices,official_company_directory,2026-08-25,2026-08-25,https://nominatim.openstreetmap.org/,,,,,,,,,,,,,,,,,,
qualcomm-039,qualcomm,Qualcomm,YHAMA.Z (Industry and Trade Center Building),office,"2 Yamashita-cho, 2nd Floor, Room 234, Naka-ku, Yokohama, Japan",Japan,,,unlocated,needs_review,https://www.qualcomm.com/company/facilities/offices,official_company_directory,2026-08-25,2026-08-25,https://nominatim.openstreetmap.org/,,,,,,,,,,,,,,,,,,
qualcomm-040,qualcomm,Qualcomm,FOL.A,office,"1024 Iron Point Road, Folsom, CA, 95630, USA",USA,38.643302,-121.179752,building,map_ready,https://www.qualcomm.com/company/facilities/offices,official_company_directory,2026-08-25,2026-08-25,https://nominatim.openstreetmap.org/,"Family Law Office of Kelly L. Lynch, 1024, Iron Point Road, Folsom, Sacramento County, California, 95630, United States",node,3871074751,"1024 Iron Point Road, Folsom, CA, 95630, USA",openstreetmap_building_match,2026-08-25,,,,,,,,,,,,
qualcomm-041,qualcomm,Qualcomm,SJO.G,office,"3031 Tisch Way, 110 Plaza West, Office 1043 & 1046, San Jose, CA, 95128, USA",USA,,,unlocated,needs_review,https://www.qualcomm.com/company/facilities/offices,official_company_directory,2026-08-25,2026-08-25,https://nominatim.openstreetmap.org/,,,,,,,,,,,,,,,,,,
qualcomm-042,qualcomm,Qualcomm,LONDN.C,office,"245 Hammersmith Road, Office 216, London, W6 8PW, United Kingdom",United Kingdom,,,unlocated,needs_review,https://www.qualcomm.com/company/facilities/offices,official_company_directory,2026-08-25,2026-08-25,https://nominatim.openstreetmap.org/,,,,,,,,,,,,,,,,,,
qualcomm-043,qualcomm,Qualcomm,Issy les Moulineaux (ISSY.A),office,"20 rue Rouget de Lisle, Issy les Moulineaux, 92130, France",France,48.8296051,2.2618185,street_or_area_candidate,geocoded,https://www.qualcomm.com/company/facilities/offices,official_company_directory,2026-08-25,2026-08-25,https://nominatim.openstreetmap.org/,"Rue Rouget de Lisle, Quartier Bords et Val de Seine / Les Arches, Issy-les-Moulineaux, Boulogne-Billancourt, Hauts-de-Seine, Île-de-France, France métropolitaine, 92130, France",way,739598329,"20 rue Rouget de Lisle, Issy les Moulineaux, 92130, France, France",,,,,,,,,,,,,,
qualcomm-044,qualcomm,Qualcomm,Vienna (VIENN.A),office,"INNO Center 4th floor, Pottendorfer Strasse 23, Vienna, 1120, Austria",Austria,,,unlocated,needs_review,https://www.qualcomm.com/company/facilities/offices,official_company_directory,2026-08-25,2026-08-25,https://nominatim.openstreetmap.org/,,,,,,,,,,,,,,,,,,
qualcomm-045,qualcomm,Qualcomm,Valbonne Sophia-Antipolis (SOPHI.C),office,"1240 Route des Dolines, Buropolis 3, Valbonne Sophia-Antipolis, 06560, France",France,,,unlocated,needs_review,https://www.qualcomm.com/company/facilities/offices,official_company_directory,2026-08-25,2026-08-25,https://nominatim.openstreetmap.org/,,,,,,,,,,,,,,,,,,
qualcomm-046,qualcomm,Qualcomm,Sydney (SYDNY.A),office,"Level 45, 680 George St.,Regus Office 4502, Sydney, NSW, 2000, Australia",Australia,,,unlocated,needs_review,https://www.qualcomm.com/company/facilities/offices,official_company_directory,2026-08-25,2026-08-25,https://nominatim.openstreetmap.org/,,,,,,,,,,,,,,,,,,
qualcomm-047,qualcomm,Qualcomm,Deutschlandsberg (AUSRI.B),office,"Siemenstr. 43, Deutschlandsberg, 8530, Austria",Austria,,,unlocated,needs_review,https://www.qualcomm.com/company/facilities/offices,official_company_directory,2026-08-25,2026-08-25,https://nominatim.openstreetmap.org/,,,,,,,,,,,,,,,,,,
qualcomm-048,qualcomm,Qualcomm,Salzburg (AUSRI.D),office,"Schrannengasse 6, Salzburg, 5020, Austria",Austria,47.8056697,13.0450924,street_or_area_candidate,geocoded,https://www.qualcomm.com/company/facilities/offices,official_company_directory,2026-08-25,2026-08-25,https://nominatim.openstreetmap.org/,"6, Schrannengasse, Neustadt, Salzburg, 5020, Österreich",node,689564206,"Schrannengasse 6, Salzburg, 5020, Austria",,,,,,,,,,,,,,
qualcomm-049,qualcomm,Qualcomm,Brussels (BRUSS.A),office,"Avenue des Arts 56,4th Floor, Brussels, 1000, Belgium",Belgium,,,unlocated,needs_review,https://www.qualcomm.com/company/facilities/offices,official_company_directory,2026-08-25,2026-08-25,https://nominatim.openstreetmap.org/,,,,,,,,,,,,,,,,,,
qualcomm-050,qualcomm,Qualcomm,Brasilia (BRAZL.D),office,"SCN - Setor Comercial Norte, Quadra 1,Torre B, Bloco D, 2nd Floor,Suites 212 & 213, Edificio Vega, Brasilia, DF, 70711-040, Brazil",Brazil,,,unlocated,needs_review,https://www.qualcomm.com/company/facilities/offices,official_company_directory,2026-08-25,2026-08-25,https://nominatim.openstreetmap.org/,,,,,,,,,,,,,,,,,,
qualcomm-051,qualcomm,Qualcomm,Sao Paulo (BRAZL.C),office,"Av. Jornalista Roberto Marinho, 85,Tower Bridge - 6th Floor, Sao Paulo, 04576-010, Brazil",Brazil,,,unlocated,needs_review,https://www.qualcomm.com/company/facilities/offices,official_company_directory,2026-08-25,2026-08-25,https://nominatim.openstreetmap.org/,,,,,,,,,,,,,,,,,,
qualcomm-052,qualcomm,Qualcomm,CANAD.D (Thornhill),office,"105 Commerce Valley Drive West,Suite 100, 200 and 501, Markham-Thornhill, ON, L3T 7W3, Canada",Canada,,,unlocated,needs_review,https://www.qualcomm.com/company/facilities/offices,official_company_directory,2026-08-25,2026-08-25,https://nominatim.openstreetmap.org/,,,,,,,,,,,,,,,,,,
qualcomm-053,qualcomm,Qualcomm,CANAD.K (Thornhill),office,"55 Commerce Valley Drive West,Suite 200, Markham-Thornhill, ON, L3T 7V9, Canada",Canada,,,unlocated,needs_review,https://www.qualcomm.com/company/facilities/offices,official_company_directory,2026-08-25,2026-08-25,https://nominatim.openstreetmap.org/,,,,,,,,,,,,,,,,,,
qualcomm-054,qualcomm,Qualcomm,Vancouver (CANAD.L),office,"#818-602 West Hastings Street, Vancouver, BC, V6B 1P2, Canada",Canada,,,unlocated,needs_review,https://www.qualcomm.com/company/facilities/offices,official_company_directory,2026-08-25,2026-08-25,https://nominatim.openstreetmap.org/,,,,,,,,,,,,,,,,,,
qualcomm-055,qualcomm,Qualcomm,Espoo (ESPOO.A),office,"Keilaranta 8, Espoo, 02150, Finland",Finland,60.1777223,24.8344605,building,map_ready,https://www.qualcomm.com/company/facilities/offices,official_company_directory,2026-08-25,2026-08-25,https://nominatim.openstreetmap.org/,"8, Keilaranta, Keilaniemi, Otaniemi, Suur-Tapiola, Espoo, Helsingin seutukunta, Uusimaa, Manner-Suomi, 02150, Suomi / Finland",way,16283021,"Keilaranta 8, Espoo, 02150, Finland, Finland",openstreetmap_building_match,2026-08-25,,,,,,,,,,,,
qualcomm-056,qualcomm,Qualcomm,Grenoble (GRNOB.B),office,"6 Place Robert Schuman, Grenoble, 38000, France",France,45.1911832,5.7127897,street_or_area_candidate,geocoded,https://www.qualcomm.com/company/facilities/offices,official_company_directory,2026-08-25,2026-08-25,https://nominatim.openstreetmap.org/,"Place Robert Schuman, Europole, Polygone Scientifique, Secteur 1, Grenoble, Isère, Auvergne-Rhône-Alpes, France métropolitaine, 38000, France",relation,13393209,"6 Place Robert Schuman, Grenoble, 38000, France, France",,,,,,,,,,,,,,
qualcomm-057,qualcomm,Qualcomm,Guyancourt (GUYAN.A),office,"6 Parc Ariane, Mercure Building, Boulevard des Chênes, Guyancourt, 78280, France",France,,,unlocated,needs_review,https://www.qualcomm.com/company/facilities/offices,official_company_directory,2026-08-25,2026-08-25,https://nominatim.openstreetmap.org/,,,,,,,,,,,,,,,,,,
qualcomm-058,qualcomm,Qualcomm,Lannion (LNION.A),office,"Corinne Erhel Bâtiment W8 4 Rue Louis de Broglie, Lannion, 22300, France",France,,,unlocated,needs_review,https://www.qualcomm.com/company/facilities/offices,official_company_directory,2026-08-25,2026-08-25,https://nominatim.openstreetmap.org/,,,,,,,,,,,,,,,,,,
qualcomm-059,qualcomm,Qualcomm,Sophia Antipolis (SOPHI.A),office,"1090 Route des Cretes,Batiment 6, Porte R, Sophia Antipolis, AM, 06560, France",France,,,unlocated,needs_review,https://www.qualcomm.com/company/facilities/offices,official_company_directory,2026-08-25,2026-08-25,https://nominatim.openstreetmap.org/,,,,,,,,,,,,,,,,,,
qualcomm-060,qualcomm,Qualcomm,Berlin (BERLN.A),office,"Salzufer 22, Berlin, 10587, Germany",Germany,52.5198461,13.320734,building,map_ready,https://www.qualcomm.com/company/facilities/offices,official_company_directory,2026-08-25,2026-08-25,https://nominatim.openstreetmap.org/,"Luxoft, 22, Salzufer, Spreestadt Charlottenburg, Charlottenburg, Charlottenburg-Wilmersdorf, Berlin, 10587, Deutschland",node,6482239685,"Salzufer 22, Berlin, 10587, Germany",openstreetmap_building_match,2026-08-25,,,,,,,,,,,,
qualcomm-061,qualcomm,Qualcomm,Freiburg (GERMA.K),office,"Karlsruher Str. 3, Freiburg, 79108, Germany",Germany,48.0127849,7.8529523,street_or_area_candidate,geocoded,https://www.qualcomm.com/company/facilities/offices,official_company_directory,2026-08-25,2026-08-25,https://nominatim.openstreetmap.org/,"The Cage Escape Room, 3, Karlsruher Straße, Brühl-Güterbahnhof, Brühl, Freiburg im Breisgau, Baden-Württemberg, 79108, Deutschland",node,6772801572,"Karlsruher Str. 3, Freiburg, 79108, Germany",,,,,,,,,,,,,,
qualcomm-062,qualcomm,Qualcomm,Gelsenkirchen (GERMA.G),office,"Braunschweiger Str. 8, Gelsenkirchen, 45886, Germany",Germany,51.5013935,7.113588,building,map_ready,https://www.qualcomm.com/company/facilities/offices,official_company_directory,2026-08-25,2026-08-25,https://nominatim.openstreetmap.org/,"8, Braunschweiger Straße, Ückendorf, Gelsenkirchen-Süd, Gelsenkirchen, Nordrhein-Westfalen, 45886, Deutschland",way,266180968,"Braunschweiger Str. 8, Gelsenkirchen, 45886, Germany",openstreetmap_building_match,2026-08-25,,,,,,,,,,,,
qualcomm-063,qualcomm,Qualcomm,Ingolstadt (GERMA.L),office,"Marie-Curie-StraBe 1, Ingolstadt, 85055, Germany",Germany,,,unlocated,needs_review,https://www.qualcomm.com/company/facilities/offices,official_company_directory,2026-08-25,2026-08-25,https://nominatim.openstreetmap.org/,,,,,,,,,,,,,,,,,,
qualcomm-064,qualcomm,Qualcomm,Munich (MNICH.A),office,"Anzinger Str. 13, Munich, BA, 81671, Germany",Germany,48.1217262,11.6082256,street_or_area_candidate,geocoded,https://www.qualcomm.com/company/facilities/offices,official_company_directory,2026-08-25,2026-08-25,https://nominatim.openstreetmap.org/,"13, Anzinger Straße, Werksviertel, Berg am Laim, München, Bayern, 81671, Deutschland",node,1445238129,"Anzinger Str. 13, Munich, BA, 81671, Germany",,,,,,,,,,,,,,
qualcomm-065,qualcomm,Qualcomm,Munich (MNICH.B),office,"Anzinger Str. 13, Munich, BA, 81671, Germany",Germany,48.1217262,11.6082256,street_or_area_candidate,geocoded,https://www.qualcomm.com/company/facilities/offices,official_company_directory,2026-08-25,2026-08-25,https://nominatim.openstreetmap.org/,"13, Anzinger Straße, Werksviertel, Berg am Laim, München, Bayern, 81671, Deutschland",node,1445238129,"Anzinger Str. 13, Munich, BA, 81671, Germany",,,,,,,,,,,,,,
qualcomm-066,qualcomm,Qualcomm,Munich (MNICH.C),office,"Anzinger Str. 13, Munich, 81671, Germany",Germany,48.1217262,11.6082256,street_or_area_candidate,geocoded,https://www.qualcomm.com/company/facilities/offices,official_company_directory,2026-08-25,2026-08-25,https://nominatim.openstreetmap.org/,"13, Anzinger Straße, Werksviertel, Berg am Laim, München, Bayern, 81671, Deutschland",node,1445238129,"Anzinger Str. 13, Munich, 81671, Germany",,,,,,,,,,,,,,
qualcomm-067,qualcomm,Qualcomm,Munich (MNICH.D),office,"Anzinger Str. 13, Munich, 81671, Germany",Germany,48.1217262,11.6082256,street_or_area_candidate,geocoded,https://www.qualcomm.com/company/facilities/offices,official_company_directory,2026-08-25,2026-08-25,https://nominatim.openstreetmap.org/,"13, Anzinger Straße, Werksviertel, Berg am Laim, München, Bayern, 81671, Deutschland",node,1445238129,"Anzinger Str. 13, Munich, 81671, Germany",,,,,,,,,,,,,,
qualcomm-068,qualcomm,Qualcomm,Munich (MNICH.E),office,"Anzinger Str. 13, Munich, BA, 81671, Germany",Germany,48.1217262,11.6082256,street_or_area_candidate,geocoded,https://www.qualcomm.com/company/facilities/offices,official_company_directory,2026-08-25,2026-08-25,https://nominatim.openstreetmap.org/,"13, Anzinger Straße, Werksviertel, Berg am Laim, München, Bayern, 81671, Deutschland",node,1445238129,"Anzinger Str. 13, Munich, BA, 81671, Germany",,,,,,,,,,,,,,
qualcomm-069,qualcomm,Qualcomm,Munich (MNICH.F),office,"Anzinger Str. 13, Munich, 81671, Germany",Germany,48.1217262,11.6082256,street_or_area_candidate,geocoded,https://www.qualcomm.com/company/facilities/offices,official_company_directory,2026-08-25,2026-08-25,https://nominatim.openstreetmap.org/,"13, Anzinger Straße, Werksviertel, Berg am Laim, München, Bayern, 81671, Deutschland",node,1445238129,"Anzinger Str. 13, Munich, 81671, Germany",,,,,,,,,,,,,,
qualcomm-070,qualcomm,Qualcomm,Nuremberg (GERMA.C),office,"Nordostpark 89,Etage 1 Suite 16, Nuremberg, BA, 90411, Germany",Germany,,,unlocated,needs_review,https://www.qualcomm.com/company/facilities/offices,official_company_directory,2026-08-25,2026-08-25,https://nominatim.openstreetmap.org/,,,,,,,,,,,,,,,,,,
qualcomm-071,qualcomm,Qualcomm,Sulzbach am Taunus (GERMA.E),office,"Building A, Innovapark,Am Limespark 2, Sulzbach am Taunus, HE, 65843, Germany",Germany,,,unlocated,needs_review,https://www.qualcomm.com/company/facilities/offices,official_company_directory,2026-08-25,2026-08-25,https://nominatim.openstreetmap.org/,,,,,,,,,,,,,,,,,,
qualcomm-072,qualcomm,Qualcomm,Unterschleissheim (MNICH.J),office,"Konrad Zuse Strasse 1, Unterschleissheim, BA, 85716, Germany",Germany,48.290627,11.5817511,building,map_ready,https://www.qualcomm.com/company/facilities/offices,official_company_directory,2026-08-25,2026-08-25,https://nominatim.openstreetmap.org/,"1, Konrad-Zuse-Straße, Lohhof, Unterschleißheim, Landkreis München, Bayern, 85716, Deutschland",way,673553767,"Konrad Zuse Strasse 1, Unterschleissheim, BA, 85716, Germany",openstreetmap_building_match,2026-08-25,,,,,,,,,,,,
qualcomm-073,qualcomm,Qualcomm,Bangalore (BNGLO.C),office,"Plot 153-154EPIP, Phase II, Whitefield, Bangalore, KA, 560 066, India",India,,,unlocated,needs_review,https://www.qualcomm.com/company/facilities/offices,official_company_directory,2026-08-25,2026-08-25,https://nominatim.openstreetmap.org/,,,,,,,,,,,,,,,,,,
qualcomm-074,qualcomm,Qualcomm,Bangalore (BNGLO.J),office,"Carina West Tower,Bagmane Constellation Bus. Park Cir.,Doddanekudi Village Circle,Marathalli Outer Ring Road, Bangalore, KA, 560 037, India",India,,,unlocated,needs_review,https://www.qualcomm.com/company/facilities/offices,official_company_directory,2026-08-25,2026-08-25,https://nominatim.openstreetmap.org/,,,,,,,,,,,,,,,,,,
qualcomm-075,qualcomm,Qualcomm,Bangalore (INDIA.T),office,"Plot No's 125 - 127,EPIP, Phase II Whitefield,Export Promotion Industrial Park, Bangalore, KA, 560 066, India",India,,,unlocated,needs_review,https://www.qualcomm.com/company/facilities/offices,official_company_directory,2026-08-25,2026-08-25,https://nominatim.openstreetmap.org/,,,,,,,,,,,,,,,,,,
qualcomm-076,qualcomm,Qualcomm,Bangalore (INDIA.U),office,"Plot No 131,Sonnenahalli Village EPIP,Phase II Whitefield KR Puram Hobli,Bangalore East Taluk, Bangalore, KA, 560 066, India",India,,,unlocated,needs_review,https://www.qualcomm.com/company/facilities/offices,official_company_directory,2026-08-25,2026-08-25,https://nominatim.openstreetmap.org/,,,,,,,,,,,,,,,,,,
qualcomm-077,qualcomm,Qualcomm,Gurgaon (GURGN.B),office,"7th floor, Tower A, Building No. 5,DLF Cybercity, Gurgaon, HR, 122002, India",India,,,unlocated,needs_review,https://www.qualcomm.com/company/facilities/offices,official_company_directory,2026-08-25,2026-08-25,https://nominatim.openstreetmap.org/,,,,,,,,,,,,,,,,,,
qualcomm-078,qualcomm,Qualcomm,Hyderabad (HYDRB.B),office,"Bldg # 6, Mindspace, Hitec City,Madhapur, Hyderabad, TG, 500081, India",India,,,unlocated,needs_review,https://www.qualcomm.com/company/facilities/offices,official_company_directory,2026-08-25,2026-08-25,https://nominatim.openstreetmap.org/,,,,,,,,,,,,,,,,,,
qualcomm-079,qualcomm,Qualcomm,Hyderabad (HYDRB.D),office,"18th-22nd Floors SKYVIEW 20,,Divija Commercial Properties P Ltd,Raidurg, Serilingampally Mandal, Hyderabad, TG, 500081, India",India,,,unlocated,needs_review,https://www.qualcomm.com/company/facilities/offices,official_company_directory,2026-08-25,2026-08-25,https://nominatim.openstreetmap.org/,,,,,,,,,,,,,,,,,,
qualcomm-080,qualcomm,Qualcomm,Noida (NOIDA.B),office,"Floor 12 & 13, Bldg 6 & 7, Plot 20 & 21,IT/ITES of M/s Seaview Dev Pvt Ltd,Candor Tech Space, Sector 135, Noida, 201304, India",India,,,unlocated,needs_review,https://www.qualcomm.com/company/facilities/offices,official_company_directory,2026-08-25,2026-08-25,https://nominatim.openstreetmap.org/,,,,,,,,,,,,,,,,,,
qualcomm-081,qualcomm,Qualcomm,Chennai (CHENI.E),office,"CARR Tower, TRIL Infopark Limited, Ramanujan Intellion Park, Chennai, India",India,,,unlocated,needs_review,https://www.qualcomm.com/company/facilities/offices,official_company_directory,2026-08-25,2026-08-25,https://nominatim.openstreetmap.org/,,,,,,,,,,,,,,,,,,
qualcomm-082,qualcomm,Qualcomm,Jakarta (INDON.D),office,"Indonesia Stock Exchange Bldg,Tower ll 9th Floor, Ste 905,Sudirman Central Business District,JI Jend Sudirman Kav. 52-53, Jakarta, JV, 12190, Indonesia",Indonesia,,,unlocated,needs_review,https://www.qualcomm.com/company/facilities/offices,official_company_directory,2026-08-25,2026-08-25,https://nominatim.openstreetmap.org/,,,,,,,,,,,,,,,,,,
qualcomm-083,qualcomm,Qualcomm,Cork (CORK.A),office,"Penrose Two, Penrose Dock, T23 YY09 / Floors 2, 3, 4, 7, Cork, T23 YY09, Ireland",Ireland,,,unlocated,needs_review,https://www.qualcomm.com/company/facilities/offices,official_company_directory,2026-08-25,2026-08-25,https://nominatim.openstreetmap.org/,,,,,,,,,,,,,,,,,,
qualcomm-084,qualcomm,Qualcomm,Nagoya (NGOYA.A),office,"WeWork Global Gate Nagoya,4-60-12 Hiraikecho,Nakamura-ku, Nagoya, 453-6111, Japan",Japan,,,unlocated,needs_review,https://www.qualcomm.com/company/facilities/offices,official_company_directory,2026-08-25,2026-08-25,https://nominatim.openstreetmap.org/,,,,,,,,,,,,,,,,,,
qualcomm-085,qualcomm,Qualcomm,Osaka (JAPAN.E),office,"Pacific Marks Nishi-umeda.,11th fl.,2-6-20 Umeda, Kita-ku, Osaka, 530-0001, Japan",Japan,,,unlocated,needs_review,https://www.qualcomm.com/company/facilities/offices,official_company_directory,2026-08-25,2026-08-25,https://nominatim.openstreetmap.org/,,,,,,,,,,,,,,,,,,
qualcomm-086,qualcomm,Qualcomm,Tokyo (JAPAN.C),office,"Shin Aoyama Bldg West, 18th Fl,1-1-1 Minami Aoyama, Minato-ku, Tokyo, 107-0062, Japan",Japan,,,unlocated,needs_review,https://www.qualcomm.com/company/facilities/offices,official_company_directory,2026-08-25,2026-08-25,https://nominatim.openstreetmap.org/,,,,,,,,,,,,,,,,,,
qualcomm-087,qualcomm,Qualcomm,Mexico City (MEXIC.R),office,"Torre Esmeralda III, Blvd. Manuel Ávila Camacho No. 32, Lomas de Chapultepec, Miguel Hidalgo, Mexico City, DF, 11000, Mexico",Mexico,,,unlocated,needs_review,https://www.qualcomm.com/company/facilities/offices,official_company_directory,2026-08-25,2026-08-25,https://nominatim.openstreetmap.org/,,,,,,,,,,,,,,,,,,
qualcomm-088,qualcomm,Qualcomm,Tijuana (TIJNA.A),office,"Ave. Sur 5813, Col. San Antonio de Los Buenos, Tijuana, 22563, Mexico",Mexico,,,unlocated,needs_review,https://www.qualcomm.com/company/facilities/offices,official_company_directory,2026-08-25,2026-08-25,https://nominatim.openstreetmap.org/,,,,,,,,,,,,,,,,,,
qualcomm-089,qualcomm,Qualcomm,Nijmegen (NETHE.E),office,"Bijsterhuizen 1122,Unit F, Nijmegen, 6546AS, Netherlands",Netherlands,51.8239838,5.7660923,street_or_area_candidate,geocoded,https://www.qualcomm.com/company/facilities/offices,official_company_directory,2026-08-25,2026-08-25,https://nominatim.openstreetmap.org/,"1122, Bijsterhuizen 11e straat, Bijsterhuizen, Lindenholt, Nijmegen, Gelderland, Nederland, 6546 AS, Nederland",node,2952869416,"Bijsterhuizen 1122, Nijmegen, 6546AS, Netherlands, Netherlands",,,,,,,,,,,,,,
qualcomm-090,qualcomm,Qualcomm,Utrecht (UTREC.A),office,"Franz-Lisztplantsoen 260, Utrecht, 3533 JG, Netherlands",Netherlands,52.0836314,5.0951747,street_or_area_candidate,geocoded,https://www.qualcomm.com/company/facilities/offices,official_company_directory,2026-08-25,2026-08-25,https://nominatim.openstreetmap.org/,"260, Franz-Lisztplantsoen, Welgelegen, Den Hommel, Oog in Al, Welgelegen, West, Utrecht, Nederland, 3533 JG, Nederland",node,5874078422,"Franz-Lisztplantsoen 260, Utrecht, 3533 JG, Netherlands, Netherlands",,,,,,,,,,,,,,
qualcomm-091,qualcomm,Qualcomm,Beijing (BEIJN.B),office,"6F Tower C, Beijing Global Trade Center,No. 36 North Third Ring Road East,Dongcheng District, Beijing, 100013, Peoples Republic of China",Peoples Republic of China,,,unlocated,needs_review,https://www.qualcomm.com/company/facilities/offices,official_company_directory,2026-08-25,2026-08-25,https://nominatim.openstreetmap.org/,,,,,,,,,,,,,,,,,,
qualcomm-092,qualcomm,Qualcomm,Shanghai (SHNGH.A),office,"690 Bi Bo Road, 1, 2&4F, Unit 9,Zhangjiang High-Tech Park, Shanghai, 201203, Peoples Republic of China",Peoples Republic of China,,,unlocated,needs_review,https://www.qualcomm.com/company/facilities/offices,official_company_directory,2026-08-25,2026-08-25,https://nominatim.openstreetmap.org/,,,,,,,,,,,,,,,,,,
qualcomm-093,qualcomm,Qualcomm,Shanghai (SHNGH.B),office,"No. 72 Liangxiu Road,1st, 5th - 9th floors,Shanghai Zhangjiang Hi-Tech Park, Shanghai, 201203, Peoples Republic of China",Peoples Republic of China,,,unlocated,needs_review,https://www.qualcomm.com/company/facilities/offices,official_company_directory,2026-08-25,2026-08-25,https://nominatim.openstreetmap.org/,,,,,,,,,,,,,,,,,,
qualcomm-094,qualcomm,Qualcomm,Shanghai (SHNGH.C),office,"No. 50 Boxia Rd.,Room 204,Shanghai Zhangjiang Hi-Tech Park, Shanghai, 201203, Peoples Republic of China",Peoples Republic of China,,,unlocated,needs_review,https://www.qualcomm.com/company/facilities/offices,official_company_directory,2026-08-25,2026-08-25,https://nominatim.openstreetmap.org/,,,,,,,,,,,,,,,,,,
qualcomm-095,qualcomm,Qualcomm,Shanghai (SHNGH.D),office,"No. 112 Liangxiu Road,Floor 5,Shanghai Zhangjiang Hi-Tech Park, Shanghai, 201203, Peoples Republic of China",Peoples Republic of China,,,unlocated,needs_review,https://www.qualcomm.com/company/facilities/offices,official_company_directory,2026-08-25,2026-08-25,https://nominatim.openstreetmap.org/,,,,,,,,,,,,,,,,,,
qualcomm-096,qualcomm,Qualcomm,Shanghai (SHNGH.G),office,"No. 111 Yinglun Road,Factory Building N,WaiGaoQiao Free Trade Zone,Pilot Free Trade Zone, Shanghai, 201203, Peoples Republic of China",Peoples Republic of China,,,unlocated,needs_review,https://www.qualcomm.com/company/facilities/offices,official_company_directory,2026-08-25,2026-08-25,https://nominatim.openstreetmap.org/,,,,,,,,,,,,,,,,,,
qualcomm-097,qualcomm,Qualcomm,Shanghai (SHNGH.Y),office,"No. 1132 Hangcheng Road, Pudong District, Shanghai, 200120, Peoples Republic of China",Peoples Republic of China,,,unlocated,needs_review,https://www.qualcomm.com/company/facilities/offices,official_company_directory,2026-08-25,2026-08-25,https://nominatim.openstreetmap.org/,,,,,,,,,,,,,,,,,,
qualcomm-098,qualcomm,Qualcomm,Shanghai (SHNGH.K),office,"No. 1800 Cailun Rd, West Building, 1st floor, Pilot Free Trade Zone, Shanghai, 201203, Peoples Republic of China",Peoples Republic of China,,,unlocated,needs_review,https://www.qualcomm.com/company/facilities/offices,official_company_directory,2026-08-25,2026-08-25,https://nominatim.openstreetmap.org/,,,,,,,,,,,,,,,,,,
qualcomm-099,qualcomm,Qualcomm,Shenzhen (SHEZN.D),office,"4-6F, T2 Alibaba Building,No. 3331 Ke Yuan South Road,(Shenzhen Bay section), Yuehai Street,Nanshan District, Shenzhen, 518054, Peoples Republic of China",Peoples Republic of China,,,unlocated,needs_review,https://www.qualcomm.com/company/facilities/offices,official_company_directory,2026-08-25,2026-08-25,https://nominatim.openstreetmap.org/,,,,,,,,,,,,,,,,,,
qualcomm-100,qualcomm,Qualcomm,SHEZN.E,office,"No. 3331 Zhongxin Road Yuehai Street Nanshan District, Shenzhen, 518054, Peoples Republic of China",Peoples Republic of China,,,unlocated,needs_review,https://www.qualcomm.com/company/facilities/offices,official_company_directory,2026-08-25,2026-08-25,https://nominatim.openstreetmap.org/,,,,,,,,,,,,,,,,,,
qualcomm-101,qualcomm,Qualcomm,Wuxi (WUXI.A),office,"No. 17 Xi Shi Road,Building 101,Xin Wu District, Jiangsu, Wuxi, 214028, Peoples Republic of China",Peoples Republic of China,,,unlocated,needs_review,https://www.qualcomm.com/company/facilities/offices,official_company_directory,2026-08-25,2026-08-25,https://nominatim.openstreetmap.org/,,,,,,,,,,,,,,,,,,
qualcomm-102,qualcomm,Qualcomm,Wuxi (WUXI.B),office,"No. 17 Xi Shi Road,Building 103,Xin Wu District, Jiangsu, Wuxi, 214028, Peoples Republic of China",Peoples Republic of China,,,unlocated,needs_review,https://www.qualcomm.com/company/facilities/offices,official_company_directory,2026-08-25,2026-08-25,https://nominatim.openstreetmap.org/,,,,,,,,,,,,,,,,,,
qualcomm-103,qualcomm,Qualcomm,Wuxi (WUXI.C),office,"No. 17 Xi Shi Road,Building 105,Xin Wu District, Jiangsu, Wuxi, 214028, Peoples Republic of China",Peoples Republic of China,,,unlocated,needs_review,https://www.qualcomm.com/company/facilities/offices,official_company_directory,2026-08-25,2026-08-25,https://nominatim.openstreetmap.org/,,,,,,,,,,,,,,,,,,
qualcomm-104,qualcomm,Qualcomm,Wuxi (WUXI.D),office,"No. 17 Xi Shi Road,Building 102,Xin Wu District, Jiangsu, Wuxi, 214028, Peoples Republic of China",Peoples Republic of China,,,unlocated,needs_review,https://www.qualcomm.com/company/facilities/offices,official_company_directory,2026-08-25,2026-08-25,https://nominatim.openstreetmap.org/,,,,,,,,,,,,,,,,,,
qualcomm-105,qualcomm,Qualcomm,Wuxi (WUXI.E),office,"No. 17 Xi Shi Road,Building 104,Xin Wu District, Jiangsu, Wuxi, 214028, Peoples Republic of China",Peoples Republic of China,,,unlocated,needs_review,https://www.qualcomm.com/company/facilities/offices,official_company_directory,2026-08-25,2026-08-25,https://nominatim.openstreetmap.org/,,,,,,,,,,,,,,,,,,
qualcomm-106,qualcomm,Qualcomm,Wuxi (WUXI.F),office,"No. 2 Xinxiang Road,Xinwu District,Jiangsu, Wuxi, 214115, Peoples Republic of China",Peoples Republic of China,,,unlocated,needs_review,https://www.qualcomm.com/company/facilities/offices,official_company_directory,2026-08-25,2026-08-25,https://nominatim.openstreetmap.org/,,,,,,,,,,,,,,,,,,
qualcomm-107,qualcomm,Qualcomm,Iasi (IASI.B),office,"C1 Building UBC3, Palas Street No 7B-7D, Iasi, 700051, Romania",Romania,,,unlocated,needs_review,https://www.qualcomm.com/company/facilities/offices,official_company_directory,2026-08-25,2026-08-25,https://nominatim.openstreetmap.org/,,,,,,,,,,,,,,,,,,
qualcomm-108,qualcomm,Qualcomm,Timisoara (TIMIS.A),office,"Iulius Town - UBC2 Building Piata Consiliul Europei Street No. 2C, Ground Floor, Timisoara, 300627, Romania",Romania,,,unlocated,needs_review,https://www.qualcomm.com/company/facilities/offices,official_company_directory,2026-08-25,2026-08-25,https://nominatim.openstreetmap.org/,,,,,,,,,,,,,,,,,,
qualcomm-109,qualcomm,Qualcomm,Singapore (SINGA.D),office,"Schenker MegaHub Building,#04-02, 51 ALPS Ave, Singapore, SI, 498783",Singapore,,,unlocated,needs_review,https://www.qualcomm.com/company/facilities/offices,official_company_directory,2026-08-25,2026-08-25,https://nominatim.openstreetmap.org/,,,,,,,,,,,,,,,,,,
qualcomm-110,qualcomm,Qualcomm,Singapore (SINGA.E),office,"Test Center of Excellence,No. 6 Serangoon North Ave 5, Singapore, 554910",Singapore,,,unlocated,needs_review,https://www.qualcomm.com/company/facilities/offices,official_company_directory,2026-08-25,2026-08-25,https://nominatim.openstreetmap.org/,,,,,,,,,,,,,,,,,,
qualcomm-111,qualcomm,Qualcomm,Singapore (SINGA.H),office,"166 Kallang Way, Singapore, SI, 349249",Singapore,1.3258342,103.8761035,street_or_area_candidate,geocoded,https://www.qualcomm.com/company/facilities/offices,official_company_directory,2026-08-25,2026-08-25,https://nominatim.openstreetmap.org/,"Kallang Way, Geylang, Central Region, Singapore",relation,19910230,"166 Kallang Way, Singapore, SI, 349249, Singapore",,,,,,,,,,,,,,
qualcomm-112,qualcomm,Qualcomm,Singapore (SINGA.K),office,"9 Kallang Sector, Singapore, SI, 349283",Singapore,1.3263874,103.8723418,street_or_area_candidate,geocoded,https://www.qualcomm.com/company/facilities/offices,official_company_directory,2026-08-25,2026-08-25,https://nominatim.openstreetmap.org/,"Kallang Sector, Kallang Way, Geylang, Central Region, Singapore, 349585, Singapore",way,644063908,"9 Kallang Sector, Singapore, SI, 349283, Singapore",,,,,,,,,,,,,,
qualcomm-113,qualcomm,Qualcomm,Seoul (KOREA.N),office,"12th FL,Marcus Building,55 Magokdong-ro,Gangseo-gu, Seoul, 07802, South Korea",South Korea,,,unlocated,needs_review,https://www.qualcomm.com/company/facilities/offices,official_company_directory,2026-08-25,2026-08-25,https://nominatim.openstreetmap.org/,,,,,,,,,,,,,,,,,,
qualcomm-114,qualcomm,Qualcomm,Seoul (SEOUL.A),office,"15F, 100, Hangang-daero, Yongsan-gu, Seoul, 04386, South Korea",South Korea,,,unlocated,needs_review,https://www.qualcomm.com/company/facilities/offices,official_company_directory,2026-08-25,2026-08-25,https://nominatim.openstreetmap.org/,,,,,,,,,,,,,,,,,,
qualcomm-115,qualcomm,Qualcomm,Suwon (KOREA.J),office,"Unit 501 & 502, Top Plaza, 400,,Hyowon-ro, Yeongtong-gu, Suwon, 16547, South Korea",South Korea,,,unlocated,needs_review,https://www.qualcomm.com/company/facilities/offices,official_company_directory,2026-08-25,2026-08-25,https://nominatim.openstreetmap.org/,,,,,,,,,,,,,,,,,,
qualcomm-116,qualcomm,Qualcomm,Madrid (MADRD.A),office,"Avenida Europa, 19,Planta 3A,La Moraleja, Madrid, 28108, Spain",Spain,,,unlocated,needs_review,https://www.qualcomm.com/company/facilities/offices,official_company_directory,2026-08-25,2026-08-25,https://nominatim.openstreetmap.org/,,,,,,,,,,,,,,,,,,
qualcomm-117,qualcomm,Qualcomm,Bromma (BROMM.A),office,"Gustavslundsvagen 131 7th Floor, Bromma, 167 51, Sweden",Sweden,,,unlocated,needs_review,https://www.qualcomm.com/company/facilities/offices,official_company_directory,2026-08-25,2026-08-25,https://nominatim.openstreetmap.org/,,,,,,,,,,,,,,,,,,
qualcomm-118,qualcomm,Qualcomm,Gothenburg (GOTHE.A),office,"Lindholmspiren 3B, Gothenburg, 417 56, Sweden",Sweden,57.7067732,11.9402598,street_or_area_candidate,geocoded,https://www.qualcomm.com/company/facilities/offices,official_company_directory,2026-08-25,2026-08-25,https://nominatim.openstreetmap.org/,"3B, Lindholmspiren, Lindholmshamnen, Lindholmen, Hisingen, Göteborg, Göteborgs Stad, Västra Götalands län, 402 78, Sverige",node,3037253966,"Lindholmspiren 3B, Gothenburg, 417 56, Sweden",,,,,,,,,,,,,,
qualcomm-119,qualcomm,Qualcomm,Linkoping (LINKO.A),office,"Datalinjen 3C, Linkoping, 583 30, Sweden",Sweden,58.3943102,15.5604409,street_or_area_candidate,geocoded,https://www.qualcomm.com/company/facilities/offices,official_company_directory,2026-08-25,2026-08-25,https://nominatim.openstreetmap.org/,"Datalinjen, Linköping Science Park, Mjärdevi, Slaka, Linköping, Linköpings kommun, Östergötlands län, 583 33, Sverige",way,1259490054,"Datalinjen 3C, Linkoping, 583 30, Sweden",,,,,,,,,,,,,,
qualcomm-120,qualcomm,Qualcomm,LUND.B,office,"Scheelevägen 17,, Lund, 223 63, Sweden",Sweden,55.7137231,13.2154012,building,map_ready,https://www.qualcomm.com/company/facilities/offices,official_company_directory,2026-08-25,2026-08-25,https://nominatim.openstreetmap.org/,"ARM Sweden AB, 17, Scheelevägen, Ideon Pålsjö, Norr, Lund, Lunds kommun, Skåne län, 223 63, Sverige",node,3723840345,"Scheelevägen 17,, Lund, 223 63, Sweden",openstreetmap_building_match,2026-08-25,,,,,,,,,,,,
qualcomm-121,qualcomm,Qualcomm,BLFST.A,office,"Northern Ireland Science Park,Queen's Road, Queen's Island,The Legacy Building, Unit 2, Belfast, BT3 9DT, United Kingdom",United Kingdom,,,unlocated,needs_review,https://www.qualcomm.com/company/facilities/offices,official_company_directory,2026-08-25,2026-08-25,https://nominatim.openstreetmap.org/,,,,,,,,,,,,,,,,,,
qualcomm-122,qualcomm,Qualcomm,BRSTL.A,office,"Equinox North - Great Park Road,Bradley Stoke, Bristol, BS32 4QL, United Kingdom",United Kingdom,,,unlocated,needs_review,https://www.qualcomm.com/company/facilities/offices,official_company_directory,2026-08-25,2026-08-25,https://nominatim.openstreetmap.org/,,,,,,,,,,,,,,,,,,
qualcomm-123,qualcomm,Qualcomm,CAMBR.A,office,"Churchill House-Cambridge Business Park,Cowley Road, Cambridge, CB4 0WZ, United Kingdom",United Kingdom,52.2274989,0.1555038,building,map_ready,https://www.qualcomm.com/company/facilities/offices,official_company_directory,2026-08-25,2026-08-25,https://nominatim.openstreetmap.org/,"Churchill House, Cowley Park Road, Cambridge Business Park, Chesterton, Cambridge, Cambridgeshire, Cambridgeshire and Peterborough, England, CB4 0WZ, United Kingdom",way,45071389,"Churchill House-Cambridge Business Park,Cowley Road, Cambridge, CB4 0WZ, United Kingdom",openstreetmap_building_match,2026-08-25,,,,,,,,,,,,
qualcomm-124,qualcomm,Qualcomm,CAMBR.C,office,"Trinity House - Cambridge Business Park,Cowley Road, Cambridge, CB4 0WZ, United Kingdom",United Kingdom,,,unlocated,needs_review,https://www.qualcomm.com/company/facilities/offices,official_company_directory,2026-08-25,2026-08-25,https://nominatim.openstreetmap.org/,,,,,,,,,,,,,,,,,,
qualcomm-125,qualcomm,Qualcomm,ENGLD.B,office,"Spectrum Point,279 Farnborough Rd, Farnborough, GU14 7LS, United Kingdom",United Kingdom,51.2964858,-0.7547775,building,map_ready,https://www.qualcomm.com/company/facilities/offices,official_company_directory,2026-08-25,2026-08-25,https://nominatim.openstreetmap.org/,"Spectrum Point, 279, Farnborough Road, Farnborough, Rushmoor, Hampshire, England, GU14 7LS, United Kingdom",way,553864026,"Spectrum Point,279 Farnborough Rd, Farnborough, GU14 7LS, United Kingdom",openstreetmap_building_match,2026-08-25,,,,,,,,,,,,
qualcomm-126,qualcomm,Qualcomm,Austin (AUS.B),office,"9600 N. Mopac, Ste 900,Stonebridge Plaza II, Austin, TX, 78759, USA",USA,,,unlocated,needs_review,https://www.qualcomm.com/company/facilities/offices,official_company_directory,2026-08-25,2026-08-25,https://nominatim.openstreetmap.org/,,,,,,,,,,,,,,,,,,
qualcomm-127,qualcomm,Qualcomm,Austin (AUS.E),office,"13929 Center Lake Drive, Parmer Building 1, Austin, TX, 78753, USA",USA,,,unlocated,needs_review,https://www.qualcomm.com/company/facilities/offices,official_company_directory,2026-08-25,2026-08-25,https://nominatim.openstreetmap.org/,,,,,,,,,,,,,,,,,,
qualcomm-128,qualcomm,Qualcomm,Boulder (BLDR.E),office,"6180 Spine Rd, Boulder, CO, 80301-3317, USA",USA,40.0663878,-105.2099775,building,map_ready,https://www.qualcomm.com/company/facilities/offices,official_company_directory,2026-08-25,2026-08-25,https://nominatim.openstreetmap.org/,"6180, Spine Road, Boulder, Boulder County, Colorado, 80301, United States",way,145172561,"6180 Spine Rd, Boulder, CO, 80301-3317, USA",openstreetmap_building_match,2026-08-25,,,,,,,,,,,,
qualcomm-129,qualcomm,Qualcomm,Boulder (BLDR.F),office,"6190 Spine Rd, Boulder, CO, 80301-3317, USA",USA,40.0671665,-105.2094981,street_or_area_candidate,geocoded,https://www.qualcomm.com/company/facilities/offices,official_company_directory,2026-08-25,2026-08-25,https://nominatim.openstreetmap.org/,"6190, Spine Road, Boulder, Boulder County, Colorado, 80301, United States",way,504820033,"6190 Spine Rd, Boulder, CO, 80301-3317, USA",,,,,,,,,,,,,,
qualcomm-130,qualcomm,Qualcomm,Boulder (BLDR.G),office,"6210 Spine Rd, Boulder, CO, 80301-3317, USA",USA,40.0664358,-105.207678,building,map_ready,https://www.qualcomm.com/company/facilities/offices,official_company_directory,2026-08-25,2026-08-25,https://nominatim.openstreetmap.org/,"6210, Spine Road, Boulder, Boulder County, Colorado, 80301, United States",way,145172563,"6210 Spine Rd, Boulder, CO, 80301-3317, USA",openstreetmap_building_match,2026-08-25,,,,,,,,,,,,
qualcomm-131,qualcomm,Qualcomm,Boulder (BLDR.H),office,"6290 Spine Rd, Boulder, CO, 80301-3317, USA",USA,40.0659556,-105.2080087,building,map_ready,https://www.qualcomm.com/company/facilities/offices,official_company_directory,2026-08-25,2026-08-25,https://nominatim.openstreetmap.org/,"6290, Spine Road, Boulder, Boulder County, Colorado, 80301, United States",way,145172559,"6290 Spine Rd, Boulder, CO, 80301-3317, USA",openstreetmap_building_match,2026-08-25,,,,,,,,,,,,
qualcomm-132,qualcomm,Qualcomm,Boxborough (BOX.A),office,"90 Central Street,1st Floor, Boxborough, MA, 01719, USA",USA,,,unlocated,needs_review,https://www.qualcomm.com/company/facilities/offices,official_company_directory,2026-08-25,2026-08-25,https://nominatim.openstreetmap.org/,,,,,,,,,,,,,,,,,,
qualcomm-133,qualcomm,Qualcomm,Bridgewater (BQF.A),office,"500 Somerset Corporate Blvd, Bridgewater, NJ, 08807, USA",USA,40.5852448,-74.6240177,building,map_ready,https://www.qualcomm.com/company/facilities/offices,official_company_directory,2026-08-25,2026-08-25,https://nominatim.openstreetmap.org/,"Qualcomm Flarion Technologies, 500, Somerset Corporate Boulevard, Bridgewater Township, Somerset County, New Jersey, 08807, United States",way,587688640,"500 Somerset Corporate Blvd, Bridgewater, NJ, 08807, USA",openstreetmap_building_match,2026-08-25,,,,,,,,,,,,
qualcomm-134,qualcomm,Qualcomm,Burlington (BUR.A),office,"One Wall Street, Burlington, MA, 01803, USA",USA,42.4858176,-71.189891,street_or_area_candidate,geocoded,https://www.qualcomm.com/company/facilities/offices,official_company_directory,2026-08-25,2026-08-25,https://nominatim.openstreetmap.org/,"Wall Street, Winnmere, Burlington, Middlesex County, Massachusetts, 01805, United States",way,8871840,"One Wall Street, Burlington, MA, 01803, USA",,,,,,,,,,,,,,
qualcomm-135,qualcomm,Qualcomm,Carlsbad (PMR.B),office,"2016 Palomar Airport Rd,Suite 190, Carlsbad, CA, 92011, USA",USA,,,unlocated,needs_review,https://www.qualcomm.com/company/facilities/offices,official_company_directory,2026-08-25,2026-08-25,https://nominatim.openstreetmap.org/,,,,,,,,,,,,,,,,,,
qualcomm-136,qualcomm,Qualcomm,Chandler (CHD.C),office,"5740 West Chandler Blvd,Suite 1, Chandler, AZ, 85226, USA",USA,,,unlocated,needs_review,https://www.qualcomm.com/company/facilities/offices,official_company_directory,2026-08-25,2026-08-25,https://nominatim.openstreetmap.org/,,,,,,,,,,,,,,,,,,
qualcomm-137,qualcomm,Qualcomm,Cheektowaga (CHE.A),office,"300 Airborne Parkway West,Suite 116, Cheektowaga, NY, 14225, USA",USA,,,unlocated,needs_review,https://www.qualcomm.com/company/facilities/offices,official_company_directory,2026-08-25,2026-08-25,https://nominatim.openstreetmap.org/,,,,,,,,,,,,,,,,,,
qualcomm-138,qualcomm,Qualcomm,Denver (DEN.A),office,"383 Corona Street, Denver, CO, 80218, USA",USA,39.7217966,-104.9744024,building,map_ready,https://www.qualcomm.com/company/facilities/offices,official_company_directory,2026-08-25,2026-08-25,https://nominatim.openstreetmap.org/,"383, Corona Street, Alamo Placita, Denver, Colorado, 80218, United States",way,664910120,"383 Corona Street, Denver, CO, 80218, USA",openstreetmap_building_match,2026-08-25,,,,,,,,,,,,
qualcomm-139,qualcomm,Qualcomm,Fairfax (FFX.A),office,"10304 Eaton Place, Fairfax, VA, 22030, USA",USA,38.8621936,-77.3032381,building,map_ready,https://www.qualcomm.com/company/facilities/offices,official_company_directory,2026-08-25,2026-08-25,https://nominatim.openstreetmap.org/,"10304, Eaton Place, Fairfax, Virginia, 22030, United States",way,152582141,"10304 Eaton Place, Fairfax, VA, 22030, USA",openstreetmap_building_match,2026-08-25,,,,,,,,,,,,
qualcomm-140,qualcomm,Qualcomm,Hillsboro (HOR.A),office,"4660 NE Belknap Court,Suite 201, Hillsboro, OR, 97124, USA",USA,,,unlocated,needs_review,https://www.qualcomm.com/company/facilities/offices,official_company_directory,2026-08-25,2026-08-25,https://nominatim.openstreetmap.org/,,,,,,,,,,,,,,,,,,
qualcomm-141,qualcomm,Qualcomm,Irvine (IRV.B),office,"3347 Michelson Drive,Suite 250, Irvine, CA, 92612, USA",USA,,,unlocated,needs_review,https://www.qualcomm.com/company/facilities/offices,official_company_directory,2026-08-25,2026-08-25,https://nominatim.openstreetmap.org/,,,,,,,,,,,,,,,,,,
qualcomm-142,qualcomm,Qualcomm,Los Angeles (LOS.C),office,"1100 Glendon Ave.17th Floor, Los Angeles, CA, 90024, USA",USA,,,unlocated,needs_review,https://www.qualcomm.com/company/facilities/offices,official_company_directory,2026-08-25,2026-08-25,https://nominatim.openstreetmap.org/,,,,,,,,,,,,,,,,,,
qualcomm-143,qualcomm,Qualcomm,Los Gatos (GTS.A),office,"17850 Foster Road, Los Gatos, CA, 95030, USA",USA,37.2103877,-121.9722108,street_or_area_candidate,geocoded,https://www.qualcomm.com/company/facilities/offices,official_company_directory,2026-08-25,2026-08-25,https://nominatim.openstreetmap.org/,"17850, Foster Road, Los Gatos, Santa Clara County, California, 95030, United States",way,1032051822,"17850 Foster Road, Los Gatos, CA, 95030, USA",,,,,,,,,,,,,,
qualcomm-144,qualcomm,Qualcomm,Louisville (LUV.A),office,"9960 Corporate Campus Drive,Suite 3300, Louisville, KY, 40223, USA",USA,,,unlocated,needs_review,https://www.qualcomm.com/company/facilities/offices,official_company_directory,2026-08-25,2026-08-25,https://nominatim.openstreetmap.org/,,,,,,,,,,,,,,,,,,
qualcomm-145,qualcomm,Qualcomm,Maitland (MTL.A),office,"2600 Maitland Center Pkwy.,Suite 375, Maitland, FL, 32751, USA",USA,,,unlocated,needs_review,https://www.qualcomm.com/company/facilities/offices,official_company_directory,2026-08-25,2026-08-25,https://nominatim.openstreetmap.org/,,,,,,,,,,,,,,,,,,
qualcomm-146,qualcomm,Qualcomm,Newark (NWK.A),office,"39655 Eureka Drive, Space 3C1, Newark, CA, 94560, USA",USA,,,unlocated,needs_review,https://www.qualcomm.com/company/facilities/offices,official_company_directory,2026-08-25,2026-08-25,https://nominatim.openstreetmap.org/,,,,,,,,,,,,,,,,,,
qualcomm-147,qualcomm,Qualcomm,New York City (NYC.F),office,"632 Broadway Unit 803, New York City, NY, 10012, USA",USA,,,unlocated,needs_review,https://www.qualcomm.com/company/facilities/offices,official_company_directory,2026-08-25,2026-08-25,https://nominatim.openstreetmap.org/,,,,,,,,,,,,,,,,,,
qualcomm-148,qualcomm,Qualcomm,Novi (NOV.B),office,"27000 Meadowbrook Rd. Suite 201, Novi, MI, 48377, USA",USA,,,unlocated,needs_review,https://www.qualcomm.com/company/facilities/offices,official_company_directory,2026-08-25,2026-08-25,https://nominatim.openstreetmap.org/,,,,,,,,,,,,,,,,,,
qualcomm-149,qualcomm,Qualcomm,Philadelphia (PHI.B),office,"3401 Gray's Ferry Ave.,Bldg. 440, Philadelphia, PA, 19146, USA",USA,,,unlocated,needs_review,https://www.qualcomm.com/company/facilities/offices,official_company_directory,2026-08-25,2026-08-25,https://nominatim.openstreetmap.org/,,,,,,,,,,,,,,,,,,
qualcomm-150,qualcomm,Qualcomm,Raleigh (RAL.B),office,"8045 Arco Corporate Drive,Floor 5, Raleigh, NC, 27617, USA",USA,,,unlocated,needs_review,https://www.qualcomm.com/company/facilities/offices,official_company_directory,2026-08-25,2026-08-25,https://nominatim.openstreetmap.org/,,,,,,,,,,,,,,,,,,
qualcomm-151,qualcomm,Qualcomm,Richardson (RIC.B),office,"2100 Lakeside Blvd.,Suite 475, Richardson, TX, 75082, USA",USA,,,unlocated,needs_review,https://www.qualcomm.com/company/facilities/offices,official_company_directory,2026-08-25,2026-08-25,https://nominatim.openstreetmap.org/,,,,,,,,,,,,,,,,,,
qualcomm-152,qualcomm,Qualcomm,San Diego (A),office,"10555 Sorrento Valley Rd, San Diego, CA, 92121-1608, USA",USA,32.8958212,-117.217992,street_or_area_candidate,geocoded,https://www.qualcomm.com/company/facilities/offices,official_company_directory,2026-08-25,2026-08-25,https://nominatim.openstreetmap.org/,"10555, Sorrento Valley Road, Sorrento Valley, San Diego, San Diego County, California, 92121, United States",way,1493722231,"10555 Sorrento Valley Rd, San Diego, CA, 92121-1608, USA",,,,,,,,,,,,,,
qualcomm-153,qualcomm,Qualcomm,San Diego (AF),office,"9950 Barnes Canyon Rd, San Diego, CA, 92121-2720, USA",USA,32.8993045,-117.2009152,street_or_area_candidate,geocoded,https://www.qualcomm.com/company/facilities/offices,official_company_directory,2026-08-25,2026-08-25,https://nominatim.openstreetmap.org/,"9950, Barnes Canyon Road, Barnes Canyon, Sorrento Mesa, Sorrento Valley, San Diego, San Diego County, California, 92121, United States",way,131923757,"9950 Barnes Canyon Rd, San Diego, CA, 92121-2720, USA",,,,,,,,,,,,,,
qualcomm-154,qualcomm,Qualcomm,San Diego (AP),office,"5855 Pacific Center Blvd., San Diego, CA, 92121, USA",USA,32.9038019,-117.1932973,street_or_area_candidate,geocoded,https://www.qualcomm.com/company/facilities/offices,official_company_directory,2026-08-25,2026-08-25,https://nominatim.openstreetmap.org/,"Qualcomm AP, 5855, Pacific Center Boulevard, Sorrento Mesa, San Diego, San Diego County, California, 92121, United States",way,31840460,"5855 Pacific Center Blvd., San Diego, CA, 92121, USA",,,,,,,,,,,,,,
qualcomm-155,qualcomm,Qualcomm,San Diego (AQ),office,"10145 Pacific Heights Blvd, San Diego, CA, 92121, USA",USA,32.903583,-117.193258,street_or_area_candidate,geocoded,https://www.qualcomm.com/company/facilities/offices,official_company_directory,2026-08-25,2026-08-25,https://nominatim.openstreetmap.org/,"10145, Pacific Heights Boulevard, Sorrento Mesa, Sorrento Valley, San Diego, San Diego County, California, 92121, United States",node,596691696,"10145 Pacific Heights Blvd, San Diego, CA, 92121, USA",,,,,,,,,,,,,,
qualcomm-156,qualcomm,Qualcomm,San Diego (AV),office,"10160 Pacific Mesa Blvd, San Diego, CA, 92121, USA",USA,32.9025921,-117.1920873,building,map_ready,https://www.qualcomm.com/company/facilities/offices,official_company_directory,2026-08-25,2026-08-25,https://nominatim.openstreetmap.org/,"Qualcomm AV, 10160, Pacific Mesa Boulevard, Sorrento Mesa, San Diego, San Diego County, California, 92121, United States",way,222404225,"10160 Pacific Mesa Blvd, San Diego, CA, 92121, USA",openstreetmap_building_match,2026-08-25,,,,,,,,,,,,
qualcomm-157,qualcomm,Qualcomm,San Diego (AX),office,"10105 Pacific Heights Blvd., San Diego, CA, 92121, USA",USA,32.9024776,-117.1932635,building,map_ready,https://www.qualcomm.com/company/facilities/offices,official_company_directory,2026-08-25,2026-08-25,https://nominatim.openstreetmap.org/,"Qualcomm AX, 10105, Pacific Heights Boulevard, Sorrento Mesa, San Diego, San Diego County, California, 92121, United States",way,31816087,"10105 Pacific Heights Blvd., San Diego, CA, 92121, USA",openstreetmap_building_match,2026-08-25,,,,,,,,,,,,
qualcomm-158,qualcomm,Qualcomm,San Diego (AY),office,"10001 Pacific Heights Blvd., San Diego, CA, 92121, USA",USA,32.9018963,-117.1920313,building,map_ready,https://www.qualcomm.com/company/facilities/offices,official_company_directory,2026-08-25,2026-08-25,https://nominatim.openstreetmap.org/,"Qualcomm AY, 10001, Pacific Heights Boulevard, Sorrento Mesa, San Diego, San Diego County, California, 92121, United States",relation,5339577,"10001 Pacific Heights Blvd., San Diego, CA, 92121, USA",openstreetmap_building_match,2026-08-25,,,,,,,,,,,,
qualcomm-159,qualcomm,Qualcomm,San Diego (AZ),office,"10155 Pacific Heights Blvd., San Diego, CA, 92121, USA",USA,32.9030035,-117.194427,building,map_ready,https://www.qualcomm.com/company/facilities/offices,official_company_directory,2026-08-25,2026-08-25,https://nominatim.openstreetmap.org/,"Qualcomm AZ, 10155, Pacific Heights Boulevard, Sorrento Mesa, San Diego, San Diego County, California, 92121, United States",way,358584273,"10155 Pacific Heights Blvd., San Diego, CA, 92121, USA",openstreetmap_building_match,2026-08-25,,,,,,,,,,,,
qualcomm-160,qualcomm,Qualcomm,San Diego (BB),office,"4243 Campus Point Ct, San Diego, CA, 92121-1513, USA",USA,32.888258,-117.225742,street_or_area_candidate,geocoded,https://www.qualcomm.com/company/facilities/offices,official_company_directory,2026-08-25,2026-08-25,https://nominatim.openstreetmap.org/,"4243, Campus Point Court, Alexandria Campus Point, Sorrento Valley, San Diego, San Diego County, California, 92121, United States",node,596671490,"4243 Campus Point Ct, San Diego, CA, 92121-1513, USA",,,,,,,,,,,,,,
qualcomm-161,qualcomm,Qualcomm,San Diego (BC),office,"5770 Morehouse Dr., San Diego, CA, 92121, USA",USA,32.8979358,-117.1963962,building,map_ready,https://www.qualcomm.com/company/facilities/offices,official_company_directory,2026-08-25,2026-08-25,https://nominatim.openstreetmap.org/,"Qualcomm BC, 5770, Morehouse Drive, Sorrento Mesa, Sorrento Valley, San Diego, San Diego County, California, 92121, United States",way,31807493,"5770 Morehouse Dr., San Diego, CA, 92121, USA",openstreetmap_building_match,2026-08-25,,,,,,,,,,,,
qualcomm-162,qualcomm,Qualcomm,San Diego (BF),office,"10445 Pacific Center Court, San Diego, CA, 92121, USA",USA,32.906479,-117.187656,street_or_area_candidate,geocoded,https://www.qualcomm.com/company/facilities/offices,official_company_directory,2026-08-25,2026-08-25,https://nominatim.openstreetmap.org/,"10445, Pacific Center Court, Sorrento Mesa, San Diego, San Diego County, California, 92121, United States",node,596469732,"10445 Pacific Center Court, San Diego, CA, 92121, USA",,,,,,,,,,,,,,
qualcomm-163,qualcomm,Qualcomm,San Diego (F),office,"9380 Waples St,Ste 102-103, San Diego, CA, 92121-3905, USA",USA,,,unlocated,needs_review,https://www.qualcomm.com/company/facilities/offices,official_company_directory,2026-08-25,2026-08-25,https://nominatim.openstreetmap.org/,,,,,,,,,,,,,,,,,,
qualcomm-164,qualcomm,Qualcomm,San Diego (M),office,"5525 Morehouse Dr, San Diego, CA, 92121-1710, USA",USA,32.894631,-117.19713,street_or_area_candidate,geocoded,https://www.qualcomm.com/company/facilities/offices,official_company_directory,2026-08-25,2026-08-25,https://nominatim.openstreetmap.org/,"5525, Morehouse Drive, Barnes Canyon, Sorrento Mesa, Sorrento Valley, San Diego, San Diego County, California, 92121, United States",node,596458552,"5525 Morehouse Dr, San Diego, CA, 92121-1710, USA",,,,,,,,,,,,,,
qualcomm-165,qualcomm,Qualcomm,San Diego (N),headquarters,"5775 Morehouse Dr., San Diego, CA, 92121, USA",USA,32.8959414,-117.1958195,building,map_ready,https://www.qualcomm.com/company/facilities/offices,official_company_directory,2026-08-25,2026-08-25,https://nominatim.openstreetmap.org/,"Qualcomm N, 5775, Morehouse Drive, Barnes Canyon, Sorrento Mesa, Sorrento Valley, San Diego, San Diego County, California, 92121, United States",way,133232485,"5775 Morehouse Dr., San Diego, CA, 92121, USA",openstreetmap_building_match,2026-08-25,,,,,,,,,,,,
qualcomm-166,qualcomm,Qualcomm,San Diego (O),office,"5545 Morehouse Dr, San Diego, CA, 92121-1710, USA",USA,32.8940893,-117.1987569,street_or_area_candidate,geocoded,https://www.qualcomm.com/company/facilities/offices,official_company_directory,2026-08-25,2026-08-25,https://nominatim.openstreetmap.org/,"5545, Morehouse Drive, Barnes Canyon, Sorrento Mesa, Sorrento Valley, San Diego, San Diego County, California, 92121, United States",way,6010813,"5545 Morehouse Dr, San Diego, CA, 92121-1710, USA",,,,,,,,,,,,,,
qualcomm-167,qualcomm,Qualcomm,San Diego (P),office,"5555 Morehouse Dr, San Diego, CA, 92121-1710, USA",USA,32.8941825,-117.1985913,street_or_area_candidate,geocoded,https://www.qualcomm.com/company/facilities/offices,official_company_directory,2026-08-25,2026-08-25,https://nominatim.openstreetmap.org/,"5555, Morehouse Drive, Barnes Canyon, Sorrento Mesa, Sorrento Valley, San Diego, San Diego County, California, 92121, United States",way,6010813,"5555 Morehouse Dr, San Diego, CA, 92121-1710, USA",,,,,,,,,,,,,,
qualcomm-168,qualcomm,Qualcomm,San Diego (Q),office,"6455 Lusk Blvd, San Diego, CA, 92121-2779, USA",USA,32.9029696,-117.2011048,building,map_ready,https://www.qualcomm.com/company/facilities/offices,official_company_directory,2026-08-25,2026-08-25,https://nominatim.openstreetmap.org/,"Qualcomm Q, 6455, Lusk Boulevard, Barnes Canyon, Sorrento Mesa, Sorrento Valley, San Diego, San Diego County, California, 92121, United States",way,246993409,"6455 Lusk Blvd, San Diego, CA, 92121-2779, USA",openstreetmap_building_match,2026-08-25,,,,,,,,,,,,
qualcomm-169,qualcomm,Qualcomm,San Diego (QP),office,"10190 McKellar Court, San Diego, CA, 92121, USA",USA,32.903785,-117.2023156,building,map_ready,https://www.qualcomm.com/company/facilities/offices,official_company_directory,2026-08-25,2026-08-25,https://nominatim.openstreetmap.org/,"Qualcomm QP, 10190, McKellar Court, Barnes Canyon, Sorrento Mesa, Sorrento Valley, San Diego, San Diego County, California, 92121, United States",way,246993410,"10190 McKellar Court, San Diego, CA, 92121, USA",openstreetmap_building_match,2026-08-25,,,,,,,,,,,,
qualcomm-170,qualcomm,Qualcomm,San Diego (QRC),office,"5665 Morehouse Dr., San Diego, CA, 92121-1714, USA",USA,32.8956812,-117.1971546,street_or_area_candidate,geocoded,https://www.qualcomm.com/company/facilities/offices,official_company_directory,2026-08-25,2026-08-25,https://nominatim.openstreetmap.org/,"5665, Morehouse Drive, Barnes Canyon, Sorrento Mesa, Sorrento Valley, San Diego, San Diego County, California, 92121, United States",way,6010813,"5665 Morehouse Dr., San Diego, CA, 92121-1714, USA",,,,,,,,,,,,,,
qualcomm-171,qualcomm,Qualcomm,San Diego (R),office,"10185 McKellar Ct, San Diego, CA, 92121-4233, USA",USA,32.9045125,-117.2019109,building,map_ready,https://www.qualcomm.com/company/facilities/offices,official_company_directory,2026-08-25,2026-08-25,https://nominatim.openstreetmap.org/,"Qualcomm R, 10185, McKellar Court, Barnes Canyon, Sorrento Mesa, Sorrento Valley, San Diego, San Diego County, California, 92121, United States",way,31816950,"10185 McKellar Ct, San Diego, CA, 92121-4233, USA",openstreetmap_building_match,2026-08-25,,,,,,,,,,,,
qualcomm-172,qualcomm,Qualcomm,San Diego (S),office,"5535 Morehouse Dr, San Diego, CA, 92121-1710, USA",USA,32.8940048,-117.1989271,street_or_area_candidate,geocoded,https://www.qualcomm.com/company/facilities/offices,official_company_directory,2026-08-25,2026-08-25,https://nominatim.openstreetmap.org/,"5535, Morehouse Drive, Barnes Canyon, Sorrento Mesa, Sorrento Valley, San Diego, San Diego County, California, 92121, United States",way,6010813,"5535 Morehouse Dr, San Diego, CA, 92121-1710, USA",,,,,,,,,,,,,,
qualcomm-173,qualcomm,Qualcomm,San Diego (T),office,"5565 Morehouse Dr, San Diego, CA, 92121-1710, USA",USA,32.8942848,-117.1984311,street_or_area_candidate,geocoded,https://www.qualcomm.com/company/facilities/offices,official_company_directory,2026-08-25,2026-08-25,https://nominatim.openstreetmap.org/,"5565, Morehouse Drive, Barnes Canyon, Sorrento Mesa, Sorrento Valley, San Diego, San Diego County, California, 92121, United States",way,6010813,"5565 Morehouse Dr, San Diego, CA, 92121-1710, USA",,,,,,,,,,,,,,
qualcomm-174,qualcomm,Qualcomm,San Diego (W),office,"5751 Pacific Center Blvd, San Diego, CA, 92121-4203, USA",USA,32.903791,-117.1980895,street_or_area_candidate,geocoded,https://www.qualcomm.com/company/facilities/offices,official_company_directory,2026-08-25,2026-08-25,https://nominatim.openstreetmap.org/,"5751, Pacific Center Boulevard, Sorrento Mesa, Sorrento Valley, San Diego, San Diego County, California, 92121, United States",way,1238697998,"5751 Pacific Center Blvd, San Diego, CA, 92121-4203, USA",,,,,,,,,,,,,,
qualcomm-175,qualcomm,Qualcomm,San Diego (WA),office,"5788 Pacific Center Blvd, San Diego, CA, 92121-4202, USA",USA,32.90468,-117.1957997,building,map_ready,https://www.qualcomm.com/company/facilities/offices,official_company_directory,2026-08-25,2026-08-25,https://nominatim.openstreetmap.org/,"Qualcomm WA, 5788, Pacific Center Boulevard, Sorrento Mesa, Sorrento Valley, San Diego, San Diego County, California, 92121, United States",way,31842968,"5788 Pacific Center Blvd, San Diego, CA, 92121-4202, USA",openstreetmap_building_match,2026-08-25,,,,,,,,,,,,
qualcomm-176,qualcomm,Qualcomm,San Diego (WB),office,"5808 Pacific Center Blvd, San Diego, CA, 92121-4202, USA",USA,32.9047039,-117.1946092,building,map_ready,https://www.qualcomm.com/company/facilities/offices,official_company_directory,2026-08-25,2026-08-25,https://nominatim.openstreetmap.org/,"Qualcomm WB, 5808, Pacific Center Boulevard, Sorrento Mesa, Sorrento Valley, San Diego, San Diego County, California, 92121, United States",way,31843549,"5808 Pacific Center Blvd, San Diego, CA, 92121-4202, USA",openstreetmap_building_match,2026-08-25,,,,,,,,,,,,
qualcomm-177,qualcomm,Qualcomm,San Diego (WC),office,"5828 Pacific Center Blvd, San Diego, CA, 92121-4202, USA",USA,32.9048445,-117.1937891,building,map_ready,https://www.qualcomm.com/company/facilities/offices,official_company_directory,2026-08-25,2026-08-25,https://nominatim.openstreetmap.org/,"Qualcomm WC, 5828, Pacific Center Boulevard, Sorrento Mesa, San Diego, San Diego County, California, 92121, United States",way,31842934,"5828 Pacific Center Blvd, San Diego, CA, 92121-4202, USA",openstreetmap_building_match,2026-08-25,,,,,,,,,,,,
qualcomm-178,qualcomm,Qualcomm,San Diego (WD),office,"5737 Pacific Center Blvd, San Diego, CA, 92121, USA",USA,32.903265,-117.198797,street_or_area_candidate,geocoded,https://www.qualcomm.com/company/facilities/offices,official_company_directory,2026-08-25,2026-08-25,https://nominatim.openstreetmap.org/,"5737, Pacific Center Boulevard, Sorrento Mesa, Sorrento Valley, San Diego, San Diego County, California, 92121, United States",way,1238697998,"5737 Pacific Center Blvd, San Diego, CA, 92121, USA",,,,,,,,,,,,,,
qualcomm-179,qualcomm,Qualcomm,San Diego (WT),office,"5745 Pacific Center Blvd, San Diego, CA, 92121, USA",USA,32.903149,-117.196144,street_or_area_candidate,geocoded,https://www.qualcomm.com/company/facilities/offices,official_company_directory,2026-08-25,2026-08-25,https://nominatim.openstreetmap.org/,"5745, Pacific Center Boulevard, Sorrento Mesa, Sorrento Valley, San Diego, San Diego County, California, 92121, United States",node,596624235,"5745 Pacific Center Blvd, San Diego, CA, 92121, USA",,,,,,,,,,,,,,
qualcomm-180,qualcomm,Qualcomm,San Francisco (SFO.E),office,"One Sutter Street,Suite 600, 6th floor, San Francisco, CA, 94104, USA",USA,,,unlocated,needs_review,https://www.qualcomm.com/company/facilities/offices,official_company_directory,2026-08-25,2026-08-25,https://nominatim.openstreetmap.org/,,,,,,,,,,,,,,,,,,
qualcomm-181,qualcomm,Qualcomm,Santa Clara (SCL.A),office,"3195 Kifer Road, Santa Clara, CA, 95051, USA",USA,37.3741824,-121.9831814,street_or_area_candidate,geocoded,https://www.qualcomm.com/company/facilities/offices,official_company_directory,2026-08-25,2026-08-25,https://nominatim.openstreetmap.org/,"3195, Kifer Road, Santa Clara, Santa Clara County, California, 95051, United States",way,707103694,"3195 Kifer Road, Santa Clara, CA, 95051, USA",,,,,,,,,,,,,,
qualcomm-182,qualcomm,Qualcomm,Santa Clara (SCL.B),office,"3165 Kifer Road, Santa Clara, CA, 95051, USA",USA,37.3741848,-121.9829981,street_or_area_candidate,geocoded,https://www.qualcomm.com/company/facilities/offices,official_company_directory,2026-08-25,2026-08-25,https://nominatim.openstreetmap.org/,"3165, Kifer Road, Santa Clara, Santa Clara County, California, 95051, United States",way,707103694,"3165 Kifer Road, Santa Clara, CA, 95051, USA",,,,,,,,,,,,,,
qualcomm-183,qualcomm,Qualcomm,Santa Clara (SCL.C),office,"3135 Kifer Road, Santa Clara, CA, 95051, USA",USA,37.3742029,-121.9843183,street_or_area_candidate,geocoded,https://www.qualcomm.com/company/facilities/offices,official_company_directory,2026-08-25,2026-08-25,https://nominatim.openstreetmap.org/,"3135 Kifer Road, Kifer Road, Lawrence, Santa Clara, Santa Clara County, California, 95089, United States",node,6645014711,"3135 Kifer Road, Santa Clara, CA, 95051, USA",,,,,,,,,,,,,,
qualcomm-184,qualcomm,Qualcomm,Santa Clara (SCL.D),office,"3105 Kifer Road, Santa Clara, CA, 95051, USA",USA,37.3740726,-121.9841554,street_or_area_candidate,geocoded,https://www.qualcomm.com/company/facilities/offices,official_company_directory,2026-08-25,2026-08-25,https://nominatim.openstreetmap.org/,"Kifer Road, Santa Clara, Santa Clara County, California, 95089, United States",way,712064844,"3105 Kifer Road, Santa Clara, CA, 95051, USA",,,,,,,,,,,,,,
qualcomm-185,qualcomm,Qualcomm,Saratoga (SAR.A),office,"15015 Bohlman Road, Saratoga, CA, 95070, USA",USA,37.2499948,-122.0382894,street_or_area_candidate,geocoded,https://www.qualcomm.com/company/facilities/offices,official_company_directory,2026-08-25,2026-08-25,https://nominatim.openstreetmap.org/,"15015, Bohlman Road, Saratoga, Santa Clara County, California, 95070, United States",way,592346527,"15015 Bohlman Road, Saratoga, CA, 95070, USA",,,,,,,,,,,,,,
qualcomm-186,qualcomm,Qualcomm,Tempe (TMP.A),office,"303 West Elliot Road,Suite 119, Tempe, AZ, 85284, USA",USA,,,unlocated,needs_review,https://www.qualcomm.com/company/facilities/offices,official_company_directory,2026-08-25,2026-08-25,https://nominatim.openstreetmap.org/,,,,,,,,,,,,,,,,,,
qualcomm-187,qualcomm,Qualcomm,Washington DC (WDC.C),office,"1730 Pennsylvania Ave N.W.,Suite 850, Washington DC, DC, 20006-1850, USA",USA,,,unlocated,needs_review,https://www.qualcomm.com/company/facilities/offices,official_company_directory,2026-08-25,2026-08-25,https://nominatim.openstreetmap.org/,,,,,,,,,,,,,,,,,,
qualcomm-188,qualcomm,Qualcomm,HCMC.Z,office,"No. 25, Riverview 6, Vinhomes Golden River, 02 Ton Duc Thang Street, Ben Nghe Ward, District 1, Ho Chi Minh City, Vietnam",Vietnam,,,unlocated,needs_review,https://www.qualcomm.com/company/facilities/offices,official_company_directory,2026-08-25,2026-08-25,https://nominatim.openstreetmap.org/,,,,,,,,,,,,,,,,,,
qualcomm-189,qualcomm,Qualcomm,Hanoi (HANOI.A),office,"Floor 20, GELEX Building,No. 52 Le Dai Hanh St. Le Dai Hanh Ward,Hai Ba Trung District, Hanoi, 100000, Vietnam",Vietnam,,,unlocated,needs_review,https://www.qualcomm.com/company/facilities/offices,official_company_directory,2026-08-25,2026-08-25,https://nominatim.openstreetmap.org/,,,,,,,,,,,,,,,,,,
qualcomm-190,qualcomm,Qualcomm,Ho Chi Minh City (VIETN.F),office,"235 Dong Khoi Street, District 1,Unit 908 (Unit 8 Level 9), Ho Chi Minh City, Vietnam",Vietnam,,,unlocated,needs_review,https://www.qualcomm.com/company/facilities/offices,official_company_directory,2026-08-25,2026-08-25,https://nominatim.openstreetmap.org/,,,,,,,,,,,,,,,,,,
qualcomm-191,qualcomm,Qualcomm,Santa Clara (SCL.F),office,"3090 Oakmead Village Dr., Santa Clara, CA, 95051, USA",USA,37.3773564,-121.9819173,street_or_area_candidate,geocoded,https://www.qualcomm.com/company/facilities/offices,official_company_directory,2026-08-25,2026-08-25,https://nominatim.openstreetmap.org/,"3090, Oakmead Village Drive, Santa Clara, Santa Clara County, California, 95051, United States",way,30904310,"3090 Oakmead Village Dr., Santa Clara, CA, 95051, USA",,,,,,,,,,,,,,
qualcomm-192,qualcomm,Qualcomm,Addison (DAL.B),office,"15301 Dallas Parkway Suites 125, 130, Addison, TX, 75001, USA",USA,,,unlocated,needs_review,https://www.qualcomm.com/company/facilities/offices,official_company_directory,2026-08-25,2026-08-25,https://nominatim.openstreetmap.org/,,,,,,,,,,,,,,,,,,
qualcomm-193,qualcomm,Qualcomm,Boston (BOS.B),office,"77 Summer St. Floors 8 & 9, Boston, MA, 02110, USA",USA,,,unlocated,needs_review,https://www.qualcomm.com/company/facilities/offices,official_company_directory,2026-08-25,2026-08-25,https://nominatim.openstreetmap.org/,,,,,,,,,,,,,,,,,,
qualcomm-194,qualcomm,Qualcomm,Santa Clara (SCL.E),office,"3150 Central Expressway, Santa Clara, CA, 95051, USA",USA,37.3775173,-121.9847465,street_or_area_candidate,geocoded,https://www.qualcomm.com/company/facilities/offices,official_company_directory,2026-08-25,2026-08-25,https://nominatim.openstreetmap.org/,"3150, Central Expressway, Lawrence, Santa Clara, Santa Clara County, California, 95051, United States",way,395306012,"3150 Central Expressway, Santa Clara, CA, 95051, USA",,,,,,,,,,,,,,
qualcomm-195,qualcomm,Qualcomm,Chengdu (CNGDU.A),office,"Bldg 1, Funder Chengda Center, 21/F, No. 101 Gulou South Street, Chengdu, 610017, Peoples Republic of China",Peoples Republic of China,,,unlocated,needs_review,https://www.qualcomm.com/company/facilities/offices,official_company_directory,2026-08-25,2026-08-25,https://nominatim.openstreetmap.org/,,,,,,,,,,,,,,,,,,
qualcomm-196,qualcomm,Qualcomm,BP,office,"10350 Sorrento Valley Road, San Diego, CA, 92121, USA",USA,32.8906187,-117.2117041,building,map_ready,https://www.qualcomm.com/company/facilities/offices,official_company_directory,2026-08-25,2026-08-25,https://nominatim.openstreetmap.org/,"Qualcomm Sorrento Creek, 10350, Sorrento Valley Road, Sorrento Valley, San Diego, San Diego County, California, 92121, United States",way,31843724,"10350 Sorrento Valley Road, San Diego, CA, 92121, USA",openstreetmap_building_match,2026-08-25,,,,,,,,,,,,
qualcomm-197,qualcomm,Qualcomm,Bordeaux (BORDE.B),office,"CAP LEEUWIN, Floors 6-7 ILOT P11 - 171 rue Lucien Faure, Bordeaux, 33000, France",France,,,unlocated,needs_review,https://www.qualcomm.com/company/facilities/offices,official_company_directory,2026-08-25,2026-08-25,https://nominatim.openstreetmap.org/,,,,,,,,,,,,,,,,,,
qualcomm-198,qualcomm,Qualcomm,Hyderabad (HYDRB.E),office,"KRC Tower, Floors 1-17 16/A/1 and 16/A/2, S. No. 83/1 Raidurga(Panmaktha) Village, Serilingampally Mandal Ranga Reddy District, Hyderabad, Telangana, 500081, India",India,,,unlocated,needs_review,https://www.qualcomm.com/company/facilities/offices,official_company_directory,2026-08-25,2026-08-25,https://nominatim.openstreetmap.org/,,,,,,,,,,,,,,,,,,
qualcomm-199,qualcomm,Qualcomm,Seattle (SEA.E),office,"1924 1st Avenue Suite 300, Seattle, WA, 98101, USA",USA,,,unlocated,needs_review,https://www.qualcomm.com/company/facilities/offices,official_company_directory,2026-08-25,2026-08-25,https://nominatim.openstreetmap.org/,,,,,,,,,,,,,,,,,,
qualcomm-200,qualcomm,Qualcomm,Biot (SOPHI.D),office,"750 Avenue de Roumanille, Biot, 06410, France",France,,,unlocated,needs_review,https://www.qualcomm.com/company/facilities/offices,official_company_directory,2026-08-25,2026-08-25,https://nominatim.openstreetmap.org/,,,,,,,,,,,,,,,,,,
qualcomm-201,qualcomm,Qualcomm,ROME.A,office,"Piazza dell'Indipendenza 23 B/C, Rome, 00187, Italy",Italy,41.904344,12.5018531,street_or_area_candidate,geocoded,https://www.qualcomm.com/company/facilities/offices,official_company_directory,2026-08-25,2026-08-25,https://nominatim.openstreetmap.org/,"Piazza dell'Indipendenza, Castro Pretorio, Municipio Roma I, Roma, Roma Capitale, Lazio, 00185, Italia",way,124516078,"Piazza dell'Indipendenza 23 B/C, Rome, 00187, Italy",,,,,,,,,,,,,,
qualcomm-202,qualcomm,Qualcomm,Colombes (CLMBS.A),office,"1 rue du Débarcadère, Building A, East half of the 5th floor, Colombes, 92700, France",France,,,unlocated,needs_review,https://www.qualcomm.com/company/facilities/offices,official_company_directory,2026-08-25,2026-08-25,https://nominatim.openstreetmap.org/,,,,,,,,,,,,,,,,,,
qualcomm-203,qualcomm,Qualcomm,Montbonnot (MONTB.B),office,"110 Rue Blaise Pascal, Montbonnot, 38330, France",France,45.213117,5.8088383,building,map_ready,https://www.qualcomm.com/company/facilities/offices,official_company_directory,2026-08-25,2026-08-25,https://nominatim.openstreetmap.org/,"110, Rue Blaise Pascal, Innovallée Montbonnot, Montbonnot-Saint-Martin, Grenoble, Isère, Auvergne-Rhône-Alpes, France métropolitaine, 38330, France",way,160171788,"110 Rue Blaise Pascal, Montbonnot, 38330, France, France",openstreetmap_building_match,2026-08-25,,,,,,,,,,,,
qualcomm-204,qualcomm,Qualcomm,New Delhi (DELHI.B),office,"Unit No. 102, 1st Floor, Worldmark 2, Asset Area 8, Aerocity, IGI Airport, New Delhi, 110037, India",India,,,unlocated,needs_review,https://www.qualcomm.com/company/facilities/offices,official_company_directory,2026-08-25,2026-08-25,https://nominatim.openstreetmap.org/,,,,,,,,,,,,,,,,,,
qualcomm-205,qualcomm,Qualcomm,Tijuana (TIJNA.Z),office,"Ave. Sur 5813, Col. San Antonio de Los Buenos, Tijuana, Baja California, 22563, Mexico",Mexico,,,unlocated,needs_review,https://www.qualcomm.com/company/facilities/offices,official_company_directory,2026-08-25,2026-08-25,https://nominatim.openstreetmap.org/,,,,,,,,,,,,,,,,,,
marvell-001,marvell,Marvell,Wilmington corporate headquarters,headquarters,"1000 N. West Street, Suite 1200, Wilmington, DE 19801, United States",United States,,,unlocated,needs_review,https://investor.marvell.com/sec-filings/all-sec-filings/content/0001835632-26-000011/mrvl-20260131.htm,regulatory_filing,2026-08-25,2026-08-25,https://nominatim.openstreetmap.org/,,,,,,,,,,"Complete import of the 54 separately addressed corporate offices in Marvell’s current official global directory, plus the distinct Wilmington corporate headquarters disclosed in its current Form 10-K. Distributor and representative listings are excluded.",,,,,,,,
marvell-002,marvell,Marvell,Chandler office,office,"3377 S Price Rd #2055, Chandler, AZ 85248, United States",United States,,,unlocated,needs_review,https://www.marvell.com/company/offices.html,official_company_directory,2026-08-25,2026-08-25,https://nominatim.openstreetmap.org/,,,,,,,,,,,,,,,,,,
marvell-003,marvell,Marvell,Santa Clara U.S. headquarters,headquarters,"5488 Marvell Lane, Santa Clara, CA 95054, United States",United States,37.4106827,-121.9820142,street_or_area_candidate,geocoded,https://www.marvell.com/company/offices.html,official_company_directory,2026-08-25,2026-08-25,https://nominatim.openstreetmap.org/,"Marvell Lane, Santa Clara, Santa Clara County, California, 95002, United States",way,605652386,"5488 Marvell Lane, Santa Clara, CA 95054, United States",,,,,,,,,,,,,,
marvell-004,marvell,Marvell,Irvine office,office,"15485 Sand Canyon Ave, Irvine, CA 92618, United States",United States,33.670938,-117.768053,building,map_ready,https://www.marvell.com/company/offices.html,official_company_directory,2026-08-25,2026-08-25,https://nominatim.openstreetmap.org/,"15485, Sand Canyon Avenue, Oak Creek, Irvine, Orange County, California, 92618, United States",way,837274645,"15485 Sand Canyon Ave, Irvine, CA 92618, United States",openstreetmap_building_match,2026-08-25,,,,,,,,,,,,
marvell-005,marvell,Marvell,Westlake Village office,office,"112 South Lakeview Canyon Road, Lakeview Corporate Center, 1st Floor, Suite 100, Westlake Village, CA 91362, United States",United States,,,unlocated,needs_review,https://www.marvell.com/company/offices.html,official_company_directory,2026-08-25,2026-08-25,https://nominatim.openstreetmap.org/,,,,,,,,,,,,,,,,,,
marvell-006,marvell,Marvell,Boise office,office,"700 South Clearwater Lane, Boise, ID 83712, United States",United States,43.6022852,-116.1899658,building,map_ready,https://www.marvell.com/company/offices.html,official_company_directory,2026-08-25,2026-08-25,https://nominatim.openstreetmap.org/,"700, South Clearwater Lane, East End, Boise, Ada County, Idaho, 83712, United States",way,757761900,"700 South Clearwater Lane, Boise, ID 83712, United States",openstreetmap_building_match,2026-08-25,,,,,,,,,,,,
marvell-007,marvell,Marvell,Westborough office,office,"8 Technology Drive, Suites 150 & 200, 1st & 2nd Floor, Westborough, MA 01581, United States",United States,,,unlocated,needs_review,https://www.marvell.com/company/offices.html,official_company_directory,2026-08-25,2026-08-25,https://nominatim.openstreetmap.org/,,,,,,,,,,,,,,,,,,
marvell-008,marvell,Marvell,Minnetonka office,office,"12900 Whitewater Dr. #310, Minnetonka, MN 55343, United States",United States,,,unlocated,needs_review,https://www.marvell.com/company/offices.html,official_company_directory,2026-08-25,2026-08-25,https://nominatim.openstreetmap.org/,,,,,,,,,,,,,,,,,,
marvell-009,marvell,Marvell,Rochester office,office,"3555 9th St NW, Suite 400, Rochester, MN 55901, United States",United States,,,unlocated,needs_review,https://www.marvell.com/company/offices.html,official_company_directory,2026-08-25,2026-08-25,https://nominatim.openstreetmap.org/,,,,,,,,,,,,,,,,,,
marvell-010,marvell,Marvell,Morrisville office,office,"3015 Carrington Mill Blvd, Suite 500, Morrisville, NC 27560, United States",United States,,,unlocated,needs_review,https://www.marvell.com/company/offices.html,official_company_directory,2026-08-25,2026-08-25,https://nominatim.openstreetmap.org/,,,,,,,,,,,,,,,,,,
marvell-011,marvell,Marvell,Fishkill office,office,"60 Merritt Blvd, Suite 203, Fishkill, NY 12524, United States",United States,,,unlocated,needs_review,https://www.marvell.com/company/offices.html,official_company_directory,2026-08-25,2026-08-25,https://nominatim.openstreetmap.org/,,,,,,,,,,,,,,,,,,
marvell-012,marvell,Marvell,Portland office,office,"1675 S.W. Marlow Avenue, North Pacific Plaza, Suite 220, Portland, OR 97225, United States",United States,,,unlocated,needs_review,https://www.marvell.com/company/offices.html,official_company_directory,2026-08-25,2026-08-25,https://nominatim.openstreetmap.org/,,,,,,,,,,,,,,,,,,
marvell-013,marvell,Marvell,Austin office,office,"5113 Southwest Parkway, Travis Oaks Building 350, Austin, TX 78735, United States",United States,,,unlocated,needs_review,https://www.marvell.com/company/offices.html,official_company_directory,2026-08-25,2026-08-25,https://nominatim.openstreetmap.org/,,,,,,,,,,,,,,,,,,
marvell-014,marvell,Marvell,Burlington office,office,"128 Lakeside Avenue, Suite 401, 3rd and 4th floor, Burlington, VT 05401, United States",United States,,,unlocated,needs_review,https://www.marvell.com/company/offices.html,official_company_directory,2026-08-25,2026-08-25,https://nominatim.openstreetmap.org/,,,,,,,,,,,,,,,,,,
marvell-015,marvell,Marvell,Herndon office,office,"13800 Coppermine Rd, Suite 201, Herndon, VA 20171, United States",United States,,,unlocated,needs_review,https://www.marvell.com/company/offices.html,official_company_directory,2026-08-25,2026-08-25,https://nominatim.openstreetmap.org/,,,,,,,,,,,,,,,,,,
marvell-016,marvell,Marvell,Cordoba Humberto Primo 670 office,office,"Av. Humberto Primo 670, Capitalinas Complex, Fragueiro Block, Office F 65, Floor 6, Cordoba, Argentina",Argentina,,,unlocated,needs_review,https://www.marvell.com/company/offices.html,official_company_directory,2026-08-25,2026-08-25,https://nominatim.openstreetmap.org/,,,,,,,,,,,,,,,,,,
marvell-017,marvell,Marvell,Cordoba Humberto Primo 680 office,office,"Calle Humberto Primo 680, Capitalinas, Suquia Block, Floor 6, Units S 61-67, Cordoba, Argentina",Argentina,,,unlocated,needs_review,https://www.marvell.com/company/offices.html,official_company_directory,2026-08-25,2026-08-25,https://nominatim.openstreetmap.org/,,,,,,,,,,,,,,,,,,
marvell-018,marvell,Marvell,Burnaby office,office,"4333 Still Creek Drive, Phase 7, Suite 110, Burnaby, BC V5C 6S6, Canada",Canada,,,unlocated,needs_review,https://www.marvell.com/company/offices.html,official_company_directory,2026-08-25,2026-08-25,https://nominatim.openstreetmap.org/,,,,,,,,,,,,,,,,,,
marvell-019,marvell,Marvell,Kanata office,office,"400-350 Legget Drive, Kanata, ON K2K 2W7, Canada",Canada,,,unlocated,needs_review,https://www.marvell.com/company/offices.html,official_company_directory,2026-08-25,2026-08-25,https://nominatim.openstreetmap.org/,,,,,,,,,,,,,,,,,,
marvell-020,marvell,Marvell,Markham office,office,"500-10 Aviva Way, Markham, ON L6G 0G1, Canada",Canada,43.847304,-79.3247457,street_or_area_candidate,geocoded,https://www.marvell.com/company/offices.html,official_company_directory,2026-08-25,2026-08-25,https://nominatim.openstreetmap.org/,"Aviva Way, Markham, York Region, Golden Horseshoe, Ontario, L6G 0G1, Canada",way,460536549,"500-10 Aviva Way, Markham, ON L6G 0G1, Canada",,,,,,,,,,,,,,
marvell-021,marvell,Marvell,Toronto office,office,"150 King Street West, Suite 704, Toronto, ON M5H 1J9, Canada",Canada,,,unlocated,needs_review,https://www.marvell.com/company/offices.html,official_company_directory,2026-08-25,2026-08-25,https://nominatim.openstreetmap.org/,,,,,,,,,,,,,,,,,,
marvell-022,marvell,Marvell,Beijing office,office,"Unit 503, North District, Digital Technology Plaza, 9 Shangdi Jiujie Street, Haidian District, Beijing 100085, China",China,,,unlocated,needs_review,https://www.marvell.com/company/offices.html,official_company_directory,2026-08-25,2026-08-25,https://nominatim.openstreetmap.org/,,,,,,,,,,,,,,,,,,
marvell-023,marvell,Marvell,Chengdu office,office,"No. 219 Second Tianhua Road, Tianfu Software Park, Building C10, TFSP Zones C, Floor 25, Chengdu, China",China,,,unlocated,needs_review,https://www.marvell.com/company/offices.html,official_company_directory,2026-08-25,2026-08-25,https://nominatim.openstreetmap.org/,,,,,,,,,,,,,,,,,,
marvell-024,marvell,Marvell,Nanjing office,office,"No. 57 Andemen Street, Building 7, Rooms 305-310, Floor 3, Nanjing, China",China,,,unlocated,needs_review,https://www.marvell.com/company/offices.html,official_company_directory,2026-08-25,2026-08-25,https://nominatim.openstreetmap.org/,,,,,,,,,,,,,,,,,,
marvell-025,marvell,Marvell,Shanghai office,office,"Buildings 3 & 4, No. 399 Ke Yuan Road, Pudong New District, Shanghai 201203, China",China,,,unlocated,needs_review,https://www.marvell.com/company/offices.html,official_company_directory,2026-08-25,2026-08-25,https://nominatim.openstreetmap.org/,,,,,,,,,,,,,,,,,,
marvell-026,marvell,Marvell,Shenzhen office,office,"B407, Unit 1, Block B, Wanrong Building, No. 1029 Nanhai Avenue, Yanshan Community, Merchants Street, Nanshan District, Shenzhen, China",China,,,unlocated,needs_review,https://www.marvell.com/company/offices.html,official_company_directory,2026-08-25,2026-08-25,https://nominatim.openstreetmap.org/,,,,,,,,,,,,,,,,,,
marvell-027,marvell,Marvell,Wuhan office,office,"Rooms 1609-1610, No. 355 Guanshan Avenue, mTower, East Lake High-Tech Development Zone, Wuhan, Hubei 430000, China",China,,,unlocated,needs_review,https://www.marvell.com/company/offices.html,official_company_directory,2026-08-25,2026-08-25,https://nominatim.openstreetmap.org/,,,,,,,,,,,,,,,,,,
marvell-028,marvell,Marvell,Horsholm office,office,"Agern Alle 24, Room 55-4221, DK-2970 Horsholm, Denmark",Denmark,55.869272,12.491707,street_or_area_candidate,geocoded,https://www.marvell.com/company/offices.html,official_company_directory,2026-08-25,2026-08-25,https://nominatim.openstreetmap.org/,"24, Agern Alle, Isterød, Hørsholm, Rudersdal Kommune, Region Hovedstaden, 2970, Danmark",node,950117041,"Agern Alle 24, DK-2970 Horsholm, Denmark, Denmark",,,,,,,,,,,,,,
marvell-029,marvell,Marvell,Aachen office,office,"Otto-Blumenthal-Str. 25, 52074 Aachen, Germany",Germany,50.7803007,6.0493178,street_or_area_candidate,geocoded,https://www.marvell.com/company/offices.html,official_company_directory,2026-08-25,2026-08-25,https://nominatim.openstreetmap.org/,"AMICA, 25, Otto-Blumenthal-Straße, Melaten, Seffent, Laurensberg, Aachen, Städteregion Aachen, Nordrhein-Westfalen, 52074, Deutschland",way,29052669,"Otto-Blumenthal-Str. 25, 52074 Aachen, Germany",,,,,,,,,,,,,,
marvell-030,marvell,Marvell,Ettlingen Automotive Center of Excellence,research_center,"Siemensstrasse 23, 76275 Ettlingen, Germany",Germany,48.9380946,8.3743944,building,map_ready,https://www.marvell.com/company/offices.html,official_company_directory,2026-08-25,2026-08-25,https://nominatim.openstreetmap.org/,"23, Siemensstraße, Automotive Center of Excellence, Ettlingen, Landkreis Karlsruhe, Baden-Württemberg, 76275, Deutschland",way,86528290,"Siemensstrasse 23, 76275 Ettlingen, Germany",openstreetmap_building_match,2026-08-25,,,,,,,,,,,,
marvell-031,marvell,Marvell,Bangalore office,office,"Global Technology Park, Towers D & E, Floors 9-11, Marathahalli-Sarjapur Outer Ring Road, Bangalore 560103, India",India,,,unlocated,needs_review,https://www.marvell.com/company/offices.html,official_company_directory,2026-08-25,2026-08-25,https://nominatim.openstreetmap.org/,,,,,,,,,,,,,,,,,,
marvell-032,marvell,Marvell,Hyderabad office,office,"6-3-567 North East Building, 1st & 2nd Floor, Erra Manzil, Somajiguda, Hyderabad 500082, India",India,,,unlocated,needs_review,https://www.marvell.com/company/offices.html,official_company_directory,2026-08-25,2026-08-25,https://nominatim.openstreetmap.org/,,,,,,,,,,,,,,,,,,
marvell-033,marvell,Marvell,Pune office,office,"Panchshil Business Park, Tower A, 8th and 9th Floor, Survey No. 206/S, Viman Nagar, Pune 411014, Maharashtra, India",India,,,unlocated,needs_review,https://www.marvell.com/company/offices.html,official_company_directory,2026-08-25,2026-08-25,https://nominatim.openstreetmap.org/,,,,,,,,,,,,,,,,,,
marvell-034,marvell,Marvell,Petah Tikva office,office,"9 Ha-Psagot St, Ofer Park, Petah Tikva 4970602, Israel",Israel,,,unlocated,needs_review,https://www.marvell.com/company/offices.html,official_company_directory,2026-08-25,2026-08-25,https://nominatim.openstreetmap.org/,,,,,,,,,,,,,,,,,,
marvell-035,marvell,Marvell,Yokneam office,office,"6 Hamada Street, Mordot HaCarmel Industrial Park, Yokneam 2069203, Israel",Israel,,,unlocated,needs_review,https://www.marvell.com/company/offices.html,official_company_directory,2026-08-25,2026-08-25,https://nominatim.openstreetmap.org/,,,,,,,,,,,,,,,,,,
marvell-036,marvell,Marvell,Pavia office,office,"Viale della Repubblica 38, Pavia 27100, Italy",Italy,45.2015819,9.154296,street_or_area_candidate,geocoded,https://www.marvell.com/company/offices.html,official_company_directory,2026-08-25,2026-08-25,https://nominatim.openstreetmap.org/,"Viale della Repubblica, Città Giardino, Pavia, Lombardia, 27100, Italia",way,28291679,"Viale della Repubblica 38, Pavia 27100, Italy",,,,,,,,,,,,,,
marvell-037,marvell,Marvell,Hiratsuka office,office,"Hiratsuka M N Building, Floor 9, 3-1 Takara-cho, Hiratsuka 254-0034, Japan",Japan,,,unlocated,needs_review,https://www.marvell.com/company/offices.html,official_company_directory,2026-08-25,2026-08-25,https://nominatim.openstreetmap.org/,,,,,,,,,,,,,,,,,,
marvell-038,marvell,Marvell,Osaka office,office,"Yodoyabashi PREX, 2-4-9 Hiranomachi, Chuo Ward, Osaka 541-0046, Japan",Japan,,,unlocated,needs_review,https://www.marvell.com/company/offices.html,official_company_directory,2026-08-25,2026-08-25,https://nominatim.openstreetmap.org/,,,,,,,,,,,,,,,,,,
marvell-039,marvell,Marvell,Tokyo office,office,"Meguro Hilltop Walk, Level 4, 4-1-5 Kamiosaki, Shinagawa, Tokyo 141-0021, Japan",Japan,,,unlocated,needs_review,https://www.marvell.com/company/offices.html,official_company_directory,2026-08-25,2026-08-25,https://nominatim.openstreetmap.org/,,,,,,,,,,,,,,,,,,
marvell-040,marvell,Marvell,Ofuna office,office,"Kasahara Building Ofuna IV, Floor 3 Room 3, 1-24-19 Ofuna, Ofuna 247-0056, Japan",Japan,,,unlocated,needs_review,https://www.marvell.com/company/offices.html,official_company_directory,2026-08-25,2026-08-25,https://nominatim.openstreetmap.org/,,,,,,,,,,,,,,,,,,
marvell-041,marvell,Marvell,Eindhoven office,office,"High Tech Campus 5, 5656 AE Eindhoven, Netherlands",Netherlands,51.4100784,5.4550722,building,map_ready,https://www.marvell.com/company/offices.html,official_company_directory,2026-08-25,2026-08-25,https://nominatim.openstreetmap.org/,"Bilfinger Tebodin, 5, High Tech Campus, High Tech Campus Eindhoven, Gestel, Eindhoven, Noord-Brabant, Nederland, 5656 AE, Nederland",node,11462481493,"High Tech Campus 5, 5656 AE Eindhoven, Netherlands, Netherlands",openstreetmap_building_match,2026-08-25,,,,,,,,,,,,
marvell-042,marvell,Marvell,Krakow office,office,"Marvell Technology Poland, Krakowski Park Technologiczny, Office 1.36, Podole 60, 30-394 Krakow, Poland",Poland,,,unlocated,needs_review,https://www.marvell.com/company/offices.html,official_company_directory,2026-08-25,2026-08-25,https://nominatim.openstreetmap.org/,,,,,,,,,,,,,,,,,,
marvell-043,marvell,Marvell,Bucharest office,office,"SkyTower Office Building, Floor 22, 246 C Calea Floreasca Street, Sector 1, Bucharest 014476, Romania",Romania,,,unlocated,needs_review,https://www.marvell.com/company/offices.html,official_company_directory,2026-08-25,2026-08-25,https://nominatim.openstreetmap.org/,,,,,,,,,,,,,,,,,,
marvell-044,marvell,Marvell,Singapore office,office,"Tai Seng Centre, 3 Irving Road, Units #08-01, #09-06 to #09-09 and #10-01, Singapore 369522",Singapore,,,unlocated,needs_review,https://www.marvell.com/company/offices.html,official_company_directory,2026-08-25,2026-08-25,https://nominatim.openstreetmap.org/,,,,,,,,,,,,,,,,,,
marvell-045,marvell,Marvell,Seoul office,office,"Capital Tower, Part of Floor 19, 142 Teheran-ro, Gangnam-gu, Seoul, South Korea",South Korea,,,unlocated,needs_review,https://www.marvell.com/company/offices.html,official_company_directory,2026-08-25,2026-08-25,https://nominatim.openstreetmap.org/,,,,,,,,,,,,,,,,,,
marvell-046,marvell,Marvell,Suwon office,office,"Gwanggyo Technotower, Room 1010, Euidong 1248-3, Suwon City, South Korea",South Korea,,,unlocated,needs_review,https://www.marvell.com/company/offices.html,official_company_directory,2026-08-25,2026-08-25,https://nominatim.openstreetmap.org/,,,,,,,,,,,,,,,,,,
marvell-047,marvell,Marvell,Barcelona office,office,"LOOM Plaza Catalunya, Placa de Catalunya 9, Floor 6, 08002 Barcelona, Spain",Spain,,,unlocated,needs_review,https://www.marvell.com/company/offices.html,official_company_directory,2026-08-25,2026-08-25,https://nominatim.openstreetmap.org/,,,,,,,,,,,,,,,,,,
marvell-048,marvell,Marvell,Madrid office,office,"6 Gran Via Street, Office 42, Floor 4, 28013 Madrid, Spain",Spain,,,unlocated,needs_review,https://www.marvell.com/company/offices.html,official_company_directory,2026-08-25,2026-08-25,https://nominatim.openstreetmap.org/,,,,,,,,,,,,,,,,,,
marvell-049,marvell,Marvell,Stockholm office,office,"Farogatan 33, Katla 1, Kista Science Tower, Room B1243, Floor B12, 164 40 Stockholm, Sweden",Sweden,,,unlocated,needs_review,https://www.marvell.com/company/offices.html,official_company_directory,2026-08-25,2026-08-25,https://nominatim.openstreetmap.org/,,,,,,,,,,,,,,,,,,
marvell-050,marvell,Marvell,Taipei office,office,"11F, No. 390 Ruiguang Rd., Neihu District, Taipei City 114767, Taiwan",Taiwan,,,unlocated,needs_review,https://www.marvell.com/company/offices.html,official_company_directory,2026-08-25,2026-08-25,https://nominatim.openstreetmap.org/,,,,,,,,,,,,,,,,,,
marvell-051,marvell,Marvell,Hsinchu office,office,"10F, Building A, No. 3 Huanke 1st Rd., Zhubei City, Hsinchu County 302047, Taiwan",Taiwan,,,unlocated,needs_review,https://www.marvell.com/company/offices.html,official_company_directory,2026-08-25,2026-08-25,https://nominatim.openstreetmap.org/,,,,,,,,,,,,,,,,,,
marvell-052,marvell,Marvell,Northamptonshire office,office,"Grange Farm Barns Development, Unit 1, Preston Deanery, Northamptonshire NN6 7BW, United Kingdom",United Kingdom,,,unlocated,needs_review,https://www.marvell.com/company/offices.html,official_company_directory,2026-08-25,2026-08-25,https://nominatim.openstreetmap.org/,,,,,,,,,,,,,,,,,,
marvell-053,marvell,Marvell,Ho Chi Minh City Etown 6 office,office,"Etown 6 Tower, Floors 10-11, 364 Cong Hoa Street, Tan Binh Ward, Ho Chi Minh City 700000, Vietnam",Vietnam,,,unlocated,needs_review,https://www.marvell.com/company/offices.html,official_company_directory,2026-08-25,2026-08-25,https://nominatim.openstreetmap.org/,,,,,,,,,,,,,,,,,,
marvell-054,marvell,Marvell,Ho Chi Minh City UOA Tower office,office,"UOA Tower, Floors 12-13, No. 6 Tan Trao Street, Tan My Ward, Ho Chi Minh City 700000, Vietnam",Vietnam,,,unlocated,needs_review,https://www.marvell.com/company/offices.html,official_company_directory,2026-08-25,2026-08-25,https://nominatim.openstreetmap.org/,,,,,,,,,,,,,,,,,,
marvell-055,marvell,Marvell,Da Nang office,office,"ICT1 Tower, Da Nang Software Park 2, Floor 7, Nhu Nguyet Street, Hai Chau Ward, Da Nang City 550000, Vietnam",Vietnam,,,unlocated,needs_review,https://www.marvell.com/company/offices.html,official_company_directory,2026-08-25,2026-08-25,https://nominatim.openstreetmap.org/,,,,,,,,,,,,,,,,,,
cambricon-001,cambricon,Cambricon,Beijing headquarters,headquarters,"北京市海淀区知春路7号致真大厦D座5、11、13、16、21层, China",China,25.7017448,-99.236325,street_or_area_candidate,geocoded,https://www.cambricon.com/index.php?a=lists&c=index&catid=7+nav1&m=content,official_company_directory,2026-08-25,2026-08-25,https://nominatim.openstreetmap.org/,"China, Nuevo León, México",node,1828870423,"7 D 5 11 13 16 21 , China, China",,,,,,Complete import of all nine separately addressed offices in Cambricon’s current official company-address directory. Floor and unit details are retained; no inferred or city-only sites are included.,,,,,,,,
cambricon-002,cambricon,Cambricon,Shanghai Zhangjiang office,office,"上海市浦东新区祖冲之路2290弄1号1101、1103-1110、1801、1804-1806、2102B, China",China,,,unlocated,needs_review,https://www.cambricon.com/index.php?a=lists&c=index&catid=7+nav1&m=content,official_company_directory,2026-08-25,2026-08-25,https://nominatim.openstreetmap.org/,,,,,,,,,,,,,,,,,,
cambricon-003,cambricon,Cambricon,Shanghai Lingang office,office,"上海市浦东新区临港新城镇海港大道1555号901-903, China",China,44.4790605,-69.5175458,street_or_area_candidate,geocoded,https://www.cambricon.com/index.php?a=lists&c=index&catid=7+nav1&m=content,official_company_directory,2026-08-25,2026-08-25,https://nominatim.openstreetmap.org/,"China, Kennebec County, Maine, 04358, United States",relation,12189764,"1555 901-903, China",,,,,,,,,,,,,,
cambricon-004,cambricon,Cambricon,Shenzhen office,office,"广东省深圳市南山区南头街道桃园路8号田厦金牛广场A座3404-3410、3506-3510, China",China,,,unlocated,needs_review,https://www.cambricon.com/index.php?a=lists&c=index&catid=7+nav1&m=content,official_company_directory,2026-08-25,2026-08-25,https://nominatim.openstreetmap.org/,,,,,,,,,,,,,,,,,,
cambricon-005,cambricon,Cambricon,Hefei office,office,"安徽省合肥市高新区习友路3333号中国声谷A1栋22层, China",China,30.047992,-94.3357433,street_or_area_candidate,geocoded,https://www.cambricon.com/index.php?a=lists&c=index&catid=7+nav1&m=content,official_company_directory,2026-08-25,2026-08-25,https://nominatim.openstreetmap.org/,"China, Jefferson County, Texas, 77613, United States",relation,6605099,"3333 A1 22 , China",,,,,,,,,,,,,,
cambricon-006,cambricon,Cambricon,Xi’an Fengyue Yunchuang office,office,"陕西省西安市沣东新城镐京大道与汉池一路交界口沣悦云创中心3号写字楼26层, China",China,23.2917295,113.2950694,building_candidate,geocoded,https://www.cambricon.com/index.php?a=lists&c=index&catid=7+nav1&m=content,official_company_directory,2026-08-25,2026-08-25,https://nominatim.openstreetmap.org/,"龙归, 鹤龙四路, 龙归街道, 白云区, 广州市, 广东省, 中国",way,532283371,"3 26 , China, China",,,,,,,,,,,,,,
cambricon-007,cambricon,Cambricon,Xi’an New Chang’an Plaza office,office,"陕西省西安市雁塔区沣惠南路34号新长安广场二期C座2401-2402, China",China,,,unlocated,needs_review,https://www.cambricon.com/index.php?a=lists&c=index&catid=7+nav1&m=content,official_company_directory,2026-08-25,2026-08-25,https://nominatim.openstreetmap.org/,,,,,,,,,,,,,,,,,,
cambricon-008,cambricon,Cambricon,Kunshan office,office,"江苏省昆山市玉山镇萧林路2026号鑫欣科创综合体C栋701单元, China",China,22.2836044,114.1635627,street_or_area_candidate,geocoded,https://www.cambricon.com/index.php?a=lists&c=index&catid=7+nav1&m=content,official_company_directory,2026-08-25,2026-08-25,https://nominatim.openstreetmap.org/,"中環灣仔繞道 Central–Wan Chai Bypass, 添馬 Tamar, 金鐘 Admiralty, 中西區 Central and Western District, 香港島 Hong Kong Island, 香港 Hong Kong, 中国",way,288198074,"2026 C 701 , China",,,,,,,,,,,,,,
cambricon-009,cambricon,Cambricon,Nanjing office,office,"江苏省南京市江宁区创研路266号A5栋606、607, China",China,36.2206547,-95.8552027,street_or_area_candidate,geocoded,https://www.cambricon.com/index.php?a=lists&c=index&catid=7+nav1&m=content,official_company_directory,2026-08-25,2026-08-25,https://nominatim.openstreetmap.org/,"East 46th Street North, Tulsa, Oklahoma, 74117, United States",way,1184369134,"266 A5 606 607, China, China",,,,,,,,,,,,,,
sophgo-001,sophgo,SOPHGO,Beijing headquarters,headquarters,"北京市海淀区丰豪东路9号院6号楼, China",China,25.7017448,-99.236325,street_or_area_candidate,geocoded,https://www.sophgo.com/about-us/index.html,official_company_contact_page,2026-08-25,2026-08-25,https://nominatim.openstreetmap.org/,"China, Nuevo León, México",node,1828870423,"9 6 , China, China",,,,,,"SOPHGO’s current official About page publishes this exact Beijing contact address. It says the company has more than ten R&D centers in cities including Shanghai, Shenzhen, Qingdao and Xiamen, plus operations in Singapore and the United States, but does not disclose their street addresses; those city-only claims are intentionally withheld from the map.",,,,,,,,
iluvatar-corex-001,iluvatar-corex,Iluvatar CoreX,Shanghai headquarters,headquarters,"上海市闵行区陈行公路2168号3幢, China",China,25.7017448,-99.236325,street_or_area_candidate,geocoded,https://www.iluvatar.com/concactus,official_company_directory,2026-08-25,2026-08-25,https://nominatim.openstreetmap.org/,"China, Nuevo León, México",node,1828870423,"2168 3 , China, China",,,,,,"Complete import of the six locations in Iluvatar CoreX’s current official company-address directory, plus the distinct Hong Kong principal place of business disclosed in its 2025 annual report. The registered Room 101 at the Chenhang Road headquarters is consolidated with the same published building rather than duplicated.",,,,,,,,
iluvatar-corex-002,iluvatar-corex,Iluvatar CoreX,Shanghai Zhangjiang office,office,"上海市浦东新区碧波路690号张江微电子港6号楼501-510室, China",China,,,unlocated,needs_review,https://www.iluvatar.com/concactus,official_company_directory,2026-08-25,2026-08-25,https://nominatim.openstreetmap.org/,,,,,,,,,,,,,,,,,,
iluvatar-corex-003,iluvatar-corex,Iluvatar CoreX,Shenzhen office,office,"广东省深圳市南山区高新南九道39号深圳清华大学研究院新大楼B座2204, China",China,,,unlocated,needs_review,https://www.iluvatar.com/concactus,official_company_directory,2026-08-25,2026-08-25,https://nominatim.openstreetmap.org/,,,,,,,,,,,,,,,,,,
iluvatar-corex-004,iluvatar-corex,Iluvatar CoreX,Nanjing office,office,"江苏省南京市建邺区奥体大街68号新城科技园国际研发总部园2幢, China",China,29.5424823,87.6481318,street_or_area_candidate,geocoded,https://www.iluvatar.com/concactus,official_company_directory,2026-08-25,2026-08-25,https://nominatim.openstreetmap.org/,"赤那村, 达居乡, 昂仁县 ངམ་རིང་རྫོང།, 日喀则市 གཞིས་ཀ་རྩེ་གྲོང་ཁྱེར།, 西藏自治区 བོད་རང་སྐྱོང་ལྗོངས།, 中国",node,13959310306,"68 2 , China, China",,,,,,,,,,,,,,
iluvatar-corex-005,iluvatar-corex,Iluvatar CoreX,Xi’an office,office,"陕西省西安市秦创原·西安科创基金园1号楼, China",China,44.479036,-69.5179737,street_or_area_candidate,geocoded,https://www.iluvatar.com/concactus,official_company_directory,2026-08-25,2026-08-25,https://nominatim.openstreetmap.org/,"1, Neck Road, China, Kennebec County, Maine, 04926, United States",node,7215439380,"1 , China, China",,,,,,,,,,,,,,
iluvatar-corex-006,iluvatar-corex,Iluvatar CoreX,Beijing office,office,"北京市海淀区海淀北二街10号泰鹏大厦8层806-820室, China",China,,,unlocated,needs_review,https://www.iluvatar.com/concactus,official_company_directory,2026-08-25,2026-08-25,https://nominatim.openstreetmap.org/,,,,,,,,,,,,,,,,,,
iluvatar-corex-007,iluvatar-corex,Iluvatar CoreX,Hong Kong principal place of business,office,"40/F, Dah Sing Financial Centre, 248 Queen’s Road East, Wan Chai, Hong Kong",Hong Kong,,,unlocated,needs_review,https://newsfile.futunn.com/public/NN-PersistNoticeAttachment/7781/20260427/12124708-0.PDF,regulatory_filing,2026-08-25,2026-08-25,https://nominatim.openstreetmap.org/,,,,,,,,,,,,,,,,,,
hpe-001,hpe,HPE,Spring worldwide headquarters,headquarters,"1701 E Mossy Oaks Rd, Spring, TX 77389, United States",United States,30.0927438,-95.4546079,street_or_area_candidate,geocoded,https://www.hpe.com/us/en/contact-hpe.html,official_company_directory,2026-08-25,2026-08-25,https://nominatim.openstreetmap.org/,"East Mossy Oaks Road, Springwood, Spring, Harris County, Texas, 77389, United States",way,1010764980,"1701 E Mossy Oaks Rd, Spring, TX 77389, United States",,,,,,Partial verified set containing all eight exact-address United States offices currently exposed on HPE’s official Contact page. HPE’s worldwide directory links to country-specific pages across dozens of markets; those pages still require address-by-address reconciliation before HPE is counted as complete.,false,,,,,,,
hpe-002,hpe,HPE,Roseville office,office,"8000 Foothills Boulevard, Roseville, CA 95747, United States",United States,38.787729,-121.3145526,street_or_area_candidate,geocoded,https://www.hpe.com/us/en/contact-hpe.html,official_company_directory,2026-08-25,2026-08-25,https://nominatim.openstreetmap.org/,"8000, Foothills Boulevard, Roseville, Placer County, California, 95675, United States",node,1097716640,"8000 Foothills Boulevard, Roseville, CA 95747, United States",,,,,,,false,,,,,,,
hpe-003,hpe,HPE,Durham HPE Nimble Storage office,office,"1015 Swabia Court, Durham, NC 27703, United States",United States,35.8744537,-78.8474183,building,map_ready,https://www.hpe.com/us/en/contact-hpe.html,official_company_directory,2026-08-25,2026-08-25,https://nominatim.openstreetmap.org/,"1015, Swabia Court, Imperial Center, Nelson, Durham, Durham County, North Carolina, 27703, United States",relation,1504099,"1015 Swabia Court, Durham, NC 27703, United States",openstreetmap_building_match,2026-08-25,,,,,false,,,,,,,
hpe-004,hpe,HPE,New York office,office,"461 Fifth Avenue, New York, NY 10017, United States",United States,40.7522717,-73.9813705,building,map_ready,https://www.hpe.com/us/en/contact-hpe.html,official_company_directory,2026-08-25,2026-08-25,https://nominatim.openstreetmap.org/,"461 Fifth Avenue, 461, 5th Avenue, Midtown South, Manhattan Community Board 5, Manhattan, New York County, New York, 10017, United States",way,265424383,"461 Fifth Avenue, New York, NY 10017, United States",openstreetmap_building_match,2026-08-25,,,,,false,,,,,,,
hpe-005,hpe,HPE,Alpharetta office,office,"5555 Windward Parkway, Alpharetta, GA 30004, United States",United States,34.0874292,-84.2650355,street_or_area_candidate,geocoded,https://www.hpe.com/us/en/contact-hpe.html,official_company_directory,2026-08-25,2026-08-25,https://nominatim.openstreetmap.org/,"5555, Windward Parkway, Alpharetta, Fulton County, Georgia, 30004, United States",way,1115206867,"5555 Windward Parkway, Alpharetta, GA 30004, United States",,,,,,,false,,,,,,,
hpe-006,hpe,HPE,Frisco office,office,"3001 Dallas Parkway, Frisco, TX 75034-8660, United States",United States,33.1039467,-96.8239705,building,map_ready,https://www.hpe.com/us/en/contact-hpe.html,official_company_directory,2026-08-25,2026-08-25,https://nominatim.openstreetmap.org/,"3001, Dallas Parkway, Frisco, Collin County, Texas, 75034, United States",way,518594969,"3001 Dallas Parkway, Frisco, TX 75034-8660, United States",openstreetmap_building_match,2026-08-25,,,,,false,,,,,,,
hpe-007,hpe,HPE,San Jose office,office,"6280 America Center Drive, San Jose, CA 95002, United States",United States,37.4192611,-121.9787718,building,map_ready,https://www.hpe.com/us/en/contact-hpe.html,official_company_directory,2026-08-25,2026-08-25,https://nominatim.openstreetmap.org/,"Hewlett Packard Enterprise, 6280, America Center Drive, America Center, Alviso, San Jose, Santa Clara County, California, 95002, United States",way,501508395,"6280 America Center Drive, San Jose, CA 95002, United States",openstreetmap_building_match,2026-08-25,,,,,false,,,,,,,
hpe-008,hpe,HPE,Fort Collins office,office,"3404 E Harmony Road, Fort Collins, CO 80528, United States",United States,40.5264943,-105.0126417,building,map_ready,https://www.hpe.com/us/en/contact-hpe.html,official_company_directory,2026-08-25,2026-08-25,https://nominatim.openstreetmap.org/,"Building 6 - Hewlett Packard Enterprise, 3404, East Harmony Road, Fort Collins, Larimer County, Colorado, 80528, United States",way,380655037,"3404 E Harmony Road, Fort Collins, CO 80528, United States",openstreetmap_building_match,2026-08-25,,,,,false,,,,,,,
lenovo-001,lenovo,Lenovo,Beijing headquarters,headquarters,"Building 2, No. 10, Courtyard Xibeiwang East Road, Haidian District, Beijing 100094, China",China,,,unlocated,needs_review,https://www.lenovo.com/ie/en/about/locations/,official_company_directory,2026-08-25,2026-08-25,https://nominatim.openstreetmap.org/,,,,,,,,,,"Partial verified set containing Lenovo’s two exact-address headquarters and all ten exact-address manufacturing sites in its current manufacturing disclosure. Lenovo’s current worldwide locations page lists dozens of sales offices only at city level; their street addresses remain to be reconciled, so Lenovo is not counted as complete.",false,,,,,,,
lenovo-002,lenovo,Lenovo,Morrisville headquarters,headquarters,"8001 Development Drive, Morrisville, NC 27560, United States",United States,,,unlocated,needs_review,https://www.lenovo.com/ie/en/about/locations/,official_company_directory,2026-08-25,2026-08-25,https://nominatim.openstreetmap.org/,,,,,,,,,,,false,,,,,,,
lenovo-003,lenovo,Lenovo,Ullo manufacturing site,factory,"ULL5 Building, CTP Industrial Park, 28 K-SPED Boulevard, 2225 Ullo, Hungary",Hungary,,,unlocated,needs_review,https://www.lenovo.com/content/dam/lenovo/site-design/esg-document-library/global/corp-policies/gsc/List_of_Lenovo_Mfg_Sites_and_Suppliers.pdf,official_esg_facility_directory,2026-08-25,2026-08-25,https://nominatim.openstreetmap.org/,,,,,,,,,,,false,,,,,,,
lenovo-004,lenovo,Lenovo,Indaiatuba manufacturing site,factory,"Estrada Municipal Jose Costa de Mesquita 200, Chacara Alvorada, Indaiatuba, SP, Brazil",Brazil,-23.0769904,-47.1668714,street_or_area_candidate,geocoded,https://www.lenovo.com/content/dam/lenovo/site-design/esg-document-library/global/corp-policies/gsc/List_of_Lenovo_Mfg_Sites_and_Suppliers.pdf,official_esg_facility_directory,2026-08-25,2026-08-25,https://nominatim.openstreetmap.org/,"Estrada Municipal José Costa de Mesquita, Chácara Alvorada, Hel­vétia, Indaiatuba, São Paulo, Região Sudeste, 13337-200, Brasil",way,344145877,"Estrada Municipal Jose Costa de Mesquita 200, Chacara Alvorada, Indaiatuba, SP, Brazil",,,,,,,false,,,,,,,
lenovo-005,lenovo,Lenovo,Pondicherry manufacturing site,factory,"RS No. 19/1A & 2A, Cuddalore Main Road, Edayar Palayam Village, Pondicherry, India",India,,,unlocated,needs_review,https://www.lenovo.com/content/dam/lenovo/site-design/esg-document-library/global/corp-policies/gsc/List_of_Lenovo_Mfg_Sites_and_Suppliers.pdf,official_esg_facility_directory,2026-08-25,2026-08-25,https://nominatim.openstreetmap.org/,,,,,,,,,,,false,,,,,,,
lenovo-006,lenovo,Lenovo,Hefei manufacturing site,factory,"No. 3188-1 Yungu Road, Economic and Technological Development Zone, Hefei, China",China,,,unlocated,needs_review,https://www.lenovo.com/content/dam/lenovo/site-design/esg-document-library/global/corp-policies/gsc/List_of_Lenovo_Mfg_Sites_and_Suppliers.pdf,official_esg_facility_directory,2026-08-25,2026-08-25,https://nominatim.openstreetmap.org/,,,,,,,,,,,false,,,,,,,
lenovo-007,lenovo,Lenovo,Shenzhen Guangming manufacturing site,factory,"Plant 1, Lenovo Innovation Park, Lidu Road, Loucun Community, Xinhu Street, Guangming District, Shenzhen, Guangdong, China",China,,,unlocated,needs_review,https://www.lenovo.com/content/dam/lenovo/site-design/esg-document-library/global/corp-policies/gsc/List_of_Lenovo_Mfg_Sites_and_Suppliers.pdf,official_esg_facility_directory,2026-08-25,2026-08-25,https://nominatim.openstreetmap.org/,,,,,,,,,,,false,,,,,,,
lenovo-008,lenovo,Lenovo,Apodaca manufacturing site,factory,"Boulevard Escobedo 316 & 318, Apodaca Technology Park, CP 66627 Apodaca, Nuevo Leon, Mexico",Mexico,,,unlocated,needs_review,https://www.lenovo.com/content/dam/lenovo/site-design/esg-document-library/global/corp-policies/gsc/List_of_Lenovo_Mfg_Sites_and_Suppliers.pdf,official_esg_facility_directory,2026-08-25,2026-08-25,https://nominatim.openstreetmap.org/,,,,,,,,,,,false,,,,,,,
lenovo-009,lenovo,Lenovo,Yonezawa manufacturing site,factory,"6-80 Shimohanazawa 2-Chome, Yonezawa-shi, Yamagata, Japan",Japan,37.910426,140.1327768,street_or_area_candidate,geocoded,https://www.lenovo.com/content/dam/lenovo/site-design/esg-document-library/global/corp-policies/gsc/List_of_Lenovo_Mfg_Sites_and_Suppliers.pdf,official_esg_facility_directory,2026-08-25,2026-08-25,https://nominatim.openstreetmap.org/,"下花沢二丁目, 下花沢, 米沢市, 山形県, 992-0023, 日本",node,1877149160,"6-80 Shimohanazawa 2-Chome, Yonezawa-shi, Yamagata, Japan",,,,,,,false,,,,,,,
lenovo-010,lenovo,Lenovo,Tianjin manufacturing site,factory,"Lenovo Innovation Park, Jingsan Road, Airport Economic Development Zone, Dongli District, Tianjin, China",China,,,unlocated,needs_review,https://www.lenovo.com/content/dam/lenovo/site-design/esg-document-library/global/corp-policies/gsc/List_of_Lenovo_Mfg_Sites_and_Suppliers.pdf,official_esg_facility_directory,2026-08-25,2026-08-25,https://nominatim.openstreetmap.org/,,,,,,,,,,,false,,,,,,,
lenovo-011,lenovo,Lenovo,Whitsett fulfillment center,factory,"6540 Franz Warner Parkway, Whitsett, NC 27377, United States",United States,,,unlocated,needs_review,https://www.lenovo.com/content/dam/lenovo/site-design/esg-document-library/global/corp-policies/gsc/List_of_Lenovo_Mfg_Sites_and_Suppliers.pdf,official_esg_facility_directory,2026-08-25,2026-08-25,https://nominatim.openstreetmap.org/,,,,,,,,,,,false,,,,,,,
lenovo-012,lenovo,Lenovo,Wuhan manufacturing site,factory,"No. 19 Gaoxin 4th Road, Wuhan, Hubei, China",China,,,unlocated,needs_review,https://www.lenovo.com/content/dam/lenovo/site-design/esg-document-library/global/corp-policies/gsc/List_of_Lenovo_Mfg_Sites_and_Suppliers.pdf,official_esg_facility_directory,2026-08-25,2026-08-25,https://nominatim.openstreetmap.org/,,,,,,,,,,,false,,,,,,,
vertiv-001,vertiv,Vertiv,Global headquarters,headquarters,"505 N Cleveland Ave, Westerville, OH 43082, United States",United States,40.139365,-82.9472421,street_or_area_candidate,geocoded,https://www.vertiv.com/en-us/contacts/,official_company_contact_page,2026-08-25,2026-08-25,https://nominatim.openstreetmap.org/,"505, North Cleveland Avenue, Westerville, Delaware County, Ohio, 43082, United States",way,1322802312,"505 N Cleveland Ave, Westerville, OH 43082, United States",,,,,,"Partial verified set containing every physical corporate contact address on Vertiv’s current official U.S. Contact page. Vertiv reports 30 manufacturing locations, roughly 320 service centers and 26 customer experience centers/labs worldwide but does not publish their complete street-address directory on this page; those facilities remain to be reconciled. The investor-relations postal box is excluded.",false,,,,,,,
vertiv-002,vertiv,Vertiv,"Fort Lauderdale KVM, Serial and Battery Monitoring office",office,"550 W Cypress Creek Road, Suite 200, Fort Lauderdale, FL 33309, United States",United States,,,unlocated,needs_review,https://www.vertiv.com/en-us/contacts/,official_company_contact_page,2026-08-25,2026-08-25,https://nominatim.openstreetmap.org/,,,,,,,,,,,false,,,,,,,
vertiv-003,vertiv,Vertiv,Huntsville KVM and Serial main office,office,"3414 Governors Drive SW, Suite 100, Huntsville, AL 35805, United States",United States,,,unlocated,needs_review,https://www.vertiv.com/en-us/contacts/,official_company_contact_page,2026-08-25,2026-08-25,https://nominatim.openstreetmap.org/,,,,,,,,,,,false,,,,,,,
vertiv-004,vertiv,Vertiv,Lorain DC Power and Outside Plant main office,office,"1510 Kansas Ave, Lorain, OH 44052, United States",United States,41.4689601,-82.1569298,street_or_area_candidate,geocoded,https://www.vertiv.com/en-us/contacts/,official_company_contact_page,2026-08-25,2026-08-25,https://nominatim.openstreetmap.org/,"1510, Kansas Avenue, Lorain, Lorain County, Ohio, 44052, United States",way,19127138,"1510 Kansas Ave, Lorain, OH 44052, United States",,,,,,,false,,,,,,,
vertiv-005,vertiv,Vertiv,Lincoln PDU main office,office,"1777 Yolande Ave, Lincoln, NE 68521, United States",United States,40.8399202,-96.6955701,street_or_area_candidate,geocoded,https://www.vertiv.com/en-us/contacts/,official_company_contact_page,2026-08-25,2026-08-25,https://nominatim.openstreetmap.org/,"Vertiv, 1777, Yolande Avenue, Yolande, Lincoln, Lancaster County, Nebraska, 68521, United States",way,1134214895,"1777 Yolande Ave, Lincoln, NE 68521, United States",,,,,,,false,,,,,,,
vertiv-006,vertiv,Vertiv,Americas headquarters,headquarters,"610 Executive Campus Drive, Westerville, OH 43082, United States",United States,40.1416726,-82.9491353,street_or_area_candidate,geocoded,https://www.vertiv.com/en-us/contacts/,official_company_contact_page,2026-08-25,2026-08-25,https://nominatim.openstreetmap.org/,"610, Executive Campus Drive, Westerville, Delaware County, Ohio, 43082, United States",way,21355185,"610 Executive Campus Drive, Westerville, OH 43082, United States",,,,,,,false,,,,,,,
cisco-001,cisco,Cisco,Bentonville office,office,"2502 Technology Circle, Bentonville, AR 72712, United States",United States,36.3611257,-94.1832068,street_or_area_candidate,geocoded,https://www.cisco.com/site/us/en/about/contact-cisco/office-locations.html,official_company_directory,2026-08-25,,,,,,,,,,,,"Complete import of Cisco’s current official United States and global office directories. Every separately addressed building is retained; duplicate directory labels at the same exact building are consolidated. Postal boxes are excluded when a street address is present, and no city-only or partner locations are introduced.",true,,,,,,,
cisco-002,cisco,Cisco,San Jose legal mailing office,office,"170 West Tasman Drive, San Jose, CA 95134, United States",United States,37.4083584,-121.9540909,building,map_ready,https://www.cisco.com/site/us/en/about/contact-cisco/office-locations.html,official_company_directory,2026-08-25,,,,,,,,,,,,,true,,,,,,,
cisco-003,cisco,Cisco,San Jose corporate headquarters,headquarters,"3098 Olsen Drive, San Jose, CA 95128, United States",United States,37.3188651,-121.9493678,building,map_ready,https://www.cisco.com/site/us/en/about/contact-cisco/office-locations.html,official_company_directory,2026-08-25,,,,,,,,,,,,,true,,,,,,,
cisco-004,cisco,Cisco,Milpitas Building 21,office,"Building 21, 771 Alder Drive, Milpitas, CA 95035, United States",United States,37.4168301,-121.917101,street_or_area_candidate,geocoded,https://www.cisco.com/site/us/en/about/contact-cisco/office-locations.html,official_company_directory,2026-08-25,,,,,,,,,,,,,true,,,,,,,
cisco-005,cisco,Cisco,San Francisco office,office,"500 Terry A. Francois Blvd, San Francisco, CA 94158, United States",United States,37.7703501,-122.3873489,building,map_ready,https://www.cisco.com/site/us/en/about/contact-cisco/office-locations.html,official_company_directory,2026-08-25,,,,,,,,,,,,,true,,,,,,,
cisco-006,cisco,Cisco,Washington DC office,office,"1000 Maine Ave SW, 2nd Floor, Suite 260, Washington, DC 20024, United States",United States,,,unlocated,needs_review,https://www.cisco.com/site/us/en/about/contact-cisco/office-locations.html,official_company_directory,2026-08-25,2026-08-25,https://nominatim.openstreetmap.org/,,,,,,,,,,,true,,,,,,,
cisco-007,cisco,Cisco,Atlanta office,office,"756 W Peachtree St NW, Atlanta, GA 30308, United States",United States,33.7754968,-84.3876768,building,map_ready,https://www.cisco.com/site/us/en/about/contact-cisco/office-locations.html,official_company_directory,2026-08-25,,,,,,,,,,,,,true,,,,,,,
cisco-008,cisco,Cisco,Chicago office,office,"433 W Van Buren Street, Suite 702, 7th Floor, Chicago, IL 60607, United States",United States,,,unlocated,needs_review,https://www.cisco.com/site/us/en/about/contact-cisco/office-locations.html,official_company_directory,2026-08-25,2026-08-25,https://nominatim.openstreetmap.org/,,,,,,,,,,,true,,,,,,,
cisco-009,cisco,Cisco,Annapolis office,office,"430 National Business Parkway, Suites 130 and 160, Annapolis, MD 20701, United States",United States,,,unlocated,needs_review,https://www.cisco.com/site/us/en/about/contact-cisco/office-locations.html,official_company_directory,2026-08-25,2026-08-25,https://nominatim.openstreetmap.org/,,,,,,,,,,,true,,,,,,,
cisco-010,cisco,Cisco,Fulton office,office,"8135 Maple Lawn Blvd, Fulton, MD 20759, United States",United States,39.1599088,-76.9030928,street_or_area_candidate,geocoded,https://www.cisco.com/site/us/en/about/contact-cisco/office-locations.html,official_company_directory,2026-08-25,,,,,,,,,,,,,true,,,,,,,
cisco-011,cisco,Cisco,New York office,office,"One Penn Plaza, 9th Floor, New York, NY 10119, United States",United States,,,unlocated,needs_review,https://www.cisco.com/site/us/en/about/contact-cisco/office-locations.html,official_company_directory,2026-08-25,2026-08-25,https://nominatim.openstreetmap.org/,,,,,,,,,,,true,,,,,,,
cisco-012,cisco,Cisco,Research Triangle Park Kit Creek 7100,office,"7100-7 Kit Creek Road, Research Triangle Park, NC 27709, United States",United States,35.858306,-78.8770003,building,map_ready,https://www.cisco.com/site/us/en/about/contact-cisco/office-locations.html,official_company_directory,2026-08-25,,,,,,,,,,,,,true,,,,,,,
cisco-013,cisco,Cisco,Research Triangle Park Kit Creek 7200,office,"7200-11 Kit Creek Road, Research Triangle Park, NC 27709, United States",United States,35.8604291,-78.881352,building,map_ready,https://www.cisco.com/site/us/en/about/contact-cisco/office-locations.html,official_company_directory,2026-08-25,,,,,,,,,,,,,true,,,,,,,
cisco-014,cisco,Cisco,Richfield office,office,"4125 Highlander Parkway, Richfield, OH 44286, United States",United States,41.2191279,-81.641847,street_or_area_candidate,geocoded,https://www.cisco.com/site/us/en/about/contact-cisco/office-locations.html,official_company_directory,2026-08-25,,,,,,,,,,,,,true,,,,,,,
cisco-015,cisco,Cisco,Austin Research Boulevard office,office,"12515 Research Blvd, Building 4, Austin, TX 78759, United States",United States,,,unlocated,needs_review,https://www.cisco.com/site/us/en/about/contact-cisco/office-locations.html,official_company_directory,2026-08-25,2026-08-25,https://nominatim.openstreetmap.org/,,,,,,,,,,,true,,,,,,,
cisco-016,cisco,Cisco,Austin Burnet Road office,office,"11501 Burnet Road, Building 906, Suite 300, Austin, TX 78758, United States",United States,,,unlocated,needs_review,https://www.cisco.com/site/us/en/about/contact-cisco/office-locations.html,official_company_directory,2026-08-25,2026-08-25,https://nominatim.openstreetmap.org/,,,,,,,,,,,true,,,,,,,
cisco-017,cisco,Cisco,Richardson office,office,"2300 East President George Bush Highway, Richardson, TX 75082, United States",United States,,,unlocated,needs_review,https://www.cisco.com/site/us/en/about/contact-cisco/office-locations.html,official_company_directory,2026-08-25,2026-08-25,https://nominatim.openstreetmap.org/,,,,,,,,,,,true,,,,,,,
cisco-018,cisco,Cisco,Buenos Aires 2 office,office,"Laminar Plaza, Edificio Laminar, Floor 17, Ing. Enrique Butty 240, Buenos Aires, Capital Federal C1001, Argentina",Argentina,,,unlocated,needs_review,https://www.cisco.com/site/us/en/about/contact-cisco/global-office-locations.html,official_company_directory,2026-08-25,2026-08-25,https://nominatim.openstreetmap.org/,,,,,,,,,,,true,,,,,,,
cisco-019,cisco,Cisco,Canberra office,office,"Level 11, 224 Bunda Street, Canberra, ACT 2601, Australia",Australia,,,unlocated,needs_review,https://www.cisco.com/site/us/en/about/contact-cisco/global-office-locations.html,official_company_directory,2026-08-25,2026-08-25,https://nominatim.openstreetmap.org/,,,,,,,,,,,true,,,,,,,
cisco-020,cisco,Cisco,North Sydney office,office,"Levels 22-24, 177 Pacific Highway, North Sydney, NSW 2060, Australia",Australia,,,unlocated,needs_review,https://www.cisco.com/site/us/en/about/contact-cisco/global-office-locations.html,official_company_directory,2026-08-25,2026-08-25,https://nominatim.openstreetmap.org/,,,,,,,,,,,true,,,,,,,
cisco-021,cisco,Cisco,St Leonards Forum office,office,"The Forum, 201 Pacific Highway, St Leonards, NSW 2065, Australia",Australia,,,unlocated,needs_review,https://www.cisco.com/site/us/en/about/contact-cisco/global-office-locations.html,official_company_directory,2026-08-25,2026-08-25,https://nominatim.openstreetmap.org/,,,,,,,,,,,true,,,,,,,
cisco-022,cisco,Cisco,Brisbane office,office,"Level 5, 340 Adelaide Street, Brisbane, QLD 4000, Australia",Australia,,,unlocated,needs_review,https://www.cisco.com/site/us/en/about/contact-cisco/global-office-locations.html,official_company_directory,2026-08-25,2026-08-25,https://nominatim.openstreetmap.org/,,,,,,,,,,,true,,,,,,,
cisco-023,cisco,Cisco,Melbourne office,office,"Levels 11 and 14, 101 Collins Street, Melbourne, VIC 3000, Australia",Australia,,,unlocated,needs_review,https://www.cisco.com/site/us/en/about/contact-cisco/global-office-locations.html,official_company_directory,2026-08-25,2026-08-25,https://nominatim.openstreetmap.org/,,,,,,,,,,,true,,,,,,,
cisco-024,cisco,Cisco,Perth office,office,"Westralia Plaza, Level 5, 167 St Georges Terrace, Perth, WA 6000, Australia",Australia,,,unlocated,needs_review,https://www.cisco.com/site/us/en/about/contact-cisco/global-office-locations.html,official_company_directory,2026-08-25,2026-08-25,https://nominatim.openstreetmap.org/,,,,,,,,,,,true,,,,,,,
cisco-025,cisco,Cisco,Vienna 4 office,office,"Cisco Systems GmbH, Tegetthoffstrasse 1, 1010 Vienna, Austria",Austria,,,unlocated,needs_review,https://www.cisco.com/site/us/en/about/contact-cisco/global-office-locations.html,official_company_directory,2026-08-25,2026-08-25,https://nominatim.openstreetmap.org/,,,,,,,,,,,true,,,,,,,
cisco-026,cisco,Cisco,Diegem Pegasus 1 and 2 offices,office,"Pegasus Parc, De Kleetlaan 6A, 1831 Diegem, Flemish Brabant, Belgium",Belgium,,,unlocated,needs_review,https://www.cisco.com/site/us/en/about/contact-cisco/global-office-locations.html,official_company_directory,2026-08-25,2026-08-25,https://nominatim.openstreetmap.org/,,,,,,,,,,,true,,,,,,,
cisco-027,cisco,Cisco,Diegem Pegasus 3 office,office,"Pegasus Parc, 7 De Kleetlaan, 1831 Diegem, Flemish Brabant, Belgium",Belgium,,,unlocated,needs_review,https://www.cisco.com/site/us/en/about/contact-cisco/global-office-locations.html,official_company_directory,2026-08-25,2026-08-25,https://nominatim.openstreetmap.org/,,,,,,,,,,,true,,,,,,,
cisco-028,cisco,Cisco,Vancouver 2 office,office,"Three Bentall Centre, Suite 2123, 595 Burrard Street, Vancouver, BC V7X 1J1, Canada",Canada,,,unlocated,needs_review,https://www.cisco.com/site/us/en/about/contact-cisco/global-office-locations.html,official_company_directory,2026-08-25,2026-08-25,https://nominatim.openstreetmap.org/,,,,,,,,,,,true,,,,,,,
cisco-029,cisco,Cisco,Kanata office,office,"2000 Innovation Drive, Kanata, ON K2K 3E8, Canada",Canada,45.3420615,-75.9264488,building,map_ready,https://www.cisco.com/site/us/en/about/contact-cisco/global-office-locations.html,official_company_directory,2026-08-25,,,,,,,,,,,,,true,,,,,,,
cisco-030,cisco,Cisco,Toronto 6 office,office,"Suite 2900, 88 Queens Quay West, Toronto, ON M5J 0B8, Canada",Canada,,,unlocated,needs_review,https://www.cisco.com/site/us/en/about/contact-cisco/global-office-locations.html,official_company_directory,2026-08-25,2026-08-25,https://nominatim.openstreetmap.org/,,,,,,,,,,,true,,,,,,,
cisco-031,cisco,Cisco,Saint-Laurent office,office,"Bureau 400, 555 Boulevard Dr.-Frederik-Philips, Saint-Laurent, QC H4M 2X4, Canada",Canada,,,unlocated,needs_review,https://www.cisco.com/site/us/en/about/contact-cisco/global-office-locations.html,official_company_directory,2026-08-25,2026-08-25,https://nominatim.openstreetmap.org/,,,,,,,,,,,true,,,,,,,
cisco-032,cisco,Cisco,Santiago 3 office,office,"Edificio El Golf, Suites 201 and 301, Avenida Apoquindo 3650, Santiago 7550108, Chile",Chile,,,unlocated,needs_review,https://www.cisco.com/site/us/en/about/contact-cisco/global-office-locations.html,official_company_directory,2026-08-25,2026-08-25,https://nominatim.openstreetmap.org/,,,,,,,,,,,true,,,,,,,
cisco-033,cisco,Cisco,Hefei Innovation Park office,office,"North Wing, Floors 1-7, Building D1, Innovation Park, 800 Wang Jiang Xi Road, Gao Xin District, Hefei, Anhui 230088, China",China,,,unlocated,needs_review,https://www.cisco.com/site/us/en/about/contact-cisco/global-office-locations.html,official_company_directory,2026-08-25,2026-08-25,https://nominatim.openstreetmap.org/,,,,,,,,,,,true,,,,,,,
cisco-034,cisco,Cisco,Beijing Yintai Tower office,office,"Floors 7-8, Building C, Yintai Office Tower B, No. 2 Jianguomenwai Avenue, Chaoyang District, Beijing 100022, China",China,,,unlocated,needs_review,https://www.cisco.com/site/us/en/about/contact-cisco/global-office-locations.html,official_company_directory,2026-08-25,2026-08-25,https://nominatim.openstreetmap.org/,,,,,,,,,,,true,,,,,,,
cisco-035,cisco,Cisco,Guangzhou Chow Tai Fook Centre office,office,"Units 03-05, Floor 24, Chow Tai Fook Finance Centre, No. 6 Zhujiang East Road, Guangzhou, Guangdong 510000, China",China,,,unlocated,needs_review,https://www.cisco.com/site/us/en/about/contact-cisco/global-office-locations.html,official_company_directory,2026-08-25,2026-08-25,https://nominatim.openstreetmap.org/,,,,,,,,,,,true,,,,,,,
cisco-036,cisco,Cisco,Shenzhen Kerry Plaza Tower 1 office,office,"Floor 6, Tower 1, Kerry Plaza, No. 1 Zhong Xin Si Road, Futian CBD, Shenzhen, Guangdong 518000, China",China,,,unlocated,needs_review,https://www.cisco.com/site/us/en/about/contact-cisco/global-office-locations.html,official_company_directory,2026-08-25,2026-08-25,https://nominatim.openstreetmap.org/,,,,,,,,,,,true,,,,,,,
cisco-037,cisco,Cisco,Shenzhen Kerry Plaza Tower 3 office,office,"Units 1-2, Floor 15, Tower 3, Kerry Plaza, No. 1 Zhong Xin Si Road, Futian CBD, Shenzhen, Guangdong 518000, China",China,,,unlocated,needs_review,https://www.cisco.com/site/us/en/about/contact-cisco/global-office-locations.html,official_company_directory,2026-08-25,2026-08-25,https://nominatim.openstreetmap.org/,,,,,,,,,,,true,,,,,,,
cisco-038,cisco,Cisco,Nanjing World Trade office,office,"Units 750-760, Level 7, Nanjing World Trade, No. 2 Han Zhong Road, Nanjing, Jiangsu 210005, China",China,,,unlocated,needs_review,https://www.cisco.com/site/us/en/about/contact-cisco/global-office-locations.html,official_company_directory,2026-08-25,2026-08-25,https://nominatim.openstreetmap.org/,,,,,,,,,,,true,,,,,,,
cisco-039,cisco,Cisco,Suzhou International Science Park office,office,"Floor 22, Phase IV, Suzhou International Science Park, 1355 Jinjihu Avenue, SIP, Suzhou, Jiangsu 215021, China",China,,,unlocated,needs_review,https://www.cisco.com/site/us/en/about/contact-cisco/global-office-locations.html,official_company_directory,2026-08-25,2026-08-25,https://nominatim.openstreetmap.org/,,,,,,,,,,,true,,,,,,,
cisco-040,cisco,Cisco,Dalian Software Park 2 office,office,"Floors 2, 3 and 6, Building 3, No. 5 Software East Road, Shahekou District, Dalian, Liaoning 116023, China",China,,,unlocated,needs_review,https://www.cisco.com/site/us/en/about/contact-cisco/global-office-locations.html,official_company_directory,2026-08-25,2026-08-25,https://nominatim.openstreetmap.org/,,,,,,,,,,,true,,,,,,,
cisco-041,cisco,Cisco,Shanghai Caohejing Hi-Tech Park office,office,"Floor 2, Xinsi Building, No. 926 Yishan Road, Shanghai 200233, China",China,,,unlocated,needs_review,https://www.cisco.com/site/us/en/about/contact-cisco/global-office-locations.html,official_company_directory,2026-08-25,2026-08-25,https://nominatim.openstreetmap.org/,,,,,,,,,,,true,,,,,,,
cisco-042,cisco,Cisco,Shanghai CPIC Xintiandi Tower 2 office,office,"No. 288 Xizang Road South, Huangpu District, Shanghai 200021, China",China,,,unlocated,needs_review,https://www.cisco.com/site/us/en/about/contact-cisco/global-office-locations.html,official_company_directory,2026-08-25,2026-08-25,https://nominatim.openstreetmap.org/,,,,,,,,,,,true,,,,,,,
cisco-043,cisco,Cisco,Shanghai Keji Building C office,office,"Block C, Keji Building, Caohejing Hi-Tech Park, 900 Yishan Road, Shanghai 200233, China",China,,,unlocated,needs_review,https://www.cisco.com/site/us/en/about/contact-cisco/global-office-locations.html,official_company_directory,2026-08-25,2026-08-25,https://nominatim.openstreetmap.org/,,,,,,,,,,,true,,,,,,,
cisco-044,cisco,Cisco,Chengdu Shangri-La Centre office,office,"Unit 1201, Floor 12, Shangri-La Centre, 9B Binjiang East Road, Chengdu, Sichuan 610021, China",China,,,unlocated,needs_review,https://www.cisco.com/site/us/en/about/contact-cisco/global-office-locations.html,official_company_directory,2026-08-25,2026-08-25,https://nominatim.openstreetmap.org/,,,,,,,,,,,true,,,,,,,
cisco-045,cisco,Cisco,Hangzhou CRDC office,office,"Building 4, Wangjiang International Centre, 332 Wangjiang Road East, Hangzhou, Zhejiang 310008, China",China,,,unlocated,needs_review,https://www.cisco.com/site/us/en/about/contact-cisco/global-office-locations.html,official_company_directory,2026-08-25,2026-08-25,https://nominatim.openstreetmap.org/,,,,,,,,,,,true,,,,,,,
cisco-046,cisco,Cisco,San Jose Costa Rica 2 office,office,"Edificio Los Balcones, First Floor, Autopista Prospero Fernandez, San Jose 10203, Costa Rica",Costa Rica,,,unlocated,needs_review,https://www.cisco.com/site/us/en/about/contact-cisco/global-office-locations.html,official_company_directory,2026-08-25,2026-08-25,https://nominatim.openstreetmap.org/,,,,,,,,,,,true,,,,,,,
cisco-047,cisco,Cisco,Zagreb 2 office,office,"Grand Centar, Hektoroviceva ulica 2, Zagreb 10000, Croatia",Croatia,,,unlocated,needs_review,https://www.cisco.com/site/us/en/about/contact-cisco/global-office-locations.html,official_company_directory,2026-08-25,2026-08-25,https://nominatim.openstreetmap.org/,,,,,,,,,,,true,,,,,,,
cisco-048,cisco,Cisco,Prague Charles Square Center office,office,"Charles Square Center, Karlovo Namesti 10, Prague 120 00, Czech Republic",Czech Republic,,,unlocated,needs_review,https://www.cisco.com/site/us/en/about/contact-cisco/global-office-locations.html,official_company_directory,2026-08-25,2026-08-25,https://nominatim.openstreetmap.org/,,,,,,,,,,,true,,,,,,,
cisco-049,cisco,Cisco,Prague Pujmanove Street office,office,"Pujmanove 1753/10a, Prague 4 - Nusle, Prague 14000, Czech Republic",Czech Republic,50.0498982,14.4352725,street_or_area_candidate,geocoded,https://www.cisco.com/site/us/en/about/contact-cisco/global-office-locations.html,official_company_directory,2026-08-25,2026-08-25,https://nominatim.openstreetmap.org/,"1753/10a, Pujmanové, Nusle, Praha 4, obvod Praha 4, Praha, 140 00, Česko",node,7619701061,"Pujmanove 1753/10a, Prague 4 - Nusle, Prague 14000, Czech Republic",,,,,,,true,,,,,,,
cisco-050,cisco,Cisco,Copenhagen 6 office,office,"Lautrupsgade 7, Copenhagen 2100, Denmark",Denmark,55.711316,12.588993,street_or_area_candidate,geocoded,https://www.cisco.com/site/us/en/about/contact-cisco/global-office-locations.html,official_company_directory,2026-08-25,2026-08-25,https://nominatim.openstreetmap.org/,"7, Lautrupsgade, Østerbro, København, Københavns Kommune, Region Hovedstaden, 2100, Danmark",node,340527791,"Lautrupsgade 7, Copenhagen 2100, Denmark, Denmark",,,,,,,true,,,,,,,
cisco-051,cisco,Cisco,Cairo 2 office,office,"City Stars Project, Tower 2A, Omar Ibn El Khattab Street, Nasr City, Cairo 11771, Egypt",Egypt,,,unlocated,needs_review,https://www.cisco.com/site/us/en/about/contact-cisco/global-office-locations.html,official_company_directory,2026-08-25,2026-08-25,https://nominatim.openstreetmap.org/,,,,,,,,,,,true,,,,,,,
cisco-052,cisco,Cisco,Espoo 2 office,office,"Lars Sonckin kaari 16, Espoo 02600, Finland",Finland,60.2121773,24.8174986,building,map_ready,https://www.cisco.com/site/us/en/about/contact-cisco/global-office-locations.html,official_company_directory,2026-08-25,2026-08-25,https://nominatim.openstreetmap.org/,"Stella Business Park - Terra, 16, Lars Sonckin kaari, Yhdyskunnanmäki, Perkkaa, Leppävaara, Suur-Leppävaara, Espoo, Helsingin seutukunta, Uusimaa, Manner-Suomi, 02600, Suomi / Finland",way,33480710,"Lars Sonckin kaari 16, Espoo 02600, Finland, Finland",openstreetmap_building_match,2026-08-25,,,,,true,,,,,,,
cisco-053,cisco,Cisco,Paris 03 office,office,"18-20 rue de Washington, Paris 75008, France",France,,,unlocated,needs_review,https://www.cisco.com/site/us/en/about/contact-cisco/global-office-locations.html,official_company_directory,2026-08-25,2026-08-25,https://nominatim.openstreetmap.org/,,,,,,,,,,,true,,,,,,,
cisco-054,cisco,Cisco,Villeurbanne 2 office,office,"77-79 Boulevard de la Bataille de Stalingrad, Villeurbanne 69100, France",France,45.7833029,4.8599593,street_or_area_candidate,geocoded,https://www.cisco.com/site/us/en/about/contact-cisco/global-office-locations.html,official_company_directory,2026-08-25,2026-08-25,https://nominatim.openstreetmap.org/,"Boulevard de la Bataille de Stalingrad, Tonkin, Villeurbanne, Lyon, Métropole de Lyon, Rhône, Auvergne-Rhône-Alpes, France métropolitaine, 69100, France",way,23152074,"77-79 Boulevard de la Bataille de Stalingrad, Villeurbanne 69100, France, France",,,,,,,true,,,,,,,
cisco-055,cisco,Cisco,Stuttgart City Plaza office,office,"City Plaza, Floor 4, Rotebuehlplatz 21-25, Stuttgart 70178, Germany",Germany,,,unlocated,needs_review,https://www.cisco.com/site/us/en/about/contact-cisco/global-office-locations.html,official_company_directory,2026-08-25,2026-08-25,https://nominatim.openstreetmap.org/,,,,,,,,,,,true,,,,,,,
cisco-056,cisco,Cisco,Garching office,office,"Parkring 20, Garching 85748, Germany",Germany,48.2508561,11.6355542,building,map_ready,https://www.cisco.com/site/us/en/about/contact-cisco/global-office-locations.html,official_company_directory,2026-08-25,2026-08-25,https://nominatim.openstreetmap.org/,"20, Parkring, Hochbrück, Garching bei München, Landkreis München, Bayern, 85748, Deutschland",way,513160973,"Parkring 20, Garching 85748, Germany",openstreetmap_building_match,2026-08-25,,,,,true,,,,,,,
cisco-057,cisco,Cisco,Berlin 2 office,office,"Floor 12, Kurfuerstendamm 22, Berlin 10719, Germany",Germany,,,unlocated,needs_review,https://www.cisco.com/site/us/en/about/contact-cisco/global-office-locations.html,official_company_directory,2026-08-25,2026-08-25,https://nominatim.openstreetmap.org/,,,,,,,,,,,true,,,,,,,
cisco-058,cisco,Cisco,Eschborn 3 office,office,"Ludwig-Erhard-Strasse 3, Eschborn 65760, Germany",Germany,50.1450372,8.5563894,building,map_ready,https://www.cisco.com/site/us/en/about/contact-cisco/global-office-locations.html,official_company_directory,2026-08-25,2026-08-25,https://nominatim.openstreetmap.org/,"3, Ludwig-Erhard-Straße, Gewerbegebiet West, Eschborn, Main-Taunus-Kreis, Hessen, 65760, Deutschland",way,26225737,"Ludwig-Erhard-Strasse 3, Eschborn 65760, Germany",openstreetmap_building_match,2026-08-25,,,,,true,,,,,,,
cisco-059,cisco,Cisco,Dusseldorf 1 office,office,"Floor 3, Hansaallee 249, Dusseldorf 40549, Germany",Germany,,,unlocated,needs_review,https://www.cisco.com/site/us/en/about/contact-cisco/global-office-locations.html,official_company_directory,2026-08-25,2026-08-25,https://nominatim.openstreetmap.org/,,,,,,,,,,,true,,,,,,,
cisco-060,cisco,Cisco,Athens 01 office,office,"Monumental Plaza, Building C, Floor 4, 44 Kifissias Avenue, Maroussi 15125, Greece",Greece,,,unlocated,needs_review,https://www.cisco.com/site/us/en/about/contact-cisco/global-office-locations.html,official_company_directory,2026-08-25,2026-08-25,https://nominatim.openstreetmap.org/,,,,,,,,,,,true,,,,,,,
cisco-061,cisco,Cisco,Hong Kong Great Eagle Centre office,office,"Great Eagle Centre, Floor 31, 23 Harbour Road, Wan Chai, Hong Kong",Hong Kong,22.2810278,114.1748831,building_candidate,geocoded,https://www.cisco.com/site/us/en/about/contact-cisco/global-office-locations.html,official_company_directory,2026-08-25,2026-08-25,https://nominatim.openstreetmap.org/,"鷹君中心 Great Eagle Centre, 23, 港灣道 Harbour Road, 灣仔 Wan Chai, 灣仔區 Wan Chai District, 香港島 Hong Kong Island, 香港 Hong Kong, 中国",relation,18183385,"Great Eagle Centre, 23 Harbour Road, Wan Chai, Hong Kong, Hong Kong",,,,,,,true,,,,,,,
cisco-062,cisco,Cisco,Budapest 1 office,office,"SAS Torony, Csorsz utca 45, Budapest 1123, Hungary",Hungary,47.4905703,19.0203278,building,map_ready,https://www.cisco.com/site/us/en/about/contact-cisco/global-office-locations.html,official_company_directory,2026-08-25,2026-08-25,https://nominatim.openstreetmap.org/,"Sas Torony, 45, Csörsz utca, Németvölgy, XII. kerület, Budapest, Közép-Magyarország, 1124, Magyarország",way,129087061,"SAS Torony, Csorsz utca 45, Budapest 1123, Hungary, Hungary",openstreetmap_building_match,2026-08-25,,,,,true,,,,,,,
cisco-063,cisco,Cisco,New Delhi 03 office,office,"East Tower, Floor 7, 25 Barakhamba Road, New Delhi 110001, India",India,,,unlocated,needs_review,https://www.cisco.com/site/us/en/about/contact-cisco/global-office-locations.html,official_company_directory,2026-08-25,2026-08-25,https://nominatim.openstreetmap.org/,,,,,,,,,,,true,,,,,,,
cisco-064,cisco,Cisco,Gurgaon 01 office,office,"RMZ Infinity, Plot 15, Phase IV, Udyog Vihar, Gurgaon, Haryana 122015, India",India,,,unlocated,needs_review,https://www.cisco.com/site/us/en/about/contact-cisco/global-office-locations.html,official_company_directory,2026-08-25,2026-08-25,https://nominatim.openstreetmap.org/,,,,,,,,,,,true,,,,,,,
cisco-065,cisco,Cisco,Bangalore 06 office,office,"Brigade South Parade, No. 10 Mahatma Gandhi Road, Bangalore, Karnataka 560001, India",India,,,unlocated,needs_review,https://www.cisco.com/site/us/en/about/contact-cisco/global-office-locations.html,official_company_directory,2026-08-25,2026-08-25,https://nominatim.openstreetmap.org/,,,,,,,,,,,true,,,,,,,
cisco-066,cisco,Cisco,Bangalore Cessna Business Park offices 11 and 15,office,"Cessna Business Park, Kadubeesanahalli, Varthur Hobli, Sarjapur-Marathalli Outer Ring Road, Bangalore, Karnataka 560103, India",India,,,unlocated,needs_review,https://www.cisco.com/site/us/en/about/contact-cisco/global-office-locations.html,official_company_directory,2026-08-25,2026-08-25,https://nominatim.openstreetmap.org/,,,,,,,,,,,true,,,,,,,
cisco-067,cisco,Cisco,Bangalore 26 office,office,"SEZ, Embassy Tech Village, Panathur, Devarabeesanahalli, Bangalore East Taluk, Bangalore, Karnataka 560103, India",India,,,unlocated,needs_review,https://www.cisco.com/site/us/en/about/contact-cisco/global-office-locations.html,official_company_directory,2026-08-25,2026-08-25,https://nominatim.openstreetmap.org/,,,,,,,,,,,true,,,,,,,
cisco-068,cisco,Cisco,Bangalore 50 office,office,"Bagmane Commerz 1, CV Raman Nagar, Bangalore, Karnataka 560093, India",India,,,unlocated,needs_review,https://www.cisco.com/site/us/en/about/contact-cisco/global-office-locations.html,official_company_directory,2026-08-25,2026-08-25,https://nominatim.openstreetmap.org/,,,,,,,,,,,true,,,,,,,
cisco-069,cisco,Cisco,Mumbai 12 office,office,"ONE BKC, Plot 66-C, G Block, Bandra Kurla Complex, Bandra East, Mumbai, Maharashtra 400051, India",India,,,unlocated,needs_review,https://www.cisco.com/site/us/en/about/contact-cisco/global-office-locations.html,official_company_directory,2026-08-25,2026-08-25,https://nominatim.openstreetmap.org/,,,,,,,,,,,true,,,,,,,
cisco-070,cisco,Cisco,Pune 05 office,office,"P-17, Phase I, Rajiv Gandhi Infotech Park, Hinjewadi, Pune, Maharashtra 411057, India",India,,,unlocated,needs_review,https://www.cisco.com/site/us/en/about/contact-cisco/global-office-locations.html,official_company_directory,2026-08-25,2026-08-25,https://nominatim.openstreetmap.org/,,,,,,,,,,,true,,,,,,,
cisco-071,cisco,Cisco,Pune 05A Annex office,office,"Annex Building, P-17, Phase I, Rajiv Gandhi Infotech Park, Hinjewadi, Pune, Maharashtra 411057, India",India,,,unlocated,needs_review,https://www.cisco.com/site/us/en/about/contact-cisco/global-office-locations.html,official_company_directory,2026-08-25,2026-08-25,https://nominatim.openstreetmap.org/,,,,,,,,,,,true,,,,,,,
cisco-072,cisco,Cisco,Pune 10 office,office,"Ground Floor, Pride Silicon Plaza, No. 3 Senapati Bapat Road, Pune, Maharashtra 411016, India",India,,,unlocated,needs_review,https://www.cisco.com/site/us/en/about/contact-cisco/global-office-locations.html,official_company_directory,2026-08-25,2026-08-25,https://nominatim.openstreetmap.org/,,,,,,,,,,,true,,,,,,,
cisco-073,cisco,Cisco,Chennai 08 office,office,"Neville Block, TRIL Infopark SEZ, Ramanujan IT City, Old Mahabalipuram Road, Taramani, Chennai, Tamil Nadu 600113, India",India,,,unlocated,needs_review,https://www.cisco.com/site/us/en/about/contact-cisco/global-office-locations.html,official_company_directory,2026-08-25,2026-08-25,https://nominatim.openstreetmap.org/,,,,,,,,,,,true,,,,,,,
cisco-074,cisco,Cisco,Chennai 10 office,office,"SKCL Harmony Square, Floor 8 North Wing, Nos. 48 and 50 Prakasam Street, T Nagar, Chennai, Tamil Nadu 600017, India",India,,,unlocated,needs_review,https://www.cisco.com/site/us/en/about/contact-cisco/global-office-locations.html,official_company_directory,2026-08-25,2026-08-25,https://nominatim.openstreetmap.org/,,,,,,,,,,,true,,,,,,,
cisco-075,cisco,Cisco,Jakarta Capital Place office,office,"Capital Place, Level 46, Jalan Jenderal Gatot Subroto Kav. 18, Kuningan Barat, Jakarta 12710, Indonesia",Indonesia,,,unlocated,needs_review,https://www.cisco.com/site/us/en/about/contact-cisco/global-office-locations.html,official_company_directory,2026-08-25,2026-08-25,https://nominatim.openstreetmap.org/,,,,,,,,,,,true,,,,,,,
cisco-076,cisco,Cisco,South Netanya office,office,"32 HaMelacha Street, Sapir Industrial Zone, South Netanya 4250567, Israel",Israel,,,unlocated,needs_review,https://www.cisco.com/site/us/en/about/contact-cisco/global-office-locations.html,official_company_directory,2026-08-25,2026-08-25,https://nominatim.openstreetmap.org/,,,,,,,,,,,true,,,,,,,
cisco-077,cisco,Cisco,Milan 01 office,office,"Via San Vittore 21, Milan 20123, Italy",Italy,45.4617812,9.1705869,street_or_area_candidate,geocoded,https://www.cisco.com/site/us/en/about/contact-cisco/global-office-locations.html,official_company_directory,2026-08-25,2026-08-25,https://nominatim.openstreetmap.org/,"Museo Nazionale della Scienza e della Tecnologia, 21, Via San Vittore, Magenta - San Vittore, Municipio 1, Milano, Rodano, Milano, Lombardia, 20123, Italia",way,420005515,"Via San Vittore 21, Milan 20123, Italy",,,,,,,true,,,,,,,
cisco-078,cisco,Cisco,Vimercate 5 office,office,"Via Santa Maria Molgora 48 C, Vimercate 20871, Italy",Italy,45.6037393,9.3672206,street_or_area_candidate,geocoded,https://www.cisco.com/site/us/en/about/contact-cisco/global-office-locations.html,official_company_directory,2026-08-25,2026-08-25,https://nominatim.openstreetmap.org/,"Via Santa Maria Molgora, Cascina Marcusate, Oreno, Vimercate, Monza e della Brianza, Lombardia, 20871, Italia",way,1307004876,"Via Santa Maria Molgora 48 C, Vimercate 20871, Italy",,,,,,,true,,,,,,,
cisco-079,cisco,Cisco,Rome 2 office,office,"Via del Serafico 200, Rome 00142, Italy",Italy,41.832686,12.4919128,building,map_ready,https://www.cisco.com/site/us/en/about/contact-cisco/global-office-locations.html,official_company_directory,2026-08-25,2026-08-25,https://nominatim.openstreetmap.org/,"minsait, 200, Via del Serafico, Municipio Roma VIII, Roma, Roma Capitale, Lazio, 00142, Italia",node,11775202795,"Via del Serafico 200, Rome 00142, Italy",openstreetmap_building_match,2026-08-25,,,,,true,,,,,,,
cisco-080,cisco,Cisco,Tokyo Midtown Tower office,office,"Tokyo Midtown Tower, 9-7-1 Akasaka, Minato-ku, Tokyo 107-6227, Japan",Japan,,,unlocated,needs_review,https://www.cisco.com/site/us/en/about/contact-cisco/global-office-locations.html,official_company_directory,2026-08-25,2026-08-25,https://nominatim.openstreetmap.org/,,,,,,,,,,,true,,,,,,,
cisco-081,cisco,Cisco,Almaty 3 office,office,"77 Kunaeva Street, Almaty 050000, Kazakhstan",Kazakhstan,43.2579649,76.9493822,building_candidate,geocoded,https://www.cisco.com/site/us/en/about/contact-cisco/global-office-locations.html,official_company_directory,2026-08-25,2026-08-25,https://nominatim.openstreetmap.org/,"Park View, 77, Қонаев көшесі, Алтын шаршы, Медеу ауданы, Алматы, A25Y5H4, Қазақстан",way,250146242,"77 Kunaeva Street, Almaty 050000, Kazakhstan",,,,,,,true,,,,,,,
cisco-082,cisco,Cisco,Astana Business Center Q office,office,"Business Center Q, Block A, 15A Kabanbay Batyr Avenue, Yesil District, Astana 010010, Kazakhstan",Kazakhstan,,,unlocated,needs_review,https://www.cisco.com/site/us/en/about/contact-cisco/global-office-locations.html,official_company_directory,2026-08-25,2026-08-25,https://nominatim.openstreetmap.org/,,,,,,,,,,,true,,,,,,,
cisco-083,cisco,Cisco,Seoul ASEM office,office,"ASEM Tower, Floor 5, 517 Yeongdong-daero, Gangnam-gu, Seoul 06164, South Korea",South Korea,,,unlocated,needs_review,https://www.cisco.com/site/us/en/about/contact-cisco/global-office-locations.html,official_company_directory,2026-08-25,2026-08-25,https://nominatim.openstreetmap.org/,,,,,,,,,,,true,,,,,,,
cisco-084,cisco,Cisco,Penang GBS@Mahsuri office,office,"Unit 1.3, GBS@Mahsuri, No. 1A Persiaran Mahsuri, Bandar Bayan Baru, Bayan Lepas, Penang 11900, Malaysia",Malaysia,,,unlocated,needs_review,https://www.cisco.com/site/us/en/about/contact-cisco/global-office-locations.html,official_company_directory,2026-08-25,2026-08-25,https://nominatim.openstreetmap.org/,,,,,,,,,,,true,,,,,,,
cisco-085,cisco,Cisco,Kuala Lumpur Sentral office,office,"Level 5, 1 Sentral, Jalan Travers, Kuala Lumpur 50470, Malaysia",Malaysia,,,unlocated,needs_review,https://www.cisco.com/site/us/en/about/contact-cisco/global-office-locations.html,official_company_directory,2026-08-25,2026-08-25,https://nominatim.openstreetmap.org/,,,,,,,,,,,true,,,,,,,
cisco-086,cisco,Cisco,Mexico City Tamarindos office,office,"Floor 14, Paseo de Tamarindos 400A, Colonia Bosques de las Lomas, Mexico City 05120, Mexico",Mexico,,,unlocated,needs_review,https://www.cisco.com/site/us/en/about/contact-cisco/global-office-locations.html,official_company_directory,2026-08-25,2026-08-25,https://nominatim.openstreetmap.org/,,,,,,,,,,,true,,,,,,,
cisco-087,cisco,Cisco,Mexico City Insurgentes Sur office,office,"Avenida Insurgentes Sur 1602, Colonia Credito Constructor, Mexico City 03940, Mexico",Mexico,19.3639017,-99.1815881,building,map_ready,https://www.cisco.com/site/us/en/about/contact-cisco/global-office-locations.html,official_company_directory,2026-08-25,2026-08-25,https://nominatim.openstreetmap.org/,"CitiCenter, 1602, Avenida Insurgentes Sur, Colonia Crédito constructor, Santo Tomás Actipan, Ciudad de México, Benito Juárez, Ciudad de México, 03940, México",way,1364675055,"Avenida Insurgentes Sur 1602, Colonia Credito Constructor, Mexico City 03940, Mexico, Mexico",openstreetmap_building_match,2026-08-25,,,,,true,,,,,,,
cisco-088,cisco,Cisco,Guadalajara 3 office,office,"Torre Plata, Avenida Universidad 604, Guadalajara, Jalisco 45116, Mexico",Mexico,,,unlocated,needs_review,https://www.cisco.com/site/us/en/about/contact-cisco/global-office-locations.html,official_company_directory,2026-08-25,2026-08-25,https://nominatim.openstreetmap.org/,,,,,,,,,,,true,,,,,,,
cisco-089,cisco,Cisco,Amsterdam 5 office,office,"Haarlerbergpark, Haarlerbergweg 17-19, Amsterdam 1101 CH, Netherlands",Netherlands,,,unlocated,needs_review,https://www.cisco.com/site/us/en/about/contact-cisco/global-office-locations.html,official_company_directory,2026-08-25,2026-08-25,https://nominatim.openstreetmap.org/,,,,,,,,,,,true,,,,,,,
cisco-090,cisco,Cisco,Lysaker 1 office,office,"Philip Pedersens vei 1, Lysaker 1366, Norway",Norway,59.90986,10.625681,street_or_area_candidate,geocoded,https://www.cisco.com/site/us/en/about/contact-cisco/global-office-locations.html,official_company_directory,2026-08-25,2026-08-25,https://nominatim.openstreetmap.org/,"1, Philip Pedersens vei, Malurtåsen, Lysaker, Bekkestua, Bærum, Akershus, 1366, Norge",node,2821337180,"Philip Pedersens vei 1, Lysaker 1366, Norway",,,,,,,true,,,,,,,
cisco-091,cisco,Cisco,Lima 1 office,office,"Real 1 Building, Via Principal 123, 147 Victor Andres Belaunde Avenue, Lima 15000, Peru",Peru,,,unlocated,needs_review,https://www.cisco.com/site/us/en/about/contact-cisco/global-office-locations.html,official_company_directory,2026-08-25,2026-08-25,https://nominatim.openstreetmap.org/,,,,,,,,,,,true,,,,,,,
cisco-092,cisco,Cisco,Taguig City SM Aura Tower office,office,"Units 2604T and 2608T, Floor 26, SM Aura Tower, 26th Street and McKinley Parkway, Fort Bonifacio, Taguig City 1630, Philippines",Philippines,,,unlocated,needs_review,https://www.cisco.com/site/us/en/about/contact-cisco/global-office-locations.html,official_company_directory,2026-08-25,2026-08-25,https://nominatim.openstreetmap.org/,,,,,,,,,,,true,,,,,,,
cisco-093,cisco,Cisco,Krakow Enterprise Park office,office,"Enterprise Park, Building C, Aleja Powstancow Wielkopolskich 13C, Krakow 30-707, Poland",Poland,,,unlocated,needs_review,https://www.cisco.com/site/us/en/about/contact-cisco/global-office-locations.html,official_company_directory,2026-08-25,2026-08-25,https://nominatim.openstreetmap.org/,,,,,,,,,,,true,,,,,,,
cisco-094,cisco,Cisco,Krakow High Five Four office,office,"Pawia 21, Krakow 31-154, Poland",Poland,50.0720579,19.9460033,street_or_area_candidate,geocoded,https://www.cisco.com/site/us/en/about/contact-cisco/global-office-locations.html,official_company_directory,2026-08-25,2026-08-25,https://nominatim.openstreetmap.org/,"Zdrofit Kraków High 5ive, 21, Pawia, Wesoła, Stare Miasto, Kraków, województwo małopolskie, 31-154, Polska",node,12092262863,"Pawia 21, Krakow 31-154, Poland, Poland",,,,,,,true,,,,,,,
cisco-095,cisco,Cisco,Warsaw Topaz Building office,office,"Topaz Building, ul. Domaniewska 39B, Warsaw 02-672, Poland",Poland,,,unlocated,needs_review,https://www.cisco.com/site/us/en/about/contact-cisco/global-office-locations.html,official_company_directory,2026-08-25,2026-08-25,https://nominatim.openstreetmap.org/,,,,,,,,,,,true,,,,,,,
cisco-096,cisco,Cisco,Oeiras Lagoas Park Building 12 office,office,"Lagoas Park, Building 12, Porto Salvo, Oeiras 2740-269, Portugal",Portugal,,,unlocated,needs_review,https://www.cisco.com/site/us/en/about/contact-cisco/global-office-locations.html,official_company_directory,2026-08-25,2026-08-25,https://nominatim.openstreetmap.org/,,,,,,,,,,,true,,,,,,,
cisco-097,cisco,Cisco,Oeiras Lagoas Park Building 8 office,office,"Lagoas Park, Building 8, Porto Salvo, Oeiras 2740-269, Portugal",Portugal,,,unlocated,needs_review,https://www.cisco.com/site/us/en/about/contact-cisco/global-office-locations.html,official_company_directory,2026-08-25,2026-08-25,https://nominatim.openstreetmap.org/,,,,,,,,,,,true,,,,,,,
cisco-098,cisco,Cisco,Doha 3 office,office,"Qatar Science and Technology Park, ITTC 2, Podium Level North Wing, Doha, Qatar",Qatar,,,unlocated,needs_review,https://www.cisco.com/site/us/en/about/contact-cisco/global-office-locations.html,official_company_directory,2026-08-25,2026-08-25,https://nominatim.openstreetmap.org/,,,,,,,,,,,true,,,,,,,
cisco-099,cisco,Cisco,Riyadh 4 office,office,"ITCC Building IT01, An Nakhil 6708, Unit 11, Riyadh 12382-3610, Saudi Arabia",Saudi Arabia,,,unlocated,needs_review,https://www.cisco.com/site/us/en/about/contact-cisco/global-office-locations.html,official_company_directory,2026-08-25,2026-08-25,https://nominatim.openstreetmap.org/,,,,,,,,,,,true,,,,,,,
cisco-100,cisco,Cisco,Belgrade 2 office,office,"Airport City Belgrade, Camomile 1100, Omladinskih brigada 88, Belgrade 11070, Serbia",Serbia,,,unlocated,needs_review,https://www.cisco.com/site/us/en/about/contact-cisco/global-office-locations.html,official_company_directory,2026-08-25,2026-08-25,https://nominatim.openstreetmap.org/,,,,,,,,,,,true,,,,,,,
cisco-101,cisco,Cisco,Singapore MBC office,office,"Building 80, Level 25, Mapletree Business City II, 80 Pasir Panjang Road, Singapore 117372",Singapore,,,unlocated,needs_review,https://www.cisco.com/site/us/en/about/contact-cisco/global-office-locations.html,official_company_directory,2026-08-25,2026-08-25,https://nominatim.openstreetmap.org/,,,,,,,,,,,true,,,,,,,
cisco-102,cisco,Cisco,Bratislava Eurovea Centre office,office,"Eurovea Centre, Central 3, Pribinova Street 10, Bratislava 81109, Slovakia",Slovakia,,,unlocated,needs_review,https://www.cisco.com/site/us/en/about/contact-cisco/global-office-locations.html,official_company_directory,2026-08-25,2026-08-25,https://nominatim.openstreetmap.org/,,,,,,,,,,,true,,,,,,,
cisco-103,cisco,Cisco,Bratislava Polus Tower 1 office,office,"Polus Tower 1, Vajnorska 100/A, Bratislava 83104, Slovakia",Slovakia,,,unlocated,needs_review,https://www.cisco.com/site/us/en/about/contact-cisco/global-office-locations.html,official_company_directory,2026-08-25,2026-08-25,https://nominatim.openstreetmap.org/,,,,,,,,,,,true,,,,,,,
cisco-104,cisco,Cisco,Ljubljana 2 office,office,"Bravnicarjeva ulica 13, Ljubljana 1000, Slovenia",Slovenia,46.0845502,14.4812609,building,map_ready,https://www.cisco.com/site/us/en/about/contact-cisco/global-office-locations.html,official_company_directory,2026-08-25,2026-08-25,https://nominatim.openstreetmap.org/,"Modra Hiša, 13, Bravničarjeva ulica, Četrtna skupnost Dravlje, Ljubljana, Upravna Enota Ljubljana, 1000, Slovenija",way,311814570,"Bravnicarjeva ulica 13, Ljubljana 1000, Slovenia",openstreetmap_building_match,2026-08-25,,,,,true,,,,,,,
cisco-105,cisco,Cisco,Midrand The Ingress office,office,"The Ingress, Building 2, 23 Magwa Crescent, Waterfall City, Midrand 2090, South Africa",South Africa,,,unlocated,needs_review,https://www.cisco.com/site/us/en/about/contact-cisco/global-office-locations.html,official_company_directory,2026-08-25,2026-08-25,https://nominatim.openstreetmap.org/,,,,,,,,,,,true,,,,,,,
cisco-106,cisco,Cisco,Barcelona Pere IV office,office,"Carrer Pere IV 362, Barcelona 08019, Spain",Spain,41.409864,2.2034923,building,map_ready,https://www.cisco.com/site/us/en/about/contact-cisco/global-office-locations.html,official_company_directory,2026-08-25,2026-08-25,https://nominatim.openstreetmap.org/,"Fundació BIT Habitat, 362, Carrer de Pere IV, Provençals del Poblenou, Sant Martí, Barcelona, Barcelonès, Barcelona, Catalunya, 08019, España",node,7149366832,"Carrer Pere IV 362, Barcelona 08019, Spain",openstreetmap_building_match,2026-08-25,,,,,true,,,,,,,
cisco-107,cisco,Cisco,Madrid 1 office,office,"Avenida de la Vega 15, Madrid 28108, Spain",Spain,40.5343738,-3.6311655,building,map_ready,https://www.cisco.com/site/us/en/about/contact-cisco/global-office-locations.html,official_company_directory,2026-08-25,2026-08-25,https://nominatim.openstreetmap.org/,"15, Avenida de la Vega, La Moraleja, Alcobendas, Comunidad de Madrid, 28108, España",way,384550772,"Avenida de la Vega 15, Madrid 28108, Spain",openstreetmap_building_match,2026-08-25,,,,,true,,,,,,,
cisco-108,cisco,Cisco,Valencia 1 office,office,"Avenida de les Corts Valencianes 58, Valencia 46015, Spain",Spain,39.5656912,-0.5270848,street_or_area_candidate,geocoded,https://www.cisco.com/site/us/en/about/contact-cisco/global-office-locations.html,official_company_directory,2026-08-25,2026-08-25,https://nominatim.openstreetmap.org/,"Avinguda de les Corts Valencianes, Urbanització Els Ametlers, Bonavista, l'Eliana, el Camp de Túria, València / Valencia, Comunitat Valenciana, 46183, España",way,10075046,"Avenida de les Corts Valencianes 58, Valencia 46015, Spain",,,,,,,true,,,,,,,
cisco-109,cisco,Cisco,Stockholm 3 office,office,"Floor 5, Arstaangsvagen 21B, Stockholm 11743, Sweden",Sweden,,,unlocated,needs_review,https://www.cisco.com/site/us/en/about/contact-cisco/global-office-locations.html,official_company_directory,2026-08-25,2026-08-25,https://nominatim.openstreetmap.org/,,,,,,,,,,,true,,,,,,,
cisco-110,cisco,Cisco,Stockholm 6 office,office,"Sveavagen 25, Stockholm 11134, Sweden",Sweden,59.3361984,18.062592,street_or_area_candidate,geocoded,https://www.cisco.com/site/us/en/about/contact-cisco/global-office-locations.html,official_company_directory,2026-08-25,2026-08-25,https://nominatim.openstreetmap.org/,"25, Sveavägen, Norrmalm, Norra innerstadens stadsdelsområde, Stockholm, Stockholms kommun, Stockholms län, 111 34, Sverige",node,1363066666,"Sveavagen 25, Stockholm 11134, Sweden",,,,,,,true,,,,,,,
cisco-111,cisco,Cisco,Rolle 1 office,office,"Avenue des Uttins 5, Rolle 1180, Switzerland",Switzerland,46.4551396,6.3332736,building,map_ready,https://www.cisco.com/site/us/en/about/contact-cisco/global-office-locations.html,official_company_directory,2026-08-25,2026-08-25,https://nominatim.openstreetmap.org/,"5, Avenue des Uttins, Le Rosey, Rolle, District de Nyon, Vaud, 1180, Schweiz/Suisse/Svizzera/Svizra",way,399514796,"Avenue des Uttins 5, Rolle 1180, Switzerland",openstreetmap_building_match,2026-08-25,,,,,true,,,,,,,
cisco-112,cisco,Cisco,Wallisellen 1 office,office,"Swing Building, Floors 3-4, Richtistrasse 7, Wallisellen 8304, Switzerland",Switzerland,,,unlocated,needs_review,https://www.cisco.com/site/us/en/about/contact-cisco/global-office-locations.html,official_company_directory,2026-08-25,2026-08-25,https://nominatim.openstreetmap.org/,,,,,,,,,,,true,,,,,,,
cisco-113,cisco,Cisco,Taipei Xin Ji office,office,"Floors 10-12, No. 460, Section 4, Xin Yi Road, Taipei 11052, Taiwan",Taiwan,,,unlocated,needs_review,https://www.cisco.com/site/us/en/about/contact-cisco/global-office-locations.html,official_company_directory,2026-08-25,2026-08-25,https://nominatim.openstreetmap.org/,,,,,,,,,,,true,,,,,,,
cisco-114,cisco,Cisco,Bangkok Central World office,office,"The Offices at Central World, Floor 28, 999/9 Rama I Road, Pathumwan, Bangkok 10330, Thailand",Thailand,,,unlocated,needs_review,https://www.cisco.com/site/us/en/about/contact-cisco/global-office-locations.html,official_company_directory,2026-08-25,2026-08-25,https://nominatim.openstreetmap.org/,,,,,,,,,,,true,,,,,,,
cisco-115,cisco,Cisco,Kyiv Horizon Park office,office,"Horizon Park Business Center, 4B Mykoly Hrinchenka Street, Kyiv 03038, Ukraine",Ukraine,,,unlocated,needs_review,https://www.cisco.com/site/us/en/about/contact-cisco/global-office-locations.html,official_company_directory,2026-08-25,2026-08-25,https://nominatim.openstreetmap.org/,,,,,,,,,,,true,,,,,,,
cisco-116,cisco,Cisco,Reading Green Park 3 office,office,"300 Longwater Avenue, Reading, Berkshire RG2 6GE, United Kingdom",United Kingdom,,,unlocated,needs_review,https://www.cisco.com/site/us/en/about/contact-cisco/global-office-locations.html,official_company_directory,2026-08-25,2026-08-25,https://nominatim.openstreetmap.org/,,,,,,,,,,,true,,,,,,,
cisco-117,cisco,Cisco,Harpenden Ensoft House office,office,"Ensoft House, 4/6 Arden Grove, Harpenden, Hertfordshire AL5 4SJ, United Kingdom",United Kingdom,,,unlocated,needs_review,https://www.cisco.com/site/us/en/about/contact-cisco/global-office-locations.html,official_company_directory,2026-08-25,2026-08-25,https://nominatim.openstreetmap.org/,,,,,,,,,,,true,,,,,,,
cisco-118,cisco,Cisco,Harpenden Royal House office,office,"Royal House, Arden Grove, Harpenden, Hertfordshire AL5 4SL, United Kingdom",United Kingdom,,,unlocated,needs_review,https://www.cisco.com/site/us/en/about/contact-cisco/global-office-locations.html,official_company_directory,2026-08-25,2026-08-25,https://nominatim.openstreetmap.org/,,,,,,,,,,,true,,,,,,,
cisco-119,cisco,Cisco,Glasgow Dalmore House office,office,"Dalmore House, Floor 6, 310 St Vincent Street, Glasgow G2 5RG, United Kingdom",United Kingdom,,,unlocated,needs_review,https://www.cisco.com/site/us/en/about/contact-cisco/global-office-locations.html,official_company_directory,2026-08-25,2026-08-25,https://nominatim.openstreetmap.org/,,,,,,,,,,,true,,,,,,,
cisco-120,cisco,Cisco,London Finsbury Circus office,office,"Park House, 16-18 Finsbury Circus, London EC2M 7EB, United Kingdom",United Kingdom,,,unlocated,needs_review,https://www.cisco.com/site/us/en/about/contact-cisco/global-office-locations.html,official_company_directory,2026-08-25,2026-08-25,https://nominatim.openstreetmap.org/,,,,,,,,,,,true,,,,,,,
cisco-121,cisco,Cisco,London Finsbury Square Meraki office,office,"Cisco Meraki, 10 Finsbury Square, London EC2A 1AF, United Kingdom",United Kingdom,,,unlocated,needs_review,https://www.cisco.com/site/us/en/about/contact-cisco/global-office-locations.html,official_company_directory,2026-08-25,2026-08-25,https://nominatim.openstreetmap.org/,,,,,,,,,,,true,,,,,,,
cisco-122,cisco,Cisco,Feltham Bedfont Lakes 11 office,office,"11 New Square Park, Bedfont Lakes, Feltham, Middlesex TW14 8HA, United Kingdom",United Kingdom,,,unlocated,needs_review,https://www.cisco.com/site/us/en/about/contact-cisco/global-office-locations.html,official_company_directory,2026-08-25,2026-08-25,https://nominatim.openstreetmap.org/,,,,,,,,,,,true,,,,,,,
cisco-123,cisco,Cisco,Feltham Bedfont Lakes 9 office,office,"9 New Square Park, Bedfont Lakes, Feltham, Middlesex TW14 8HA, United Kingdom",United Kingdom,,,unlocated,needs_review,https://www.cisco.com/site/us/en/about/contact-cisco/global-office-locations.html,official_company_directory,2026-08-25,2026-08-25,https://nominatim.openstreetmap.org/,,,,,,,,,,,true,,,,,,,
cisco-124,cisco,Cisco,Hanoi Landmark Tower office,office,"Rooms 2301-2305, Keangnam Landmark Tower, Me Tri Ward, Nam Tu Liem District, Hanoi 10000, Vietnam",Vietnam,,,unlocated,needs_review,https://www.cisco.com/site/us/en/about/contact-cisco/global-office-locations.html,official_company_directory,2026-08-25,2026-08-25,https://nominatim.openstreetmap.org/,,,,,,,,,,,true,,,,,,,
cisco-125,cisco,Cisco,Ho Chi Minh City Saigon Trade Center office,office,"Saigon Trade Center, 37 Ton Duc Thang Street, Ben Nghe Ward, District 1, Ho Chi Minh City 700000, Vietnam",Vietnam,,,unlocated,needs_review,https://www.cisco.com/site/us/en/about/contact-cisco/global-office-locations.html,official_company_directory,2026-08-25,2026-08-25,https://nominatim.openstreetmap.org/,,,,,,,,,,,true,,,,,,,
coreweave-001,coreweave,CoreWeave,Philadelphia office,office,"111 S Independence Mall E, Suite 701, Philadelphia, PA 19106, United States",United States,39.9535319,-75.1482932,street_or_area_candidate,geocoded,https://www.coreweave.com/coreweave-company-culture,official_company_directory,2026-08-25,2026-08-25,https://nominatim.openstreetmap.org/,"Independence Mall East, Old City, Center City, Philadelphia, Philadelphia County, Pennsylvania, 19106, United States",way,1436270851,"111 S Independence Mall E, Philadelphia, PA 19106, United States",,,,,,"Complete current office set: all six employee offices on CoreWeave’s official Company Culture page plus its subsequently announced Washington, D.C. office, whose exact building is corroborated by the reported 22,590-square-foot lease. Cloud regions, Direct Connect sites and third-party data-center campuses are infrastructure rather than corporate offices and are excluded.",true,primary,,,,,,
coreweave-002,coreweave,CoreWeave,Livingston headquarters,headquarters,"290 W Mt Pleasant Ave, Suite 4100, Livingston, NJ 07039, United States",United States,40.796096,-74.337896,building,map_ready,https://www.coreweave.com/coreweave-company-culture,official_company_directory,2026-08-25,2026-08-25,https://nominatim.openstreetmap.org/,"290, West Mount Pleasant Avenue, Morehousetown, Livingston, Essex County, New Jersey, 07039, United States",way,996566892,"290 W Mt Pleasant Ave, Livingston, NJ 07039, United States",openstreetmap_building_match,2026-08-25,,,,,true,house,,,,,,
coreweave-003,coreweave,CoreWeave,New York office,office,"33 Whitehall Street, Floor 30, New York, NY 10004, United States",United States,40.703334,-74.0129436,building,map_ready,https://www.coreweave.com/coreweave-company-culture,official_company_directory,2026-08-25,2026-08-25,https://nominatim.openstreetmap.org/,"33, Whitehall Street, Whitehall, Manhattan, New York County, New York, 10004, United States",way,1329025923,"33 Whitehall Street, New York, NY 10004, United States",openstreetmap_building_match,2026-08-25,,,,,true,house,,,,,,
coreweave-004,coreweave,CoreWeave,Sunnyvale office,office,"100 Mathilda Place, Suite 400, Sunnyvale, CA 94086, United States",United States,37.3785587,-122.0328716,building,map_ready,https://www.coreweave.com/coreweave-company-culture,official_company_directory,2026-08-25,2026-08-25,https://nominatim.openstreetmap.org/,"Sunnyvale City Center, 100, Mathilda Place, Sunnyvale, Santa Clara County, California, 94086, United States",way,30827974,"100 Mathilda Place, Sunnyvale, CA 94086, United States",openstreetmap_building_match,2026-08-25,,,,,true,commercial,,,,,,
coreweave-005,coreweave,CoreWeave,Bellevue office,office,"One Bellevue Center, Floor 8, 411 108th Ave NE, Bellevue, WA 98004, United States",United States,,,unlocated,needs_review,https://www.coreweave.com/coreweave-company-culture,official_company_directory,2026-08-25,2026-08-25,https://nominatim.openstreetmap.org/,,,,,,,,,,,true,,,,,,,
coreweave-006,coreweave,CoreWeave,London European headquarters,headquarters,"Second Floor, Connexion House, Dray Walk, London E1 6QL, United Kingdom",United Kingdom,,,unlocated,needs_review,https://www.coreweave.com/coreweave-company-culture,official_company_directory,2026-08-25,2026-08-25,https://nominatim.openstreetmap.org/,,,,,,,,,,,true,,,,,,,
coreweave-007,coreweave,CoreWeave,Washington DC office,office,"1001 Pennsylvania Avenue NW, Washington, DC 20004, United States",United States,38.8953253,-77.0263111,street_or_area_candidate,geocoded,https://www.coreweave.com/news/coreweave-expands-office-in-washington-d-c,official_company_announcement_with_lease_confirmation,2026-08-25,2026-08-25,https://nominatim.openstreetmap.org/,"1001, Pennsylvania Avenue Northwest, Downtown, Ward 2, Washington, District of Columbia, 20004, United States",node,12456001446,"1001 Pennsylvania Avenue NW, Washington, DC 20004, United States",,,,,,,true,charging_station,,,,,,
lumentum-001,lumentum,Lumentum,Corporate headquarters,headquarters,"1001 Ridder Park Drive, San Jose, CA 95131, United States",United States,37.383246,-121.9020706,building,map_ready,https://www.lumentum.com/en/about-us/office-locations,official_company_directory,2026-08-25,2026-08-25,https://nominatim.openstreetmap.org/,"1001, Ridder Park Drive, Wayne, San Jose, Santa Clara County, California, 95131, United States",way,324565418,"1001 Ridder Park Drive, San Jose, CA 95131, United States",openstreetmap_building_match,2026-08-25,,,,"Complete current physical-site directory transcribed from Lumentum's official Office Locations page. Includes corporate offices, R&D and manufacturing facilities; telephone details are omitted.",true,yes,,,,,,
lumentum-002,lumentum,Lumentum,Rose Orchard Way facility,facility,"80 Rose Orchard Way, San Jose, CA 95134, United States",United States,37.4141516,-121.9484751,building,map_ready,https://www.lumentum.com/en/about-us/office-locations,official_company_directory,2026-08-25,2026-08-25,https://nominatim.openstreetmap.org/,"80, Rose Orchard Way, North San Jose, San Jose, Santa Clara County, California, 95134, United States",way,224137307,"80 Rose Orchard Way, San Jose, CA 95134, United States",openstreetmap_building_match,2026-08-25,,,,,true,office,,,,,,
lumentum-003,lumentum,Lumentum,Zanker Road facility,facility,"2911 Zanker Road, San Jose, CA 95134, United States",United States,37.3962418,-121.9310034,building,map_ready,https://www.lumentum.com/en/about-us/office-locations,official_company_directory,2026-08-25,2026-08-25,https://nominatim.openstreetmap.org/,"2911, Zanker Road, North San Jose, San Jose, Santa Clara County, California, 95134, United States",node,9054451693,"2911 Zanker Road, San Jose, CA 95134, United States",openstreetmap_building_match,2026-08-25,,,,,true,house,,,,,,
lumentum-004,lumentum,Lumentum,Greensboro office,office,"7908 Piedmont Triad Parkway, Greensboro, NC 27409, United States",United States,36.072362,-79.9655327,building,map_ready,https://www.lumentum.com/en/about-us/office-locations,official_company_directory,2026-08-25,2026-08-25,https://nominatim.openstreetmap.org/,"7908, Piedmont Triad Parkway, Greensboro, Guilford County, North Carolina, 27409, United States",way,1082033378,"7908 Piedmont Triad Parkway, Greensboro, NC 27409, United States",openstreetmap_building_match,2026-08-25,,,,,true,house,,,,,,
lumentum-005,lumentum,Lumentum,Ottawa office,office,"61 Bill Leathem Drive, Ottawa, ON K2J 0P7, Canada",Canada,45.2961805,-75.7110917,building,map_ready,https://www.lumentum.com/en/about-us/office-locations,official_company_directory,2026-08-25,2026-08-25,https://nominatim.openstreetmap.org/,"61, Bill Leathem Drive, Barrhaven East, Nepean, Ottawa, Eastern Ontario, Ontario, K2J 0R3, Canada",way,471648535,"61 Bill Leathem Drive, Ottawa, ON K2J 0P7, Canada",openstreetmap_building_match,2026-08-25,,,,,true,commercial,,,,,,
lumentum-006,lumentum,Lumentum,Shenzhen Futian facility,facility,"2 Phoenix Road, Futian Free Trade Zone, Shenzhen, Guangdong 518038, China",China,,,unlocated,needs_review,https://www.lumentum.com/en/about-us/office-locations,official_company_directory,2026-08-25,2026-08-25,https://nominatim.openstreetmap.org/,,,,,,,,,,,true,,,,,,,
lumentum-007,lumentum,Lumentum,Shenzhen Nanshan office,office,"6F, Resources Tech Building No. 1, Songpingshan Road North, Shenzhen High-Tech Industrial Park North, Nanshan District, Shenzhen, Guangdong 518057, China",China,,,unlocated,needs_review,https://www.lumentum.com/en/about-us/office-locations,official_company_directory,2026-08-25,2026-08-25,https://nominatim.openstreetmap.org/,,,,,,,,,,,true,,,,,,,
lumentum-008,lumentum,Lumentum,Dongguan facility,facility,"4 Ankang Street, Dongguan, Guangdong 523870, China",China,,,unlocated,needs_review,https://www.lumentum.com/en/about-us/office-locations,official_company_directory,2026-08-25,2026-08-25,https://nominatim.openstreetmap.org/,,,,,,,,,,,true,,,,,,,
lumentum-009,lumentum,Lumentum,Wuhan office,office,"Building 1, Yike Center, 438 Gaoxin Avenue, Wuhan, Hubei 430200, China",China,,,unlocated,needs_review,https://www.lumentum.com/en/about-us/office-locations,official_company_directory,2026-08-25,2026-08-25,https://nominatim.openstreetmap.org/,,,,,,,,,,,true,,,,,,,
lumentum-010,lumentum,Lumentum,Hong Kong office,office,"Units 1515-1519, 15th Floor, Building 19W, 19 Science Park West Avenue, Hong Kong Science Park, Pak Shek Kok, New Territories, Hong Kong SAR, China",China,,,unlocated,needs_review,https://www.lumentum.com/en/about-us/office-locations,official_company_directory,2026-08-25,2026-08-25,https://nominatim.openstreetmap.org/,,,,,,,,,,,true,,,,,,,
lumentum-011,lumentum,Lumentum,Hachioji facility,facility,"550-10 Higashiasakawa-machi, Hachioji, Tokyo 193-0834, Japan",Japan,,,unlocated,needs_review,https://www.lumentum.com/en/about-us/office-locations,official_company_directory,2026-08-25,2026-08-25,https://nominatim.openstreetmap.org/,,,,,,,,,,,true,,,,,,,
lumentum-012,lumentum,Lumentum,Sagamihara facility,facility,"4-1-55 Oyama, Chuo-ku, Sagamihara, Kanagawa 252-5250, Japan",Japan,35.5846436,139.3762426,street_or_area_candidate,geocoded,https://www.lumentum.com/en/about-us/office-locations,official_company_directory,2026-08-25,2026-08-25,https://nominatim.openstreetmap.org/,"小山, 相模原, 中央区, 相模原市, 神奈川県, 252-0231, 日本",node,8620701438,"4-1-55 Oyama, Chuo-ku, Sagamihara, Kanagawa 252-5250, Japan",,,,,,,true,neighbourhood,,,,,,
lumentum-013,lumentum,Lumentum,Tokyo office,office,"Shinjuku Square Tower, 15F, 6-22-1 Nishi-shinjuku, Shinjuku-ku, Tokyo 163-1115, Japan",Japan,,,unlocated,address_verified,https://www.lumentum.com/en/about-us/office-locations,official_company_directory,2026-08-25,,,,,,,,,,,,,true,,,,,,,
lumentum-014,lumentum,Lumentum,New Taipei office,office,"32nd Floor, No. 16-1 Xinzhan Road, Banqiao District, New Taipei City 220, Taiwan",Taiwan,,,unlocated,address_verified,https://www.lumentum.com/en/about-us/office-locations,official_company_directory,2026-08-25,,,,,,,,,,,,,true,,,,,,,
lumentum-015,lumentum,Lumentum,Pathum Thani facility,facility,"60/129 Moo 19, Khlong Nueng, Khlong Luang District, Pathum Thani 12120, Thailand",Thailand,,,unlocated,address_verified,https://www.lumentum.com/en/about-us/office-locations,official_company_directory,2026-08-25,,,,,,,,,,,,,true,,,,,,,
lumentum-016,lumentum,Lumentum,Velizy-Villacoublay office,office,"Office 9, 8 rue des Freres Caudron, 78140 Velizy-Villacoublay, France",France,,,unlocated,address_verified,https://www.lumentum.com/en/about-us/office-locations,official_company_directory,2026-08-25,,,,,,,,,,,,,true,,,,,,,
lumentum-017,lumentum,Lumentum,Milan office,office,"Viale Sarca 226, 20126 Milan, Italy",Italy,,,unlocated,address_verified,https://www.lumentum.com/en/about-us/office-locations,official_company_directory,2026-08-25,,,,,,,,,,,,,true,,,,,,,
lumentum-018,lumentum,Lumentum,Skofljica facility,facility,"Ambruzeva ulica 1, 1291 Skofljica, Slovenia",Slovenia,,,unlocated,address_verified,https://www.lumentum.com/en/about-us/office-locations,official_company_directory,2026-08-25,,,,,,,,,,,,,true,,,,,,,
lumentum-019,lumentum,Lumentum,Baar office,office,"6th Floor, Grabenstrasse 2, 6340 Baar, Zug, Switzerland",Switzerland,,,unlocated,address_verified,https://www.lumentum.com/en/about-us/office-locations,official_company_directory,2026-08-25,,,,,,,,,,,,,true,,,,,,,
lumentum-020,lumentum,Lumentum,Schlieren office,office,"3rd Floor, Rutistrasse 12 and 14, 8952 Schlieren, Zurich, Switzerland",Switzerland,,,unlocated,address_verified,https://www.lumentum.com/en/about-us/office-locations,official_company_directory,2026-08-25,,,,,,,,,,,,,true,,,,,,,
lumentum-021,lumentum,Lumentum,Towcester facility,facility,"Caswell, Towcester, Northamptonshire NN12 8EQ, United Kingdom",United Kingdom,,,unlocated,address_verified,https://www.lumentum.com/en/about-us/office-locations,official_company_directory,2026-08-25,,,,,,,,,,,,,true,,,,,,,
h3c-001,h3c,H3C,北京总部 (北京总部),headquarters,"北京市海淀区知春路7号院致真大厦22层, 100191, China",China,,,unlocated,address_verified,https://www.h3c.com/cn/d_202405/2157260_30008_0.htm,official_company_directory,2026-08-25,,,,,,,,,,,,Complete physical-office set combining H3C’s official 72-entry Chinese branch directory with its official international office directory. The duplicate Hong Kong entry is consolidated; Beijing and Hangzhou headquarters already appear in the Chinese directory.,true,,,,,,,
h3c-002,h3c,H3C,北京总部 (北京总部),headquarters,"北京市朝阳区广顺南大街8号院利星行中心1号楼, 100102, China",China,,,unlocated,address_verified,https://www.h3c.com/cn/d_202405/2157260_30008_0.htm,official_company_directory,2026-08-25,,,,,,,,,,,,,true,,,,,,,
h3c-003,h3c,H3C,北京办事处 (北京办事处),office,"北京市海淀区上地创业路2号东方电子大厦2F, 100085, China",China,,,unlocated,address_verified,https://www.h3c.com/cn/d_202405/2157260_30008_0.htm,official_company_directory,2026-08-25,,,,,,,,,,,,,true,,,,,,,
h3c-004,h3c,H3C,北京办事处 (北京办事处),office,"北京市海淀区永嘉北路8号北京科研中心B座, 100094, China",China,,,unlocated,address_verified,https://www.h3c.com/cn/d_202405/2157260_30008_0.htm,official_company_directory,2026-08-25,,,,,,,,,,,,,true,,,,,,,
h3c-005,h3c,H3C,北京办事处 (北京办事处),office,"北京市昌平区回龙观东大街298号龙冠和谐大厦, 102208, China",China,,,unlocated,address_verified,https://www.h3c.com/cn/d_202405/2157260_30008_0.htm,official_company_directory,2026-08-25,,,,,,,,,,,,,true,,,,,,,
h3c-006,h3c,H3C,北京办事处 (北京办事处),office,"北京市海淀区上地八街7号瑞萨工业厂房东楼, 100085, China",China,,,unlocated,address_verified,https://www.h3c.com/cn/d_202405/2157260_30008_0.htm,official_company_directory,2026-08-25,,,,,,,,,,,,,true,,,,,,,
h3c-007,h3c,H3C,北京办事处 (北京办事处),office,"北京市丰台区城南嘉园16号楼10层2-1020, 100068, China",China,,,unlocated,address_verified,https://www.h3c.com/cn/d_202405/2157260_30008_0.htm,official_company_directory,2026-08-25,,,,,,,,,,,,,true,,,,,,,
h3c-008,h3c,H3C,北京办事处 (北京办事处),office,"北京市大兴区宏达北路12号创新大厦a座9层, 100176, China",China,,,unlocated,address_verified,https://www.h3c.com/cn/d_202405/2157260_30008_0.htm,official_company_directory,2026-08-25,,,,,,,,,,,,,true,,,,,,,
h3c-009,h3c,H3C,北京办事处 (北京办事处),office,"北京市海淀区苏州街18号长远天地大厦A座17层, 100080, China",China,,,unlocated,address_verified,https://www.h3c.com/cn/d_202405/2157260_30008_0.htm,official_company_directory,2026-08-25,,,,,,,,,,,,,true,,,,,,,
h3c-010,h3c,H3C,北京办事处 (北京办事处),office,"北京市海淀区知春路128号泛亚大厦8层, 100080, China",China,,,unlocated,address_verified,https://www.h3c.com/cn/d_202405/2157260_30008_0.htm,official_company_directory,2026-08-25,,,,,,,,,,,,,true,,,,,,,
h3c-011,h3c,H3C,哈尔滨办事处 (黑龙江代表处),office,"黑龙江省哈尔滨市南岗区民益街78号联通大厦A座1708室, 150001, China",China,,,unlocated,address_verified,https://www.h3c.com/cn/d_202405/2157260_30008_0.htm,official_company_directory,2026-08-25,,,,,,,,,,,,,true,,,,,,,
h3c-012,h3c,H3C,长春市办事处 (吉林代表处),office,"吉林省长春市朝阳区前进大街996号力旺广场C栋18楼1818室, 130035, China",China,,,unlocated,address_verified,https://www.h3c.com/cn/d_202405/2157260_30008_0.htm,official_company_directory,2026-08-25,,,,,,,,,,,,,true,,,,,,,
h3c-013,h3c,H3C,沈阳市办事处 (辽宁代表处),office,"辽宁省沈阳市沈河区青年大街125号企业广场B座25楼02-08室, 110016, China",China,,,unlocated,address_verified,https://www.h3c.com/cn/d_202405/2157260_30008_0.htm,official_company_directory,2026-08-25,,,,,,,,,,,,,true,,,,,,,
h3c-014,h3c,H3C,大连市办事处 (辽宁代表处),office,"辽宁省大连市西岗区中山路申贸大厦2204A, 116011, China",China,,,unlocated,address_verified,https://www.h3c.com/cn/d_202405/2157260_30008_0.htm,official_company_directory,2026-08-25,,,,,,,,,,,,,true,,,,,,,
h3c-015,h3c,H3C,呼和浩特市办事处 (内蒙古代表处),office,"内蒙古呼和浩特市新城区成吉思汗东街9号地铁新店站北侧新华三集团中央实验室10层, 010010, China",China,,,unlocated,address_verified,https://www.h3c.com/cn/d_202405/2157260_30008_0.htm,official_company_directory,2026-08-25,,,,,,,,,,,,,true,,,,,,,
h3c-016,h3c,H3C,石家庄市办事处 (河北代表处),office,"河北省石家庄市中山东路303号石家庄世贸广场酒店1101室, 050011, China",China,,,unlocated,address_verified,https://www.h3c.com/cn/d_202405/2157260_30008_0.htm,official_company_directory,2026-08-25,,,,,,,,,,,,,true,,,,,,,
h3c-017,h3c,H3C,唐山市办事处 (河北代表处),office,"河北省唐山市路北区翔云道601号唐山金融中心2号楼1101, 063016, China",China,,,unlocated,address_verified,https://www.h3c.com/cn/d_202405/2157260_30008_0.htm,official_company_directory,2026-08-25,,,,,,,,,,,,,true,,,,,,,
h3c-018,h3c,H3C,廊坊市办事处 (河北代表处),office,"廊坊市广阳区河北路街道永丰道凯创大厦第1幢1单元9层, 065099, China",China,,,unlocated,address_verified,https://www.h3c.com/cn/d_202405/2157260_30008_0.htm,official_company_directory,2026-08-25,,,,,,,,,,,,,true,,,,,,,
h3c-019,h3c,H3C,廊坊市办事处 (河北代表处),office,"河北省廊坊市安次区永华道与永兴路交叉口盛德世纪大厦3层2201号, 065012, China",China,,,unlocated,address_verified,https://www.h3c.com/cn/d_202405/2157260_30008_0.htm,official_company_directory,2026-08-25,,,,,,,,,,,,,true,,,,,,,
h3c-020,h3c,H3C,廊坊市办事处 (河北代表处),office,"河北省廊坊市安次区南龙道与龙泽路交叉路口往西南约100米创业大厦5层, 065099, China",China,,,unlocated,address_verified,https://www.h3c.com/cn/d_202405/2157260_30008_0.htm,official_company_directory,2026-08-25,,,,,,,,,,,,,true,,,,,,,
h3c-021,h3c,H3C,天津市办事处 (天津代表处),office,"天津市河西区马场道59号B座平安大厦12层, 300203, China",China,,,unlocated,address_verified,https://www.h3c.com/cn/d_202405/2157260_30008_0.htm,official_company_directory,2026-08-25,,,,,,,,,,,,,true,,,,,,,
h3c-022,h3c,H3C,天津市办事处 (天津代表处),office,"天津市西青区园海泰西路18号高新软件园中南楼4层, 300384, China",China,,,unlocated,address_verified,https://www.h3c.com/cn/d_202405/2157260_30008_0.htm,official_company_directory,2026-08-25,,,,,,,,,,,,,true,,,,,,,
h3c-023,h3c,H3C,济南市办事处 (山东代表处),office,"山东省济南市历下区经十路11001号 中国人寿大厦 南楼27层, 250001, China",China,,,unlocated,address_verified,https://www.h3c.com/cn/d_202405/2157260_30008_0.htm,official_company_directory,2026-08-25,,,,,,,,,,,,,true,,,,,,,
h3c-024,h3c,H3C,青岛市办事处 (山东代表处),office,"山东省青岛市市南区山东路17号海信创业中心 905室, 266071, China",China,,,unlocated,address_verified,https://www.h3c.com/cn/d_202405/2157260_30008_0.htm,official_company_directory,2026-08-25,,,,,,,,,,,,,true,,,,,,,
h3c-025,h3c,H3C,南京市办事处 (江苏代表处),office,"江苏省南京市鼓楼区汉中路2号亚太商务楼12楼BCD, 210000, China",China,,,unlocated,address_verified,https://www.h3c.com/cn/d_202405/2157260_30008_0.htm,official_company_directory,2026-08-25,,,,,,,,,,,,,true,,,,,,,
h3c-026,h3c,H3C,无锡市办事处 (江苏代表处),office,"江苏省无锡市清扬路228号地铁大厦1号楼1014, 214000, China",China,,,unlocated,address_verified,https://www.h3c.com/cn/d_202405/2157260_30008_0.htm,official_company_directory,2026-08-25,,,,,,,,,,,,,true,,,,,,,
h3c-027,h3c,H3C,苏州市办事处 (江苏代表处),office,"苏州市工业园区苏州中心A座办公楼2001室, 215021, China",China,,,unlocated,address_verified,https://www.h3c.com/cn/d_202405/2157260_30008_0.htm,official_company_directory,2026-08-25,,,,,,,,,,,,,true,,,,,,,
h3c-028,h3c,H3C,上海市办事处 (上海代表处),office,"上海市杨浦区荆州路168号安联大厦10楼, 201203, China",China,,,unlocated,address_verified,https://www.h3c.com/cn/d_202405/2157260_30008_0.htm,official_company_directory,2026-08-25,,,,,,,,,,,,,true,,,,,,,
h3c-029,h3c,H3C,上海市办事处 (上海代表处),office,"上海市仙霞路37号远东国际广场综合办公楼2207, 200051, China",China,,,unlocated,address_verified,https://www.h3c.com/cn/d_202405/2157260_30008_0.htm,official_company_directory,2026-08-25,,,,,,,,,,,,,true,,,,,,,
h3c-030,h3c,H3C,上海市办事处 (上海代表处),office,"上海市静安新城田林路888弄科技绿洲综合办公室1305室, 201103, China",China,,,unlocated,address_verified,https://www.h3c.com/cn/d_202405/2157260_30008_0.htm,official_company_directory,2026-08-25,,,,,,,,,,,,,true,,,,,,,
h3c-031,h3c,H3C,杭州市办事处 (浙江代表处),office,"浙江省杭州市滨江区长河路466号行政楼15层, 310052, China",China,,,unlocated,address_verified,https://www.h3c.com/cn/d_202405/2157260_30008_0.htm,official_company_directory,2026-08-25,,,,,,,,,,,,,true,,,,,,,
h3c-032,h3c,H3C,宁波市办事处 (浙江代表处),office,"浙江省宁波市鄞州区中山东路1888号嘉恒广场西区1807室, 315000, China",China,,,unlocated,address_verified,https://www.h3c.com/cn/d_202405/2157260_30008_0.htm,official_company_directory,2026-08-25,,,,,,,,,,,,,true,,,,,,,
h3c-033,h3c,H3C,温州市办事处 (浙江代表处),office,"浙江省温州市鹿城区机场大道5052号诚远大厦907-908室, 325000, China",China,,,unlocated,address_verified,https://www.h3c.com/cn/d_202405/2157260_30008_0.htm,official_company_directory,2026-08-25,,,,,,,,,,,,,true,,,,,,,
h3c-034,h3c,H3C,福州市办事处 (福建代表处),office,"福建省福州市鼓楼区环球广场A区9楼B1单元, 350003, China",China,,,unlocated,address_verified,https://www.h3c.com/cn/d_202405/2157260_30008_0.htm,official_company_directory,2026-08-25,,,,,,,,,,,,,true,,,,,,,
h3c-035,h3c,H3C,厦门市办事处 (福建代表处),office,"福建省厦门市思明区前埔路与蔡岭路交叉口东北200米国金广场A栋1505室, 361008, China",China,,,unlocated,address_verified,https://www.h3c.com/cn/d_202405/2157260_30008_0.htm,official_company_directory,2026-08-25,,,,,,,,,,,,,true,,,,,,,
h3c-036,h3c,H3C,广州市办事处 (广东代表处),office,"广东省广州市黄埔区光谱中路11号云升科学园D栋11楼, 510700, China",China,,,unlocated,address_verified,https://www.h3c.com/cn/d_202405/2157260_30008_0.htm,official_company_directory,2026-08-25,,,,,,,,,,,,,true,,,,,,,
h3c-037,h3c,H3C,广州市办事处 (广东代表处),office,"广州市环市东路368号9层, 510630, China",China,,,unlocated,address_verified,https://www.h3c.com/cn/d_202405/2157260_30008_0.htm,official_company_directory,2026-08-25,,,,,,,,,,,,,true,,,,,,,
h3c-038,h3c,H3C,广州市办事处 (广东代表处),office,"广州市天河区珠江新城华夏路交叉路口往东约150米富力中心A座1803-5, 510310, China",China,,,unlocated,address_verified,https://www.h3c.com/cn/d_202405/2157260_30008_0.htm,official_company_directory,2026-08-25,,,,,,,,,,,,,true,,,,,,,
h3c-039,h3c,H3C,深圳市办事处 (广东代表处),office,"广东省深圳市南山区科技园金融基地2栋6楼C、D, 518057, China",China,,,unlocated,address_verified,https://www.h3c.com/cn/d_202405/2157260_30008_0.htm,official_company_directory,2026-08-25,,,,,,,,,,,,,true,,,,,,,
h3c-040,h3c,H3C,深圳市办事处 (广东代表处),office,"广东省深圳市福田区广厦路1号创智云中心A栋1207, 518049, China",China,,,unlocated,address_verified,https://www.h3c.com/cn/d_202405/2157260_30008_0.htm,official_company_directory,2026-08-25,,,,,,,,,,,,,true,,,,,,,
h3c-041,h3c,H3C,佛山市办事处 (广东代表处),office,"广东省佛山市禅城区火炬园D栋1216, 528299, China",China,,,unlocated,address_verified,https://www.h3c.com/cn/d_202405/2157260_30008_0.htm,official_company_directory,2026-08-25,,,,,,,,,,,,,true,,,,,,,
h3c-042,h3c,H3C,珠海市办事处 (广东代表处),office,"广东省珠海市香洲区正方云溪谷B座1504, 519075, China",China,,,unlocated,address_verified,https://www.h3c.com/cn/d_202405/2157260_30008_0.htm,official_company_directory,2026-08-25,,,,,,,,,,,,,true,,,,,,,
h3c-043,h3c,H3C,东莞市办事处 (广东代表处),office,"广东省东莞市南城街道第一国际商务大厦C座1312室, 523070, China",China,,,unlocated,address_verified,https://www.h3c.com/cn/d_202405/2157260_30008_0.htm,official_company_directory,2026-08-25,,,,,,,,,,,,,true,,,,,,,
h3c-044,h3c,H3C,惠州市办事处 (广东代表处),office,"广东省惠州市江北文昌一路7号华贸大厦2单元806房, 516003, China",China,,,unlocated,address_verified,https://www.h3c.com/cn/d_202405/2157260_30008_0.htm,official_company_directory,2026-08-25,,,,,,,,,,,,,true,,,,,,,
h3c-045,h3c,H3C,香港特别行政区办事处 (香港代表处),office,"香港特别行政区铜锣湾皇室堡30楼3003-08单元, 999077, Hong Kong SAR, China",China,,,unlocated,address_verified,https://www.h3c.com/cn/d_202405/2157260_30008_0.htm,official_company_directory,2026-08-25,,,,,,,,,,,,,true,,,,,,,
h3c-046,h3c,H3C,海口市办事处 (海南代表处),office,"海南省海口市龙华区国贸大道2号时代广场25A, 570125, China",China,,,unlocated,address_verified,https://www.h3c.com/cn/d_202405/2157260_30008_0.htm,official_company_directory,2026-08-25,,,,,,,,,,,,,true,,,,,,,
h3c-047,h3c,H3C,太原市办事处 (山西代表处),office,"山西省太原市南中环街529号清控创新基地C座15层, 030000, China",China,,,unlocated,address_verified,https://www.h3c.com/cn/d_202405/2157260_30008_0.htm,official_company_directory,2026-08-25,,,,,,,,,,,,,true,,,,,,,
h3c-048,h3c,H3C,太原市办事处 (山西代表处),office,"太原市小店晋阳街君威国际金融中心1502号, 030006, China",China,,,unlocated,address_verified,https://www.h3c.com/cn/d_202405/2157260_30008_0.htm,official_company_directory,2026-08-25,,,,,,,,,,,,,true,,,,,,,
h3c-049,h3c,H3C,郑州市办事处 (河南代表处),office,"河南省郑州市郑东新区商务外环路8号世博大厦22层, 450040, China",China,,,unlocated,address_verified,https://www.h3c.com/cn/d_202405/2157260_30008_0.htm,official_company_directory,2026-08-25,,,,,,,,,,,,,true,,,,,,,
h3c-050,h3c,H3C,郑州市办事处 (河南代表处),office,"河南省郑州市郑东新区祭城金水东路49号, 450008, China",China,,,unlocated,address_verified,https://www.h3c.com/cn/d_202405/2157260_30008_0.htm,official_company_directory,2026-08-25,,,,,,,,,,,,,true,,,,,,,
h3c-051,h3c,H3C,合肥市办事处 (安徽代表处),office,"安徽省合肥市政务区怀宁路288号置地广场C座45层01-03室, 230022, China",China,,,unlocated,address_verified,https://www.h3c.com/cn/d_202405/2157260_30008_0.htm,official_company_directory,2026-08-25,,,,,,,,,,,,,true,,,,,,,
h3c-052,h3c,H3C,合肥市办事处 (安徽代表处),office,"安徽省合肥市金鼎国家广场2层202-204, 230022, China",China,,,unlocated,address_verified,https://www.h3c.com/cn/d_202405/2157260_30008_0.htm,official_company_directory,2026-08-25,,,,,,,,,,,,,true,,,,,,,
h3c-053,h3c,H3C,合肥市办事处 (安徽代表处),office,"安徽省合肥市包河区马鞍山路绿地赢海国际大厦A座1416-1417室, 230022, China",China,,,unlocated,address_verified,https://www.h3c.com/cn/d_202405/2157260_30008_0.htm,official_company_directory,2026-08-25,,,,,,,,,,,,,true,,,,,,,
h3c-054,h3c,H3C,南昌市办事处 (江西代表处),office,"江西省南昌市红谷滩区绿茵路联发广场写字楼 40 层（02-08、11室）, 330038, China",China,,,unlocated,address_verified,https://www.h3c.com/cn/d_202405/2157260_30008_0.htm,official_company_directory,2026-08-25,,,,,,,,,,,,,true,,,,,,,
h3c-055,h3c,H3C,南宁市办事处 (广西代表处),office,"广西壮族自治区南宁市青秀区民族大道136-1号广西华润大厦（A座）14F, 530000, China",China,,,unlocated,address_verified,https://www.h3c.com/cn/d_202405/2157260_30008_0.htm,official_company_directory,2026-08-25,,,,,,,,,,,,,true,,,,,,,
h3c-056,h3c,H3C,长沙市办事处 (湖南代表处),office,"湖南省长沙市天心区湘江中路二段178号汇景发展环球中心A塔31层, 410011, China",China,,,unlocated,address_verified,https://www.h3c.com/cn/d_202405/2157260_30008_0.htm,official_company_directory,2026-08-25,,,,,,,,,,,,,true,,,,,,,
h3c-057,h3c,H3C,长沙市办事处 (湖南代表处),office,"湖南省长沙市雨花区王公塘路6022号704室, 410007, China",China,,,unlocated,address_verified,https://www.h3c.com/cn/d_202405/2157260_30008_0.htm,official_company_directory,2026-08-25,,,,,,,,,,,,,true,,,,,,,
h3c-058,h3c,H3C,武汉市办事处 (湖北代表处),office,"湖北省武汉市江岸区三阳路8号天悦外滩金融中心写字楼A座21层, 430060, China",China,,,unlocated,address_verified,https://www.h3c.com/cn/d_202405/2157260_30008_0.htm,official_company_directory,2026-08-25,,,,,,,,,,,,,true,,,,,,,
h3c-059,h3c,H3C,武汉市办事处 (湖北代表处),office,"湖北省武汉市东湖新技术开发区光谷大道77号光谷金融港A11栋11层, 430075, China",China,,,unlocated,address_verified,https://www.h3c.com/cn/d_202405/2157260_30008_0.htm,official_company_directory,2026-08-25,,,,,,,,,,,,,true,,,,,,,
h3c-060,h3c,H3C,银川市办事处 (宁夏代表处),office,"宁夏回族自治区银川市金凤区宁安南街亲宁巷12号德丰大厦3401室, 750002, China",China,,,unlocated,address_verified,https://www.h3c.com/cn/d_202405/2157260_30008_0.htm,official_company_directory,2026-08-25,,,,,,,,,,,,,true,,,,,,,
h3c-061,h3c,H3C,西安市办事处 (陕西代表处),office,"陕西省西安市高新区锦业路12号迈科商业中心19层1901室, 710077, China",China,,,unlocated,address_verified,https://www.h3c.com/cn/d_202405/2157260_30008_0.htm,official_company_directory,2026-08-25,,,,,,,,,,,,,true,,,,,,,
h3c-062,h3c,H3C,西安市办事处 (陕西代表处),office,"陕西省西安市高新区丈八街办科技三路58号汇豪国际广场B座3栋, 710061, China",China,,,unlocated,address_verified,https://www.h3c.com/cn/d_202405/2157260_30008_0.htm,official_company_directory,2026-08-25,,,,,,,,,,,,,true,,,,,,,
h3c-063,h3c,H3C,重庆市办事处 (重庆代表处),office,"重庆市渝北区云杉南路12号涉外商务区B2栋2层, 401147, China",China,,,unlocated,address_verified,https://www.h3c.com/cn/d_202405/2157260_30008_0.htm,official_company_directory,2026-08-25,,,,,,,,,,,,,true,,,,,,,
h3c-064,h3c,H3C,重庆市办事处 (重庆代表处),office,"重庆市九龙坡区科园二路137号申基会展国际写字楼7-1-5, 400041, China",China,,,unlocated,address_verified,https://www.h3c.com/cn/d_202405/2157260_30008_0.htm,official_company_directory,2026-08-25,,,,,,,,,,,,,true,,,,,,,
h3c-065,h3c,H3C,贵阳市办事处 (贵州代表处),office,"贵州省贵阳市观山湖区毕节路58号联合广场2号楼16层5-8号, 550081, China",China,,,unlocated,address_verified,https://www.h3c.com/cn/d_202405/2157260_30008_0.htm,official_company_directory,2026-08-25,,,,,,,,,,,,,true,,,,,,,
h3c-066,h3c,H3C,昆明市办事处 (云南代表处),office,"昆明市盘龙区恒隆广场恒隆写字楼4106-4110, 650011, China",China,,,unlocated,address_verified,https://www.h3c.com/cn/d_202405/2157260_30008_0.htm,official_company_directory,2026-08-25,,,,,,,,,,,,,true,,,,,,,
h3c-067,h3c,H3C,成都市办事处 (四川代表处),office,"四川省成都市高新区益州大道中段2555号紫光芯云中心B座15楼, 610041, China",China,,,unlocated,address_verified,https://www.h3c.com/cn/d_202405/2157260_30008_0.htm,official_company_directory,2026-08-25,,,,,,,,,,,,,true,,,,,,,
h3c-068,h3c,H3C,成都市办事处 (四川代表处),office,"成都市高新区拓东新街81号天府软件园二期C区4号楼, 610095, China",China,,,unlocated,address_verified,https://www.h3c.com/cn/d_202405/2157260_30008_0.htm,official_company_directory,2026-08-25,,,,,,,,,,,,,true,,,,,,,
h3c-069,h3c,H3C,兰州市办事处 (甘肃代表处),office,"甘肃省兰州市城关区天水中路3号盛达金融广场B塔18楼, 730030, China",China,,,unlocated,address_verified,https://www.h3c.com/cn/d_202405/2157260_30008_0.htm,official_company_directory,2026-08-25,,,,,,,,,,,,,true,,,,,,,
h3c-070,h3c,H3C,西宁市办事处 (青海代表处),office,"青海省西宁市城西区文苑路7号庄和财富广场B座8楼2083室, 810000, China",China,,,unlocated,address_verified,https://www.h3c.com/cn/d_202405/2157260_30008_0.htm,official_company_directory,2026-08-25,,,,,,,,,,,,,true,,,,,,,
h3c-071,h3c,H3C,拉萨市办事处 (西藏代表处),office,"西藏自治区拉萨市城关区金珠东路31号电信大厦6楼612室, 850006, China",China,,,unlocated,address_verified,https://www.h3c.com/cn/d_202405/2157260_30008_0.htm,official_company_directory,2026-08-25,,,,,,,,,,,,,true,,,,,,,
h3c-072,h3c,H3C,乌鲁木齐市办事处 (新疆代表处),office,"新疆乌鲁木齐经济开发区喀纳斯湖北路455号软件园E2栋7F, 830011, China",China,,,unlocated,address_verified,https://www.h3c.com/cn/d_202405/2157260_30008_0.htm,official_company_directory,2026-08-25,,,,,,,,,,,,,true,,,,,,,
h3c-073,h3c,H3C,"Macau, China office",office,"Avenida Xian Xing Hai n.o 105, Centro Golden Dragon, 9 Andar C, Macau, China",China,,,unlocated,address_verified,https://www.h3c.com/en/About_Us/Contact_Us/Offices/,official_company_directory,2026-08-25,,,,,,,,,,,,,true,,,,,,,
h3c-074,h3c,H3C,Japan office,office,"303, 3F, Prime Terrace Kamiyacho, 4-1-13, Toranomon, Minato-ku, Tokyo 105-0001, Japan",Japan,,,unlocated,address_verified,https://www.h3c.com/en/About_Us/Contact_Us/Offices/,official_company_directory,2026-08-25,,,,,,,,,,,,,true,,,,,,,
h3c-075,h3c,H3C,Korea office,office,"150, Yeongdeungpo-ro, Yeongdeungpo-gu, Seoul, South Korea",South Korea,,,unlocated,address_verified,https://www.h3c.com/en/About_Us/Contact_Us/Offices/,official_company_directory,2026-08-25,,,,,,,,,,,,,true,,,,,,,
h3c-076,h3c,H3C,Malaysia office,office,"41-01, Menara Q Sentral, 2A, Jalan Sentral 2, Kuala Lumpur Sentral, 50470 KL, Malaysia",Malaysia,,,unlocated,address_verified,https://www.h3c.com/en/About_Us/Contact_Us/Offices/,official_company_directory,2026-08-25,,,,,,,,,,,,,true,,,,,,,
h3c-077,h3c,H3C,Thailand office,office,"CW Tower, Room No. 2203, 22nd Floor, Tower B, 90 Ratchadapisek Rd., HuayKwang District, Bangkok 10310, Thailand, Thailand",Thailand,,,unlocated,address_verified,https://www.h3c.com/en/About_Us/Contact_Us/Offices/,official_company_directory,2026-08-25,,,,,,,,,,,,,true,,,,,,,
h3c-078,h3c,H3C,Philippines office,office,"Unit 2104 & 2105 PSE Tower 28th Street corner 5th Avenue, Bonifacio Global City, Taguig 1634, Philippines, Philippines",Philippines,,,unlocated,address_verified,https://www.h3c.com/en/About_Us/Contact_Us/Offices/,official_company_directory,2026-08-25,,,,,,,,,,,,,true,,,,,,,
h3c-079,h3c,H3C,Vietnam office,office,"Floor 25, Keangnam Hanoi Landmark Tower, Hanoi, Vietnam, Vietnam",Vietnam,,,unlocated,address_verified,https://www.h3c.com/en/About_Us/Contact_Us/Offices/,official_company_directory,2026-08-25,,,,,,,,,,,,,true,,,,,,,
h3c-080,h3c,H3C,Singapore office,office,"1 HarbourFront Ave #03-01, Keppel Bay Tower, Singapore 098632, Singapore",Singapore,,,unlocated,address_verified,https://www.h3c.com/en/About_Us/Contact_Us/Offices/,official_company_directory,2026-08-25,,,,,,,,,,,,,true,,,,,,,
h3c-081,h3c,H3C,Indonesia office,office,"Soho Capital Lt. 35 – Unit 03, Jl. Letjen S. Parman No.Kav. 28, Tanjung Duren Selatan, Kec. Grogol Petamburan, Jakarta Barat 11470, Indonesia",Indonesia,,,unlocated,address_verified,https://www.h3c.com/en/About_Us/Contact_Us/Offices/,official_company_directory,2026-08-25,,,,,,,,,,,,,true,,,,,,,
h3c-082,h3c,H3C,Kazakhstan office,office,"Kazakhstan, Almaty city, Bostandyk district, Timiryazev street, building 28V, Alatau Grand business center, 8th floor, 804 zip code 050060, Kazakhstan",Kazakhstan,,,unlocated,address_verified,https://www.h3c.com/en/About_Us/Contact_Us/Offices/,official_company_directory,2026-08-25,,,,,,,,,,,,,true,,,,,,,
h3c-083,h3c,H3C,Pakistan office,office,"Room 1013, Islamabad Stock Exchange Tower, Islamabad, Pakistan, Pakistan",Pakistan,,,unlocated,address_verified,https://www.h3c.com/en/About_Us/Contact_Us/Offices/,official_company_directory,2026-08-25,,,,,,,,,,,,,true,,,,,,,
h3c-084,h3c,H3C,Uzbekistan office,office,"Uzbekistan，Tashkent city，Trilliant Tower 2，Floor 5, Uzbekistan",Uzbekistan,,,unlocated,address_verified,https://www.h3c.com/en/About_Us/Contact_Us/Offices/,official_company_directory,2026-08-25,,,,,,,,,,,,,true,,,,,,,
h3c-085,h3c,H3C,United Arab Emirates office,office,"Office 118 - 16A, Vakson Building, Umm Al Sheif St, Dubai, United Arab Emirates, United Arab Emirates",United Arab Emirates,,,unlocated,address_verified,https://www.h3c.com/en/About_Us/Contact_Us/Offices/,official_company_directory,2026-08-25,,,,,,,,,,,,,true,,,,,,,
h3c-086,h3c,H3C,Saudi Arabia office,office,"MMWH+MH9, Al Olaya, Riyadh, Saudi Arabia",Saudi Arabia,,,unlocated,address_verified,https://www.h3c.com/en/About_Us/Contact_Us/Offices/,official_company_directory,2026-08-25,,,,,,,,,,,,,true,,,,,,,
h3c-087,h3c,H3C,South Africa office,office,"Unit TG1-004, First Floor, The GABBA Building, The Campus Office Park, 57 Sloane Street, Bryanston, JHB 2191, South Africa",South Africa,,,unlocated,address_verified,https://www.h3c.com/en/About_Us/Contact_Us/Offices/,official_company_directory,2026-08-25,,,,,,,,,,,,,true,,,,,,,
h3c-088,h3c,H3C,Mexico office,office,"Neuchatel Cuadrante Polanco, Av. Río San Joaquín 498, Amp Granada, Miguel Hidalgo, 11529 Ciudad de México, CDMX, Mexico",Mexico,,,unlocated,address_verified,https://www.h3c.com/en/About_Us/Contact_Us/Offices/,official_company_directory,2026-08-25,,,,,,,,,,,,,true,,,,,,,
h3c-089,h3c,H3C,Chile office,office,"Av. Apoquindo 5950, 7550000 Las Condes，wework, Chile",Chile,,,unlocated,address_verified,https://www.h3c.com/en/About_Us/Contact_Us/Offices/,official_company_directory,2026-08-25,,,,,,,,,,,,,true,,,,,,,
h3c-090,h3c,H3C,Spain office,office,"C. de Sauceda, 10, planta 2, oficina C, 28050 Madrid, Spain, Spain",Spain,,,unlocated,address_verified,https://www.h3c.com/en/About_Us/Contact_Us/Offices/,official_company_directory,2026-08-25,,,,,,,,,,,,,true,,,,,,,
h3c-091,h3c,H3C,Turkey office,office,"No:266, Tepe Prime B- Blok, Tepe Prime Business Center, Daire: 120, 06800, Mustafa Kemal Mahallesi, Çankaya, Ankara, Turkey",Turkey,,,unlocated,address_verified,https://www.h3c.com/en/About_Us/Contact_Us/Offices/,official_company_directory,2026-08-25,,,,,,,,,,,,,true,,,,,,,
h3c-092,h3c,H3C,Germany office,office,"Design office，Mies-van-der-Rohe-Straße 6, Germany",Germany,,,unlocated,address_verified,https://www.h3c.com/en/About_Us/Contact_Us/Offices/,official_company_directory,2026-08-25,,,,,,,,,,,,,true,,,,,,,
h3c-093,h3c,H3C,Poland office,office,"Konstruktorska 11 Warszawa 02-673，Office 39, Poland",Poland,,,unlocated,address_verified,https://www.h3c.com/en/About_Us/Contact_Us/Offices/,official_company_directory,2026-08-25,,,,,,,,,,,,,true,,,,,,,
corning-001,corning,Corning,World headquarters,headquarters,"One Riverfront Plaza, Corning, NY 14831, United States",United States,,,unlocated,address_verified,https://www.corning.com/worldwide/en/about-us/company-profile.html,official_company_profile,2026-08-25,,,,,,,,,,,,"Partial directory. Corning’s official profile verifies this headquarters and states that the company has 148 locations in 44 countries and more than 77 manufacturing sites. Its official interactive locator did not expose a complete address inventory to the available semantic reader, so this record must not be counted as complete until that full directory is extracted.",false,,,,,,,
xfusion-001,xfusion,xFusion,Singapore headquarters,headquarters,"Mapletree Business City, 20E Pasir Panjang Road #06-24, Singapore 117439",Singapore,1.2744371,103.7996776,building,map_ready,https://www.xfusion.com/en/contact-us,official_company_directory_with_map_coordinates,2026-08-25,,,,,,,,,,,,"Partial directory. Includes all 13 exact-address offices on xFusion’s official Contact Us page, its separately published Penang global supply center, and its official-document Zhengzhou address. xFusion states that it has 8 research centers, 7 regional offices and 6 GTACs, but does not publish street addresses for every disclosed center, so this company is not counted as fully researched.",false,,,,,,,
xfusion-002,xfusion,xFusion,Italy office,office,"Building D, Via Del Serafico 89, 00142 Roma, Italy",Italy,41.8306651,12.4866163,building,map_ready,https://www.xfusion.com/en/contact-us,official_company_directory_with_map_coordinates,2026-08-25,,,,,,,,,,,,,false,,,,,,,
xfusion-003,xfusion,xFusion,France office,office,"24 Rue du Gouverneur Général Éboué, 92130 Issy-les-Moulineaux, France",France,48.8269114,2.2711138,building,map_ready,https://www.xfusion.com/en/contact-us,official_company_directory_with_map_coordinates,2026-08-25,,,,,,,,,,,,,false,,,,,,,
xfusion-004,xfusion,xFusion,Germany office,office,"Floor 2, Völklinger Straße 33a, 40221, Düsseldorf, Germany",Germany,51.210173,6.7570817,building,map_ready,https://www.xfusion.com/en/contact-us,official_company_directory_with_map_coordinates,2026-08-25,,,,,,,,,,,,,false,,,,,,,
xfusion-005,xfusion,xFusion,Hong Kong (China) office,office,"Suites 3302-05, 33/F, Tower 6, The Gateway, No.9 Canton Road, Tsim Sha Tsui, Kowloon, Hong Kong, Hong Kong SAR, China",China,22.296875,114.1683031,building,map_ready,https://www.xfusion.com/en/contact-us,official_company_directory_with_map_coordinates,2026-08-25,,,,,,,,,,,,,false,,,,,,,
xfusion-006,xfusion,xFusion,Malaysia office,office,"SO-23A-7, Menara 1, No 3, Jalan Bangsar KL Eco City , Kg Haji Abdullah Hukum, 59200 Kuala Lumpur",Malaysia,3.117958,101.673981,building,map_ready,https://www.xfusion.com/en/contact-us,official_company_directory_with_map_coordinates,2026-08-25,,,,,,,,,,,,,false,,,,,,,
xfusion-007,xfusion,xFusion,Indonesia office,office,"28/E, Capital Place, Jl. Gatot Subroto No.18, RT.6/RW.1, Kuningan Bar., Kec. Mampang Prpt., Kota Jakarta Selatan, Daerah Khusus Ibukota Jakarta 12710, Indonesia",Indonesia,-6.2326934,106.8171811,building,map_ready,https://www.xfusion.com/en/contact-us,official_company_directory_with_map_coordinates,2026-08-25,,,,,,,,,,,,,false,,,,,,,
xfusion-008,xfusion,xFusion,Japan office,office,"17 Floor, Hibiya Kokusai Building, 2-chōme-2-3 Uchisaiwaichō, Chiyoda City, Tokyo, Japan",Japan,35.6703345,139.7544269,building,map_ready,https://www.xfusion.com/en/contact-us,official_company_directory_with_map_coordinates,2026-08-25,,,,,,,,,,,,,false,,,,,,,
xfusion-009,xfusion,xFusion,South Korea office,office,"43F, ThreeIFC, 10 Gukje-Geumyung-ro Yeongdeungpo-gu, Seoul, Republic of Korea",South Korea,37.5250349,126.9258912,building,map_ready,https://www.xfusion.com/en/contact-us,official_company_directory_with_map_coordinates,2026-08-25,,,,,,,,,,,,,false,,,,,,,
xfusion-010,xfusion,xFusion,Mexico office,office,"5 Floor, Calle Ferrocarril de Cuernavaca 689, Miguel Hidalgo, 11529 Ciudad de Mexico, CDMX, MEXICO",Mexico,19.4419111,-99.1992075,building,map_ready,https://www.xfusion.com/en/contact-us,official_company_directory_with_map_coordinates,2026-08-25,,,,,,,,,,,,,false,,,,,,,
xfusion-011,xfusion,xFusion,Brasil office,office,"R. Padre João Batista Reus, 215 - Caminho Novo, Palhoça - SC, 88132-300",Brazil,-27.6467352,-48.6731927,building,map_ready,https://www.xfusion.com/en/contact-us,official_company_directory_with_map_coordinates,2026-08-25,,,,,,,,,,,,,false,,,,,,,
xfusion-012,xfusion,xFusion,United Arab Emirates office,office,"The BayGate Tower; 2, Al Khaleej Al Tejari 1 Street, Business Bay, Dubai, UAE",United Arab Emirates,25.1890755,55.2626972,building,map_ready,https://www.xfusion.com/en/contact-us,official_company_directory_with_map_coordinates,2026-08-25,,,,,,,,,,,,,false,,,,,,,
xfusion-013,xfusion,xFusion,Saudi Arabia office,office,"Office 701-702, 7 Floor, Verdun Tower, King Fahad Rd, Riyadh, Saudi Arabia",Saudi Arabia,24.6948954,46.6814489,building,map_ready,https://www.xfusion.com/en/contact-us,official_company_directory_with_map_coordinates,2026-08-25,,,,,,,,,,,,,false,,,,,,,
xfusion-014,xfusion,xFusion,Penang global supply center,facility,"2005 Tingkat Perusahaan 1, Kawasan Perusahaan Prai, Plant 5, 13600 Prai, Penang, Malaysia",Malaysia,,,unlocated,address_verified,https://www.xfusion.com/en/about,official_company_profile,2026-08-25,,,,,,,,,,,,,false,,,,,,,
xfusion-015,xfusion,xFusion,Zhengzhou office,office,"9th Floor, Building 1, Zensun Boya Square, Longzihu Wisdom Island, Zhengdong New District, Zhengzhou, Henan 450046, China",China,,,unlocated,address_verified,https://www.xfusion.com/wp-content/uploads/2024/11/FusionDirector-Intelligent-Management-Software-Technical-White-Paper.pdf,official_company_document,2026-08-25,,,,,,,,,,,,,false,,,,,,,
gds-001,gds,GDS Holdings,Beijing office,office,"South Tower, 14th Floor, CP Center, 20 Jinhe East Road, Chaoyang District, Beijing 100020, China",China,,,unlocated,address_verified,https://www.gds-services.com/zh_cn/Contact.html,official_company_directory,2026-08-25,,,,,,,,,,,,"Partial directory. Includes every exact-address corporate office on GDS’s current official Contact page. GDS’s 2025 annual filing additionally names a Suzhou regional office without publishing its street address, so the company is not counted as fully researched. Customer data-center campuses are excluded from this corporate-office map.",false,,,,,,,
gds-002,gds,GDS Holdings,Shanghai headquarters,headquarters,"Floors 4 and 5, Building C, Sunland International, 999 Zhouhai Road, Pudong, Shanghai 200137, China",China,,,unlocated,address_verified,https://www.gds-services.com/zh_cn/Contact.html,official_company_directory,2026-08-25,,,,,,,,,,,,,false,,,,,,,
gds-003,gds,GDS Holdings,Shenzhen office,office,"5 Taohua Road, Futian Free Trade Zone, Shenzhen, Guangdong, China",China,,,unlocated,address_verified,https://www.gds-services.com/zh_cn/Contact.html,official_company_directory,2026-08-25,,,,,,,,,,,,,false,,,,,,,
gds-004,gds,GDS Holdings,Guangzhou office,office,"Unit C1, Room 3702, Guangzhou International Trade Center, 235 Tianhe North Road, Tianhe District, Guangzhou, Guangdong, China",China,,,unlocated,address_verified,https://www.gds-services.com/zh_cn/Contact.html,official_company_directory,2026-08-25,,,,,,,,,,,,,false,,,,,,,
gds-005,gds,GDS Holdings,Chengdu office,office,"Room 1305, Sunshine Insurance Finance Center, 88 Shujin Road, Chengdu High-Tech Zone, Chengdu, Sichuan, China",China,,,unlocated,address_verified,https://www.gds-services.com/zh_cn/Contact.html,official_company_directory,2026-08-25,,,,,,,,,,,,,false,,,,,,,
gds-006,gds,GDS Holdings,Hong Kong office,office,"Room 916, 9th Floor, One Island South, 2 Heung Yip Road, Wong Chuk Hang, Hong Kong SAR, China",China,,,unlocated,address_verified,https://www.gds-services.com/zh_cn/Contact.html,official_company_directory,2026-08-25,,,,,,,,,,,,,false,,,,,,,
vnet-001,vnet,VNET Group,Beijing headquarters,headquarters,"Guanjie Building Southeast, 1st Floor, 10 Jiuxianqiao East Road, Chaoyang District, Beijing 100016, China",China,,,unlocated,address_verified,https://www.vnet.com/en/contactus.html,official_company_contact_page,2026-08-25,,,,,,,,,,,,"Partial directory. VNET’s official contact page publishes this headquarters address. Its 2025 annual report states that it leases office space in Beijing, Shanghai, Guangzhou, Shenzhen, Ningbo, Hangzhou, Hong Kong and other locations but does not publish the other street addresses. Data-center facilities are excluded from this corporate-office map.",false,,,,,,,
nebius-001,nebius,Nebius,Amsterdam main office,headquarters,"Tripolis Park, Burgerweeshuispad 101, 1076 ES Amsterdam, Netherlands",Netherlands,,,unlocated,address_verified,https://assets.nebius.com/assets/70b9d3f9-cd33-40f8-805b-8596b02b8478/20260311%20NVIDIA%20and%20Nebius%20partner%20to%20scale%20full-stack%20AI%20cloud.pdf,official_company_press_release,2026-08-25,,,,,,,,,,,,"Partial directory. Exact official addresses are included for the current Amsterdam main office, Schiphol registered office, Tel Aviv site, U.S. subsidiary, and the announced San Francisco Ferry Building office. Nebius also confirms employee hubs in Dallas, New York, London and Belgrade without publishing street addresses. Cloud regions and AI-factory infrastructure are excluded.",false,,,,,,,
nebius-002,nebius,Nebius,Schiphol registered office,registered_office,"Schiphol Boulevard 165, 1118 BG Schiphol, Netherlands",Netherlands,,,unlocated,address_verified,https://docs.nebius.com/legal/privacy,official_company_legal_page,2026-08-25,,,,,,,,,,,,,false,,,,,,,
nebius-003,nebius,Nebius,Tel Aviv office,office,"1 Alon Tower, 39th Floor, 94 Yigal Alon Street, Tel Aviv, Israel",Israel,,,unlocated,address_verified,https://docs.nebius.com/legal/privacy,official_company_legal_page,2026-08-25,,,,,,,,,,,,,false,,,,,,,
nebius-004,nebius,Nebius,Newburyport registered office,registered_office,"10 State Street, Newburyport, MA 01950, United States",United States,,,unlocated,address_verified,https://docs.nebius.com/legal/privacy,official_company_legal_page,2026-08-25,,,,,,,,,,,,,false,,,,,,,
nebius-005,nebius,Nebius,San Francisco office,office,"Ferry Building, 1 Ferry Building, San Francisco, CA 94111, United States",United States,,,unlocated,address_verified,https://nebius.com/blog/posts/nebius-opens-offices-in-us,official_company_announcement,2026-08-25,,,,,,,,,,,,,false,,,,,,,
cloudflare-001,cloudflare,Cloudflare,San Francisco headquarters,headquarters,"101 Townsend St. San Francisco, CA 94107, United States",United States,37.7802226,-122.3905874,building,map_ready,https://www.cloudflare.com/about/,official_company_directory_with_map_coordinates,2026-08-25,,,,,,,,,,,,"Complete current corporate-office directory: all 18 offices on Cloudflare’s official About page, matching the company’s stated worldwide office count. Cloudflare edge-network and data-center cities are infrastructure and are excluded.",true,,,,,,,
cloudflare-002,cloudflare,Cloudflare,Austin office,office,"405 Comal St. Austin, TX 78702, United States",United States,30.2614078,-97.727047,building,map_ready,https://www.cloudflare.com/about/,official_company_directory_with_map_coordinates,2026-08-25,,,,,,,,,,,,,true,,,,,,,
cloudflare-003,cloudflare,Cloudflare,Champaign office,office,"301 N Neil St Suite 440, Champaign, IL 61820, United States",United States,40.118742,-88.2465513,building,map_ready,https://www.cloudflare.com/about/,official_company_directory_with_map_coordinates,2026-08-25,,,,,,,,,,,,,true,,,,,,,
cloudflare-004,cloudflare,Cloudflare,New York City office,office,"1 World Trade Center, 88th Floor, New York, NY 10007, United States",United States,40.7127431,-74.0133795,building,map_ready,https://www.cloudflare.com/about/,official_company_directory_with_map_coordinates,2026-08-25,,,,,,,,,,,,,true,,,,,,,
cloudflare-005,cloudflare,Cloudflare,Washington DC office,office,"900 19th Street, N.W., Suite 375, Washington, DC 20006, United States",United States,38.9016559,-77.0438082,building,map_ready,https://www.cloudflare.com/about/,official_company_directory_with_map_coordinates,2026-08-25,,,,,,,,,,,,,true,,,,,,,
cloudflare-006,cloudflare,Cloudflare,Mexico City office,office,"Viaducto Rio Becerra 27 piso 10, Colonia Nápoles, Alcaldía Benito Juárez, C.P. 03810, Ciudad de México, Mexico",Mexico,19.3973255,-99.1768533,building,map_ready,https://www.cloudflare.com/about/,official_company_directory_with_map_coordinates,2026-08-25,,,,,,,,,,,,,true,,,,,,,
cloudflare-007,cloudflare,Cloudflare,London office,office,"County Hall / The Riverside Building, Belvedere Road, London, SE1 7PB, United Kingdom",United Kingdom,51.5019633,-0.1188522,building,map_ready,https://www.cloudflare.com/about/,official_company_directory_with_map_coordinates,2026-08-25,,,,,,,,,,,,,true,,,,,,,
cloudflare-008,cloudflare,Cloudflare,Paris office,office,"6 Place de la Madeleine, 75008 Paris, France",France,,,unlocated,address_verified,https://www.cloudflare.com/about/,official_company_directory,2026-08-25,,,,,,,,,,,,,true,,,,,,,
cloudflare-009,cloudflare,Cloudflare,Lisbon office,office,"Av. da Índia 10, 6º Piso, 1300-249 Lisboa, Portugal",Portugal,38.701714,-9.1761351,building,map_ready,https://www.cloudflare.com/about/,official_company_directory_with_map_coordinates,2026-08-25,,,,,,,,,,,,,true,,,,,,,
cloudflare-010,cloudflare,Cloudflare,Munich office,office,"Rosenheimer Straße 143C, 8th floor, 81671 München, Germany",Germany,48.1229972,11.6048558,building,map_ready,https://www.cloudflare.com/about/,official_company_directory_with_map_coordinates,2026-08-25,,,,,,,,,,,,,true,,,,,,,
cloudflare-011,cloudflare,Cloudflare,Brussels office,office,"Rue de la Loi 38, 1000 Bruxelles, Belgium",Belgium,50.8453493,4.3704241,building,map_ready,https://www.cloudflare.com/about/,official_company_directory_with_map_coordinates,2026-08-25,,,,,,,,,,,,,true,,,,,,,
cloudflare-012,cloudflare,Cloudflare,Dubai office,office,"DIC Building 15, Offices G10-11, Dubai Internet City, United Arab Emirates",United Arab Emirates,,,unlocated,address_verified,https://www.cloudflare.com/about/,official_company_directory,2026-08-25,,,,,,,,,,,,,true,,,,,,,
cloudflare-013,cloudflare,Cloudflare,Bengaluru office,office,"2nd Floor, TS Suites, Godrej Centre, Old Madras Road, Bengaluru, Karnataka 560038, India",India,12.9872018,77.6477978,building,map_ready,https://www.cloudflare.com/about/,official_company_directory_with_map_coordinates,2026-08-25,,,,,,,,,,,,,true,,,,,,,
cloudflare-014,cloudflare,Cloudflare,Singapore office,office,"182 Cecil Street, Frasers Tower #35-01, Singapore 069547",Singapore,1.278645,103.847414,building,map_ready,https://www.cloudflare.com/about/,official_company_directory_with_map_coordinates,2026-08-25,,,,,,,,,,,,,true,,,,,,,
cloudflare-015,cloudflare,Cloudflare,Beijing office,office,"16 South Guangshun Street, Donghuang Building 17th Floor, Chaoyang District, Beijing 100015, China",China,39.985963,116.481549,building,map_ready,https://www.cloudflare.com/about/,official_company_directory_with_map_coordinates,2026-08-25,,,,,,,,,,,,,true,,,,,,,
cloudflare-016,cloudflare,Cloudflare,Tokyo office,office,"Level 26, Kyobashi Edo Grand, 2-2-1 Kyobashi, Chuo-ku, Tokyo, 104-0031, Japan",Japan,35.6773686,139.7694908,building,map_ready,https://www.cloudflare.com/about/,official_company_directory_with_map_coordinates,2026-08-25,,,,,,,,,,,,,true,,,,,,,
cloudflare-017,cloudflare,Cloudflare,Seoul office,office,"Suite 06B105, 6F, 55, Seocho-daero 77-gil, Seocho-gu 06611, Korea, South Korea",South Korea,37.501756,127.0155606,building,map_ready,https://www.cloudflare.com/about/,official_company_directory_with_map_coordinates,2026-08-25,,,,,,,,,,,,,true,,,,,,,
cloudflare-018,cloudflare,Cloudflare,Sydney office,office,"388 George Street, Sydney, NSW 2000, Australia",Australia,-33.8683127,151.2073728,building,map_ready,https://www.cloudflare.com/about/,official_company_directory_with_map_coordinates,2026-08-25,,,,,,,,,,,,,true,,,,,,,
shengshu-vidu-001,shengshu-vidu,ShengShu AI / Vidu,Beijing registered office,registered_office,"Dongsheng Building, Haidian District, Beijing, China",China,,,unlocated,address_verified,https://www.genspi.com/en/privacy/,official_company_legal_page,2026-08-25,,,,,,,,,,,,"Partial directory. ShengShu’s official legal pages verify its Beijing registered building and exact Hong Kong office. Its official site additionally lists branches in Shanghai, Shenzhen, Anhui and Wuxi, but does not publish their street addresses, so the company is not counted as fully researched.",false,,,,,,,
shengshu-vidu-002,shengshu-vidu,ShengShu AI / Vidu,Hong Kong office,office,"Room 06, 13A/F, South Tower, World Finance Centre, Harbour City, 17 Canton Road, Tsim Sha Tsui, Kowloon, Hong Kong SAR, China",China,,,unlocated,address_verified,https://platform.vidu.com/docs/terms-of-use,official_company_legal_page,2026-08-25,,,,,,,,,,,,,false,,,,,,,
hugging-face-001,hugging-face,Hugging Face,New York office,headquarters,"20 Jay Street, Suite 620, Brooklyn, NY 11201, United States",United States,40.704007,-73.986759,building,map_ready,https://huggingface.co/datasets/huggingface/policy-docs/resolve/main/2023_OMB%20EO%20RFC.pdf?download=true,official_company_policy_document,2026-08-25,,,,,,,,,,,https://esd.ny.gov/sites/default/files/news-articles/10262017_SNY_BM.pdf,Complete office-space outcome. A current Hugging Face job listing states that the distributed company has office spaces in NYC and Paris; exact current addresses are supported by Hugging Face legal and policy documents. Remote employee locations and hosted infrastructure are excluded.,true,,government_property_record,,,,,
hugging-face-002,hugging-face,Hugging Face,Paris office,office,"9 rue des Colonnes, 75002 Paris, France",France,48.869742,2.339379,building,map_ready,https://huggingface.co/privacy,official_company_legal_page,2026-08-25,,,,,,,,,,,https://www.intercariforef.org/rco_search/quiforme/etablissement/?rech=97833823400013,,true,,government_address_database,,,,,
pinecone-001,pinecone,Pinecone,New York City HQ,headquarters,"127 W 26th St., 6th Floor, New York, NY 10001, United States",United States,40.7455052,-73.9925205,building,map_ready,https://www.pinecone.io/careers/,official_company_careers_page,2026-08-25,,,,,,,,,,,https://www.addressschool.com/company/2375938/power-consulting-group,Complete official global-office directory. Pinecone lists only its New York City headquarters and Tel Aviv office; remote job locations and cloud processing regions are excluded. The Tel Aviv address remains off-map until its building coordinate can be independently verified.,true,,building_directory,,,,,
pinecone-002,pinecone,Pinecone,Tel Aviv office,office,"4 Ein Zeitim St., Floor 1, Tel Aviv 6744840, Israel",Israel,,,unlocated,address_verified,https://www.pinecone.io/careers/,official_company_careers_page,2026-08-25,,,,,,,,,,,,,true,,,,,,,
weights-biases-001,weights-biases,Weights & Biases,U.S. headquarters,headquarters,"400 Alabama Street, Suite 202, San Francisco, CA 94110, United States",United States,,,unlocated,address_verified,https://wandb.ai/site/dpa/,official_company_legal_page,2026-08-25,,,,,,,,,,,,"Complete official office directory. W&B publishes offices in San Francisco, Berlin, Tokyo, and London. The current 2026 DPA confirms the newer 400 Alabama Street principal place of business, replacing the older Folsom Street address still visible on a legacy page. Remote job locations and hosted cloud infrastructure are excluded. San Francisco remains off-map pending independent building-coordinate verification.",true,,,,,,,
weights-biases-002,weights-biases,Weights & Biases,Berlin office,office,"Stresemannstraße 123, 10963 Berlin, Germany",Germany,52.5075201,13.3778567,building,map_ready,https://wandb.ai/site/ko/company/about-us/,official_company_office_directory,2026-08-25,,,,,,,,,,,https://www.flexas.com/de/deu/buero-mieten/berlin/stresemannstrasse/16125,,true,,commercial_property_map,,,,,
weights-biases-003,weights-biases,Weights & Biases,Tokyo office,office,"Tokyo Square Garden, 14F, 3 Chome-1-1 Kyobashi, Chuo City, Tokyo 104-0031, Japan",Japan,35.67603,139.76875,building,map_ready,https://wandb.ai/site/ko/company/about-us/,official_company_office_directory,2026-08-25,,,,,,,,,,,https://mapcarta.com/W406737276,,true,,openstreetmap_building,,,,,
weights-biases-004,weights-biases,Weights & Biases,London office,office,"10 York Road, London SE1 7ND, United Kingdom",United Kingdom,51.503492,-0.11564,building,map_ready,https://wandb.ai/site/ko/company/about-us/,official_company_office_directory,2026-08-25,,,,,,,,,,,https://www.getthedata.com/postcode/SE1-7ND,,true,,government_open_address_data,,,,,
scale-ai-001,scale-ai,Scale AI,San Francisco headquarters,headquarters,"650 Townsend Street, San Francisco, CA 94103, United States",United States,37.77097,-122.40364,building,map_ready,https://scale.com/legal/privacy,official_company_legal_page,2026-08-25,,,,,,,,,,,https://mapcarta.com/W170183648,"Partial official office directory. Scale confirms employee offices in San Francisco, London, New York City, Arlington/National Landing, and St. Louis/Downtown North. Exact current premises are published for the first three. The relocated Arlington and St. Louis offices remain excluded until Scale or another authoritative source publishes their street addresses. Contractor work locations, GDPR representatives, affiliate registrations, and cloud infrastructure are excluded.",false,,openstreetmap_building,,,,,
scale-ai-002,scale-ai,Scale AI,London international headquarters,headquarters,"2 Pancras Square, London N1C 4AG, United Kingdom",United Kingdom,51.533481,-0.125043,building,map_ready,https://scale.com/blog/global-office-expansion-2025,official_company_announcement,2026-08-25,,,,,,,,,,,https://www.getthedata.com/postcode/N1C-4AG,,false,,government_open_address_data,,,,,
scale-ai-003,scale-ai,Scale AI,New York City office,office,"One World Trade Center, 285 Fulton Street, New York, NY 10007, United States",United States,40.713,-74.0135,building,map_ready,https://scale.com/blog/global-office-expansion-2025,official_company_announcement,2026-08-25,,,,,,,,,,,https://www.wikidata.org/wiki/Q18546,,false,,wikidata_building,,,,,
openrouter-001,openrouter,OpenRouter,New York office,headquarters,"169 Madison Avenue, Suite 2404, New York, NY 10016, United States",United States,,,unlocated,address_verified,https://openrouter.ai/terms-of-service-enterprise,official_company_legal_page,2026-08-25,,,,,,,,,,,,"Complete office outcome. OpenRouter’s current enterprise agreement identifies its offices at this suite, and its current consumer terms state that it operates the service from its offices in New York while listing the same building. No additional employee offices are disclosed. Model-provider regions and infrastructure are excluded.",true,,,,,,,
fireworks-001,fireworks,Fireworks AI,Redwood City headquarters,headquarters,"The Sequoia Building, 2317 Broadway Street, Suite 200, Redwood City, CA 94063, United States",United States,37.4863891601563,-122.230438232422,building,map_ready,https://fireworks.ai/terms-of-service,official_company_legal_page,2026-08-25,,,,,,,,,,,https://www.whereorg.com/redwood-city-pro-garage-repair-23896026,"Complete office outcome. Fireworks publishes this current suite, federal employment records identify it as the company’s main employee worksite, and current office directories report a single office. Remote hiring areas and inference infrastructure are excluded. Redwood City identifies the parcel as the Sequoia Building.",true,,address_directory_geocode,https://www.redwoodcity.org/home/showpublisheddocument/9993/638387707038930000,,,,
lakera-001,lakera,Lakera,San Francisco office,headquarters,"282 2nd Street, Suite 100, San Francisco, CA 94105, United States",United States,37.785585,-122.3970788,building,map_ready,https://www.lakera.ai/contact,official_company_contact_page,2026-08-25,,,,,,,,,,,https://www.walkscore.com/score/282-2nd-St-San-Francisco-CA-94105/lat%3D37.785585/lng%3D-122.3970788/,"Complete current office outcome. Following Lakera’s acquisition by Check Point, the current official Lakera site publishes only this San Francisco premises across its contact and site footer. Historical Zurich references, employee locations, and Check Point parent-company offices are excluded.",true,,address_geocode,https://www.city-data.com/sf-permits/02ND-ST32.html,,,,
siliconflow-001,siliconflow,SiliconFlow,Beijing office,headquarters,"Room 2301, 23/F, Building D, Building 8, No. 1 Zhongguancun East Road, Haidian District, Beijing, China",China,39.993367,116.331256,building,map_ready,https://www2.siliconflow.cn/about,official_company_contact_page,2026-08-25,,,,,,,,,,,https://ditu.amap.com/place/B000A85CQ0,"Complete current office outcome. SiliconFlow publishes this same Beijing suite on its official company and current privacy pages; its global company page does not disclose any additional employee offices. Amap identifies the exact Building 8, Building D structure as Qidi Science and Technology Building D and supplies the building coordinate. Cloud infrastructure and service regions are excluded.",true,,official_map_building_geocode,https://api-docs.siliconflow.cn/docs/legals/privacy-policy,,,,
dell-001,dell,Dell Technologies,Round Rock global headquarters,headquarters,"1 Dell Way, Round Rock, TX 78664, United States",United States,30.4839675,-97.6660801,building,map_ready,https://www.dell.com/en-us/lp/contact-us,official_company_contact_page,2026-08-25,,,,,,,,,,,,"Partial verified set. Dell does not expose a single complete worldwide corporate-office directory. These exact addresses come from Dell’s current global contact page, APJ legal disclosures, Japan subsidiary directory and Poland contact disclosure. Other country offices, customer solution centers and operational facilities remain to be reconciled before Dell is counted as a completed research outcome.",false,,,,,,,
dell-002,dell,Dell Technologies,St Leonards office,office,"Level 4, 207 Pacific Highway, St Leonards, NSW 2065, Australia",Australia,,,unlocated,needs_review,https://www.dell.com/en-hk/lp/legal/terms-of-sale-consumer,official_legal_or_subsidiary_page,2026-08-25,,,,,,,,,,,,,false,,,,,,,
dell-003,dell,Dell Technologies,Xiamen office,office,"No. 2388 Jin Shang Road, Xiamen, Fujian 361011, China",China,,,unlocated,needs_review,https://www.dell.com/en-hk/lp/legal/terms-of-sale-consumer,official_legal_or_subsidiary_page,2026-08-25,,,,,,,,,,,,,false,,,,,,,
dell-004,dell,Dell Technologies,Hong Kong office,office,"Suites 1702-1704 and 18/F, Oxford House, Taikoo Place, 979 King’s Road, Island East, Hong Kong",Hong Kong,,,unlocated,needs_review,https://www.dell.com/en-hk/lp/legal/terms-of-sale-consumer,official_legal_or_subsidiary_page,2026-08-25,,,,,,,,,,,,,false,,,,,,,
dell-005,dell,Dell Technologies,Bangalore registered office,office,"Divyashree Greens, Ground Floor, Survey Nos. 12/1, 12/2A and 13/1A, Challaghatta Village, Varthur Hobli, Bangalore 560071, India",India,,,unlocated,needs_review,https://www.dell.com/en-hk/lp/legal/terms-of-sale-consumer,official_legal_or_subsidiary_page,2026-08-25,,,,,,,,,,,,,false,,,,,,,
dell-006,dell,Dell Technologies,Tokyo headquarters,headquarters,"Otemachi One Tower, 17F, 1-2-1 Otemachi, Chiyoda-ku, Tokyo 100-8159, Japan",Japan,35.687563,139.763205,building,map_ready,https://www.dell.com/ja-jp/blog/837894/,official_legal_or_subsidiary_page,2026-08-25,,,,,,,,2026-08-25,,,https://www.navitime.co.jp/poi?spot=01365-65330,,false,,named_building_directory_geocode,,,,,
dell-007,dell,Dell Technologies,Osaka office,office,"Dojima Plaza Building, 12F, 1-5-30 Dojima, Kita-ku, Osaka 530-0003, Japan",Japan,,,unlocated,needs_review,https://www.dell.com/ja-jp/blog/837894/,official_legal_or_subsidiary_page,2026-08-25,,,,,,,,,,,,,false,,,,,,,
dell-008,dell,Dell Technologies,Nagoya office,office,"NORE Fushimi, 9F, 1-16-7 Nishiki, Naka-ku, Nagoya 460-0003, Japan",Japan,,,unlocated,needs_review,https://www.dell.com/ja-jp/blog/837894/,official_legal_or_subsidiary_page,2026-08-25,,,,,,,,,,,,,false,,,,,,,
dell-009,dell,Dell Technologies,Toyota Technical Center,research_center,"Yamanote Building, 4F, 5-73-1 Yamanote, Toyota, Aichi 471-0833, Japan",Japan,,,unlocated,needs_review,https://www.dell.com/ja-jp/blog/837894/,official_legal_or_subsidiary_page,2026-08-25,,,,,,,,,,,,,false,,,,,,,
dell-010,dell,Dell Technologies,Fukuoka office,office,"Hakata Ekimae Business Center, 5F, 3-25-21 Hakata Ekimae, Hakata-ku, Fukuoka 812-0011, Japan",Japan,,,unlocated,needs_review,https://www.dell.com/ja-jp/blog/837894/,official_legal_or_subsidiary_page,2026-08-25,,,,,,,,,,,,,false,,,,,,,
dell-011,dell,Dell Technologies,Miyazaki Customer Center,customer_center,"Carino Miyazaki, 5F, 4-8-1 Tachibanadori Higashi, Miyazaki 880-0805, Japan",Japan,,,unlocated,needs_review,https://www.dell.com/ja-jp/blog/837894/,official_legal_or_subsidiary_page,2026-08-25,,,,,,,,,,,,,false,,,,,,,
dell-012,dell,Dell Technologies,Seoul office,office,"Gangnam Finance Center, 18F, 152 Teheran-ro, Gangnam-gu, Seoul 06236, South Korea",South Korea,37.50002,127.03653,building,map_ready,https://www.dell.com/en-hk/lp/legal/terms-of-sale-consumer,official_legal_or_subsidiary_page,2026-08-25,,,,,,,,2026-08-25,,,https://mapcarta.com/W117823787,,false,,openstreetmap_named_building,,,,,
dell-013,dell,Dell Technologies,Cyberjaya office,office,"2900 Persiaran APEC, 63000 Cyberjaya, Selangor, Malaysia",Malaysia,2.9201447,101.6586052,street_or_area_candidate,geocoded,https://www.dell.com/en-hk/lp/legal/terms-of-sale-consumer,official_legal_or_subsidiary_page,2026-08-25,,,,,,,,,,,,,false,,,,,,,
dell-014,dell,Dell Technologies,Singapore office,office,"ONE@Changi City, #08-101, 1 Changi Business Park Central 1, Singapore 486036",Singapore,1.33356,103.96257,building,map_ready,https://www.dell.com/en-hk/lp/legal/terms-of-sale-consumer,official_legal_or_subsidiary_page,2026-08-25,,,,,,,,2026-08-25,,,https://mapcarta.com/W119688154,,false,,openstreetmap_named_building,,,,,
dell-015,dell,Dell Technologies,Taipei office,office,"20F, No. 218, Section 2, Dunhua South Road, Da’an District, Taipei City, Taiwan",Taiwan,,,unlocated,needs_review,https://www.dell.com/en-hk/lp/legal/terms-of-sale-consumer,official_legal_or_subsidiary_page,2026-08-25,,,,,,,,,,,,,false,,,,,,,
dell-016,dell,Dell Technologies,Warsaw registered office,office,"ul. Inflancka 4A, 00-189 Warsaw, Poland",Poland,,,unlocated,needs_review,https://www.dell.com/pl-pl/lp/contact-us,official_legal_or_subsidiary_page,2026-08-25,,,,,,,,,,,,,false,,,,,,,
black-forest-labs-001,black-forest-labs,Black Forest Labs,Freiburg headquarters,headquarters,"Ingeborg-Krummer-Schroth-Straße 18, 79106 Freiburg im Breisgau, Germany",Germany,48.0149318,7.8468004,building,map_ready,https://bfl.ai/legal/imprint,official_company_imprint,2026-08-25,,,,,,,,,"[""black-forest-labs-research""]",,https://www.openstreetmap.org/node/13278446077,Complete current office outcome. Black Forest Labs’ official careers page describes its labs and office footprint as Freiburg and San Francisco; the official imprint supplies the Freiburg headquarters address and the careers page supplies the San Francisco office address. Legal mailboxes and employee hiring regions are excluded.,true,,openstreetmap_house_number_match,,https://bfl.ai/careers,,,
black-forest-labs-002,black-forest-labs,Black Forest Labs,San Francisco office,office,"410 Townsend Street, San Francisco, CA 94107, United States",United States,37.7749295,-122.4194155,building,map_ready,https://bfl.ai/careers,official_company_careers_page,2026-08-25,,,,,,,,,"[""black-forest-labs-research""]",,https://sfplanning.org/sites/default/files/za/Office_Allocation_Stats.pdf,,true,,municipal_parcel_address_with_address_geocode,https://groups.google.com/g/eventbrite-api/c/qcmBGOU4H5E,,,,
sakana-ai-001,sakana-ai,Sakana AI,Tokyo headquarters,headquarters,"Azabudai Hills Mori JP Tower, 22F, 1-3-1 Azabudai, Minato-ku, Tokyo 106-0041, Japan",Japan,35.66085,139.74066,building,map_ready,https://sakana.ai/azabudai-hills,official_company_relocation_announcement,2026-08-25,,,,,,,,,,,https://mapcarta.com/W1158739441,Complete current office outcome. Sakana AI’s February 2026 official relocation announcement states that its headquarters moved to this tower and its current corporate-information and careers pages identify a single Tokyo office. The former Toranomon and Nishi-Shimbashi addresses are superseded and excluded.,true,,openstreetmap_named_building,https://www.mori.co.jp/en/projects/azabudaihills/,https://sakana.ai/company-info/,,,
pika-001,pika,Pika,Palo Alto headquarters,headquarters,"849 High Street, Palo Alto, CA 94301, United States",United States,37.4415056,-122.1585939,building,map_ready,https://pika.art/careers,official_company_careers_page,2026-08-25,,,,,,,,,,,https://www.openstreetmap.org/way/131995393,"Complete current office outcome. Pika’s official careers page identifies a single Palo Alto headquarters; the company’s published business profile and the current California principal-address record for its legal entity, Mellis, Inc., independently agree on this exact office building. No additional employee offices are disclosed.",true,,openstreetmap_building_match,https://www.cityofpaloalto.org/files/assets/public/city-clerk/ordinances/ordinances-1909-to-present/ordinances-by-number/ord-4808.pdf,https://www.linkedin.com/company/pika-labs,https://www.bizprofile.net/ca/palo-alto/mellis-inc,,
hume-ai-001,hume-ai,Hume AI,New York office,headquarters,"New York Life Building, 51 Madison Avenue, Floor 31, New York, NY 10010, United States",United States,40.74275,-73.98558,building,map_ready,https://www.hume.ai/contact,official_company_contact_page,2026-08-25,,,,,,,,,,,https://mapcarta.com/W109280421,"Complete current office outcome. Hume AI’s official contact page labels this exact floor and address as its office, and its current SEC filing identifies the same premises as its principal place of business. No additional employee offices are disclosed; an older Park Avenue South address is superseded.",true,,openstreetmap_named_building,https://s-media.nyc.gov/agencies/lpc/lp/2067.pdf,https://www.sec.gov/Archives/edgar/data/1943655/000192976425000002/xslFormDX08/primary_doc.xml,,,
cradle-001,cradle,Cradle,Zurich office,office,"Brandschenkestrasse 150, 8002 Zurich, Switzerland",Switzerland,47.3649417,8.525115,building,map_ready,https://www.cradle.bio/team,official_company_directory,2026-08-25,,,,,,,,,"[""cradle-ai""]",,https://www.hotspringsguides.com/hot-springs/hurlimannbad-spa-zurich-switzerland,"Complete current office outcome. Cradle’s official team page explicitly lists three offices and supplies the exact address for each: Zurich, Amsterdam, and Boston/Cambridge. Its careers page corroborates active teams at all three locations. Historical Delft references and cloud regions are excluded.",true,,exact_address_building_geocode,,,,,
cradle-002,cradle,Cradle,Amsterdam headquarters and wet lab,headquarters,"Radarweg 60, 1043 NT Amsterdam, Netherlands",Netherlands,52.3910663,4.835225,building,map_ready,https://www.cradle.bio/team,official_company_directory,2026-08-25,,,,,,,,,"[""cradle-ai""]",,https://www.flexas.com/nl/nld/kantoorruimte-huren/amsterdam/radarweg/94588,,true,,exact_office_building_geocode,https://data.amsterdam.nl/adressen/0363200000426182,https://www.cradle.bio/lab,,,
cradle-003,cradle,Cradle,Boston-area office,office,"One Broadway, 1 Broadway, Cambridge, MA 02142, United States",United States,42.36276,-71.08352,building,map_ready,https://www.cradle.bio/team,official_company_directory,2026-08-25,,,,,,,,,"[""cradle-ai""]",,https://mapcarta.com/37062874,,true,,openstreetmap_named_building,https://www.boston.gov/sites/default/files/imce-uploads/2018-02/112_revere_street.pdf,,,,
aleph-alpha-001,aleph-alpha-research,Aleph Alpha,Heidelberg headquarters,headquarters,"Speyerer Straße 14, 69115 Heidelberg, Germany",Germany,49.3980309,8.673011,building,map_ready,https://aleph-alpha.com/en/contact/,official_company_contact_page,2026-08-25,2026-08-25,https://nominatim.openstreetmap.org/,"Aleph Alpha GmbH, 14, Speyerer Straße, Bahnstadt, Heidelberg, Baden-Württemberg, 69115, Deutschland",node,13299302419,"Speyerer Straße 14, 69115 Heidelberg, Germany",,,,,https://www.openstreetmap.org/node/13299302419,"Complete current office outcome. Aleph Alpha’s official homepage states that its team works across four German locations, and its official contact page supplies the exact address for Heidelberg, Berlin, Bayreuth, and Munich. All four are retained; historical Heidelberg premises are excluded. This footprint supports the catalog’s Aleph Alpha Research company record; non-Company lab and model records are outside the 1,088-company denominator.",true,company,openstreetmap_named_company_at_exact_address,,https://aleph-alpha.com/en/,,,
aleph-alpha-002,aleph-alpha-research,Aleph Alpha,Berlin office,office,"Wallstraße 16, 10179 Berlin, Germany",Germany,52.5111756,13.4064476,building,map_ready,https://aleph-alpha.com/en/contact/,official_company_contact_page,2026-08-25,2026-08-25,https://nominatim.openstreetmap.org/,"United Media, 16, Wallstraße, Neu-Cölln am Wasser, Mitte, Berlin, 10179, Deutschland",node,3093317073,"Wallstraße 16, 10179 Berlin, Germany",,,,,https://www.openstreetmap.org/node/3093317073,,true,company,openstreetmap_exact_address_entrance,,https://aleph-alpha.com/en/,,,
aleph-alpha-003,aleph-alpha-research,Aleph Alpha,Bayreuth office,office,"Weiherstraße 26, 95448 Bayreuth, Germany",Germany,49.9655637,11.6020403,building,map_ready,https://aleph-alpha.com/en/contact/,official_company_contact_page,2026-08-25,2026-08-25,https://nominatim.openstreetmap.org/,"26, Weiherstraße, Gewerbegebiet St. Georgen-West, Industriegebiet Sankt Georgen, Industriegebiet, Bayreuth, Bayern, 95448, Deutschland",way,291488957,"Weiherstraße 26, 95448 Bayreuth, Germany",,,,,https://www.openstreetmap.org/way/291488957,,true,yes,openstreetmap_exact_address_building,,https://aleph-alpha.com/en/,,,
aleph-alpha-004,aleph-alpha-research,Aleph Alpha,Munich office,office,"Einsteinstraße 174, 81677 Munich, Germany",Germany,48.1377016,11.6237163,building,map_ready,https://aleph-alpha.com/en/contact/,official_company_contact_page,2026-08-25,2026-08-25,https://nominatim.openstreetmap.org/,"Sky Tower, 174, Einsteinstraße, Parkstadt Bogenhausen, Bogenhausen, München, Bayern, 81677, Deutschland",way,592159898,"Einsteinstraße 174, 81677 Munich, Germany",,,,,https://www.openstreetmap.org/way/592159898,,true,yes,openstreetmap_named_building_at_exact_address,,https://aleph-alpha.com/en/,,,
speechmatics-001,speechmatics,Speechmatics,Cambridge office,headquarters,"1st Floor, 1 Cambridge Square, Cambridge, CB4 0AE, United Kingdom",United Kingdom,52.22468,0.15702,building,map_ready,https://www.speechmatics.com/company/contact,official_company_contact_page,2026-08-25,2026-08-25,https://nominatim.openstreetmap.org/,,,,,,,,,https://mapcarta.com/W1072416444,"Partial current-office outcome. Speechmatics’ official careers page confirms a hybrid footprint in Cambridge, London, and New York. Its current official contact page supplies exact addresses for Cambridge and London, which are retained. No exact current New York office address was found in official sources, so no approximate marker is created. Historical Cambridge Science Park, Brno, Chennai, Denver, and Boston references are excluded unless current evidence re-confirms them.",false,,openstreetmap_named_building_at_exact_address,,https://www.speechmatics.com/company/careers,,,
speechmatics-002,speechmatics,Speechmatics,London office,office,"6th Floor, Classic House, 174-180 Old Street, London EC1V 9BP, United Kingdom",United Kingdom,51.5252152,-0.0900609,building,map_ready,https://www.speechmatics.com/company/contact,official_company_contact_page,2026-08-25,2026-08-25,https://nominatim.openstreetmap.org/,,,,,,,,,https://theundergroundmap.com/article.html?id=80230,,false,,named_building_coordinate,https://democracy.islington.gov.uk/ieListDocuments.aspx?MId=3788,https://www.speechmatics.com/company/careers,,,
inceptive-001,inceptive,Inceptive,Palo Alto wet research and development office,laboratory,"3440 Hillview Avenue, Suite D100, Palo Alto, CA 94304, United States",United States,37.4016808,-122.1453015,building,map_ready,https://inceptive.com/,official_company_homepage,2026-08-25,2026-08-25,https://nominatim.openstreetmap.org/,"3440, Hillview Avenue, Palo Alto, Santa Clara County, California, 94304, United States",way,417314561,"3440 Hillview Avenue, Palo Alto, CA 94304, United States",,,,,https://www.openstreetmap.org/way/417314561,"Partial current-office outcome. Inceptive’s official homepage states that it has offices in Palo Alto, Berlin, and Zurich and publishes the exact Palo Alto wet-R&D address. The City of Palo Alto independently records Inceptive’s finalized occupancy permit for Suite D100. Exact current Berlin and Zurich street addresses were not found in official sources, so no approximate markers are created.",false,house,openstreetmap_exact_address_building,https://www.showcase.com/3440-hillview-ave-palo-alto-ca-94304/28431758/,https://aca-prod.accela.com/PALOALTO/MyCollection/MyCollectionDetail.aspx?collectionId=100595,,,
profluent-001,profluent,Profluent,Emeryville headquarters and laboratory,headquarters,"1480 64th Street, Suite 300, Emeryville, CA 94608, United States",United States,37.8445898,-122.2919656,building,map_ready,https://www.profluent.bio/terms,official_company_terms,2026-08-25,2026-08-25,https://nominatim.openstreetmap.org/,"1480, 64th Street, Emeryville, Alameda County, California, 94608, United States",way,25965717,"1480 64th Street, Emeryville, CA 94608, United States",,,,,https://www.openstreetmap.org/way/25965717,"Complete current office outcome. Profluent’s current official terms identify 1480 64th Street as the operating address, its privacy notice says the website is administered from its U.S. offices at that address, and every current official job is on-site or hybrid in Emeryville. Current materials disclose no other employee office. Earlier Durant Avenue and Bancroft Way Berkeley addresses are superseded.",true,house,openstreetmap_exact_address_building,https://www.emeryville.org/files/assets/city/v/1/development/documents/housing/2023-2031-h.element/emeryville-hcd-1st-submittal-draft-housing-element-8_1_22-red-line_no-comments.pdf,https://job-boards.greenhouse.io/profluent,,,
latent-labs-001,latent-labs,Latent Labs,London office,office,"White Collar Factory, 1 Old Street Yard, London EC1Y 8AF, United Kingdom",United Kingdom,51.52526,-0.08813,building,map_ready,https://www.latentlabs.com/,official_company_homepage,2026-08-25,,,,,,,,,,,https://mapcarta.com/W532318205,"Partial current-office outcome. Latent Labs’ official homepage and team pages confirm active London and San Francisco sites. The homepage publishes the exact London building address, which is retained. No exact current San Francisco street address was found in official sources, so no approximate marker is created. The Altrincham registered office is a legal-services address and is excluded.",false,,openstreetmap_named_building_at_exact_address,https://www.derwentlondon.com/space-available/white-collar-factory,https://www.latentlabs.com/team/,,,
bria-ai-001,bria-ai,Bria AI,Tel Aviv office,headquarters,"10 Kremenetski Street, Tel Aviv-Yafo 6789910, Israel",Israel,,,unverified,needs_review,https://bria.ai/about-bria,official_company_about_page,2026-08-25,2026-08-25,https://nominatim.openstreetmap.org/,,,,,,,,,,"Complete current office outcome. Bria’s current official site publishes exact addresses in Tel Aviv and New York, its careers page lists hybrid roles in both, and its official U.S. Copyright Office submission states that the company has offices in New York City and Tel Aviv. The former 126 Yigal Alon Street address is superseded.",true,,,,https://bria.ai/careers,,"[""קרמניצקי 10, תל אביב-יפו, ישראל"",""אשטרום פורט, תל אביב-יפו, ישראל""]",
bria-ai-002,bria-ai,Bria AI,New York office,office,"1412 Broadway, New York, NY 10018, United States",United States,40.7537208,-73.9868526,building,map_ready,https://bria.ai/about-bria,official_company_about_page,2026-08-25,,,,,,,,,,,https://realmo.com/listing/11848602,,true,,exact_address_office_building_coordinate,https://www.skyscrapercenter.com/new-york-city/1412-broadway/11615,https://bria.ai/careers,,,
typeface-001,typeface,Typeface,Palo Alto headquarters,headquarters,"260 California Avenue, Suite 300, Palo Alto, CA 94306, United States",United States,37.4264459,-122.1410869,building,map_ready,https://www.typeface.ai/terms-of-service,official_company_legal_page,2026-08-25,2026-08-25,https://nominatim.openstreetmap.org/,"C. Bruce Hamilton, Attorney at Law, 260, Sheridan Avenue, Palo Alto, Santa Clara County, California, 94306, United States",node,6698472028,"260 California Avenue, Palo Alto, CA 94306, United States",,,,,https://www.cbre.com/properties/properties-for-lease/office/details/US-SMPL-149370/260-california-avenue-palo-alto-ca-94306,"Partial current-office outcome. Typeface’s official company page identifies offices in Palo Alto, Bellevue, and Hyderabad. Its official terms publish the exact Palo Alto address, corroborated as the headquarters by the company’s public profile. Exact current street addresses for Bellevue and Hyderabad were not found in official sources, so no approximate markers are created for them.",false,lawyer,exact_address_parcel_verified_geocode,https://www.cityofpaloalto.org/files/assets/public/agendas-minutes-reports/agendas-minutes/architectural-review-board/archive-table-layout-2011-and-newer/2012/260-california-avenue-with-all-the-attachments.pdf,https://www.typeface.ai/company,,,
allen-institute-for-ai-001,allen-institute-for-ai,Allen Institute for AI,Ai2 Seattle office,headquarters,"3800 Latona Avenue NE, Suite 300, Seattle, WA 98105, United States",United States,47.6545936,-122.3254001,street_or_area_candidate,geocoded,https://allenai.org/contact,official_company_contact,2026-08-25,2026-08-25,https://nominatim.openstreetmap.org/,"The Wayland Mill, 3800, Latona Avenue Northeast, Wallingford, Seattle, King County, Washington, 98105, United States",node,13014701852,"3800 Latona Avenue NE, Seattle, WA 98105, United States",,,,,https://www.openstreetmap.org/node/13014701852,"Complete current office outcome. Ai2’s official contact page publishes this suite, and its current careers FAQ says most roles require being local to the Seattle office. The one Berkeley-listed Young Investigator role does not establish a separate Ai2 office. Parcel and architecture sources identify the exact Northlake Commons office building at this address.",true,restaurant,openstreetmap_exact_address_point,https://www.guardianglass.com/mx/en/projects/project-details/Northlake-Commons,https://allenai.org/careers,,,
generate-biomedicines-001,generate-biomedicines,Generate:Biomedicines,Somerville headquarters and laboratories,headquarters,"101 South Street, Suite 900, Somerville, MA 02143, United States",United States,42.3747865,-71.09106,building,map_ready,https://generatebiomedicines.com/contact,official_company_contact,2026-08-25,,,,,,,,,"[""generate-biomedicines-research""]",,https://www.openstreetmap.org/node/12327862264,"Complete current office outcome. The company’s current contact page and February 2026 SEC registration both identify 101 South Street, Suite 900 as its principal office. Its careers material describes the company’s laboratory equipment and commuter benefits, while Boynton Yards and Flagship identify the exact purpose-built lab and office building. No other current Generate office is disclosed. The two catalog company records describe the same organization and therefore share this consolidated physical footprint.",true,,openstreetmap_exact_address_point,https://www.flagshippioneering.com/stories/flagship-pioneerings-expanding-footprint,https://www.sec.gov/Archives/edgar/data/2100782/000119312526051761/generate_bio_s-1a_-_exh_.htm,,,
ai21-labs-research-001,ai21-labs-research,AI21 Labs Research,AI21 Labs Tel Aviv office,headquarters,"14 Leonardo da Vinci Street, 4th Floor, Tel Aviv-Yafo 6473118, Israel",Israel,32.0741853,34.7852544,building,map_ready,https://www.ai21.com/events/data-and-nlp-models-2025/,official_company_event_at_office,2026-08-25,,,,,,,,,,,https://www.openstreetmap.org/way/845445036,"Complete current office outcome. AI21’s first-party event page explicitly identifies its offices at 14 Leonardo da Vinci Street, fourth floor. Its current careers listing separates Tel Aviv-Yafo roles from U.S.-remote roles and discloses no other employee office. The current privacy policy likewise calls Tel Aviv the principal place of business.",true,,openstreetmap_exact_address_building,,https://www.ai21.com/careers/talent-acquisition-partner-maternity-leave-replacement/30.549/,,"[""לאונרדו דה וינצ׳י 14, תל אביב-יפו, ישראל"",""Leonardo da Vinci Street 14, Tel Aviv-Yafo, Israel""]",
resemble-ai-001,resemble-ai,Resemble AI,Mountain View office,headquarters,"812 West Dana Street, Mountain View, CA 94041, United States",United States,37.3927487,-122.0799435,building,map_ready,https://www.resemble.ai/wp-content/uploads/2025/11/q3-2025-deepfake-incident-report.pdf,official_company_report,2026-08-25,,,,,,,,,,,https://www.openstreetmap.org/node/13778124157,"Complete current office outcome. Current first-party reports and the company privacy policy publish 812 West Dana Street. The live official careers board labels Mountain View positions as in-office and India positions as remote, disclosing no other physical employee office. Commercial property records verify a two-story storefront/office building. Canadian home-style and program terms addresses are excluded as legal or individual contact addresses rather than offices.",true,,openstreetmap_company_at_exact_address,,https://app.dover.com/dover/careers/64b57c81-9467-4ad2-9c8c-128f553157b5,,,
contextual-ai-001,contextual-ai,Contextual AI,Mountain View headquarters,headquarters,"150 West Evelyn Avenue, Suite 200, Mountain View, CA 94041, United States",United States,37.392128,-122.071523,building,map_ready,https://contextual.ai/legal/privacy-policy,official_company_privacy,2026-08-25,,,,,,,,,,,https://www.openstreetmap.org/way/721685581,"Partial current office outcome. Contextual AI explicitly says it works primarily in-office in Mountain View and also has a presence in New York and London. Its February 2026 privacy policy supplies the exact Mountain View suite. Exact current premises for New York and London remain unresolved, so the company is not counted complete.",false,,openstreetmap_exact_address_building,,https://contextual.ai/blog/announcing-series-a,,,
contextual-ai-002,contextual-ai,Contextual AI,New York presence,office,"New York, NY, United States — exact premises unresolved",United States,,,unverified,needs_review,https://contextual.ai/blog/announcing-series-a,official_company_footprint_statement,2026-08-25,,,,,,,,,,,,"Partial current office outcome. Contextual AI explicitly says it works primarily in-office in Mountain View and also has a presence in New York and London. Its February 2026 privacy policy supplies the exact Mountain View suite. Exact current premises for New York and London remain unresolved, so the company is not counted complete.",false,,,,,,,
contextual-ai-003,contextual-ai,Contextual AI,London presence,office,"London, United Kingdom — exact premises unresolved",United Kingdom,,,unverified,needs_review,https://contextual.ai/blog/announcing-series-a,official_company_footprint_statement,2026-08-25,,,,,,,,,,,,"Partial current office outcome. Contextual AI explicitly says it works primarily in-office in Mountain View and also has a presence in New York and London. Its February 2026 privacy policy supplies the exact Mountain View suite. Exact current premises for New York and London remain unresolved, so the company is not counted complete.",false,,,,,,,
udio-001,udio,Udio,Manhattan office,headquarters,"750 Lexington Avenue, Floor 9, New York, NY 10022, United States",United States,40.7625148,-73.9685564,building,map_ready,https://www.udio.com/blog/holiday-challenge-rules,official_company_rules,2026-08-25,,,,,,,,,,,https://www.openstreetmap.org/node/2718017520,"Complete current disclosed-office outcome. Udio’s live official careers board describes its Manhattan office and lists New York City roles, while its first-party Holiday Challenge rules publish the company contact address at 750 Lexington Avenue, Floor 9. The live board discloses no second employee office; roles that are open to remote work do not establish additional premises.",true,,openstreetmap_exact_address_point,,https://job-boards.greenhouse.io/udio/jobs/5071142008,,,
airi-001,airi,AIRI,Moscow City office,headquarters,"Empire Business Complex, 6 Presnenskaya Embankment, Building 2, Floor 4, Moscow 123112, Russia",Russia,55.7482496,37.5401354,building,map_ready,https://airi.net/ru/?force=ru,official_institute_contact_page,2026-08-25,,,,,,,,,,,https://www.openstreetmap.org/node/4821286521,"Complete current office outcome. AIRI’s official contact page identifies a single office in the Empire business complex at 6 Presnenskaya Embankment, Building 2, fourth floor. Its latest published annual report independently repeats the same address and discloses no additional AIRI premises. Partner laboratories and collaborator institutions are excluded.",true,,openstreetmap_exact_address_point,,https://airi.net/upload/iblock/d60/a4juzn9r1ysqvt90eecitnynahmvi5ji/AIRI_report_2024_digital_eng.pdf,,,
recursion-001,recursion,Recursion,Salt Lake City headquarters — Station 41,headquarters,"41 South Rio Grande Street, Salt Lake City, UT 84101, United States",United States,40.7684755,-111.9033029,building,map_ready,https://www.sec.gov/Archives/edgar/data/1601830/000160183026000039/rxrx-20251231.htm,company_sec_10k,2026-08-25,,,,,,,,,"[""recursion-valence-labs""]",,https://www.openstreetmap.org/way/537226167,"Complete current physical-site outcome. Recursion’s February 2026 Form 10-K identifies its core post-consolidation sites in Salt Lake City, New York, London, Milton Park, and Montreal, and explains that former Boston, Vienna, and legacy Oxford premises were assigned, surrendered, or subleased. SEC lease amendments establish that the additional 103,634-square-foot Salt Lake City premises occupy the separate Gateway Block B expansion building adjacent to Station 41; a current commercial listing identifies that building at 18 North Rio Grande Street. The current careers page supplies matching public street addresses for the other sites. The Montreal Valence Labs site also resolves the separate Recursion Valence Labs atlas record.",true,,openstreetmap_building,,https://recursion.com/careers,,,
recursion-002,recursion,Recursion,Salt Lake City headquarters expansion — Gateway Block B,office_and_laboratory,"18 North Rio Grande Street, Salt Lake City, UT 84101, United States",United States,40.7697971,-111.9045087,building,map_ready,https://www.sec.gov/Archives/edgar/data/1601830/000160183026000039/rxrx-20251231.htm,company_sec_10k,2026-08-25,,,,,,,,,"[""recursion-valence-labs""]",,https://www.openstreetmap.org/way/33147874,"Complete current physical-site outcome. Recursion’s February 2026 Form 10-K identifies its core post-consolidation sites in Salt Lake City, New York, London, Milton Park, and Montreal, and explains that former Boston, Vienna, and legacy Oxford premises were assigned, surrendered, or subleased. SEC lease amendments establish that the additional 103,634-square-foot Salt Lake City premises occupy the separate Gateway Block B expansion building adjacent to Station 41; a current commercial listing identifies that building at 18 North Rio Grande Street. The current careers page supplies matching public street addresses for the other sites. The Montreal Valence Labs site also resolves the separate Recursion Valence Labs atlas record.",true,,openstreetmap_building,,https://recursion.com/careers,,,
recursion-003,recursion,Recursion,New York City office,office,"66 Hudson Boulevard East, New York, NY 10001, United States",United States,40.7552501,-73.9995817,building,map_ready,https://www.sec.gov/Archives/edgar/data/1601830/000160183026000039/rxrx-20251231.htm,company_sec_10k,2026-08-25,,,,,,,,,"[""recursion-valence-labs""]",,https://www.openstreetmap.org/way/1021580375,"Complete current physical-site outcome. Recursion’s February 2026 Form 10-K identifies its core post-consolidation sites in Salt Lake City, New York, London, Milton Park, and Montreal, and explains that former Boston, Vienna, and legacy Oxford premises were assigned, surrendered, or subleased. SEC lease amendments establish that the additional 103,634-square-foot Salt Lake City premises occupy the separate Gateway Block B expansion building adjacent to Station 41; a current commercial listing identifies that building at 18 North Rio Grande Street. The current careers page supplies matching public street addresses for the other sites. The Montreal Valence Labs site also resolves the separate Recursion Valence Labs atlas record.",true,,openstreetmap_building,,https://recursion.com/careers,,,
recursion-004,recursion,Recursion,London office,office,"3 Pancras Square, London N1C 4AG, United Kingdom",United Kingdom,51.5341828,-0.1250676,building,map_ready,https://www.sec.gov/Archives/edgar/data/1601830/000160183026000039/rxrx-20251231.htm,company_sec_10k,2026-08-25,,,,,,,,,"[""recursion-valence-labs""]",,https://www.openstreetmap.org/way/283553778,"Complete current physical-site outcome. Recursion’s February 2026 Form 10-K identifies its core post-consolidation sites in Salt Lake City, New York, London, Milton Park, and Montreal, and explains that former Boston, Vienna, and legacy Oxford premises were assigned, surrendered, or subleased. SEC lease amendments establish that the additional 103,634-square-foot Salt Lake City premises occupy the separate Gateway Block B expansion building adjacent to Station 41; a current commercial listing identifies that building at 18 North Rio Grande Street. The current careers page supplies matching public street addresses for the other sites. The Montreal Valence Labs site also resolves the separate Recursion Valence Labs atlas record.",true,,openstreetmap_building,,https://recursion.com/careers,,,
recursion-005,recursion,Recursion,Milton Park automation chemistry laboratory,laboratory,"155 Brook Drive, Milton Park, Abingdon OX14 4SD, United Kingdom",United Kingdom,51.6245934,-1.2858022,building,map_ready,https://www.sec.gov/Archives/edgar/data/1601830/000160183026000039/rxrx-20251231.htm,company_sec_10k,2026-08-25,,,,,,,,,"[""recursion-valence-labs""]",,https://www.openstreetmap.org/way/61740963,"Complete current physical-site outcome. Recursion’s February 2026 Form 10-K identifies its core post-consolidation sites in Salt Lake City, New York, London, Milton Park, and Montreal, and explains that former Boston, Vienna, and legacy Oxford premises were assigned, surrendered, or subleased. SEC lease amendments establish that the additional 103,634-square-foot Salt Lake City premises occupy the separate Gateway Block B expansion building adjacent to Station 41; a current commercial listing identifies that building at 18 North Rio Grande Street. The current careers page supplies matching public street addresses for the other sites. The Montreal Valence Labs site also resolves the separate Recursion Valence Labs atlas record.",true,,openstreetmap_building,,https://recursion.com/careers,,,
recursion-006,recursion,Recursion,Montréal Valence Labs office and laboratory,office_and_laboratory,"6666 Rue Saint-Urbain, Montréal, QC H2S 3H1, Canada",Canada,45.5304548,-73.6138195,building,map_ready,https://www.sec.gov/Archives/edgar/data/1601830/000160183026000039/rxrx-20251231.htm,company_sec_10k,2026-08-25,,,,,,,,,"[""recursion-valence-labs""]",,https://www.openstreetmap.org/way/222246923,"Complete current physical-site outcome. Recursion’s February 2026 Form 10-K identifies its core post-consolidation sites in Salt Lake City, New York, London, Milton Park, and Montreal, and explains that former Boston, Vienna, and legacy Oxford premises were assigned, surrendered, or subleased. SEC lease amendments establish that the additional 103,634-square-foot Salt Lake City premises occupy the separate Gateway Block B expansion building adjacent to Station 41; a current commercial listing identifies that building at 18 North Rio Grande Street. The current careers page supplies matching public street addresses for the other sites. The Montreal Valence Labs site also resolves the separate Recursion Valence Labs atlas record.",true,,openstreetmap_building,,https://recursion.com/careers,,,
writer-ai-001,writer-ai,Writer AI,San Francisco headquarters,headquarters,"111 Maiden Lane, 4th Floor, San Francisco, CA 94108, United States",United States,37.7885425,-122.4046326,building,map_ready,https://writer.com/company/contact/,official_company_office_directory,2026-08-25,,,,,,,,,,,https://www.openstreetmap.org/way/149757916,"Complete current office outcome. WRITER’s live official contact directory enumerates five offices and provides a full street address for each. A current first-party job posting independently names the same five office hubs: San Francisco, New York City, Austin, Chicago, and London. WRITER’s March 2025 expansion announcement described Dublin and Singapore hubs as part of its expansion plans, but neither appears in the current office directory or current job-posting hub list, so they are not treated as current physical offices.",true,,openstreetmap_building,,https://jobs.ashbyhq.com/writer/462de48e-d735-4076-8205-af2e60b071c5,,,
writer-ai-002,writer-ai,Writer AI,New York office,office,"1 Pennsylvania Plaza, Suite 1820, New York, NY 10119, United States",United States,40.7513102,-73.9924144,building,map_ready,https://writer.com/company/contact/,official_company_office_directory,2026-08-25,,,,,,,,,,,https://www.openstreetmap.org/way/138147416,"Complete current office outcome. WRITER’s live official contact directory enumerates five offices and provides a full street address for each. A current first-party job posting independently names the same five office hubs: San Francisco, New York City, Austin, Chicago, and London. WRITER’s March 2025 expansion announcement described Dublin and Singapore hubs as part of its expansion plans, but neither appears in the current office directory or current job-posting hub list, so they are not treated as current physical offices.",true,,openstreetmap_building,,https://jobs.ashbyhq.com/writer/462de48e-d735-4076-8205-af2e60b071c5,,,
writer-ai-003,writer-ai,Writer AI,London office,office,"14 Bird Street, 2nd Floor, London W1U 1BU, United Kingdom",United Kingdom,51.5144586,-0.1511243,building,map_ready,https://writer.com/company/contact/,official_company_office_directory,2026-08-25,,,,,,,,,,,https://www.openstreetmap.org/way/665744870,"Complete current office outcome. WRITER’s live official contact directory enumerates five offices and provides a full street address for each. A current first-party job posting independently names the same five office hubs: San Francisco, New York City, Austin, Chicago, and London. WRITER’s March 2025 expansion announcement described Dublin and Singapore hubs as part of its expansion plans, but neither appears in the current office directory or current job-posting hub list, so they are not treated as current physical offices.",true,,openstreetmap_building,,https://jobs.ashbyhq.com/writer/462de48e-d735-4076-8205-af2e60b071c5,,,
writer-ai-004,writer-ai,Writer AI,Chicago office,office,"625 West Adams Street, 19th Floor, Chicago, IL 60661, United States",United States,41.8788457,-87.6435687,building,map_ready,https://writer.com/company/contact/,official_company_office_directory,2026-08-25,,,,,,,,,,,https://www.openstreetmap.org/way/148685512,"Complete current office outcome. WRITER’s live official contact directory enumerates five offices and provides a full street address for each. A current first-party job posting independently names the same five office hubs: San Francisco, New York City, Austin, Chicago, and London. WRITER’s March 2025 expansion announcement described Dublin and Singapore hubs as part of its expansion plans, but neither appears in the current office directory or current job-posting hub list, so they are not treated as current physical offices.",true,,openstreetmap_building,,https://jobs.ashbyhq.com/writer/462de48e-d735-4076-8205-af2e60b071c5,,,
writer-ai-005,writer-ai,Writer AI,Austin office,office,"600 Congress Avenue, Office 15017, Austin, TX 78701, United States",United States,30.2686185,-97.7432588,building,map_ready,https://writer.com/company/contact/,official_company_office_directory,2026-08-25,,,,,,,,,,,https://www.openstreetmap.org/way/206163832,"Complete current office outcome. WRITER’s live official contact directory enumerates five offices and provides a full street address for each. A current first-party job posting independently names the same five office hubs: San Francisco, New York City, Austin, Chicago, and London. WRITER’s March 2025 expansion announcement described Dublin and Singapore hubs as part of its expansion plans, but neither appears in the current office directory or current job-posting hub list, so they are not treated as current physical offices.",true,,openstreetmap_building,,https://jobs.ashbyhq.com/writer/462de48e-d735-4076-8205-af2e60b071c5,,,
sensetime-001,sensetime,SenseTime,Hong Kong office,office,"2nd Floor, Harbor View 1, 12 Science Park East Avenue, Hong Kong Science and Technology Park, Shatin, Hong Kong SAR, China",China,22.4270498,114.212323,building,map_ready,https://www.sensetime.com/en/investor,official_investor_relations_page,2026-08-25,2026-08-25,https://nominatim.openstreetmap.org/,"海濱大樓一座 Harbour View 1, 12, 科技大道東 Science Park East Avenue, 香港科學園 Hong Kong Science Park, 馬料水 Ma Liu Shui, 沙田區 Sha Tin District, 新界 New Territories, 香港 Hong Kong, 中国",way,135716436,"Harbour View 1, 12 Science Park East Avenue, Hong Kong",,,,,https://www.openstreetmap.org/way/135716436,"Partial directory. Includes five public SenseTime locations that resolve to specific buildings or street addresses. The official global-office page lists 12 broad locations, while a current company news release names additional office markets; most remaining offices are disclosed only at city or district level and therefore cannot yet be mapped at building level.",false,office,openstreetmap_building,,,,"[""Harbour View 1, 12 Science Park East Avenue, Hong Kong""]",
sensetime-002,sensetime,SenseTime,Shanghai office,office,"SenseTime Building, 1900 Hongmei Road, Xuhui District, Shanghai, China",China,31.1547971,121.402185,street_or_area_candidate,geocoded,https://www.sensetime.com/en/investor,official_investor_relations_page,2026-08-25,2026-08-25,https://nominatim.openstreetmap.org/,"虹梅路, 康健新村街道, 徐汇区, 上海市, 200233, 中国",way,1330568389,"1900 Hongmei Road, Shanghai",,,,,,,false,primary,,,,,"[""商汤科技大厦, 虹梅路1900号, 上海市"",""1900 Hongmei Road, Shanghai""]",
sensetime-003,sensetime,SenseTime,Beijing registered office,registered_office,"Rooms 1101-1107, 58 Northwest 4th Ring Road, Haidian District, Beijing, China",China,,,unlocated,needs_review,https://sensetime.com/en/legal,official_company_legal_page,2026-08-25,2026-08-25,https://nominatim.openstreetmap.org/,,,,,,,,,,,false,,,,,,"[""西北四环路58号, 海淀区, 北京市""]",
sensetime-004,sensetime,SenseTime,Singapore office,office,"Keppel Bay Tower, 1 HarbourFront Avenue, Singapore 098632",Singapore,1.2648441,103.8182861,building,map_ready,https://www.sensetime.com/en/about-index,official_company_directory,2026-08-25,2026-08-25,https://nominatim.openstreetmap.org/,"Keppel Bay Tower, 1, Harbourfront Avenue, Maritime Square, HarbourFront, Bukit Merah, Central Region, Singapore, 098632, Singapore",way,47418846,"Keppel Bay Tower, 1 HarbourFront Avenue, Singapore 098632, Singapore",,,,,https://www.openstreetmap.org/way/47418846,,false,yes,openstreetmap_building,,,,,
sensetime-005,sensetime,SenseTime,South Korea office,office,"Room 607, Building B, U-Space 2, 670 Daewangpangyo-ro, Bundang-gu, Seongnam-si, Gyeonggi-do 13494, South Korea",South Korea,,,unlocated,needs_review,https://www.sensetime.com/kr/about-index,official_company_directory,2026-08-25,2026-08-25,https://nominatim.openstreetmap.org/,,,,,,,,,,,false,,,,,,"[""U-Space 2 Building B, 670 Daewangpangyo-ro, Seongnam, South Korea""]",
isomorphic-labs-001,isomorphic-labs,Isomorphic Labs,London headquarters,headquarters,"King’s Cross, London, United Kingdom",United Kingdom,,,unlocated,needs_review,https://www.isomorphiclabs.com/job-openings,official_company_office_directory,2026-08-25,,,,,,,,,,,,"Partial current office directory. Isomorphic Labs explicitly says its hybrid team operates from offices in three cities: London (King’s Cross), Lausanne (Le Flon), and Cambridge, Massachusetts (Kendall Square). Its November 2025 Lausanne feature confirms the relocation from EPFL to Le Flon; a current office listing identifies that building as Rue de Genève 7. The company does not publish street addresses for its London or Cambridge premises, so those offices remain off-map pending building-level verification.",false,,,,,,,
isomorphic-labs-002,isomorphic-labs,Isomorphic Labs,Lausanne office,office,"Rue de Genève 7, 1003 Lausanne, Switzerland",Switzerland,46.5215254,6.6293145,building,map_ready,https://www.isomorphiclabs.com/job-openings,official_company_office_directory,2026-08-25,,,,,,,,,,,https://www.openstreetmap.org/node/562825999,"Partial current office directory. Isomorphic Labs explicitly says its hybrid team operates from offices in three cities: London (King’s Cross), Lausanne (Le Flon), and Cambridge, Massachusetts (Kendall Square). Its November 2025 Lausanne feature confirms the relocation from EPFL to Le Flon; a current office listing identifies that building as Rue de Genève 7. The company does not publish street addresses for its London or Cambridge premises, so those offices remain off-map pending building-level verification.",false,,openstreetmap_address_point,,https://www.isomorphiclabs.com/articles/inside-isomorphic-labs-lausanne-office,,"[""Rue de Genève 7, 1003 Lausanne, Switzerland""]","https://www.glassdoor.co.uk/Location/All-Isomorphic-Labs-Lausanne-VD-Office-Locations-EI_IE7140434.4,19_IL.20,31_IC3288742.htm"
isomorphic-labs-003,isomorphic-labs,Isomorphic Labs,Cambridge office,office,"Kendall Square, Cambridge, MA, United States",United States,,,unlocated,needs_review,https://www.isomorphiclabs.com/job-openings,official_company_office_directory,2026-08-25,,,,,,,,,,,,"Partial current office directory. Isomorphic Labs explicitly says its hybrid team operates from offices in three cities: London (King’s Cross), Lausanne (Le Flon), and Cambridge, Massachusetts (Kendall Square). Its November 2025 Lausanne feature confirms the relocation from EPFL to Le Flon; a current office listing identifies that building as Rue de Genève 7. The company does not publish street addresses for its London or Cambridge premises, so those offices remain off-map pending building-level verification.",false,,,,https://storage.googleapis.com/isomorphiclabs-website-public-artifacts/ISOMORPHIC_LABS_CMO_US_17-06-25.pdf,,,
luma-ai-001,luma-ai,Luma AI,Redwood City headquarters,headquarters,"Redwood City, CA, United States",United States,,,unlocated,needs_review,https://lumalabs.ai/llm-info,official_company_information_page,2026-08-25,,,,,,,,,,,,"Partial current office outcome. Luma’s current official company-information page identifies Redwood City as its headquarters, and current first-party hybrid job postings confirm employees work from a Redwood City office. Luma does not publish that office’s street address. Its current legal pages list Palo Alto postal, notice, and corporate addresses, but those are not documented as the employee office and are excluded from the map.",false,,,,https://jobs.ashbyhq.com/lumaai/dd3953ed-0231-4950-88f6-1cc42f18fc26,,,
