cable_id,cable_name,segment_id,point_order,longitude,latitude
norte-conectado-infovia-06,Norte Conectado (Infovia 06),0,0,-67.832841,-9.99336
norte-conectado-infovia-06,Norte Conectado (Infovia 06),0,1,-67.507495,-9.67482
norte-conectado-infovia-06,Norte Conectado (Infovia 06),0,2,-67.456088,-9.227783
norte-conectado-infovia-06,Norte Conectado (Infovia 06),0,3,-67.393052,-8.761671
norte-conectado-infovia-06,Norte Conectado (Infovia 06),0,4,-67.408643,-8.430491
norte-conectado-infovia-06,Norte Conectado (Infovia 06),0,5,-67.274854,-7.996419
norte-conectado-infovia-06,Norte Conectado (Infovia 06),0,6,-67.054444,-7.79784
norte-conectado-infovia-06,Norte Conectado (Infovia 06),0,7,-66.729884,-7.671623
norte-conectado-infovia-06,Norte Conectado (Infovia 06),0,8,-66.35962,-7.558344
norte-conectado-infovia-06,Norte Conectado (Infovia 06),0,9,-66.102296,-7.668205
norte-conectado-infovia-06,Norte Conectado (Infovia 06),0,10,-65.732325,-7.722989
norte-conectado-infovia-06,Norte Conectado (Infovia 06),0,11,-65.223536,-7.408543
norte-conectado-infovia-06,Norte Conectado (Infovia 06),0,12,-64.577589,-7.075689
norte-conectado-infovia-06,Norte Conectado (Infovia 06),0,13,-64.568825,-6.801471
norte-conectado-infovia-06,Norte Conectado (Infovia 06),0,14,-64.234129,-6.249583
norte-conectado-infovia-06,Norte Conectado (Infovia 06),0,15,-64.432081,-5.844024
norte-conectado-infovia-06,Norte Conectado (Infovia 06),0,16,-64.31128,-5.598032
norte-conectado-infovia-06,Norte Conectado (Infovia 06),0,17,-63.597559,-5.79754
norte-conectado-infovia-06,Norte Conectado (Infovia 06),0,18,-63.138013,-5.735872
norte-conectado-infovia-06,Norte Conectado (Infovia 06),0,19,-62.94202,-5.379173
norte-conectado-infovia-06,Norte Conectado (Infovia 06),0,20,-62.7147,-4.910262
norte-conectado-infovia-06,Norte Conectado (Infovia 06),0,21,-62.194848,-4.724558
norte-conectado-infovia-06,Norte Conectado (Infovia 06),0,22,-62.086954,-4.450799
norte-conectado-infovia-06,Norte Conectado (Infovia 06),0,23,-61.725793,-4.236396
norte-conectado-infovia-06,Norte Conectado (Infovia 06),0,24,-61.401612,-3.863341
norte-conectado-infovia-06,Norte Conectado (Infovia 06),0,25,-60.900123,-3.736608
norte-conectado-infovia-06,Norte Conectado (Infovia 06),0,26,-60.635418,-3.289115
norte-conectado-infovia-08,Norte Conectado (Infovia 08),0,0,-72.655831,-7.625022
norte-conectado-infovia-08,Norte Conectado (Infovia 08),0,1,-72.458969,-7.319649
norte-conectado-infovia-08,Norte Conectado (Infovia 08),0,2,-71.784836,-7.161135
norte-conectado-infovia-08,Norte Conectado (Infovia 08),0,3,-71.106153,-6.781408
norte-conectado-infovia-08,Norte Conectado (Infovia 08),0,4,-70.256761,-6.711689
norte-conectado-infovia-08,Norte Conectado (Infovia 08),0,5,-69.842747,-6.605876
norte-conectado-infovia-08,Norte Conectado (Infovia 08),0,6,-68.861475,-6.505877
norte-conectado-infovia-08,Norte Conectado (Infovia 08),0,7,-68.319093,-6.475848
norte-conectado-infovia-08,Norte Conectado (Infovia 08),0,8,-67.839991,-5.903593
norte-conectado-infovia-08,Norte Conectado (Infovia 08),0,9,-67.507495,-5.408735
norte-conectado-infovia-08,Norte Conectado (Infovia 08),0,10,-66.840514,-4.911587
norte-conectado-infovia-08,Norte Conectado (Infovia 08),0,11,-66.588136,-4.195368
norte-conectado-infovia-08,Norte Conectado (Infovia 08),0,12,-66.298569,-3.639068
norte-conectado-infovia-08,Norte Conectado (Infovia 08),0,13,-65.980372,-3.00959
norte-conectado-infovia-08,Norte Conectado (Infovia 08),0,14,-66.095307,-2.515186
norte-conectado-infovia-05,Norte Conectado (Infovia 05),0,0,-63.901992,-8.761671
norte-conectado-infovia-05,Norte Conectado (Infovia 05),0,1,-63.675936,-8.552732
norte-conectado-infovia-05,Norte Conectado (Infovia 05),0,2,-63.509191,-8.543032
norte-conectado-infovia-05,Norte Conectado (Infovia 05),0,3,-63.260191,-8.193686
norte-conectado-infovia-05,Norte Conectado (Infovia 05),0,4,-62.875615,-8.028765
norte-conectado-infovia-05,Norte Conectado (Infovia 05),0,5,-63.028432,-7.512483
norte-conectado-infovia-05,Norte Conectado (Infovia 05),0,6,-62.763115,-7.017316
norte-conectado-infovia-05,Norte Conectado (Infovia 05),0,7,-62.577381,-6.767748
norte-conectado-infovia-05,Norte Conectado (Infovia 05),0,8,-62.263508,-6.520569
norte-conectado-infovia-05,Norte Conectado (Infovia 05),0,9,-62.126189,-6.177339
norte-conectado-infovia-05,Norte Conectado (Infovia 05),0,10,-61.838293,-6.249583
norte-conectado-infovia-05,Norte Conectado (Infovia 05),0,11,-61.596528,-5.867238
norte-conectado-infovia-05,Norte Conectado (Infovia 05),0,12,-61.294561,-5.812875
norte-conectado-infovia-05,Norte Conectado (Infovia 05),0,13,-60.998208,-5.535398
norte-conectado-infovia-05,Norte Conectado (Infovia 05),0,14,-60.635418,-5.301045
norte-conectado-infovia-05,Norte Conectado (Infovia 05),0,15,-60.3761,-5.120327
norte-conectado-infovia-05,Norte Conectado (Infovia 05),0,16,-60.3761,-5.120327
norte-conectado-infovia-05,Norte Conectado (Infovia 05),0,17,-59.949073,-4.838669
norte-conectado-infovia-05,Norte Conectado (Infovia 05),0,18,-59.851954,-4.496633
norte-conectado-infovia-05,Norte Conectado (Infovia 05),0,19,-59.594527,-4.392521
norte-conectado-infovia-05,Norte Conectado (Infovia 05),0,20,-59.09214,-3.891201
norte-conectado-infovia-05,Norte Conectado (Infovia 05),0,21,-59.131661,-3.58033
fea,FEA,0,0,39.187836,21.484074
fea,FEA,0,1,37.800047,22.052986
fea,FEA,1,0,35.005095,29.581033
fea,FEA,1,1,34.71138,29.089044
fea,FEA,1,2,34.51763,28.313852
fea,FEA,1,3,34.46138,28.115586
fea,FEA,1,4,34.447322,27.991483
fea,FEA,1,5,34.447322,27.916953
fea,FEA,1,6,34.76255,26.964305
fea,FEA,1,7,35.550049,25.754704
fea,FEA,2,0,72.875903,19.076074
fea,FEA,2,1,72.675023,16.965103
fea,FEA,2,2,73.745134,13.492128
fea,FEA,2,3,75.095133,9.524411
fea,FEA,2,4,77.290243,6.852191
fea,FEA,2,5,78.69513,5.061987
fea,FEA,2,6,81.000017,4.389286
fea,FEA,2,7,85.500014,5.510072
fea,FEA,2,8,90.00001,6.405201
fea,FEA,2,9,92.700009,6.405201
fea,FEA,2,10,94.275007,6.628747
fea,FEA,2,11,95.400007,6.628747
fea,FEA,2,12,97.425005,6.908036
fea,FEA,2,13,99.000004,6.852191
fea,FEA,2,14,99.675004,6.740482
fea,FEA,2,15,100.066113,6.613519
fea,FEA,3,0,100.409823,5.368394
fea,FEA,3,1,99.675004,5.510072
fea,FEA,3,2,97.425005,6.908036
fea,FEA,4,0,100.066113,6.613519
fea,FEA,4,1,100.293853,6.908036
fea,FEA,4,2,100.595103,7.198818
fea,FEA,5,0,56.333724,25.12169
fea,FEA,5,1,56.925034,24.839313
fea,FEA,5,2,58.500033,24.353428
fea,FEA,5,3,59.850032,23.711258
fea,FEA,5,4,61.650031,22.469444
fea,FEA,5,5,61.650031,18.251816
fea,FEA,6,0,32.529931,29.972545
fea,FEA,6,1,32.484401,29.638336
fea,FEA,6,2,32.653276,29.344567
fea,FEA,6,3,32.653181,29.113614
fea,FEA,6,4,33.412951,28.161052
fea,FEA,6,5,34.1438,27.364668
fea,FEA,6,6,34.931299,26.562513
fea,FEA,6,7,35.550049,25.754704
fea,FEA,6,8,36.562548,24.122617
fea,FEA,6,9,37.800047,22.052986
fea,FEA,6,10,38.587547,20.375041
fea,FEA,6,11,39.937546,18.251816
fea,FEA,6,12,40.950045,16.534196
fea,FEA,6,13,42.075044,14.801154
fea,FEA,6,14,42.581294,13.929304
fea,FEA,6,15,43.031294,13.054151
fea,FEA,6,16,43.228169,12.834869
fea,FEA,6,17,43.312544,12.615396
fea,FEA,6,18,43.650043,12.395734
fea,FEA,6,19,44.550043,11.900823
fea,FEA,6,20,45.450042,11.955858
fea,FEA,6,21,48.60004,12.725156
fea,FEA,6,22,55.350035,14.801154
fea,FEA,6,23,58.950032,16.534196
fea,FEA,6,24,61.650031,18.251816
fea,FEA,6,25,66.600027,19.104405
fea,FEA,6,26,70.200025,19.104405
fea,FEA,6,27,72.875903,19.076074
pasela,PASELA,0,0,132.75203,-5.635389
pasela,PASELA,0,1,132.751322,-5.63809
pasela,PASELA,0,2,132.752153,-5.643842
pasela,PASELA,0,3,132.75446,-5.652518
pasela,PASELA,0,4,132.75818,-5.663989
pasela,PASELA,0,5,132.763252,-5.678127
pasela,PASELA,0,6,132.769611,-5.694805
pasela,PASELA,0,7,132.777195,-5.713893
pasela,PASELA,0,8,132.785941,-5.735265
pasela,PASELA,0,9,132.795786,-5.758792
pasela,PASELA,0,10,132.806667,-5.784345
pasela,PASELA,0,11,132.818521,-5.811797
pasela,PASELA,0,12,132.831286,-5.84102
pasela,PASELA,0,13,132.844898,-5.871886
pasela,PASELA,0,14,132.859295,-5.904266
pasela,PASELA,0,15,132.874414,-5.938032
pasela,PASELA,0,16,132.890191,-5.973057
pasela,PASELA,0,17,132.906565,-6.009211
pasela,PASELA,0,18,132.923471,-6.046368
pasela,PASELA,0,19,132.940848,-6.084399
pasela,PASELA,0,20,132.958632,-6.123176
pasela,PASELA,0,21,132.976761,-6.162571
pasela,PASELA,0,22,132.995171,-6.202455
pasela,PASELA,0,23,133.0138,-6.242701
pasela,PASELA,0,24,133.032584,-6.28318
pasela,PASELA,0,25,133.051461,-6.323765
pasela,PASELA,0,26,133.070369,-6.364328
pasela,PASELA,0,27,133.089243,-6.404739
pasela,PASELA,0,28,133.108022,-6.444872
pasela,PASELA,0,29,133.126641,-6.484598
pasela,PASELA,0,30,133.14504,-6.523789
pasela,PASELA,0,31,133.163154,-6.562316
pasela,PASELA,0,32,133.18092,-6.600053
pasela,PASELA,0,33,133.198276,-6.63687
pasela,PASELA,0,34,133.21516,-6.67264
pasela,PASELA,0,35,133.231507,-6.707234
pasela,PASELA,0,36,133.247255,-6.740525
pasela,PASELA,0,37,133.262342,-6.772384
pasela,PASELA,0,38,133.276704,-6.802684
pasela,PASELA,0,39,133.290278,-6.831295
pasela,PASELA,0,40,133.303002,-6.858091
pasela,PASELA,0,41,133.314812,-6.882943
pasela,PASELA,0,42,133.325646,-6.905722
pasela,PASELA,0,43,133.335442,-6.926301
pasela,PASELA,0,44,133.344135,-6.944552
pasela,PASELA,0,45,133.351663,-6.960347
pasela,PASELA,0,46,133.357964,-6.973557
pasela,PASELA,0,47,133.362974,-6.984054
pasela,PASELA,0,48,133.36663,-6.991711
pasela,PASELA,0,49,133.369631,-6.99799
pasela,PASELA,0,50,133.369631,-6.99799
pasela,PASELA,0,51,134.552811,-7.30194
pasela,PASELA,0,52,136.292139,-8.332314
pasela,PASELA,0,53,137.241555,-9.142361
pasela,PASELA,0,54,138.617359,-9.291053
pasela,PASELA,0,55,140.046666,-9.068306
pasela,PASELA,0,56,140.405055,-8.499084
kattegat-cable,Kattegat Cable,0,0,10.516667,57.331044
kattegat-cable,Kattegat Cable,0,1,10.774635,57.384367
kattegat-cable,Kattegat Cable,0,2,11.746355,57.42139
kattegat-cable,Kattegat Cable,0,3,11.899379,57.455422
le-vasa,Le Vasa,0,0,-170.695705,-14.276545
le-vasa,Le Vasa,0,1,-170.388384,-14.652115
le-vasa,Le Vasa,0,2,-170.223895,-16.484618
apx-east,APX East,0,0,151.206997,-33.869552
apx-east,APX East,0,1,152.078222,-34.025505
apx-east,APX East,0,2,154.799965,-32.797183
apx-east,APX East,0,3,160.65491,-30.920102
apx-east,APX East,0,4,166.466558,-26.350166
apx-east,APX East,0,5,171.0875,-23.120801
apx-east,APX East,0,6,178.933281,-18.437354
apx-east,APX East,0,7,179.999165,-18.061135
apx-east,APX East,1,0,178.437448,-18.123811
apx-east,APX East,1,1,178.731931,-18.559311
apx-east,APX East,2,0,-179.999798,-18.061131
apx-east,APX East,2,1,-179.420382,-17.390875
apx-east,APX East,2,2,-178.744619,-15.006817
apx-east,APX East,2,3,-174.856076,-6.488085
apx-east,APX East,2,4,-170.611779,2.034307
apx-east,APX East,2,5,-164.883599,10.466901
apx-east,APX East,2,6,-158.354538,19.605437
apx-east,APX East,2,7,-157.61221,20.893863
apx-east,APX East,2,8,-157.176694,21.313829
apx-east,APX East,2,9,-153.021819,23.57925
apx-east,APX East,2,10,-147.515965,25.207427
apx-east,APX East,2,11,-138.599828,26.642332
apx-east,APX East,2,12,-127.744327,30.931712
apx-east,APX East,2,13,-117.592406,32.744104
apx-east,APX East,2,14,-117.165767,32.706408
apx-east,APX East,3,0,-158.08325,21.334162
apx-east,APX East,3,1,-157.61221,20.893863
i-am-cable,I-AM Cable,0,0,104.004111,1.373499
i-am-cable,I-AM Cable,0,1,104.940569,1.736803
i-am-cable,I-AM Cable,0,2,104.11414,1.925884
i-am-cable,I-AM Cable,1,0,104.940569,1.736803
i-am-cable,I-AM Cable,1,1,105.236376,1.570165
i-am-cable,I-AM Cable,1,2,108.775485,1.892657
i-am-cable,I-AM Cable,1,3,109.124991,2.250178
i-am-cable,I-AM Cable,1,4,109.831784,2.952622
i-am-cable,I-AM Cable,1,5,111.197652,3.455891
i-am-cable,I-AM Cable,1,6,114.403362,5.789851
i-am-cable,I-AM Cable,1,7,116.495402,8.708814
i-am-cable,I-AM Cable,1,8,119.086159,12.264848
i-am-cable,I-AM Cable,1,9,118.694027,15.197406
i-am-cable,I-AM Cable,1,10,118.79999,17.810546
i-am-cable,I-AM Cable,1,11,119.570839,18.516117
i-am-cable,I-AM Cable,1,12,120.149989,19.025416
i-am-cable,I-AM Cable,1,13,121.17743,19.649517
i-am-cable,I-AM Cable,1,14,122.944079,20.680547
i-am-cable,I-AM Cable,1,15,124.977635,22.00686
i-am-cable,I-AM Cable,1,16,125.687508,23.606546
i-am-cable,I-AM Cable,1,17,126.390452,25.573233
i-am-cable,I-AM Cable,1,18,126.976505,26.301235
i-am-cable,I-AM Cable,1,19,127.700795,28.509889
i-am-cable,I-AM Cable,1,20,127.950911,29.540508
i-am-cable,I-AM Cable,1,21,128.525667,30.091028
i-am-cable,I-AM Cable,1,22,127.680844,31.391962
i-am-cable,I-AM Cable,1,23,127.325179,31.656682
i-am-cable,I-AM Cable,1,24,128.488264,34.328714
i-am-cable,I-AM Cable,1,25,128.999493,35.170379
i-am-cable,I-AM Cable,2,0,127.325179,31.656682
i-am-cable,I-AM Cable,2,1,127.894427,32.277262
i-am-cable,I-AM Cable,2,2,129.676435,33.953733
i-am-cable,I-AM Cable,2,3,129.988037,33.96159
i-am-cable,I-AM Cable,2,4,130.401642,33.590227
i-am-cable,I-AM Cable,3,0,128.525667,30.091028
i-am-cable,I-AM Cable,3,1,130.674396,29.025552
i-am-cable,I-AM Cable,3,2,131.527526,28.952813
i-am-cable,I-AM Cable,3,3,135.085259,30.059199
i-am-cable,I-AM Cable,3,4,137.662825,30.80515
i-am-cable,I-AM Cable,3,5,138.978673,31.561902
i-am-cable,I-AM Cable,3,6,139.72426,33.43328
i-am-cable,I-AM Cable,3,7,139.919073,35.013344
i-am-cable,I-AM Cable,4,0,136.719951,30.532943
i-am-cable,I-AM Cable,4,1,137.366411,32.785366
i-am-cable,I-AM Cable,4,2,136.873997,34.336828
barracuda,Barracuda,0,0,-0.210386,39.662556
barracuda,Barracuda,0,1,0.483472,39.586708
barracuda,Barracuda,0,2,2.492748,39.959266
barracuda,Barracuda,0,3,6.715499,41.919503
barracuda,Barracuda,0,4,8.867233,43.219997
barracuda,Barracuda,0,5,9.05557,43.551453
barracuda,Barracuda,0,6,9.054846,43.820956
barracuda,Barracuda,0,7,8.938868,44.410358
thetis-express,Thetis Express,0,0,23.736187,37.976078
thetis-express,Thetis Express,0,1,23.850308,37.643034
thetis-express,Thetis Express,0,2,24.075057,37.232354
thetis-express,Thetis Express,0,3,24.427596,36.69916
thetis-express,Thetis Express,0,4,24.655778,35.90443
thetis-express,Thetis Express,0,5,24.981892,35.603327
thetis-express,Thetis Express,0,6,25.12786,35.338397
antigua-st-kitts,Antigua-St.Kitts,0,0,-62.729761,17.298636
antigua-st-kitts,Antigua-St.Kitts,0,1,-62.481215,17.397819
antigua-st-kitts,Antigua-St.Kitts,0,2,-62.140165,17.125133
antigua-st-kitts,Antigua-St.Kitts,0,3,-61.857942,17.051482
panam-south,PanAm South,0,0,-79.536709,8.964826
panam-south,PanAm South,0,1,-79.472495,8.218898
panam-south,PanAm South,0,2,-78.893772,7.259765
panam-south,PanAm South,0,3,-78.994548,5.061987
panam-south,PanAm South,0,4,-81.251824,2.380576
panam-south,PanAm South,0,5,-81.713819,0.568579
panam-south,PanAm South,0,6,-81.40623,-1.906095
panam-south,PanAm South,0,7,-80.926333,-2.276284
grand-bahama-bimini-submarine-cable,Grand Bahama Bimini Submarine Cable,0,0,-78.81193,26.53626
grand-bahama-bimini-submarine-cable,Grand Bahama Bimini Submarine Cable,0,1,-78.962322,26.010202
grand-bahama-bimini-submarine-cable,Grand Bahama Bimini Submarine Cable,0,2,-79.293913,25.720604
adamasia-cable-system-1,Adamasia Cable System 1,0,0,161.224621,-4.473705
adamasia-cable-system-1,Adamasia Cable System 1,0,1,159.893467,-7.13333
adamasia-cable-system-1,Adamasia Cable System 1,0,2,159.893767,-8.008624
adamasia-cable-system-1,Adamasia Cable System 1,0,3,160.257155,-8.362422
adamasia-cable-system-1,Adamasia Cable System 1,0,4,160.137677,-8.701167
adamasia-cable-system-1,Adamasia Cable System 1,0,5,159.949808,-8.749365
adamasia-cable-system-1,Adamasia Cable System 1,0,6,159.949808,-9.417177
red-hook-little-saint-james,Red Hook-Little Saint James,0,0,-64.83921,18.324604
red-hook-little-saint-james,Red Hook-Little Saint James,0,1,-64.825629,18.300118
verena,Verena,0,0,-0.411161,54.276366
verena,Verena,0,1,7.618209,55.370094
verena,Verena,0,2,8.216698,55.403943
verena,Verena,0,3,8.447237,55.464953
dhivaru,Dhivaru,0,0,58.407783,23.58413
dhivaru,Dhivaru,0,1,59.128907,23.956919
dhivaru,Dhivaru,0,2,59.850033,23.613306
dhivaru,Dhivaru,0,3,61.43184,22.443137
dhivaru,Dhivaru,0,4,61.43184,17.704507
dhivaru,Dhivaru,0,5,66.589287,4.200837
dhivaru,Dhivaru,0,6,72.96721,-0.856036
dhivaru,Dhivaru,0,7,95.012702,-8.952296
dhivaru,Dhivaru,0,8,105.69707,-10.437359
dhivaru,Dhivaru,1,0,73.089182,-0.60552
dhivaru,Dhivaru,1,1,72.96721,-0.856036
fastnet,Fastnet,0,0,-75.086836,38.333973
fastnet,Fastnet,0,1,-74.159541,38.989037
fastnet,Fastnet,0,2,-71.208332,40.384332
fastnet,Fastnet,0,3,-68.393838,40.87581
fastnet,Fastnet,0,4,-61.110869,41.902751
fastnet,Fastnet,0,5,-50.398458,43.906044
fastnet,Fastnet,0,6,-39.600079,46.542683
fastnet,Fastnet,0,7,-23.399918,50.45146
fastnet,Fastnet,0,8,-16.199914,50.324261
fastnet,Fastnet,0,9,-10.759632,50.456944
fastnet,Fastnet,0,10,-8.963844,51.557783
longyearbyen-ny-lesund,Longyearbyen-Ny-Ålesund,0,0,15.642983,78.218112
longyearbyen-ny-lesund,Longyearbyen-Ny-Ålesund,0,1,14.399948,78.180548
longyearbyen-ny-lesund,Longyearbyen-Ny-Ålesund,0,2,13.439916,78.195536
longyearbyen-ny-lesund,Longyearbyen-Ny-Ålesund,0,3,12.263389,78.074629
longyearbyen-ny-lesund,Longyearbyen-Ny-Ålesund,0,4,11.149971,78.198804
longyearbyen-ny-lesund,Longyearbyen-Ny-Ålesund,0,5,10.334065,78.549423
longyearbyen-ny-lesund,Longyearbyen-Ny-Ålesund,0,6,10.153754,78.860188
longyearbyen-ny-lesund,Longyearbyen-Ny-Ålesund,0,7,10.622562,78.980598
longyearbyen-ny-lesund,Longyearbyen-Ny-Ålesund,0,8,11.555669,79.021021
longyearbyen-ny-lesund,Longyearbyen-Ny-Ålesund,0,9,12.006446,78.965941
longyearbyen-ny-lesund,Longyearbyen-Ny-Ålesund,0,10,11.921008,78.924193
longyearbyen-ny-lesund,Longyearbyen-Ny-Ålesund,1,0,15.642983,78.218112
longyearbyen-ny-lesund,Longyearbyen-Ny-Ålesund,1,1,14.390139,78.198933
longyearbyen-ny-lesund,Longyearbyen-Ny-Ålesund,1,2,13.425634,78.215321
longyearbyen-ny-lesund,Longyearbyen-Ny-Ålesund,1,3,12.264958,78.108003
longyearbyen-ny-lesund,Longyearbyen-Ny-Ålesund,1,4,11.267758,78.218112
longyearbyen-ny-lesund,Longyearbyen-Ny-Ålesund,1,5,10.489482,78.55853
longyearbyen-ny-lesund,Longyearbyen-Ny-Ålesund,1,6,10.296714,78.853374
longyearbyen-ny-lesund,Longyearbyen-Ny-Ålesund,1,7,10.708672,78.960941
longyearbyen-ny-lesund,Longyearbyen-Ny-Ålesund,1,8,11.535858,79.000936
longyearbyen-ny-lesund,Longyearbyen-Ny-Ålesund,1,9,11.889317,78.961575
longyearbyen-ny-lesund,Longyearbyen-Ny-Ålesund,1,10,11.921008,78.924193
portsmouth-ryde-11,Portsmouth-Ryde 11,0,0,-1.163284,50.729304
portsmouth-ryde-11,Portsmouth-Ryde 11,0,1,-1.103827,50.741177
portsmouth-ryde-11,Portsmouth-Ryde 11,0,2,-1.07843,50.771525
portsmouth-ryde-11,Portsmouth-Ryde 11,0,3,-1.087284,50.80401
portsmouth-ryde-10,Portsmouth-Ryde 10,0,0,-1.087284,50.80401
portsmouth-ryde-10,Portsmouth-Ryde 10,0,1,-1.163284,50.729304
cowes-fawley-2,Cowes-Fawley 2,0,0,-1.367483,50.786765
cowes-fawley-2,Cowes-Fawley 2,0,1,-1.321447,50.76025
kardesa,Kardesa,0,0,41.667525,42.146756
kardesa,Kardesa,0,1,41.417836,41.970433
kardesa,Kardesa,0,2,35.574108,42.149871
kardesa,Kardesa,0,3,27.648441,42.64906
kardesa,Kardesa,1,0,29.918412,42.506494
kardesa,Kardesa,1,1,30.951839,46.372358
kardesa,Kardesa,1,2,30.684537,46.48929
kardesa,Kardesa,2,0,29.632134,41.182156
kardesa,Kardesa,2,1,30.435126,42.473997
asia-united-gateway-east-aug-east,Asia United Gateway East (AUG East),0,0,103.987011,1.389451
asia-united-gateway-east-aug-east,Asia United Gateway East (AUG East),0,1,104.362059,1.270051
asia-united-gateway-east-aug-east,Asia United Gateway East (AUG East),0,2,104.016637,1.066798
asia-united-gateway-east-aug-east,Asia United Gateway East (AUG East),1,0,104.362059,1.270051
asia-united-gateway-east-aug-east,Asia United Gateway East (AUG East),1,1,104.87449,1.892657
asia-united-gateway-east-aug-east,Asia United Gateway East (AUG East),1,2,105.019386,2.694535
asia-united-gateway-east-aug-east,Asia United Gateway East (AUG East),1,3,105.624999,3.12237
asia-united-gateway-east-aug-east,Asia United Gateway East (AUG East),1,4,108.123826,4.522145
asia-united-gateway-east-aug-east,Asia United Gateway East (AUG East),1,5,110.049372,5.387421
asia-united-gateway-east-aug-east,Asia United Gateway East (AUG East),1,6,110.776656,5.85176
asia-united-gateway-east-aug-east,Asia United Gateway East (AUG East),1,7,114.125095,7.58214
asia-united-gateway-east-aug-east,Asia United Gateway East (AUG East),1,8,116.338768,8.922094
asia-united-gateway-east-aug-east,Asia United Gateway East (AUG East),1,9,118.956539,12.323364
asia-united-gateway-east-aug-east,Asia United Gateway East (AUG East),1,10,118.544619,15.204851
asia-united-gateway-east-aug-east,Asia United Gateway East (AUG East),1,11,118.680949,17.860172
asia-united-gateway-east-aug-east,Asia United Gateway East (AUG East),1,12,119.635646,18.712817
asia-united-gateway-east-aug-east,Asia United Gateway East (AUG East),1,13,120.07376,19.097338
asia-united-gateway-east-aug-east,Asia United Gateway East (AUG East),1,14,120.150774,19.766307
asia-united-gateway-east-aug-east,Asia United Gateway East (AUG East),1,15,120.60996,21.528663
asia-united-gateway-east-aug-east,Asia United Gateway East (AUG East),1,16,121.00228,21.515456
asia-united-gateway-east-aug-east,Asia United Gateway East (AUG East),1,17,122.272601,22.413794
asia-united-gateway-east-aug-east,Asia United Gateway East (AUG East),1,18,122.813609,24.285863
asia-united-gateway-east-aug-east,Asia United Gateway East (AUG East),1,19,125.355161,27.945971
asia-united-gateway-east-aug-east,Asia United Gateway East (AUG East),1,20,128.942383,30.000411
asia-united-gateway-east-aug-east,Asia United Gateway East (AUG East),1,21,130.468927,29.235802
asia-united-gateway-east-aug-east,Asia United Gateway East (AUG East),1,22,135.048113,29.018742
asia-united-gateway-east-aug-east,Asia United Gateway East (AUG East),1,23,137.729111,29.776437
asia-united-gateway-east-aug-east,Asia United Gateway East (AUG East),1,24,138.860361,30.491313
asia-united-gateway-east-aug-east,Asia United Gateway East (AUG East),1,25,139.684302,31.888857
asia-united-gateway-east-aug-east,Asia United Gateway East (AUG East),1,26,140.593578,32.888896
asia-united-gateway-east-aug-east,Asia United Gateway East (AUG East),1,27,140.002319,35.017635
asia-united-gateway-east-aug-east,Asia United Gateway East (AUG East),2,0,126.736629,35.967677
asia-united-gateway-east-aug-east,Asia United Gateway East (AUG East),2,1,125.871199,35.247486
asia-united-gateway-east-aug-east,Asia United Gateway East (AUG East),2,2,125.299985,34.212988
asia-united-gateway-east-aug-east,Asia United Gateway East (AUG East),2,3,127.097445,30.889577
asia-united-gateway-east-aug-east,Asia United Gateway East (AUG East),2,4,128.206233,29.582152
asia-united-gateway-east-aug-east,Asia United Gateway East (AUG East),3,0,121.814832,24.644045
asia-united-gateway-east-aug-east,Asia United Gateway East (AUG East),3,1,122.545897,23.36279
asia-united-gateway-east-aug-east,Asia United Gateway East (AUG East),4,0,120.889779,22.34045
asia-united-gateway-east-aug-east,Asia United Gateway East (AUG East),4,1,121.568332,21.924689
asia-united-gateway-east-aug-east,Asia United Gateway East (AUG East),5,0,118.642513,17.115277
asia-united-gateway-east-aug-east,Asia United Gateway East (AUG East),5,1,120.354839,16.830717
asia-united-gateway-east-aug-east,Asia United Gateway East (AUG East),6,0,104.11414,1.925884
asia-united-gateway-east-aug-east,Asia United Gateway East (AUG East),6,1,104.87449,1.892657
asia-united-gateway-east-aug-east,Asia United Gateway East (AUG East),7,0,111.396722,6.171502
asia-united-gateway-east-aug-east,Asia United Gateway East (AUG East),7,1,113.004815,5.487591
asia-united-gateway-east-aug-east,Asia United Gateway East (AUG East),7,2,114.237595,4.588648
trans-global-cable-system-tgcs,Trans Global Cable System (TGCS),0,0,104.016637,1.066798
trans-global-cable-system-tgcs,Trans Global Cable System (TGCS),0,1,105.264445,0.513354
trans-global-cable-system-tgcs,Trans Global Cable System (TGCS),0,2,107.0021,-0.56027
trans-global-cable-system-tgcs,Trans Global Cable System (TGCS),0,3,109.265622,-2.528149
trans-global-cable-system-tgcs,Trans Global Cable System (TGCS),0,4,107.301413,-5.440605
trans-global-cable-system-tgcs,Trans Global Cable System (TGCS),0,5,107.115086,-5.983271
trans-global-cable-system-tgcs,Trans Global Cable System (TGCS),1,0,109.968942,-1.881623
trans-global-cable-system-tgcs,Trans Global Cable System (TGCS),1,1,109.599069,-2.108948
trans-global-cable-system-tgcs,Trans Global Cable System (TGCS),1,2,109.265622,-2.528149
tmx5,TMX5,0,0,-109.704906,23.077049
tmx5,TMX5,0,1,-106.418503,23.197672
candle,Candle,0,0,103.987011,1.389451
candle,Candle,0,1,104.791113,1.389441
candle,Candle,0,2,108.808282,1.736803
candle,Candle,0,3,109.831784,2.732428
candle,Candle,0,4,111.395308,3.278913
candle,Candle,0,5,114.514593,5.678237
candle,Candle,0,6,116.081535,7.767275
candle,Candle,0,7,116.693087,8.771384
candle,Candle,0,8,119.599892,12.602956
candle,Candle,0,9,120.182802,13.13575
candle,Candle,0,10,120.607656,13.572497
candle,Candle,0,11,121.298523,13.615021
candle,Candle,0,12,122.395593,12.755049
candle,Candle,0,13,123.447531,12.714337
candle,Candle,0,14,124.095201,12.319163
candle,Candle,0,15,124.509702,12.89945
candle,Candle,0,16,125.131038,22.026049
candle,Candle,0,17,125.824827,23.605964
candle,Candle,0,18,127.327909,24.812553
candle,Candle,0,19,136.025801,29.171402
candle,Candle,0,20,137.736987,29.633613
candle,Candle,0,21,138.992328,30.369009
candle,Candle,0,22,140.174975,32.433313
candle,Candle,0,23,139.976635,34.980047
candle,Candle,1,0,104.016637,1.066798
candle,Candle,1,1,104.436133,1.371386
candle,Candle,1,2,104.380957,1.745889
candle,Candle,1,3,104.112059,1.934672
candle,Candle,2,0,124.703385,16.18456
candle,Candle,2,1,123.513284,15.788535
candle,Candle,2,2,122.20222,15.763215
candle,Candle,2,3,121.560193,15.761539
candle,Candle,3,0,120.622989,14.088232
candle,Candle,3,1,120.607656,13.572497
candle,Candle,4,0,121.801453,24.863504
candle,Candle,4,1,123.103274,23.605964
candle,Candle,4,2,125.131038,22.026049
mobily-red-sea-cable-mrsc,Mobily Red Sea Cable (MRSC),0,0,34.334005,27.911373
mobily-red-sea-cable-mrsc,Mobily Red Sea Cable (MRSC),0,1,35.110654,27.363438
mobily-red-sea-cable-mrsc,Mobily Red Sea Cable (MRSC),0,2,35.696549,27.35401
challenger-one-bermuda,Challenger One Bermuda,0,0,-64.633565,32.158659
challenger-one-bermuda,Challenger One Bermuda,0,1,-64.657009,32.242084
challenger-one-bermuda,Challenger One Bermuda,0,2,-64.788692,32.280852
americas-ii-west,Americas-II West,0,0,-66.078667,18.452867
americas-ii-west,Americas-II West,0,1,-65.607057,18.621328
americas-ii-west,Americas-II West,0,2,-65.402705,18.548726
americas-ii-west,Americas-II West,0,3,-65.271643,18.196835
americas-ii-west,Americas-II West,0,4,-64.81926,17.773909
daraja,Daraja,0,0,39.700146,-4.050301
daraja,Daraja,0,1,42.220203,-3.012369
daraja,Daraja,0,2,44.914279,-0.786868
daraja,Daraja,0,3,46.83675,1.665005
daraja,Daraja,0,4,53.260583,9.719552
daraja,Daraja,0,5,54.521227,12.571397
daraja,Daraja,0,6,53.646668,13.29675
daraja,Daraja,0,7,54.059401,16.535252
daraja,Daraja,0,8,54.148086,17.095827
ithaafushi-maafushi-hulhumale,Ithaafushi-Maafushi-Hulhumale,0,0,73.39405,4.014322
ithaafushi-maafushi-hulhumale,Ithaafushi-Maafushi-Hulhumale,0,1,73.489458,3.933495
ithaafushi-maafushi-hulhumale,Ithaafushi-Maafushi-Hulhumale,0,2,73.540159,4.21331
farewell-change-fogo,Farewell-Change-Fogo,0,0,-54.479165,49.555875
farewell-change-fogo,Farewell-Change-Fogo,0,1,-54.395227,49.583939
farewell-change-fogo,Farewell-Change-Fogo,0,2,-54.283672,49.583939
indonesia-tengah-cable-systems,Indonesia Tengah Cable Systems,0,0,122.78695,-0.940805
indonesia-tengah-cable-systems,Indonesia Tengah Cable Systems,0,1,122.762974,-1.213473
indonesia-tengah-cable-systems,Indonesia Tengah Cable Systems,0,2,122.400474,-2.005575
indonesia-tengah-cable-systems,Indonesia Tengah Cable Systems,0,3,122.762974,-3.645746
indonesia-tengah-cable-systems,Indonesia Tengah Cable Systems,0,4,122.512977,-3.998469
indonesia-tengah-cable-systems,Indonesia Tengah Cable Systems,0,5,123.102477,-3.927447
indonesia-tengah-cable-systems,Indonesia Tengah Cable Systems,0,6,123.415034,-4.023934
indonesia-tengah-cable-systems,Indonesia Tengah Cable Systems,0,7,123.475866,-4.97378
indonesia-tengah-cable-systems,Indonesia Tengah Cable Systems,0,8,123.011388,-5.948872
indonesia-tengah-cable-systems,Indonesia Tengah Cable Systems,0,9,120.332051,-5.692007
indonesia-tengah-cable-systems,Indonesia Tengah Cable Systems,0,10,119.856338,-6.10944
indonesia-tengah-cable-systems,Indonesia Tengah Cable Systems,0,11,118.904911,-5.669035
indonesia-tengah-cable-systems,Indonesia Tengah Cable Systems,0,12,118.870581,-5.472545
indonesia-tengah-cable-systems,Indonesia Tengah Cable Systems,0,13,119.406581,-5.154203
indonesia-tengah-cable-systems,Indonesia Tengah Cable Systems,1,0,122.596862,-5.507088
indonesia-tengah-cable-systems,Indonesia Tengah Cable Systems,1,1,122.5599,-5.905597
indonesia-tengah-cable-systems,Indonesia Tengah Cable Systems,2,0,123.533837,-5.321968
indonesia-tengah-cable-systems,Indonesia Tengah Cable Systems,2,1,123.353302,-5.231235
indonesia-tengah-cable-systems,Indonesia Tengah Cable Systems,3,0,122.528259,-2.580131
indonesia-tengah-cable-systems,Indonesia Tengah Cable Systems,3,1,122.167458,-2.829852
indonesia-tengah-cable-systems,Indonesia Tengah Cable Systems,4,0,119.856338,-6.10944
indonesia-tengah-cable-systems,Indonesia Tengah Cable Systems,4,1,119.999989,-8.135163
indonesia-tengah-cable-systems,Indonesia Tengah Cable Systems,4,2,119.871669,-8.494707
indonesia-tengah-cable-systems,Indonesia Tengah Cable Systems,4,3,118.998092,-7.81488
indonesia-tengah-cable-systems,Indonesia Tengah Cable Systems,4,4,117.861514,-8.108113
indonesia-tengah-cable-systems,Indonesia Tengah Cable Systems,4,5,117.330642,-7.581598
indonesia-tengah-cable-systems,Indonesia Tengah Cable Systems,4,6,116.671397,-7.683675
indonesia-tengah-cable-systems,Indonesia Tengah Cable Systems,4,7,116.021203,-8.055915
indonesia-tengah-cable-systems,Indonesia Tengah Cable Systems,4,8,115.778333,-9.010938
indonesia-tengah-cable-systems,Indonesia Tengah Cable Systems,4,9,115.331441,-9.032547
indonesia-tengah-cable-systems,Indonesia Tengah Cable Systems,4,10,115.259563,-8.695102
indonesia-tengah-cable-systems,Indonesia Tengah Cable Systems,5,0,120.463365,-6.1213
indonesia-tengah-cable-systems,Indonesia Tengah Cable Systems,5,1,120.141632,-5.859135
manx-northern-ireland,Manx-Northern Ireland,0,0,-5.55944,54.3021
manx-northern-ireland,Manx-Northern Ireland,0,1,-4.691417,54.219096
jako,JAKO,0,0,128.999483,35.170302
jako,JAKO,0,1,130.126656,34.397688
jako,JAKO,0,2,130.401642,33.590227
taiwan-matsu-no-4,Taiwan-Matsu No.4,0,0,121.462588,25.168986
taiwan-matsu-no-4,Taiwan-Matsu No.4,0,1,121.095887,25.67872
taiwan-matsu-no-4,Taiwan-Matsu No.4,0,2,120.49297,26.367331
taiwan-matsu-no-4,Taiwan-Matsu No.4,0,3,120.324261,26.15516
taiwan-matsu-no-4,Taiwan-Matsu No.4,0,4,119.934349,26.15516
taiwan-matsu-no-4,Taiwan-Matsu No.4,0,5,119.960936,26.074238
taiwan-matsu-no-4,Taiwan-Matsu No.4,0,6,119.960936,26.032479
taiwan-matsu-no-4,Taiwan-Matsu No.4,0,7,119.939076,25.967045
sol,Sol,0,0,-81.220943,29.568542
sol,Sol,0,1,-73.349931,30.970279
sol,Sol,0,2,-64.025773,31.895737
sol,Sol,0,3,-61.854819,31.74296
sol,Sol,0,4,-50.0,33.133619
sol,Sol,0,5,-39.999995,34.703112
sol,Sol,0,6,-25.456508,37.35549
sol,Sol,0,7,-16.199914,44.694829
sol,Sol,0,8,-9.899919,45.646541
sol,Sol,0,9,-5.810957,45.169033
sol,Sol,0,10,-4.871846,44.668631
sol,Sol,0,11,-3.833321,43.45394
sol,Sol,1,0,-64.025773,31.895737
sol,Sol,1,1,-64.65918,32.361577
sol,Sol,2,0,-25.676798,37.740376
sol,Sol,2,1,-25.456508,37.35549
mjolner-east,Mjolner East,0,0,19.055321,57.863008
mjolner-east,Mjolner East,0,1,19.81642,58.142118
mjolner-east,Mjolner East,0,2,21.150303,58.374381
mjolner-east,Mjolner East,0,3,22.038102,58.360028
mjolner-east,Mjolner East,1,0,24.752497,59.4364
mjolner-east,Mjolner East,1,1,25.182563,59.670735
mjolner-east,Mjolner East,1,2,25.303265,59.976549
mjolner-east,Mjolner East,1,3,24.932477,60.171163
mjolner-west,Mjolner West,0,0,18.370374,60.258357
mjolner-west,Mjolner West,0,1,19.260073,60.290994
mjolner-west,Mjolner West,0,2,20.715978,60.807998
mjolner-west,Mjolner West,0,3,21.446235,60.679469
rising-8,RISING 8,0,0,107.120998,-5.981154
rising-8,RISING 8,0,1,106.410599,-4.60267
rising-8,RISING 8,0,2,106.978808,-2.960568
rising-8,RISING 8,0,3,106.515777,-1.514425
rising-8,RISING 8,0,4,105.406715,0.176337
rising-8,RISING 8,0,5,104.940999,0.723416
rising-8,RISING 8,0,6,104.538306,0.869187
rising-8,RISING 8,0,7,104.1332,1.173686
rising-8,RISING 8,0,8,103.987011,1.375393
project-waterworth,Project Waterworth,0,0,-78.88267,33.693558
project-waterworth,Project Waterworth,0,1,-74.236738,31.895737
project-waterworth,Project Waterworth,0,2,-56.937477,23.619668
project-waterworth,Project Waterworth,0,3,-52.107091,16.577768
project-waterworth,Project Waterworth,0,4,-38.292979,1.433941
project-waterworth,Project Waterworth,0,5,-37.82902,-1.243529
project-waterworth,Project Waterworth,0,6,-38.548775,-3.720856
project-waterworth,Project Waterworth,0,7,-35.947227,-3.059997
project-waterworth,Project Waterworth,0,8,-34.024756,-3.469029
project-waterworth,Project Waterworth,0,9,-31.651092,-4.861397
project-waterworth,Project Waterworth,0,10,13.886635,-32.934493
project-waterworth,Project Waterworth,0,11,16.894583,-34.322822
project-waterworth,Project Waterworth,0,12,18.043255,-34.230965
project-waterworth,Project Waterworth,0,13,18.416126,-33.920846
project-waterworth,Project Waterworth,0,14,18.171981,-34.845022
project-waterworth,Project Waterworth,0,15,18.745764,-35.773488
project-waterworth,Project Waterworth,0,16,19.6234,-35.980127
project-waterworth,Project Waterworth,0,17,23.413985,-35.980127
project-waterworth,Project Waterworth,0,18,27.977496,-35.202043
project-waterworth,Project Waterworth,0,19,38.623743,-29.154037
project-waterworth,Project Waterworth,0,20,45.290704,-29.165076
project-waterworth,Project Waterworth,0,21,47.342691,-28.665958
project-waterworth,Project Waterworth,0,22,56.973482,-23.083728
project-waterworth,Project Waterworth,0,23,62.530395,-14.511536
project-waterworth,Project Waterworth,0,24,65.574377,-10.963562
project-waterworth,Project Waterworth,0,25,74.660376,-5.454561
project-waterworth,Project Waterworth,0,26,76.269541,-2.786733
project-waterworth,Project Waterworth,0,27,76.857735,0.8474
project-waterworth,Project Waterworth,0,28,76.05002,4.093064
project-waterworth,Project Waterworth,0,29,75.637131,8.283574
project-waterworth,Project Waterworth,0,30,73.90706,11.529557
project-waterworth,Project Waterworth,0,31,73.90074,11.538454
project-waterworth,Project Waterworth,0,32,73.890278,11.551197
project-waterworth,Project Waterworth,0,33,73.875849,11.567627
project-waterworth,Project Waterworth,0,34,73.857629,11.587584
project-waterworth,Project Waterworth,0,35,73.835795,11.61091
project-waterworth,Project Waterworth,0,36,73.810521,11.637444
project-waterworth,Project Waterworth,0,37,73.781983,11.667028
project-waterworth,Project Waterworth,0,38,73.750358,11.699502
project-waterworth,Project Waterworth,0,39,73.715821,11.734706
project-waterworth,Project Waterworth,0,40,73.678548,11.772482
project-waterworth,Project Waterworth,0,41,73.638715,11.81267
project-waterworth,Project Waterworth,0,42,73.596497,11.85511
project-waterworth,Project Waterworth,0,43,73.552071,11.899643
project-waterworth,Project Waterworth,0,44,73.505612,11.946111
project-waterworth,Project Waterworth,0,45,73.457296,11.994352
project-waterworth,Project Waterworth,0,46,73.407299,12.044209
project-waterworth,Project Waterworth,0,47,73.355796,12.095521
project-waterworth,Project Waterworth,0,48,73.302964,12.148129
project-waterworth,Project Waterworth,0,49,73.248978,12.201874
project-waterworth,Project Waterworth,0,50,73.194014,12.256597
project-waterworth,Project Waterworth,0,51,73.138248,12.312138
project-waterworth,Project Waterworth,0,52,73.081856,12.368337
project-waterworth,Project Waterworth,0,53,73.025013,12.425036
project-waterworth,Project Waterworth,0,54,72.967895,12.482075
project-waterworth,Project Waterworth,0,55,72.910678,12.539294
project-waterworth,Project Waterworth,0,56,72.853538,12.596535
project-waterworth,Project Waterworth,0,57,72.796651,12.653637
project-waterworth,Project Waterworth,0,58,72.740192,12.710442
project-waterworth,Project Waterworth,0,59,72.684338,12.76679
project-waterworth,Project Waterworth,0,60,72.629263,12.822521
project-waterworth,Project Waterworth,0,61,72.575145,12.877477
project-waterworth,Project Waterworth,0,62,72.522158,12.931497
project-waterworth,Project Waterworth,0,63,72.470478,12.984424
project-waterworth,Project Waterworth,0,64,72.420282,13.036096
project-waterworth,Project Waterworth,0,65,72.371745,13.086355
project-waterworth,Project Waterworth,0,66,72.325043,13.135041
project-waterworth,Project Waterworth,0,67,72.280352,13.181995
project-waterworth,Project Waterworth,0,68,72.237847,13.227058
project-waterworth,Project Waterworth,0,69,72.197704,13.270071
project-waterworth,Project Waterworth,0,70,72.1601,13.310873
project-waterworth,Project Waterworth,0,71,72.125209,13.349305
project-waterworth,Project Waterworth,0,72,72.093208,13.385209
project-waterworth,Project Waterworth,0,73,72.064273,13.418424
project-waterworth,Project Waterworth,0,74,72.038579,13.448792
project-waterworth,Project Waterworth,0,75,72.016302,13.476152
project-waterworth,Project Waterworth,0,76,71.997618,13.500346
project-waterworth,Project Waterworth,0,77,71.982703,13.521214
project-waterworth,Project Waterworth,0,78,71.971732,13.538597
project-waterworth,Project Waterworth,0,79,71.962328,13.56227
project-waterworth,Project Waterworth,0,80,71.962328,13.56227
project-waterworth,Project Waterworth,0,81,71.962328,16.965103
project-waterworth,Project Waterworth,0,82,72.875903,19.076074
project-waterworth,Project Waterworth,1,0,80.237273,13.061503
project-waterworth,Project Waterworth,1,1,81.521501,11.831105
project-waterworth,Project Waterworth,1,2,83.036758,9.555359
project-waterworth,Project Waterworth,1,3,83.429099,7.869635
project-waterworth,Project Waterworth,1,4,84.122235,5.770025
project-waterworth,Project Waterworth,1,5,90.778956,-8.135431
project-waterworth,Project Waterworth,1,6,94.725105,-10.34482
project-waterworth,Project Waterworth,1,7,123.068053,-12.778876
project-waterworth,Project Waterworth,1,8,129.870058,-12.37968
project-waterworth,Project Waterworth,1,9,130.843155,-12.467504
project-waterworth,Project Waterworth,1,10,131.680743,-11.669697
project-waterworth,Project Waterworth,1,11,131.725274,-10.733304
project-waterworth,Project Waterworth,1,12,132.75208,-10.23864
project-waterworth,Project Waterworth,1,13,138.548414,-10.534402
project-waterworth,Project Waterworth,1,14,142.133128,-9.851255
project-waterworth,Project Waterworth,1,15,144.899972,-11.017429
project-waterworth,Project Waterworth,1,16,147.261537,-11.669697
project-waterworth,Project Waterworth,1,17,153.486733,-12.477459
project-waterworth,Project Waterworth,1,18,160.988144,-12.477459
project-waterworth,Project Waterworth,1,19,170.000003,-10.000034
project-waterworth,Project Waterworth,1,20,179.999947,3.097073
project-waterworth,Project Waterworth,2,0,-179.999798,3.097077
project-waterworth,Project Waterworth,2,1,-169.968322,16.17794
project-waterworth,Project Waterworth,2,2,-161.614089,23.037817
project-waterworth,Project Waterworth,2,3,-147.450575,30.255703
project-waterworth,Project Waterworth,2,4,-127.790472,33.529146
project-waterworth,Project Waterworth,2,5,-122.387315,33.47744
project-waterworth,Project Waterworth,2,6,-120.619593,33.450532
project-waterworth,Project Waterworth,2,7,-118.90292,33.826514
project-waterworth,Project Waterworth,2,8,-118.245354,34.053397
project-waterworth,Project Waterworth,3,0,76.857735,0.8474
project-waterworth,Project Waterworth,3,1,80.973745,1.869852
project-waterworth,Project Waterworth,3,2,85.500014,-1.270676
project-waterworth,Project Waterworth,3,3,87.290767,-0.856754
project-waterworth,Project Waterworth,4,0,87.723009,-1.761852
project-waterworth,Project Waterworth,4,1,90.099462,-1.292098
project-waterworth,Project Waterworth,4,2,92.737704,3.460266
project-waterworth,Project Waterworth,4,3,94.316438,4.500453
project-waterworth,Project Waterworth,4,4,95.472248,5.742729
project-waterworth,Project Waterworth,4,5,97.425005,6.160632
project-waterworth,Project Waterworth,4,6,99.684769,5.863885
project-waterworth,Project Waterworth,4,7,100.409823,5.368394
project-waterworth,Project Waterworth,5,0,33.490097,-32.120589
project-waterworth,Project Waterworth,5,1,31.9801,-30.227192
project-waterworth,Project Waterworth,5,2,30.880392,-30.06621
qe-south,Q&E South,0,0,0.046278,50.792923
qe-south,Q&E South,0,1,1.150444,50.14654
qe-south,Q&E South,0,2,1.493433,50.179174
qe-north,Q&E North,0,0,1.449097,51.382587
qe-north,Q&E North,0,1,1.799259,51.160762
qe-north,Q&E North,0,2,2.483935,51.160762
qe-north,Q&E North,0,3,2.912772,51.231221
e2a,E2A,0,0,121.801448,24.863504
e2a,E2A,0,1,122.878274,25.925523
e2a,E2A,0,2,129.446371,28.381232
e2a,E2A,0,3,135.054652,28.818415
e2a,E2A,0,4,137.794501,29.487169
e2a,E2A,0,5,143.549973,32.815796
e2a,E2A,0,6,149.377425,35.09753
e2a,E2A,0,7,172.737111,41.930618
e2a,E2A,0,8,179.999927,41.93062
e2a,E2A,1,0,-179.999814,41.930618
e2a,E2A,1,1,-151.17708,41.930618
e2a,E2A,1,2,-138.88446,39.458369
e2a,E2A,1,3,-129.610675,35.731867
e2a,E2A,1,4,-122.849839,34.63069
e2a,E2A,1,5,-120.851604,35.344179
e2a,E2A,2,0,139.975467,35.005433
e2a,E2A,2,1,140.535376,34.735237
e2a,E2A,2,2,142.46336,32.882826
e2a,E2A,2,3,142.830662,32.406231
e2a,E2A,3,0,130.140021,33.594158
e2a,E2A,3,1,129.927521,34.234386
e2a,E2A,3,2,128.999493,35.170379
e2a,E2A,3,3,127.227594,31.04555
e2a,E2A,3,4,129.446371,28.381232
e2a,E2A,4,0,141.603199,42.650337
e2a,E2A,4,1,142.469899,41.238752
e2a,E2A,4,2,144.559116,40.046427
e2a,E2A,4,3,149.377425,35.09753
fibre-in-gulf-fig,Fibre in Gulf (FIG),0,0,47.97631,29.371633
fibre-in-gulf-fig,Fibre in Gulf (FIG),0,1,48.332071,29.57075
fibre-in-gulf-fig,Fibre in Gulf (FIG),0,2,48.53178,29.923633
fibre-in-gulf-fig,Fibre in Gulf (FIG),0,3,50.214262,27.106121
fibre-in-gulf-fig,Fibre in Gulf (FIG),0,4,51.739002,26.463743
fibre-in-gulf-fig,Fibre in Gulf (FIG),0,5,52.307752,26.127978
fibre-in-gulf-fig,Fibre in Gulf (FIG),0,6,53.552322,25.627343
fibre-in-gulf-fig,Fibre in Gulf (FIG),0,7,55.011461,25.756582
fibre-in-gulf-fig,Fibre in Gulf (FIG),0,8,56.279234,26.603516
fibre-in-gulf-fig,Fibre in Gulf (FIG),0,9,56.721841,26.510488
fibre-in-gulf-fig,Fibre in Gulf (FIG),0,10,57.181478,24.20231
fibre-in-gulf-fig,Fibre in Gulf (FIG),0,11,57.886053,23.678723
fibre-in-gulf-fig,Fibre in Gulf (FIG),1,0,53.552322,25.627343
fibre-in-gulf-fig,Fibre in Gulf (FIG),1,1,54.419076,24.443965
fibre-in-gulf-fig,Fibre in Gulf (FIG),2,0,51.463107,26.564815
fibre-in-gulf-fig,Fibre in Gulf (FIG),2,1,51.212749,26.146578
fibre-in-gulf-fig,Fibre in Gulf (FIG),3,0,50.850038,26.823646
fibre-in-gulf-fig,Fibre in Gulf (FIG),3,1,50.656188,26.258171
fibre-in-gulf-fig,Fibre in Gulf (FIG),4,0,50.512538,26.964305
fibre-in-gulf-fig,Fibre in Gulf (FIG),4,1,50.214199,26.285375
tanjung-pandan-sungai-kakap,Tanjung Pandan-Sungai Kakap,0,0,109.182227,-0.061391
tanjung-pandan-sungai-kakap,Tanjung Pandan-Sungai Kakap,0,1,108.827365,-0.061391
tanjung-pandan-sungai-kakap,Tanjung Pandan-Sungai Kakap,0,2,108.677829,-0.179556
tanjung-pandan-sungai-kakap,Tanjung Pandan-Sungai Kakap,0,3,107.959353,-1.227571
tanjung-pandan-sungai-kakap,Tanjung Pandan-Sungai Kakap,0,4,107.56616,-2.148726
tanjung-pandan-sungai-kakap,Tanjung Pandan-Sungai Kakap,0,5,107.530076,-2.495065
tanjung-pandan-sungai-kakap,Tanjung Pandan-Sungai Kakap,0,6,107.662888,-2.767443
groote-eylandt,Groote Eylandt,0,0,135.734353,-14.277518
groote-eylandt,Groote Eylandt,0,1,136.424978,-13.864553
sovetskaya-gavan-ilyinskoye,Sovetskaya Gavan-Ilyinskoye,0,0,140.281811,48.965235
sovetskaya-gavan-ilyinskoye,Sovetskaya Gavan-Ilyinskoye,0,1,142.201263,47.989427
tampnet-south,Tampnet South,0,0,6.786929,58.06444
tampnet-south,Tampnet South,0,1,6.207736,57.773701
tampnet-south,Tampnet South,0,2,3.784811,57.059998
tampnet-south,Tampnet South,0,3,2.700072,55.178596
tampnet-south,Tampnet South,0,4,2.176862,52.715217
tampnet-south,Tampnet South,0,5,1.729273,52.468823
tampnet-north,Tampnet North,0,0,-2.105149,57.154006
tampnet-north,Tampnet North,0,1,-1.019604,57.501568
tampnet-north,Tampnet North,0,2,2.543382,57.811693
tampnet-north,Tampnet North,0,3,2.812797,58.320873
tampnet-north,Tampnet North,0,4,4.015159,59.001817
tampnet-north,Tampnet North,0,5,5.45632,59.122323
tampnet-north,Tampnet North,0,6,5.52448,59.279268
tampnet-north,Tampnet North,1,0,3.784811,57.059998
tampnet-north,Tampnet North,1,1,2.543382,57.811693
tampnet-north,Tampnet North,2,0,4.015159,59.001817
tampnet-north,Tampnet North,2,1,4.010329,60.354289
tampnet-north,Tampnet North,2,2,4.554408,60.566746
tampnet-north,Tampnet North,2,3,4.83023,60.587338
sx-tasman-express-sx-tx,SX Tasman Express (SX-TX),0,0,151.257759,-33.913978
sx-tasman-express-sx-tx,SX Tasman Express (SX-TX),0,1,152.099966,-34.683867
sx-tasman-express-sx-tx,SX Tasman Express (SX-TX),0,2,159.320951,-36.856229
sx-tasman-express-sx-tx,SX Tasman Express (SX-TX),0,3,167.403178,-37.388042
sx-tasman-express-sx-tx,SX Tasman Express (SX-TX),0,4,174.623391,-36.787578
padang-tua-pejat,Padang-Tua Pejat,0,0,100.361687,-0.94389
padang-tua-pejat,Padang-Tua Pejat,0,1,99.588964,-2.028191
gc-lnz-fu-ring,GC-LNZ-FU Ring,0,0,-15.417373,27.994844
gc-lnz-fu-ring,GC-LNZ-FU Ring,0,1,-14.47092,27.661378
gc-lnz-fu-ring,GC-LNZ-FU Ring,0,2,-13.57732,28.388533
gc-lnz-fu-ring,GC-LNZ-FU Ring,1,0,-13.547572,28.959501
gc-lnz-fu-ring,GC-LNZ-FU Ring,1,1,-13.57732,28.388533
gc-lnz-fu-ring,GC-LNZ-FU Ring,1,2,-13.862221,28.496471
gc-lnz-fu-ring,GC-LNZ-FU Ring,2,0,-15.43971,28.128696
gc-lnz-fu-ring,GC-LNZ-FU Ring,2,1,-13.931986,28.811611
gc-lnz-fu-ring,GC-LNZ-FU Ring,3,0,-13.827316,28.863419
gc-lnz-fu-ring,GC-LNZ-FU Ring,3,1,-13.931986,28.811611
gc-lnz-fu-ring,GC-LNZ-FU Ring,3,2,-13.862208,28.715982
arctic-way,Arctic Way,0,0,15.642983,78.218112
arctic-way,Arctic Way,0,1,14.419565,78.15977
arctic-way,Arctic Way,0,2,13.47147,78.173887
arctic-way,Arctic Way,0,3,12.398622,78.053186
arctic-way,Arctic Way,0,4,7.014126,77.025324
arctic-way,Arctic Way,0,5,3.247651,70.55228
arctic-way,Arctic Way,0,6,-8.73435,70.909133
arctic-way,Arctic Way,1,0,3.247651,70.55228
arctic-way,Arctic Way,1,1,7.61718,66.901441
arctic-way,Arctic Way,1,2,10.990984,66.468432
arctic-way,Arctic Way,1,3,14.400064,67.285998
arctic-way,Arctic Way,1,4,15.392073,67.25992
thailand-domestic-submarine-cable-network-tdscn,Thailand Domestic Submarine Cable Network (TDSCN),0,0,100.924759,13.172387
thailand-domestic-submarine-cable-network-tdscn,Thailand Domestic Submarine Cable Network (TDSCN),0,1,99.953618,13.09397
thailand-domestic-submarine-cable-network-tdscn,Thailand Domestic Submarine Cable Network (TDSCN),0,2,100.185819,12.990582
thailand-domestic-submarine-cable-network-tdscn,Thailand Domestic Submarine Cable Network (TDSCN),0,3,99.947653,11.314651
thailand-domestic-submarine-cable-network-tdscn,Thailand Domestic Submarine Cable Network (TDSCN),0,4,99.533012,10.607658
thailand-domestic-submarine-cable-network-tdscn,Thailand Domestic Submarine Cable Network (TDSCN),0,5,99.178123,10.494497
thailand-domestic-submarine-cable-network-tdscn,Thailand Domestic Submarine Cable Network (TDSCN),0,6,99.533012,10.411935
thailand-domestic-submarine-cable-network-tdscn,Thailand Domestic Submarine Cable Network (TDSCN),0,7,100.030472,9.526935
thailand-domestic-submarine-cable-network-tdscn,Thailand Domestic Submarine Cable Network (TDSCN),0,8,100.239456,9.472915
thailand-domestic-submarine-cable-network-tdscn,Thailand Domestic Submarine Cable Network (TDSCN),0,9,100.680423,7.467213
thailand-domestic-submarine-cable-network-tdscn,Thailand Domestic Submarine Cable Network (TDSCN),0,10,100.595103,7.198818
cat-submarine-network-csn,CAT Submarine Network (CSN),0,0,100.930573,13.174371
cat-submarine-network-csn,CAT Submarine Network (CSN),0,1,100.809557,12.833421
cat-submarine-network-csn,CAT Submarine Network (CSN),0,2,100.659413,12.21372
cat-submarine-network-csn,CAT Submarine Network (CSN),0,3,100.580293,11.276355
cat-submarine-network-csn,CAT Submarine Network (CSN),0,4,101.588413,8.748764
cat-submarine-network-csn,CAT Submarine Network (CSN),0,5,101.239545,7.413818
cat-submarine-network-csn,CAT Submarine Network (CSN),0,6,100.595103,7.198818
orca,ORCA,0,0,179.999947,33.315154
orca,ORCA,0,1,172.799921,32.812338
orca,ORCA,0,2,149.399968,30.514496
orca,ORCA,0,3,137.249977,26.361086
orca,ORCA,0,4,132.74998,24.327803
orca,ORCA,0,5,128.699983,23.917101
orca,ORCA,0,6,125.774985,23.814221
orca,ORCA,0,7,123.074987,24.007055
orca,ORCA,0,8,121.801454,24.863576
orca,ORCA,1,0,-123.687,38.96962
orca,ORCA,1,1,-124.649837,38.651812
orca,ORCA,1,2,-129.599834,36.87322
orca,ORCA,1,3,-139.005209,37.327606
orca,ORCA,1,4,-151.199819,35.90725
orca,ORCA,1,5,-163.79981,34.435957
orca,ORCA,1,6,-179.999801,33.315154
orca,ORCA,2,0,-129.599834,36.87322
orca,ORCA,2,1,-122.399839,33.565491
orca,ORCA,2,2,-120.59984,33.518608
orca,ORCA,2,3,-118.395349,33.86404
cyclades-a,Cyclades A,0,0,24.939289,37.439463
cyclades-a,Cyclades A,0,1,25.012557,37.45843
cyclades-a,Cyclades A,0,2,25.237556,37.480752
cyclades-a,Cyclades A,0,3,25.328581,37.446882
cyclades-a,Cyclades A,1,0,24.939289,37.439463
cyclades-a,Cyclades A,1,1,25.012557,37.436101
cyclades-a,Cyclades A,1,2,25.238146,37.122233
cyclades-a,Cyclades A,2,0,24.053807,37.711083
cyclades-a,Cyclades A,2,1,24.112557,37.748097
cyclades-a,Cyclades A,2,2,24.337557,37.748097
cyclades-a,Cyclades A,2,3,24.787557,37.659089
cyclades-a,Cyclades A,2,4,24.939289,37.439463
cyclades-a,Cyclades A,2,5,24.984432,37.45843
cyclades-a,Cyclades A,2,6,25.019205,37.652322
cyclades-b,Cyclades B,0,0,25.328581,37.446882
cyclades-b,Cyclades B,0,1,25.293811,37.413766
cyclades-b,Cyclades B,0,2,25.406106,37.241558
cyclades-b,Cyclades B,0,3,25.349852,37.151942
cyclades-b,Cyclades B,0,4,25.375975,37.10184
cyclades-b,Cyclades B,1,0,25.238146,37.122233
cyclades-b,Cyclades B,1,1,25.293806,37.145221
cyclades-b,Cyclades B,1,2,25.375975,37.10184
lake-tanganyika,Lake Tanganyika,0,0,29.149937,-3.37768
lake-tanganyika,Lake Tanganyika,0,1,29.225054,-3.62898
lake-tanganyika,Lake Tanganyika,0,2,29.281303,-3.965738
lake-tanganyika,Lake Tanganyika,0,3,29.337553,-4.526692
lake-tanganyika,Lake Tanganyika,0,4,29.337553,-4.975144
lake-tanganyika,Lake Tanganyika,0,5,29.450053,-5.647242
lake-tanganyika,Lake Tanganyika,0,6,29.337553,-5.871106
lake-tanganyika,Lake Tanganyika,0,7,29.203626,-5.913415
lake-albert-1,Lake Albert 1,0,0,30.48106,1.439964
lake-albert-1,Lake Albert 1,0,1,30.663589,1.115024
lake-albert-2,Lake Albert 2,0,0,30.438399,1.393389
lake-albert-2,Lake Albert 2,0,1,30.648445,1.101604
celia,CELIA,0,0,-62.04685,17.063996
celia,CELIA,0,1,-61.987382,16.590029
celia,CELIA,0,2,-61.762382,15.452761
celia,CELIA,0,3,-61.649882,15.018579
celia,CELIA,0,4,-61.481132,14.801154
celia,CELIA,0,5,-60.988924,14.627643
celia,CELIA,1,0,-65.699879,19.316876
celia,CELIA,1,1,-66.091579,18.678647
celia,CELIA,1,2,-66.106669,18.46603
celia,CELIA,2,0,-67.499878,20.585819
celia,CELIA,2,1,-67.949878,18.678647
celia,CELIA,2,2,-68.287377,17.823934
celia,CELIA,2,3,-68.624877,15.235782
celia,CELIA,2,4,-69.299877,13.929304
celia,CELIA,2,5,-69.878694,12.414199
celia,CELIA,3,0,-80.088937,26.350505
celia,CELIA,3,1,-78.86237,26.86399
celia,CELIA,3,2,-77.849871,27.264712
celia,CELIA,3,3,-77.399871,27.164666
celia,CELIA,3,4,-76.837371,26.562513
celia,CELIA,3,5,-76.493672,26.116791
celia,CELIA,3,6,-76.240642,25.903094
celia,CELIA,3,7,-73.349874,24.122617
celia,CELIA,3,8,-70.199876,22.353886
celia,CELIA,3,9,-67.499878,20.585819
celia,CELIA,3,10,-65.699879,19.316876
celia,CELIA,3,11,-64.063348,19.182672
celia,CELIA,3,12,-62.549881,18.251816
celia,CELIA,3,13,-62.099882,17.395023
celia,CELIA,3,14,-62.04685,17.063996
celia,CELIA,3,15,-61.84685,17.01759
celia,CELIA,4,0,-69.441683,13.558989
celia,CELIA,4,1,-68.844443,12.823548
celia,CELIA,4,2,-68.892647,12.09044
celia,CELIA,4,3,-68.588397,12.339924
celia,CELIA,4,4,-68.265546,12.144349
awashima-murakami,Awashima-Murakami,0,0,139.252836,38.464633
awashima-murakami,Awashima-Murakami,0,1,139.337476,38.358355
awashima-murakami,Awashima-Murakami,0,2,139.391725,38.270085
awashima-murakami,Awashima-Murakami,0,3,139.475744,38.221916
awashima-murakami,Awashima-Murakami,1,0,139.252836,38.464633
awashima-murakami,Awashima-Murakami,1,1,139.279226,38.358355
awashima-murakami,Awashima-Murakami,1,2,139.333476,38.270085
awashima-murakami,Awashima-Murakami,1,3,139.475744,38.221916
tasman-ring-network,Tasman Ring Network,0,0,174.083333,-39.066667
tasman-ring-network,Tasman Ring Network,0,1,173.799951,-38.91515
tasman-ring-network,Tasman Ring Network,0,2,173.349951,-38.739867
tasman-ring-network,Tasman Ring Network,1,0,171.2,-42.466667
tasman-ring-network,Tasman Ring Network,1,1,171.224953,-41.454828
tasman-ring-network,Tasman Ring Network,1,2,173.349951,-38.739867
tasman-ring-network,Tasman Ring Network,1,3,173.699951,-37.04328
tasman-ring-network,Tasman Ring Network,2,0,149.399968,-38.992915
tasman-ring-network,Tasman Ring Network,2,1,164.999957,-45.795125
tasman-ring-network,Tasman Ring Network,2,2,166.324956,-46.332855
tasman-ring-network,Tasman Ring Network,2,3,167.674955,-46.48799
tasman-ring-network,Tasman Ring Network,2,4,168.3475,-46.413056
tasman-ring-network,Tasman Ring Network,3,0,144.967148,-37.817532
tasman-ring-network,Tasman Ring Network,3,1,144.859102,-38.258988
tasman-ring-network,Tasman Ring Network,3,2,144.804852,-38.523524
tasman-ring-network,Tasman Ring Network,3,3,145.349971,-39.254742
tasman-ring-network,Tasman Ring Network,3,4,146.249971,-39.861879
tasman-ring-network,Tasman Ring Network,3,5,149.399968,-38.992915
tasman-ring-network,Tasman Ring Network,3,6,150.724967,-37.942454
tasman-ring-network,Tasman Ring Network,3,7,151.798793,-34.826982
tasman-ring-network,Tasman Ring Network,3,8,151.20704,-33.869696
tasman-ring-network,Tasman Ring Network,4,0,151.798793,-34.826982
tasman-ring-network,Tasman Ring Network,4,1,159.299961,-37.222658
tasman-ring-network,Tasman Ring Network,4,2,167.399956,-37.758236
tasman-ring-network,Tasman Ring Network,4,3,173.699951,-37.04328
tasman-ring-network,Tasman Ring Network,4,4,174.77046,-36.884181
okinawa-miyakojima-ishigaki,Okinawa-Miyakojima-Ishigaki,0,0,124.245091,24.388366
okinawa-miyakojima-ishigaki,Okinawa-Miyakojima-Ishigaki,0,1,124.649986,24.327803
okinawa-miyakojima-ishigaki,Okinawa-Miyakojima-Ishigaki,0,2,125.099986,24.417475
okinawa-miyakojima-ishigaki,Okinawa-Miyakojima-Ishigaki,0,3,125.387333,24.751502
okinawa-miyakojima-ishigaki,Okinawa-Miyakojima-Ishigaki,0,4,125.999985,24.915858
okinawa-miyakojima-ishigaki,Okinawa-Miyakojima-Ishigaki,0,5,127.237484,25.653337
okinawa-miyakojima-ishigaki,Okinawa-Miyakojima-Ishigaki,0,6,127.728592,26.134756
mishima-village,Mishima Village,0,0,129.934414,30.83246
mishima-village,Mishima Village,0,1,130.298329,30.792985
mishima-village,Mishima Village,0,2,130.426615,30.810225
mishima-village,Mishima Village,1,0,129.934414,30.83246
mishima-village,Mishima Village,1,1,130.049982,30.985825
mishima-village,Mishima Village,1,2,130.162482,31.082222
mishima-village,Mishima Village,1,3,130.293872,31.280295
mishima-village,Mishima Village,1,4,130.274982,31.082222
mishima-village,Mishima Village,1,5,130.441732,30.889329
mishima-village,Mishima Village,1,6,130.426615,30.810225
talaylink,TalayLink,0,0,115.74022,-32.537021
talaylink,TalayLink,0,1,113.849994,-32.042387
talaylink,TalayLink,1,0,105.657514,-10.431873
talaylink,TalayLink,1,1,105.413614,-10.565784
talaylink,TalayLink,2,0,100.066113,6.613519
talaylink,TalayLink,2,1,96.092145,5.725803
talaylink,TalayLink,2,2,95.500212,5.708127
talaylink,TalayLink,2,3,94.391217,4.305217
talaylink,TalayLink,2,4,94.49888,3.367669
talaylink,TalayLink,2,5,99.975326,-4.151796
talaylink,TalayLink,2,6,101.905292,-5.681555
talaylink,TalayLink,2,7,102.590947,-7.138191
talaylink,TalayLink,2,8,105.413614,-10.565784
talaylink,TalayLink,2,9,105.947999,-15.265358
talaylink,TalayLink,2,10,107.920554,-20.433922
talaylink,TalayLink,2,11,110.465816,-27.313982
talaylink,TalayLink,2,12,112.859174,-30.672956
talaylink,TalayLink,2,13,113.849994,-32.042387
talaylink,TalayLink,2,14,113.603211,-33.061829
talaylink,TalayLink,2,15,113.603211,-34.6113
talaylink,TalayLink,2,16,115.44677,-36.280838
talaylink,TalayLink,2,17,119.550185,-36.442054
talaylink,TalayLink,2,18,127.092562,-37.459231
talaylink,TalayLink,2,19,134.850858,-38.10639
talaylink,TalayLink,2,20,140.399975,-39.167574
talaylink,TalayLink,2,21,142.199974,-39.515594
talaylink,TalayLink,2,22,143.999972,-39.515594
talaylink,TalayLink,2,23,144.579852,-38.523524
talaylink,TalayLink,2,24,144.750602,-38.258988
talaylink,TalayLink,2,25,144.967148,-37.817532
bosun,Bosun,0,0,105.673513,-10.431872
bosun,Bosun,0,1,106.999998,-10.472599
bosun,Bosun,0,2,114.999993,-11.111099
bosun,Bosun,0,3,120.999989,-11.111099
bosun,Bosun,0,4,126.449985,-11.331797
bosun,Bosun,0,5,127.349984,-11.331797
bosun,Bosun,0,6,129.037483,-11.613552
bosun,Bosun,0,7,129.206233,-11.668694
bosun,Bosun,0,8,129.937582,-11.888907
bosun,Bosun,0,9,130.500007,-11.999108
bosun,Bosun,0,10,130.843155,-12.4675
finland-estonia-connection-1-fec-1,Finland Estonia Connection 1 (FEC-1),0,0,24.752469,59.436369
finland-estonia-connection-1-fec-1,Finland Estonia Connection 1 (FEC-1),0,1,24.975057,59.679664
finland-estonia-connection-1-fec-1,Finland Estonia Connection 1 (FEC-1),0,2,25.087556,59.962432
finland-estonia-connection-1-fec-1,Finland Estonia Connection 1 (FEC-1),0,3,24.932563,60.1712
eagle,EAGLE,0,0,19.376194,40.786713
eagle,EAGLE,0,1,19.137532,40.654657
eagle,EAGLE,0,2,19.070811,40.38732
eagle,EAGLE,0,3,18.843811,40.043692
eagle,EAGLE,0,4,19.070261,39.48475
eagle,EAGLE,0,5,19.57506,37.678878
eagle,EAGLE,0,6,22.050059,35.266837
eagle,EAGLE,0,7,23.400058,34.898593
eagle,EAGLE,0,8,25.200056,34.405023
eagle,EAGLE,0,9,25.493853,34.265678
eagle,EAGLE,0,10,28.280786,32.392696
eagle,EAGLE,0,11,29.220634,31.544507
eagle,EAGLE,0,12,29.672353,31.047642
eagle,EAGLE,1,0,18.843811,40.043692
eagle,EAGLE,1,1,18.598206,40.351516
eagle,EAGLE,1,2,18.405157,40.409232
eagle,EAGLE,1,3,18.175016,40.351516
e-finest,E-FINEST,0,0,24.65578,60.20678
e-finest,E-FINEST,0,1,24.637557,59.962432
e-finest,E-FINEST,0,2,24.637557,59.679664
e-finest,E-FINEST,0,3,24.752469,59.436369
finland-estonia-connection-2-fec-2,Finland Estonia Connection 2 (FEC-2),0,0,24.752469,59.436369
finland-estonia-connection-2-fec-2,Finland Estonia Connection 2 (FEC-2),0,1,24.862557,59.679664
finland-estonia-connection-2-fec-2,Finland Estonia Connection 2 (FEC-2),0,2,24.975057,59.962432
finland-estonia-connection-2-fec-2,Finland Estonia Connection 2 (FEC-2),0,3,24.932563,60.1712
sealink-south,SEALink South,0,0,-132.829514,56.015202
sealink-south,SEALink South,0,1,-132.613503,55.947483
sealink-south,SEALink South,0,2,-132.507743,55.892664
sealink-south,SEALink South,0,3,-132.371607,55.797653
sealink-south,SEALink South,0,4,-132.304127,55.633778
sealink-south,SEALink South,0,5,-132.161747,55.526742
sealink-south,SEALink South,0,6,-131.975513,55.420221
sealink-south,SEALink South,1,0,-133.021931,55.513846
sealink-south,SEALink South,1,1,-132.706763,55.420221
sealink-south,SEALink South,1,2,-132.538016,55.388283
sealink-south,SEALink South,1,3,-132.369263,55.356319
sealink-south,SEALink South,1,4,-132.200511,55.420221
sealink-south,SEALink South,1,5,-131.975513,55.420221
sealink-south,SEALink South,1,6,-131.881574,55.434271
sealink-south,SEALink South,1,7,-131.660474,55.343014
isle-au-haut-cable,Isle Au Haut Cable,0,0,-68.666873,44.156332
isle-au-haut-cable,Isle Au Haut Cable,0,1,-68.624973,44.051497
hokkaido-rebun-rishiri,Hokkaido-Rebun-Rishiri,0,0,141.047062,45.300499
hokkaido-rebun-rishiri,Hokkaido-Rebun-Rishiri,0,1,141.219474,45.245036
hokkaido-rebun-rishiri,Hokkaido-Rebun-Rishiri,0,2,141.698154,45.394015
okinawa-remote-islands,Okinawa Remote Islands,0,0,127.228998,26.587227
okinawa-remote-islands,Okinawa Remote Islands,0,1,127.743764,26.402045
okinawa-remote-islands,Okinawa Remote Islands,1,0,127.292292,26.230969
okinawa-remote-islands,Okinawa Remote Islands,1,1,127.363526,26.196836
okinawa-remote-islands,Okinawa Remote Islands,2,0,126.775346,26.353132
okinawa-remote-islands,Okinawa Remote Islands,2,1,126.787484,26.461844
okinawa-remote-islands,Okinawa Remote Islands,2,2,127.228998,26.587227
okinawa-remote-islands,Okinawa Remote Islands,3,0,122.990774,24.457215
okinawa-remote-islands,Okinawa Remote Islands,3,1,123.749987,24.737178
okinawa-remote-islands,Okinawa Remote Islands,3,2,124.700265,24.6687
okinawa-remote-islands,Okinawa Remote Islands,3,3,125.268735,25.551883
okinawa-remote-islands,Okinawa Remote Islands,3,4,126.33106,25.853236
okinawa-remote-islands,Okinawa Remote Islands,3,5,127.237484,25.95718
okinawa-remote-islands,Okinawa Remote Islands,3,6,127.688101,26.114887
okinawa-remote-islands,Okinawa Remote Islands,4,0,122.990774,24.457215
okinawa-remote-islands,Okinawa Remote Islands,4,1,123.337487,24.27084
okinawa-remote-islands,Okinawa Remote Islands,4,2,123.778444,24.060019
minamidaito-island,Minamidaito Island,0,0,127.688101,26.114887
minamidaito-island,Minamidaito Island,0,1,128.024984,26.005947
minamidaito-island,Minamidaito Island,0,2,130.274982,25.704031
minamidaito-island,Minamidaito Island,0,3,131.242552,25.842984
kitadaito-island,Kitadaito Island,0,0,127.728592,26.134756
kitadaito-island,Kitadaito Island,0,1,128.024984,26.058288
kitadaito-island,Kitadaito Island,0,2,130.274982,25.855985
kitadaito-island,Kitadaito Island,0,3,131.304977,25.945849
daito-loop,Daito Loop,0,0,131.242552,25.842984
daito-loop,Daito Loop,0,1,131.304977,25.945849
vaka,VAKA,0,0,173.699965,-13.698987
vaka,VAKA,0,1,178.324948,-9.586362
vaka,VAKA,0,2,179.198825,-8.520205
konstanz-friedrichshafen,Konstanz-Friedrichshafen,0,0,9.173238,47.67795
konstanz-friedrichshafen,Konstanz-Friedrichshafen,0,1,9.480011,47.661765
konstanz-meersburg,Konstanz-Meersburg,0,0,9.173238,47.67795
konstanz-meersburg,Konstanz-Meersburg,0,1,9.273072,47.696872
muroran-hachinohe,Muroran-Hachinohe,0,0,140.9814,42.369091
muroran-hachinohe,Muroran-Hachinohe,0,1,141.524974,41.85618
muroran-hachinohe,Muroran-Hachinohe,0,2,141.749974,41.238752
muroran-hachinohe,Muroran-Hachinohe,0,3,141.500504,40.476711
emc-west-1,EMC West-1,0,0,22.950058,35.785662
emc-west-1,EMC West-1,0,1,23.512558,36.240655
emc-west-1,EMC West-1,0,2,23.736254,37.976093
emc-west-1,EMC West-1,1,0,24.862557,34.890904
emc-west-1,EMC West-1,1,1,25.200056,34.752371
emc-west-1,EMC West-1,1,2,31.050052,33.377806
emc-west-1,EMC West-1,1,3,33.75005,32.623017
emc-west-1,EMC West-1,1,4,34.871971,32.343948
emc-west-1,EMC West-1,1,5,34.76255,31.510798
emc-west-1,EMC West-1,1,6,35.164795,31.047642
emc-west-1,EMC West-1,1,7,35.164795,29.750722
emc-west-1,EMC West-1,1,8,34.952208,29.283852
emc-west-1,EMC West-1,2,0,8.9389,44.410339
emc-west-1,EMC West-1,2,1,9.450068,44.051519
emc-west-1,EMC West-1,2,2,9.787567,43.401145
emc-west-1,EMC West-1,2,3,10.237567,42.412355
emc-west-1,EMC West-1,2,4,10.800067,41.520132
emc-west-1,EMC West-1,2,5,11.925066,39.698323
emc-west-1,EMC West-1,2,6,11.925066,37.85674
emc-west-1,EMC West-1,2,7,12.487565,37.232354
emc-west-1,EMC West-1,2,8,13.893814,35.967974
emc-west-1,EMC West-1,2,9,14.400064,35.557182
emc-west-1,EMC West-1,2,10,16.650062,35.602613
emc-west-1,EMC West-1,2,11,19.350061,35.967658
emc-west-1,EMC West-1,2,12,22.050059,35.816076
emc-west-1,EMC West-1,2,13,22.950058,35.785662
emc-west-1,EMC West-1,2,14,23.400058,35.266837
emc-west-1,EMC West-1,2,15,24.862557,34.890904
emc-west-1,EMC West-1,2,16,24.768278,35.071408
emc-west-1,EMC West-1,3,0,34.871971,32.343948
emc-west-1,EMC West-1,3,1,34.8188,31.510798
emc-west-1,EMC West-1,3,2,35.062588,31.017104
emc-west-1,EMC West-1,3,3,35.126807,29.757766
emc-west-1,EMC West-1,3,4,34.952208,29.283852
emc-west-2,EMC West-2,0,0,24.768278,35.071408
emc-west-2,EMC West-2,0,1,24.412557,34.72926
emc-west-2,EMC West-2,1,0,5.372507,43.293579
emc-west-2,EMC West-2,1,1,6.41257,41.744359
emc-west-2,EMC West-2,1,2,7.987569,38.651812
emc-west-2,EMC West-2,1,3,9.000068,38.475881
emc-west-2,EMC West-2,1,4,10.348617,38.475881
emc-west-2,EMC West-2,1,5,11.812566,37.85674
emc-west-2,EMC West-2,1,6,12.375065,37.232354
emc-west-2,EMC West-2,1,7,13.781314,35.967974
emc-west-2,EMC West-2,1,8,14.400064,35.465607
emc-west-2,EMC West-2,1,9,16.650062,35.419781
emc-west-2,EMC West-2,1,10,19.350061,35.785662
emc-west-2,EMC West-2,1,11,22.050059,35.404499
emc-west-2,EMC West-2,1,12,23.400058,34.99081
emc-west-2,EMC West-2,1,13,24.412557,34.72926
emc-west-2,EMC West-2,1,14,25.200056,34.474609
emc-west-2,EMC West-2,1,15,31.050052,33.001219
emc-west-2,EMC West-2,1,16,33.75005,32.24321
emc-west-2,EMC West-2,1,17,34.556011,31.66951
emc-west-2,EMC West-2,1,18,34.968404,31.002358
emc-west-2,EMC West-2,1,19,35.094077,29.79131
emc-west-2,EMC West-2,1,20,34.952208,29.283852
emc-west-2,EMC West-2,2,0,34.556011,31.66951
emc-west-2,EMC West-2,2,1,34.886866,30.968861
emc-west-2,EMC West-2,2,2,35.039991,29.821082
emc-west-2,EMC West-2,2,3,34.952208,29.283852
asia-connect-cable-1-acc-1,Asia Connect Cable-1 (ACC-1),0,0,-179.999798,19.952623
asia-connect-cable-1-acc-1,Asia Connect Cable-1 (ACC-1),0,1,-172.799803,21.635297
asia-connect-cable-1-acc-1,Asia Connect Cable-1 (ACC-1),0,2,-163.79981,21.635297
asia-connect-cable-1-acc-1,Asia Connect Cable-1 (ACC-1),0,3,-161.440564,22.469373
asia-connect-cable-1-acc-1,Asia Connect Cable-1 (ACC-1),0,4,-152.999817,26.964305
asia-connect-cable-1-acc-1,Asia Connect Cable-1 (ACC-1),0,5,-147.603098,29.738014
asia-connect-cable-1-acc-1,Asia Connect Cable-1 (ACC-1),0,6,-138.603105,31.288653
asia-connect-cable-1-acc-1,Asia Connect Cable-1 (ACC-1),0,7,-127.799835,33.189715
asia-connect-cable-1-acc-1,Asia Connect Cable-1 (ACC-1),0,8,-122.399839,33.377806
asia-connect-cable-1-acc-1,Asia Connect Cable-1 (ACC-1),0,9,-120.59984,33.377806
asia-connect-cable-1-acc-1,Asia Connect Cable-1 (ACC-1),0,10,-118.799842,33.892961
asia-connect-cable-1-acc-1,Asia Connect Cable-1 (ACC-1),0,11,-118.399453,33.862475
asia-connect-cable-1-acc-1,Asia Connect Cable-1 (ACC-1),1,0,179.999927,19.952623
asia-connect-cable-1-acc-1,Asia Connect Cable-1 (ACC-1),1,1,151.199967,16.102326
asia-connect-cable-1-acc-1,Asia Connect Cable-1 (ACC-1),1,2,146.249971,14.256645
asia-connect-cable-1-acc-1,Asia Connect Cable-1 (ACC-1),1,3,145.349971,13.601498
asia-connect-cable-1-acc-1,Asia Connect Cable-1 (ACC-1),1,4,144.899972,13.382708
asia-connect-cable-1-acc-1,Asia Connect Cable-1 (ACC-1),1,5,144.776752,13.490038
asia-connect-cable-1-acc-1,Asia Connect Cable-1 (ACC-1),1,6,143.999972,12.834869
asia-connect-cable-1-acc-1,Asia Connect Cable-1 (ACC-1),1,7,137.249977,9.967915
asia-connect-cable-1-acc-1,Asia Connect Cable-1 (ACC-1),1,8,133.19998,8.190543
asia-connect-cable-1-acc-1,Asia Connect Cable-1 (ACC-1),1,9,128.249983,5.061987
asia-connect-cable-1-acc-1,Asia Connect Cable-1 (ACC-1),1,10,126.899984,2.068138
asia-connect-cable-1-acc-1,Asia Connect Cable-1 (ACC-1),1,11,126.449985,0.118588
asia-connect-cable-1-acc-1,Asia Connect Cable-1 (ACC-1),1,12,126.449985,-1.231316
asia-connect-cable-1-acc-1,Asia Connect Cable-1 (ACC-1),1,13,126.574495,-1.751747
asia-connect-cable-1-acc-1,Asia Connect Cable-1 (ACC-1),1,14,127.237484,-2.580537
asia-connect-cable-1-acc-1,Asia Connect Cable-1 (ACC-1),1,15,127.462484,-3.254657
asia-connect-cable-1-acc-1,Asia Connect Cable-1 (ACC-1),1,16,127.799984,-4.676208
asia-connect-cable-1-acc-1,Asia Connect Cable-1 (ACC-1),1,17,127.799984,-6.467628
asia-connect-cable-1-acc-1,Asia Connect Cable-1 (ACC-1),1,18,127.462484,-8.252721
asia-connect-cable-1-acc-1,Asia Connect Cable-1 (ACC-1),1,19,127.799984,-9.586362
asia-connect-cable-1-acc-1,Asia Connect Cable-1 (ACC-1),1,20,128.924983,-10.620065
asia-connect-cable-1-acc-1,Asia Connect Cable-1 (ACC-1),1,21,129.937582,-12.108991
asia-connect-cable-1-acc-1,Asia Connect Cable-1 (ACC-1),1,22,130.500007,-12.219087
asia-connect-cable-1-acc-1,Asia Connect Cable-1 (ACC-1),1,23,130.843142,-12.467474
asia-connect-cable-1-acc-1,Asia Connect Cable-1 (ACC-1),2,0,127.799984,-4.676208
asia-connect-cable-1-acc-1,Asia Connect Cable-1 (ACC-1),2,1,123.749987,-6.914561
asia-connect-cable-1-acc-1,Asia Connect Cable-1 (ACC-1),2,2,120.149989,-6.914561
asia-connect-cable-1-acc-1,Asia Connect Cable-1 (ACC-1),2,3,117.379919,-5.945707
asia-connect-cable-1-acc-1,Asia Connect Cable-1 (ACC-1),2,4,116.583102,-5.525204
asia-connect-cable-1-acc-1,Asia Connect Cable-1 (ACC-1),2,5,114.469706,-5.721873
asia-connect-cable-1-acc-1,Asia Connect Cable-1 (ACC-1),2,6,112.049995,-4.825692
asia-connect-cable-1-acc-1,Asia Connect Cable-1 (ACC-1),2,7,109.349997,-3.479269
asia-connect-cable-1-acc-1,Asia Connect Cable-1 (ACC-1),2,8,107.774998,-3.778667
asia-connect-cable-1-acc-1,Asia Connect Cable-1 (ACC-1),2,9,106.987498,-3.029996
asia-connect-cable-1-acc-1,Asia Connect Cable-1 (ACC-1),2,10,106.874999,-2.130918
asia-connect-cable-1-acc-1,Asia Connect Cable-1 (ACC-1),2,11,106.424999,-0.331409
asia-connect-cable-1-acc-1,Asia Connect Cable-1 (ACC-1),2,12,105.3,0.793563
asia-connect-cable-1-acc-1,Asia Connect Cable-1 (ACC-1),2,13,104.85,0.90605
asia-connect-cable-1-acc-1,Asia Connect Cable-1 (ACC-1),2,14,104.625,1.074775
asia-connect-cable-1-acc-1,Asia Connect Cable-1 (ACC-1),2,15,104.335058,1.091077
asia-connect-cable-1-acc-1,Asia Connect Cable-1 (ACC-1),2,16,103.853107,1.293878
asia-connect-cable-1-acc-1,Asia Connect Cable-1 (ACC-1),3,0,104.335058,1.091077
asia-connect-cable-1-acc-1,Asia Connect Cable-1 (ACC-1),3,1,104.11006,1.091077
asia-connect-cable-1-acc-1,Asia Connect Cable-1 (ACC-1),3,2,104.016637,1.066798
asia-connect-cable-1-acc-1,Asia Connect Cable-1 (ACC-1),4,0,126.899984,2.068138
asia-connect-cable-1-acc-1,Asia Connect Cable-1 (ACC-1),4,1,125.999985,2.143087
asia-connect-cable-1-acc-1,Asia Connect Cable-1 (ACC-1),4,2,124.874986,1.805788
asia-connect-cable-1-acc-1,Asia Connect Cable-1 (ACC-1),4,3,124.839636,1.490779
asia-connect-cable-1-acc-1,Asia Connect Cable-1 (ACC-1),5,0,123.749987,-6.914561
asia-connect-cable-1-acc-1,Asia Connect Cable-1 (ACC-1),5,1,125.324985,-7.955717
asia-connect-cable-1-acc-1,Asia Connect Cable-1 (ACC-1),5,2,125.580715,-8.57069
asia-connect-cable-1-acc-1,Asia Connect Cable-1 (ACC-1),6,0,117.379919,-5.945707
asia-connect-cable-1-acc-1,Asia Connect Cable-1 (ACC-1),6,1,118.79999,-5.273944
asia-connect-cable-1-acc-1,Asia Connect Cable-1 (ACC-1),6,2,119.41239,-5.15218
asia-connect-cable-1-acc-1,Asia Connect Cable-1 (ACC-1),7,0,107.774998,-3.778667
asia-connect-cable-1-acc-1,Asia Connect Cable-1 (ACC-1),7,1,107.774998,-4.601454
asia-connect-cable-1-acc-1,Asia Connect Cable-1 (ACC-1),7,2,107.324998,-5.273944
asia-connect-cable-1-acc-1,Asia Connect Cable-1 (ACC-1),7,3,106.827829,-6.171876
asia-connect-cable-1-acc-1,Asia Connect Cable-1 (ACC-1),8,0,128.249983,5.061987
asia-connect-cable-1-acc-1,Asia Connect Cable-1 (ACC-1),8,1,126.337485,5.957819
asia-connect-cable-1-acc-1,Asia Connect Cable-1 (ACC-1),8,2,125.612876,7.079989
norte-conectado-infovia-00,Norte Conectado (Infovia 00),0,0,-54.736039,-1.944987
norte-conectado-infovia-00,Norte Conectado (Infovia 00),0,1,-54.656137,-2.249582
norte-conectado-infovia-00,Norte Conectado (Infovia 00),0,2,-54.700923,-2.450629
norte-conectado-infovia-00,Norte Conectado (Infovia 00),0,3,-54.093637,-2.36199
norte-conectado-infovia-00,Norte Conectado (Infovia 00),0,4,-54.074541,-2.000473
norte-conectado-infovia-00,Norte Conectado (Infovia 00),0,5,-53.868638,-1.912305
norte-conectado-infovia-00,Norte Conectado (Infovia 00),0,6,-53.306138,-1.856085
norte-conectado-infovia-00,Norte Conectado (Infovia 00),0,7,-52.968638,-1.63119
norte-conectado-infovia-00,Norte Conectado (Infovia 00),0,8,-52.577758,-1.528422
norte-conectado-infovia-00,Norte Conectado (Infovia 00),0,9,-52.293639,-1.462502
norte-conectado-infovia-00,Norte Conectado (Infovia 00),0,10,-52.012389,-1.462502
norte-conectado-infovia-00,Norte Conectado (Infovia 00),0,11,-51.899889,-1.237564
norte-conectado-infovia-00,Norte Conectado (Infovia 00),0,12,-51.731139,-1.068849
norte-conectado-infovia-00,Norte Conectado (Infovia 00),0,13,-51.674889,-0.84388
norte-conectado-infovia-00,Norte Conectado (Infovia 00),0,14,-51.562389,-0.618899
norte-conectado-infovia-00,Norte Conectado (Infovia 00),0,15,-51.337389,-0.506404
norte-conectado-infovia-00,Norte Conectado (Infovia 00),0,16,-51.11239,-0.28141
norte-conectado-infovia-00,Norte Conectado (Infovia 00),0,17,-51.065714,0.034535
norte-conectado-infovia-01,Norte Conectado (Infovia 01),0,0,-60.020649,-3.123896
norte-conectado-infovia-01,Norte Conectado (Infovia 01),0,1,-59.662383,-3.092407
norte-conectado-infovia-01,Norte Conectado (Infovia 01),0,2,-59.324884,-3.204737
norte-conectado-infovia-01,Norte Conectado (Infovia 01),0,3,-59.131661,-3.58033
norte-conectado-infovia-01,Norte Conectado (Infovia 01),0,4,-58.762384,-3.42936
norte-conectado-infovia-01,Norte Conectado (Infovia 01),0,5,-58.439949,-3.136558
norte-conectado-infovia-01,Norte Conectado (Infovia 01),0,6,-58.154745,-3.129204
norte-conectado-infovia-01,Norte Conectado (Infovia 01),0,7,-58.087385,-2.867711
norte-conectado-infovia-01,Norte Conectado (Infovia 01),0,8,-57.749885,-2.755347
norte-conectado-infovia-01,Norte Conectado (Infovia 01),0,9,-57.524885,-2.418191
norte-conectado-infovia-01,Norte Conectado (Infovia 01),0,10,-57.187385,-2.530586
norte-conectado-infovia-01,Norte Conectado (Infovia 01),0,11,-56.737204,-2.633794
norte-conectado-infovia-01,Norte Conectado (Infovia 01),0,12,-56.512386,-2.47439
norte-conectado-infovia-01,Norte Conectado (Infovia 01),0,13,-56.489335,-2.102144
norte-conectado-infovia-01,Norte Conectado (Infovia 01),0,14,-56.095218,-2.161544
norte-conectado-infovia-01,Norte Conectado (Infovia 01),0,15,-55.867476,-1.762428
norte-conectado-infovia-01,Norte Conectado (Infovia 01),0,16,-55.516231,-1.913198
norte-conectado-infovia-01,Norte Conectado (Infovia 01),0,17,-55.120106,-1.890297
norte-conectado-infovia-01,Norte Conectado (Infovia 01),0,18,-54.712387,-2.249582
norte-conectado-infovia-01,Norte Conectado (Infovia 01),0,19,-54.700923,-2.450629
norte-conectado-infovia-02,Norte Conectado (Infovia 02),0,0,-70.193194,-4.36637
norte-conectado-infovia-02,Norte Conectado (Infovia 02),0,1,-70.02878,-4.379887
norte-conectado-infovia-02,Norte Conectado (Infovia 02),0,2,-69.938496,-4.231297
norte-conectado-infovia-02,Norte Conectado (Infovia 02),0,3,-69.745304,-4.33726
norte-conectado-infovia-02,Norte Conectado (Infovia 02),0,4,-69.407793,-4.168975
norte-conectado-infovia-02,Norte Conectado (Infovia 02),0,5,-69.52181,-4.037852
norte-conectado-infovia-02,Norte Conectado (Infovia 02),0,6,-69.407793,-3.720042
norte-conectado-infovia-02,Norte Conectado (Infovia 02),0,7,-69.295301,-3.495489
norte-conectado-infovia-02,Norte Conectado (Infovia 02),0,8,-68.952523,-3.465503
norte-conectado-infovia-02,Norte Conectado (Infovia 02),0,9,-68.62032,-3.327036
norte-conectado-infovia-02,Norte Conectado (Infovia 02),0,10,-68.197215,-3.362086
norte-conectado-infovia-02,Norte Conectado (Infovia 02),0,11,-67.945341,-3.327036
norte-conectado-infovia-02,Norte Conectado (Infovia 02),0,12,-67.945341,-3.102394
norte-conectado-infovia-02,Norte Conectado (Infovia 02),0,13,-67.775368,-2.861726
norte-conectado-infovia-02,Norte Conectado (Infovia 02),0,14,-67.462378,-2.742861
norte-conectado-infovia-02,Norte Conectado (Infovia 02),0,15,-67.349878,-2.630485
norte-conectado-infovia-02,Norte Conectado (Infovia 02),0,16,-67.124878,-2.630485
norte-conectado-infovia-02,Norte Conectado (Infovia 02),0,17,-66.771574,-2.75061
norte-conectado-infovia-02,Norte Conectado (Infovia 02),0,18,-66.562379,-2.630485
norte-conectado-infovia-02,Norte Conectado (Infovia 02),0,19,-66.562379,-2.405703
norte-conectado-infovia-02,Norte Conectado (Infovia 02),0,20,-66.337379,-2.574293
norte-conectado-infovia-02,Norte Conectado (Infovia 02),0,21,-66.095307,-2.515186
norte-conectado-infovia-02,Norte Conectado (Infovia 02),0,22,-65.662379,-2.630485
norte-conectado-infovia-02,Norte Conectado (Infovia 02),0,23,-65.324879,-2.742861
norte-conectado-infovia-02,Norte Conectado (Infovia 02),0,24,-65.160041,-2.982673
norte-conectado-infovia-02,Norte Conectado (Infovia 02),0,25,-64.81207,-3.214552
norte-conectado-infovia-02,Norte Conectado (Infovia 02),0,26,-64.718982,-3.352163
norte-conectado-infovia-03,Norte Conectado (Infovia 03),0,0,-51.065714,0.034535
norte-conectado-infovia-03,Norte Conectado (Infovia 03),0,1,-51.05614,-0.28141
norte-conectado-infovia-03,Norte Conectado (Infovia 03),0,2,-50.94364,-0.393908
norte-conectado-infovia-03,Norte Conectado (Infovia 03),0,3,-50.71864,-0.28141
norte-conectado-infovia-03,Norte Conectado (Infovia 03),0,4,-50.388307,-0.157128
norte-conectado-infovia-03,Norte Conectado (Infovia 03),0,5,-50.71864,-0.337659
norte-conectado-infovia-03,Norte Conectado (Infovia 03),0,6,-50.77489,-0.506404
norte-conectado-infovia-03,Norte Conectado (Infovia 03),0,7,-50.83114,-0.731391
norte-conectado-infovia-03,Norte Conectado (Infovia 03),0,8,-50.77489,-1.068849
norte-conectado-infovia-03,Norte Conectado (Infovia 03),0,9,-50.77489,-1.406269
norte-conectado-infovia-03,Norte Conectado (Infovia 03),0,10,-50.66239,-1.63119
norte-conectado-infovia-03,Norte Conectado (Infovia 03),0,11,-50.48198,-1.683596
norte-conectado-infovia-03,Norte Conectado (Infovia 03),0,12,-50.209093,-1.898843
norte-conectado-infovia-03,Norte Conectado (Infovia 03),0,13,-49.798021,-1.81216
norte-conectado-infovia-03,Norte Conectado (Infovia 03),0,14,-49.52888,-1.717382
norte-conectado-infovia-03,Norte Conectado (Infovia 03),0,15,-48.869822,-1.392058
norte-conectado-infovia-03,Norte Conectado (Infovia 03),0,16,-48.510443,-1.458589
norte-conectado-infovia-04,Norte Conectado (Infovia 04),0,0,-61.635057,-1.458572
norte-conectado-infovia-04,Norte Conectado (Infovia 04),0,1,-61.900132,-1.162311
norte-conectado-infovia-04,Norte Conectado (Infovia 04),0,2,-61.78765,-0.508039
norte-conectado-infovia-04,Norte Conectado (Infovia 04),0,3,-61.787632,0.075109
norte-conectado-infovia-04,Norte Conectado (Infovia 04),0,4,-61.675132,0.525101
norte-conectado-infovia-04,Norte Conectado (Infovia 04),0,5,-61.450132,0.862575
norte-conectado-infovia-04,Norte Conectado (Infovia 04),0,6,-61.131264,1.823915
norte-conectado-infovia-04,Norte Conectado (Infovia 04),0,7,-61.000133,2.099637
norte-conectado-infovia-04,Norte Conectado (Infovia 04),0,8,-60.887633,2.324469
norte-conectado-infovia-04,Norte Conectado (Infovia 04),0,9,-60.675833,2.82351
projeto-amaznia-conectada-pac-01,Projeto Amazônia Conectada (PAC 01),0,0,-64.718982,-3.352163
projeto-amaznia-conectada-pac-01,Projeto Amazônia Conectada (PAC 01),0,1,-64.49988,-3.485507
projeto-amaznia-conectada-pac-01,Projeto Amazônia Conectada (PAC 01),0,2,-64.04988,-3.710063
projeto-amaznia-conectada-pac-01,Projeto Amazônia Conectada (PAC 01),0,3,-63.599881,-3.82232
projeto-amaznia-conectada-pac-01,Projeto Amazônia Conectada (PAC 01),0,4,-63.147692,-4.091942
projeto-amaznia-conectada-pac-01,Projeto Amazônia Conectada (PAC 01),0,5,-62.362382,-3.710063
projeto-amaznia-conectada-pac-01,Projeto Amazônia Conectada (PAC 01),0,6,-61.912382,-3.934563
projeto-amaznia-conectada-pac-01,Projeto Amazônia Conectada (PAC 01),0,7,-61.349882,-3.597792
projeto-amaznia-conectada-pac-01,Projeto Amazônia Conectada (PAC 01),0,8,-60.899883,-3.597792
projeto-amaznia-conectada-pac-01,Projeto Amazônia Conectada (PAC 01),0,9,-60.635418,-3.289115
projeto-amaznia-conectada-pac-01,Projeto Amazônia Conectada (PAC 01),0,10,-60.187736,-3.279128
projeto-amaznia-conectada-pac-01,Projeto Amazônia Conectada (PAC 01),0,11,-60.020649,-3.123896
projeto-amaznia-conectada-pac-01,Projeto Amazônia Conectada (PAC 01),0,12,-60.562383,-2.980065
projeto-amaznia-conectada-pac-01,Projeto Amazônia Conectada (PAC 01),0,13,-60.674883,-2.755347
projeto-amaznia-conectada-pac-01,Projeto Amazônia Conectada (PAC 01),0,14,-60.943886,-2.623928
projeto-amaznia-conectada-pac-02,Projeto Amazônia Conectada (PAC 02),0,0,-67.087995,-0.119416
projeto-amaznia-conectada-pac-02,Projeto Amazônia Conectada (PAC 02),0,1,-66.512629,-0.31864
projeto-amaznia-conectada-pac-02,Projeto Amazônia Conectada (PAC 02),0,2,-66.287629,-0.31864
projeto-amaznia-conectada-pac-02,Projeto Amazônia Conectada (PAC 02),0,3,-65.612629,-0.31864
projeto-amaznia-conectada-pac-02,Projeto Amazônia Conectada (PAC 02),0,4,-65.27513,-0.431137
projeto-amaznia-conectada-pac-02,Projeto Amazônia Conectada (PAC 02),0,5,-65.015719,-0.414958
projeto-amaznia-conectada-pac-02,Projeto Amazônia Conectada (PAC 02),0,6,-64.60013,-0.431137
projeto-amaznia-conectada-pac-02,Projeto Amazônia Conectada (PAC 02),0,7,-63.812631,-0.31864
projeto-amaznia-conectada-pac-02,Projeto Amazônia Conectada (PAC 02),0,8,-63.362631,-0.59988
projeto-amaznia-conectada-pac-02,Projeto Amazônia Conectada (PAC 02),0,9,-63.025131,-0.712373
projeto-amaznia-conectada-pac-02,Projeto Amazônia Conectada (PAC 02),0,10,-62.92577,-0.974081
projeto-amaznia-conectada-pac-02,Projeto Amazônia Conectada (PAC 02),0,11,-62.575131,-1.049832
projeto-amaznia-conectada-pac-02,Projeto Amazônia Conectada (PAC 02),0,12,-61.900132,-1.387255
projeto-amaznia-conectada-pac-02,Projeto Amazônia Conectada (PAC 02),0,13,-61.635057,-1.458572
projeto-amaznia-conectada-pac-02,Projeto Amazônia Conectada (PAC 02),0,14,-61.450132,-1.72463
projeto-amaznia-conectada-pac-02,Projeto Amazônia Conectada (PAC 02),0,15,-61.450132,-1.837075
projeto-amaznia-conectada-pac-02,Projeto Amazônia Conectada (PAC 02),0,16,-61.056383,-2.174353
projeto-amaznia-conectada-pac-02,Projeto Amazônia Conectada (PAC 02),0,17,-60.943886,-2.623928
barat-timur-indonesia-2-bti-2,Barat Timur Indonesia-2 (BTI-2),0,0,104.016637,1.066798
barat-timur-indonesia-2-bti-2,Barat Timur Indonesia-2 (BTI-2),0,1,104.236719,0.718701
barat-timur-indonesia-2-bti-2,Barat Timur Indonesia-2 (BTI-2),0,2,107.929341,0.125144
barat-timur-indonesia-2-bti-2,Barat Timur Indonesia-2 (BTI-2),0,3,108.518988,-3.308305
barat-timur-indonesia-2-bti-2,Barat Timur Indonesia-2 (BTI-2),0,4,107.920554,-3.928327
barat-timur-indonesia-2-bti-2,Barat Timur Indonesia-2 (BTI-2),0,5,107.875221,-4.421462
barat-timur-indonesia-2-bti-2,Barat Timur Indonesia-2 (BTI-2),0,6,108.028613,-5.579793
barat-timur-indonesia-2-bti-2,Barat Timur Indonesia-2 (BTI-2),0,7,108.987204,-6.200645
barat-timur-indonesia-2-bti-2,Barat Timur Indonesia-2 (BTI-2),0,8,111.395308,-5.881176
barat-timur-indonesia-2-bti-2,Barat Timur Indonesia-2 (BTI-2),0,9,112.4706,-6.110369
barat-timur-indonesia-2-bti-2,Barat Timur Indonesia-2 (BTI-2),0,10,114.554314,-6.017142
barat-timur-indonesia-2-bti-2,Barat Timur Indonesia-2 (BTI-2),0,11,117.286354,-6.240856
barat-timur-indonesia-2-bti-2,Barat Timur Indonesia-2 (BTI-2),0,12,119.13788,-6.723204
barat-timur-indonesia-2-bti-2,Barat Timur Indonesia-2 (BTI-2),0,13,120.140394,-6.656982
barat-timur-indonesia-2-bti-2,Barat Timur Indonesia-2 (BTI-2),0,14,123.706041,-6.656982
barat-timur-indonesia-2-bti-2,Barat Timur Indonesia-2 (BTI-2),0,15,124.245654,-5.020341
barat-timur-indonesia-2-bti-2,Barat Timur Indonesia-2 (BTI-2),0,16,124.194671,-4.066822
barat-timur-indonesia-2-bti-2,Barat Timur Indonesia-2 (BTI-2),0,17,123.937241,-1.188785
barat-timur-indonesia-2-bti-2,Barat Timur Indonesia-2 (BTI-2),0,18,125.000911,0.147236
barat-timur-indonesia-2-bti-2,Barat Timur Indonesia-2 (BTI-2),0,19,125.149448,0.786495
barat-timur-indonesia-2-bti-2,Barat Timur Indonesia-2 (BTI-2),0,20,125.121958,1.023646
barat-timur-indonesia-2-bti-2,Barat Timur Indonesia-2 (BTI-2),0,21,124.839636,1.490779
barat-timur-indonesia-2-bti-2,Barat Timur Indonesia-2 (BTI-2),1,0,123.937241,-1.188785
barat-timur-indonesia-2-bti-2,Barat Timur Indonesia-2 (BTI-2),1,1,123.616295,-0.887872
barat-timur-indonesia-2-bti-2,Barat Timur Indonesia-2 (BTI-2),1,2,123.123913,-1.017489
barat-timur-indonesia-2-bti-2,Barat Timur Indonesia-2 (BTI-2),1,3,122.792757,-0.938789
barat-timur-indonesia-2-bti-2,Barat Timur Indonesia-2 (BTI-2),2,0,122.512977,-3.998469
barat-timur-indonesia-2-bti-2,Barat Timur Indonesia-2 (BTI-2),2,1,123.254088,-3.577437
barat-timur-indonesia-2-bti-2,Barat Timur Indonesia-2 (BTI-2),2,2,124.151611,-3.585934
barat-timur-indonesia-2-bti-2,Barat Timur Indonesia-2 (BTI-2),3,0,119.648134,-5.679277
barat-timur-indonesia-2-bti-2,Barat Timur Indonesia-2 (BTI-2),3,1,119.278408,-5.945707
barat-timur-indonesia-2-bti-2,Barat Timur Indonesia-2 (BTI-2),3,2,119.01249,-6.690552
barat-timur-indonesia-2-bti-2,Barat Timur Indonesia-2 (BTI-2),4,0,114.603993,-3.327587
barat-timur-indonesia-2-bti-2,Barat Timur Indonesia-2 (BTI-2),4,1,114.412545,-3.739871
barat-timur-indonesia-2-bti-2,Barat Timur Indonesia-2 (BTI-2),4,2,114.310393,-4.424722
barat-timur-indonesia-2-bti-2,Barat Timur Indonesia-2 (BTI-2),4,3,114.13222,-4.838843
barat-timur-indonesia-2-bti-2,Barat Timur Indonesia-2 (BTI-2),4,4,113.972177,-6.048781
barat-timur-indonesia-2-bti-2,Barat Timur Indonesia-2 (BTI-2),5,0,110.271771,-6.048781
barat-timur-indonesia-2-bti-2,Barat Timur Indonesia-2 (BTI-2),5,1,110.513715,-6.689455
barat-timur-indonesia-2-bti-2,Barat Timur Indonesia-2 (BTI-2),5,2,110.425499,-6.97142
barat-timur-indonesia-2-bti-2,Barat Timur Indonesia-2 (BTI-2),6,0,115.71425,-6.112135
barat-timur-indonesia-2-bti-2,Barat Timur Indonesia-2 (BTI-2),6,1,115.634172,-6.97142
barat-timur-indonesia-2-bti-2,Barat Timur Indonesia-2 (BTI-2),6,2,115.109019,-7.785727
barat-timur-indonesia-2-bti-2,Barat Timur Indonesia-2 (BTI-2),6,3,115.075947,-8.115525
barat-timur-indonesia-2-bti-2,Barat Timur Indonesia-2 (BTI-2),7,0,108.02557,-5.556836
barat-timur-indonesia-2-bti-2,Barat Timur Indonesia-2 (BTI-2),7,1,107.570053,-5.716443
barat-timur-indonesia-2-bti-2,Barat Timur Indonesia-2 (BTI-2),7,2,106.968927,-5.79057
barat-timur-indonesia-2-bti-2,Barat Timur Indonesia-2 (BTI-2),7,3,106.791457,-6.108548
barat-timur-indonesia-2-bti-2,Barat Timur Indonesia-2 (BTI-2),8,0,107.929341,0.125144
barat-timur-indonesia-2-bti-2,Barat Timur Indonesia-2 (BTI-2),8,1,108.794138,0.062743
barat-timur-indonesia-2-bti-2,Barat Timur Indonesia-2 (BTI-2),8,2,109.335547,-0.027021
trans-caspian-fiber-optic-cable-project,Trans-Caspian Fiber Optic Cable Project,0,0,49.668611,40.589722
trans-caspian-fiber-optic-cable-project,Trans-Caspian Fiber Optic Cable Project,0,1,49.775039,41.00334
trans-caspian-fiber-optic-cable-project,Trans-Caspian Fiber Optic Cable Project,0,2,51.000038,43.473757
trans-caspian-fiber-optic-cable-project,Trans-Caspian Fiber Optic Cable Project,0,3,51.200001,43.650002
kangaroo-island-2,Kangaroo Island 2,0,0,137.632638,-35.6523
kangaroo-island-2,Kangaroo Island 2,0,1,138.103727,-35.603203
bangladesh-private-cable-system-bpcs,Bangladesh Private Cable System (BPCS),0,0,96.441706,14.833379
bangladesh-private-cable-system-bpcs,Bangladesh Private Cable System (BPCS),0,1,95.125007,14.970281
bangladesh-private-cable-system-bpcs,Bangladesh Private Cable System (BPCS),0,2,94.000008,15.621366
bangladesh-private-cable-system-bpcs,Bangladesh Private Cable System (BPCS),0,3,93.375008,16.749771
bangladesh-private-cable-system-bpcs,Bangladesh Private Cable System (BPCS),0,4,92.925008,17.823934
bangladesh-private-cable-system-bpcs,Bangladesh Private Cable System (BPCS),0,5,92.137509,19.952623
bangladesh-private-cable-system-bpcs,Bangladesh Private Cable System (BPCS),0,6,91.994829,21.429275
vstervik-visby,Västervik-Visby,0,0,16.636972,57.756014
vstervik-visby,Västervik-Visby,0,1,17.325062,57.772426
vstervik-visby,Västervik-Visby,0,2,18.000061,57.712381
vstervik-visby,Västervik-Visby,0,3,18.300031,57.63842
oskarshamn-visby,Oskarshamn-Visby,0,0,18.300031,57.63842
oskarshamn-visby,Oskarshamn-Visby,0,1,18.000061,57.652238
oskarshamn-visby,Oskarshamn-Visby,0,2,17.325062,57.53165
oskarshamn-visby,Oskarshamn-Visby,0,3,16.662562,57.296028
oskarshamn-visby,Oskarshamn-Visby,0,4,16.442539,57.26521
globalconnect-6-gc6,GlobalConnect 6 (GC6),0,0,9.997212,55.708596
globalconnect-6-gc6,GlobalConnect 6 (GC6),0,1,10.091403,55.567783
vietnam-singapore-cable-system-vts,Vietnam-Singapore Cable System (VTS),0,0,104.004111,1.373499
vietnam-singapore-cable-system-vts,Vietnam-Singapore Cable System (VTS),0,1,104.2038,1.349315
vietnam-singapore-cable-system-vts,Vietnam-Singapore Cable System (VTS),0,2,104.23195,1.468427
vietnam-singapore-cable-system-vts,Vietnam-Singapore Cable System (VTS),0,3,104.2875,1.918229
vietnam-singapore-cable-system-vts,Vietnam-Singapore Cable System (VTS),0,4,104.56875,2.81745
vietnam-singapore-cable-system-vts,Vietnam-Singapore Cable System (VTS),0,5,105.749999,4.725718
vietnam-singapore-cable-system-vts,Vietnam-Singapore Cable System (VTS),0,6,107.549998,7.298763
vietnam-singapore-cable-system-vts,Vietnam-Singapore Cable System (VTS),0,7,107.774998,9.524411
vietnam-singapore-cable-system-vts,Vietnam-Singapore Cable System (VTS),0,8,107.079338,10.342232
vietnam-singapore-cable-system-vts,Vietnam-Singapore Cable System (VTS),1,0,104.2875,1.918229
vietnam-singapore-cable-system-vts,Vietnam-Singapore Cable System (VTS),1,1,104.11414,1.925884
vietnam-singapore-cable-system-vts,Vietnam-Singapore Cable System (VTS),2,0,105.749999,4.725718
vietnam-singapore-cable-system-vts,Vietnam-Singapore Cable System (VTS),2,1,105.045917,5.887726
vietnam-singapore-cable-system-vts,Vietnam-Singapore Cable System (VTS),2,2,103.062896,7.116812
vietnam-singapore-cable-system-vts,Vietnam-Singapore Cable System (VTS),2,3,101.700002,7.131349
vietnam-singapore-cable-system-vts,Vietnam-Singapore Cable System (VTS),2,4,100.595103,7.19882
lake-michigan-crossing-peninsula-and-island-connection,Lake Michigan Crossing Peninsula and Island Connection,0,0,-86.012155,45.993148
lake-michigan-crossing-peninsula-and-island-connection,Lake Michigan Crossing Peninsula and Island Connection,0,1,-85.887365,45.847167
lake-michigan-crossing-peninsula-and-island-connection,Lake Michigan Crossing Peninsula and Island Connection,0,2,-85.774865,45.768747
lake-michigan-crossing-peninsula-and-island-connection,Lake Michigan Crossing Peninsula and Island Connection,0,3,-85.535338,45.740932
lake-michigan-crossing-peninsula-and-island-connection,Lake Michigan Crossing Peninsula and Island Connection,0,4,-85.662365,45.690217
lake-michigan-crossing-peninsula-and-island-connection,Lake Michigan Crossing Peninsula and Island Connection,0,5,-85.662365,45.572215
lake-michigan-crossing-peninsula-and-island-connection,Lake Michigan Crossing Peninsula and Island Connection,0,6,-85.437365,45.453964
lake-michigan-crossing-peninsula-and-island-connection,Lake Michigan Crossing Peninsula and Island Connection,0,7,-85.258398,45.318063
lake-michigan-chicago-crossing,Lake Michigan Chicago Crossing,0,0,-87.632416,41.884149
lake-michigan-chicago-crossing,Lake Michigan Chicago Crossing,0,1,-87.224864,41.963158
lake-michigan-chicago-crossing,Lake Michigan Chicago Crossing,0,2,-86.774864,42.046755
lake-michigan-chicago-crossing,Lake Michigan Chicago Crossing,0,3,-86.454487,42.116239
lake-michigan-chicago-crossing,Lake Michigan Chicago Crossing,1,0,-87.632416,41.884149
lake-michigan-chicago-crossing,Lake Michigan Chicago Crossing,1,1,-87.224864,41.921318
lake-michigan-chicago-crossing,Lake Michigan Chicago Crossing,1,2,-86.774864,42.00497
lake-michigan-chicago-crossing,Lake Michigan Chicago Crossing,1,3,-86.490259,42.094946
nongsa-changi,Nongsa-Changi,0,0,104.004111,1.373499
nongsa-changi,Nongsa-Changi,0,1,104.093555,1.277467
nongsa-changi,Nongsa-Changi,0,2,104.10295,1.196516
insica,INSICA,0,0,103.64621,1.338646
insica,INSICA,0,1,103.725001,1.224744
insica,INSICA,0,2,103.950001,1.168507
insica,INSICA,0,3,104.13311,1.173206
ioema-1,IOEMA-1,0,0,1.439459,51.35885
ioema-1,IOEMA-1,0,1,2.025073,51.865572
ioema-1,IOEMA-1,0,2,2.700072,52.004297
ioema-1,IOEMA-1,0,3,3.037572,52.356869
ioema-1,IOEMA-1,0,4,3.825072,52.691502
ioema-1,IOEMA-1,0,5,4.275071,53.233595
ioema-1,IOEMA-1,0,6,5.85007,53.768911
ioema-1,IOEMA-1,0,7,7.425069,54.165972
ioema-1,IOEMA-1,0,8,7.200069,55.46235
ioema-1,IOEMA-1,0,9,7.200069,55.77997
ioema-1,IOEMA-1,0,10,7.312569,56.552478
ioema-1,IOEMA-1,0,11,8.100068,57.932057
ioema-1,IOEMA-1,0,12,7.994849,58.143805
ioema-1,IOEMA-1,1,0,5.85007,53.768911
ioema-1,IOEMA-1,1,1,6.52507,53.635715
ioema-1,IOEMA-1,1,2,6.816016,53.442799
ioema-1,IOEMA-1,2,0,7.425069,54.165972
ioema-1,IOEMA-1,2,1,7.987569,53.901685
ioema-1,IOEMA-1,2,2,8.100068,53.702366
ioema-1,IOEMA-1,2,3,8.106868,53.53234
ioema-1,IOEMA-1,3,0,7.200069,55.77997
ioema-1,IOEMA-1,3,1,7.650069,55.716652
ioema-1,IOEMA-1,3,2,8.329198,55.751673
ioema-1,IOEMA-1,4,0,3.037572,52.356869
ioema-1,IOEMA-1,4,1,2.250073,52.349234
ioema-1,IOEMA-1,4,2,1.574842,52.205256
ioema-1,IOEMA-1,5,0,2.700072,52.004297
ioema-1,IOEMA-1,5,1,3.375072,52.004297
ioema-1,IOEMA-1,5,2,4.317415,52.083992
umoja,Umoja,0,0,115.74022,-32.537021
umoja,Umoja,0,1,113.849994,-31.851466
umoja,Umoja,0,2,89.100011,-30.568603
umoja,Umoja,0,3,45.450042,-29.529913
umoja,Umoja,0,4,38.700047,-29.529913
umoja,Umoja,0,5,33.300051,-30.115517
umoja,Umoja,0,6,32.400051,-30.115517
umoja,Umoja,0,7,30.880392,-30.057717
proa,Proa,0,0,144.705302,15.115147
proa,Proa,0,1,145.492801,15.060836
proa,Proa,0,2,145.637471,15.011508
proa,Proa,1,0,136.904611,34.419428
proa,Proa,1,1,137.617807,32.896329
proa,Proa,1,2,138.180307,31.372163
proa,Proa,1,3,141.780304,21.728228
proa,Proa,1,4,144.030302,17.060732
proa,Proa,1,5,144.705302,15.115147
proa,Proa,1,6,144.817802,14.026349
proa,Proa,1,7,144.816835,13.543636
taihei,Taihei,0,0,179.999947,27.896239
taihei,Taihei,0,1,149.399968,34.312152
taihei,Taihei,0,2,141.974974,36.331338
taihei,Taihei,0,3,141.074974,36.542522
taihei,Taihei,0,4,140.71827,36.71308
taihei,Taihei,1,0,-158.08325,21.334162
taihei,Taihei,1,1,-158.399814,21.216398
taihei,Taihei,1,2,-158.849813,21.216398
taihei,Taihei,1,3,-161.440564,21.844294
taihei,Taihei,1,4,-179.999798,27.896239
new-cam-ring,New CAM Ring,0,0,-9.337912,38.688835
new-cam-ring,New CAM Ring,0,1,-10.799918,38.387755
new-cam-ring,New CAM Ring,0,2,-13.949916,38.534573
new-cam-ring,New CAM Ring,0,3,-23.399909,39.177015
new-cam-ring,New CAM Ring,0,4,-25.199908,39.177015
new-cam-ring,New CAM Ring,0,5,-26.774907,38.944071
new-cam-ring,New CAM Ring,0,6,-27.250327,38.665701
new-cam-ring,New CAM Ring,1,0,-27.250326,38.665705
new-cam-ring,New CAM Ring,1,1,-27.224906,38.475881
new-cam-ring,New CAM Ring,1,2,-26.999907,38.034174
new-cam-ring,New CAM Ring,1,3,-25.874907,37.589787
new-cam-ring,New CAM Ring,1,4,-25.668708,37.739605
new-cam-ring,New CAM Ring,2,0,-25.676798,37.740376
new-cam-ring,New CAM Ring,2,1,-25.762408,37.589787
new-cam-ring,New CAM Ring,2,2,-25.537408,36.78317
new-cam-ring,New CAM Ring,2,3,-24.749908,35.967974
new-cam-ring,New CAM Ring,2,4,-18.449913,32.623017
new-cam-ring,New CAM Ring,2,5,-17.125114,32.46403
new-cam-ring,New CAM Ring,2,6,-16.908914,32.646885
new-cam-ring,New CAM Ring,3,0,-16.90891,32.646885
new-cam-ring,New CAM Ring,3,1,-16.818664,32.623017
new-cam-ring,New CAM Ring,3,2,-16.763182,32.719375
new-cam-ring,New CAM Ring,4,0,-16.763181,32.719375
new-cam-ring,New CAM Ring,4,1,-16.312414,32.812319
new-cam-ring,New CAM Ring,4,2,-13.949916,34.312152
new-cam-ring,New CAM Ring,4,3,-11.924917,36.512388
new-cam-ring,New CAM Ring,4,4,-9.449919,37.767862
new-cam-ring,New CAM Ring,4,5,-9.112419,37.89956
new-cam-ring,New CAM Ring,4,6,-8.869599,37.95719
sto-hel-one,STO-HEL-One,0,0,19.724814,60.272639
sto-hel-one,STO-HEL-One,0,1,19.96881,60.317171
sto-hel-one,STO-HEL-One,0,2,20.13756,60.372833
sto-hel-one,STO-HEL-One,0,3,20.25006,60.483873
sto-hel-one,STO-HEL-One,0,4,20.70006,60.704817
sto-hel-one,STO-HEL-One,0,5,21.150059,60.704817
sto-hel-one,STO-HEL-One,0,6,21.446235,60.679469
sto-hel-one,STO-HEL-One,1,0,18.565402,60.032046
sto-hel-one,STO-HEL-One,1,1,18.900061,60.037432
sto-hel-one,STO-HEL-One,1,2,19.57506,60.037432
sto-hel-one,STO-HEL-One,1,3,19.804953,60.099262
sovetskaya-gavan-uglegorsk,Sovetskaya Gavan-Uglegorsk,0,0,140.283333,48.966667
sovetskaya-gavan-uglegorsk,Sovetskaya Gavan-Uglegorsk,0,1,141.980182,49.06351
rompin-tioman-island,Rompin-Tioman Island,0,0,103.491496,2.800286
rompin-tioman-island,Rompin-Tioman Island,0,1,104.157026,2.816426
besut-perhentian-islands,Besut-Perhentian Islands,0,0,102.571711,5.791617
besut-perhentian-islands,Besut-Perhentian Islands,0,1,102.722906,5.906567
besut-perhentian-islands,Besut-Perhentian Islands,0,2,102.75471,5.902884
lumut-pangkor-island,Lumut-Pangkor Island,0,0,100.579625,4.193026
lumut-pangkor-island,Lumut-Pangkor Island,0,1,100.62922,4.228537
calvi-st-florent,Calvi-St. Florent,0,0,8.754733,42.56312
calvi-st-florent,Calvi-St. Florent,0,1,8.775068,42.661039
calvi-st-florent,Calvi-St. Florent,0,2,8.887568,42.743713
calvi-st-florent,Calvi-St. Florent,0,3,9.225068,42.743713
calvi-st-florent,Calvi-St. Florent,0,4,9.303704,42.681846
romsar-2,ROMSAR 2,0,0,8.554314,40.726811
romsar-2,ROMSAR 2,0,1,8.606318,40.92783
romsar-2,ROMSAR 2,0,2,9.000068,41.18233
romsar-2,ROMSAR 2,0,3,9.225068,41.224651
romsar-2,ROMSAR 2,0,4,9.410542,41.219397
romsar-2,ROMSAR 2,0,5,9.900067,41.688375
romsar-2,ROMSAR 2,0,6,10.575067,42.16268
romsar-2,ROMSAR 2,0,7,10.915053,42.358453
romsar-2,ROMSAR 2,0,8,11.137566,42.246015
romsar-2,ROMSAR 2,0,9,11.475066,42.16268
romsar-2,ROMSAR 2,0,10,11.791575,42.096099
les-dhyres-cable,Îles d'Hyères Cable,0,0,6.154439,43.030084
les-dhyres-cable,Îles d'Hyères Cable,0,1,6.203653,42.999894
les-dhyres-cable,Îles d'Hyères Cable,0,2,6.38761,43.007078
les-dhyres-cable,Îles d'Hyères Cable,0,3,6.440446,43.019273
les-dhyres-cable,Îles d'Hyères Cable,0,4,6.366662,43.13796
lic-lin-lamp,Lic-Lin-Lamp,0,0,12.607558,35.501527
lic-lin-lamp,Lic-Lin-Lamp,0,1,12.860769,35.85836
lic-lin-lamp,Lic-Lin-Lamp,0,2,13.162565,36.058973
lic-lin-lamp,Lic-Lin-Lamp,0,3,13.781314,36.78317
lic-lin-lamp,Lic-Lin-Lamp,0,4,13.938227,37.102503
ruppione-isolella,Ruppione-Isolella,0,0,8.785011,41.832657
ruppione-isolella,Ruppione-Isolella,0,1,8.583368,41.793815
ruppione-isolella,Ruppione-Isolella,0,2,8.583368,41.709886
ruppione-isolella,Ruppione-Isolella,0,3,8.752118,41.667881
ruppione-isolella,Ruppione-Isolella,0,4,8.90575,41.67415
sarco,SARCO,0,0,9.168977,41.390447
sarco,SARCO,0,1,9.190426,41.239857
honomoana,Honomoana,0,0,152.099966,-37.995036
honomoana,Honomoana,0,1,152.023791,-34.826982
honomoana,Honomoana,0,2,151.20704,-33.869696
honomoana,Honomoana,1,0,179.999947,-29.790605
honomoana,Honomoana,1,1,174.599951,-31.340411
honomoana,Honomoana,1,2,166.949956,-32.802084
honomoana,Honomoana,1,3,159.299961,-34.673004
honomoana,Honomoana,1,4,152.099966,-37.995036
honomoana,Honomoana,2,0,-149.84982,-16.953455
honomoana,Honomoana,2,1,-149.62482,-17.168553
honomoana,Honomoana,2,2,-149.456151,-17.637813
honomoana,Honomoana,3,0,-179.999798,-29.790605
honomoana,Honomoana,3,1,-163.79981,-23.493922
honomoana,Honomoana,3,2,-156.599815,-21.414662
honomoana,Honomoana,3,3,-150.974819,-17.597999
honomoana,Honomoana,3,4,-149.84982,-16.953455
honomoana,Honomoana,3,5,-149.22482,-15.970487
honomoana,Honomoana,4,0,-149.213292,-17.804785
honomoana,Honomoana,4,1,-149.28732,-17.168553
honomoana,Honomoana,4,2,-149.22482,-15.970487
honomoana,Honomoana,4,3,-148.94982,-13.698987
honomoana,Honomoana,4,4,-148.049821,-9.586362
honomoana,Honomoana,4,5,-138.599828,17.395023
honomoana,Honomoana,4,6,-127.799835,26.964305
honomoana,Honomoana,4,7,-119.699841,31.670513
honomoana,Honomoana,4,8,-117.449843,32.623017
honomoana,Honomoana,4,9,-117.165767,32.706408
honomoana,Honomoana,5,0,174.599951,-31.340411
honomoana,Honomoana,5,1,175.28071,-33.34802
honomoana,Honomoana,5,2,174.824993,-36.140033
honomoana,Honomoana,5,3,174.937493,-36.592978
honomoana,Honomoana,5,4,174.77046,-36.884181
honomoana,Honomoana,6,0,152.099966,-37.995036
honomoana,Honomoana,6,1,149.399968,-39.341801
honomoana,Honomoana,6,2,147.59997,-39.688953
honomoana,Honomoana,6,3,146.249971,-40.034369
honomoana,Honomoana,6,4,145.237471,-39.254742
honomoana,Honomoana,6,5,144.692352,-38.523524
honomoana,Honomoana,6,6,144.804852,-38.258988
honomoana,Honomoana,6,7,144.967152,-37.817532
tabua,Tabua,0,0,-118.245336,34.053481
tabua,Tabua,0,1,-120.59984,32.906819
tabua,Tabua,0,2,-127.799835,31.286739
tabua,Tabua,0,3,-138.603105,27.366657
tabua,Tabua,0,4,-147.603098,25.756722
tabua,Tabua,0,5,-152.999817,24.122617
tabua,Tabua,0,6,-157.274814,21.356164
tabua,Tabua,0,7,-157.499814,21.047337
tabua,Tabua,0,8,-157.802255,20.893863
tabua,Tabua,0,9,-159.524813,18.678647
tabua,Tabua,0,10,-165.599808,10.410817
tabua,Tabua,0,11,-170.999805,2.367913
tabua,Tabua,0,12,-175.499801,-6.616651
tabua,Tabua,0,13,-178.874799,-15.006817
tabua,Tabua,0,14,-179.549799,-17.383402
tabua,Tabua,0,15,-179.999798,-17.812341
tabua,Tabua,1,0,179.999905,-17.812341
tabua,Tabua,1,1,178.874961,-18.240251
tabua,Tabua,1,2,178.424947,-18.559311
tabua,Tabua,1,3,178.087448,-18.773659
tabua,Tabua,1,4,170.999967,-22.66597
tabua,Tabua,1,5,166.49997,-25.946231
tabua,Tabua,1,6,160.649974,-30.69767
tabua,Tabua,1,7,154.800072,-32.61276
tabua,Tabua,1,8,152.047927,-33.937162
tabua,Tabua,1,9,151.20704,-33.869696
tabua,Tabua,2,0,-158.08325,21.334162
tabua,Tabua,2,1,-157.900083,21.128587
tabua,Tabua,2,2,-157.802255,20.893863
tabua,Tabua,3,0,160.649974,-30.69767
tabua,Tabua,3,1,155.316576,-27.936292
tabua,Tabua,3,2,153.966577,-27.138263
tabua,Tabua,3,3,153.516578,-26.937855
tabua,Tabua,3,4,153.404078,-26.837517
tabua,Tabua,3,5,153.089439,-26.65184
tabua,Tabua,4,0,178.087448,-18.773659
tabua,Tabua,4,1,177.524948,-18.347066
tabua,Tabua,4,2,177.318899,-18.100389
tabua,Tabua,5,0,178.424947,-18.559311
tabua,Tabua,5,1,178.437448,-18.123811
hawaiian-islands-fiber-link-hifl,Hawaiian Islands Fiber Link (HIFL),0,0,-156.467144,20.890755
hawaiian-islands-fiber-link-hifl,Hawaiian Islands Fiber Link (HIFL),0,1,-156.374815,21.0065
hawaiian-islands-fiber-link-hifl,Hawaiian Islands Fiber Link (HIFL),0,2,-156.206066,21.0065
hawaiian-islands-fiber-link-hifl,Hawaiian Islands Fiber Link (HIFL),0,3,-156.037315,20.953979
hawaiian-islands-fiber-link-hifl,Hawaiian Islands Fiber Link (HIFL),0,4,-155.699815,20.691099
hawaiian-islands-fiber-link-hifl,Hawaiian Islands Fiber Link (HIFL),0,5,-155.081067,19.952623
hawaiian-islands-fiber-link-hifl,Hawaiian Islands Fiber Link (HIFL),0,6,-155.081864,19.719235
hawaiian-islands-fiber-link-hifl,Hawaiian Islands Fiber Link (HIFL),1,0,-156.896861,20.74347
hawaiian-islands-fiber-link-hifl,Hawaiian Islands Fiber Link (HIFL),1,1,-156.825594,20.782152
hawaiian-islands-fiber-link-hifl,Hawaiian Islands Fiber Link (HIFL),1,2,-156.824815,20.953979
hawaiian-islands-fiber-link-hifl,Hawaiian Islands Fiber Link (HIFL),2,0,-157.023889,21.093333
hawaiian-islands-fiber-link-hifl,Hawaiian Islands Fiber Link (HIFL),2,1,-157.106065,20.90144
hawaiian-islands-fiber-link-hifl,Hawaiian Islands Fiber Link (HIFL),3,0,-159.368579,21.974925
hawaiian-islands-fiber-link-hifl,Hawaiian Islands Fiber Link (HIFL),3,1,-158.849813,21.425998
hawaiian-islands-fiber-link-hifl,Hawaiian Islands Fiber Link (HIFL),3,2,-158.399814,21.268826
hawaiian-islands-fiber-link-hifl,Hawaiian Islands Fiber Link (HIFL),3,3,-158.094344,21.313829
hawaiian-islands-fiber-link-hifl,Hawaiian Islands Fiber Link (HIFL),4,0,-158.094344,21.313829
hawaiian-islands-fiber-link-hifl,Hawaiian Islands Fiber Link (HIFL),4,1,-157.949814,21.187263
hawaiian-islands-fiber-link-hifl,Hawaiian Islands Fiber Link (HIFL),4,2,-157.724814,21.134806
hawaiian-islands-fiber-link-hifl,Hawaiian Islands Fiber Link (HIFL),4,3,-157.499814,20.99483
hawaiian-islands-fiber-link-hifl,Hawaiian Islands Fiber Link (HIFL),4,4,-157.162314,20.90144
hawaiian-islands-fiber-link-hifl,Hawaiian Islands Fiber Link (HIFL),4,5,-157.106065,20.90144
hawaiian-islands-fiber-link-hifl,Hawaiian Islands Fiber Link (HIFL),4,6,-156.937315,20.953979
hawaiian-islands-fiber-link-hifl,Hawaiian Islands Fiber Link (HIFL),4,7,-156.824815,20.953979
hawaiian-islands-fiber-link-hifl,Hawaiian Islands Fiber Link (HIFL),4,8,-156.712315,21.059002
hawaiian-islands-fiber-link-hifl,Hawaiian Islands Fiber Link (HIFL),4,9,-156.599815,21.111486
hawaiian-islands-fiber-link-hifl,Hawaiian Islands Fiber Link (HIFL),4,10,-156.487315,21.059002
hawaiian-islands-fiber-link-hifl,Hawaiian Islands Fiber Link (HIFL),4,11,-156.467144,20.890755
5-villages-6-islands,5 Villages 6 Islands,0,0,139.765611,32.457231
5-villages-6-islands,5 Villages 6 Islands,0,1,139.724975,32.559827
5-villages-6-islands,5 Villages 6 Islands,0,2,139.949975,32.84383
5-villages-6-islands,5 Villages 6 Islands,0,3,139.949975,33.032663
5-villages-6-islands,5 Villages 6 Islands,0,4,139.796802,33.112295
5-villages-6-islands,5 Villages 6 Islands,1,0,139.495356,34.090381
5-villages-6-islands,5 Villages 6 Islands,1,1,139.443725,34.032922
5-villages-6-islands,5 Villages 6 Islands,1,2,139.499975,33.93964
5-villages-6-islands,5 Villages 6 Islands,1,3,139.597023,33.88351
5-villages-6-islands,5 Villages 6 Islands,2,0,139.139641,34.206953
5-villages-6-islands,5 Villages 6 Islands,2,1,139.162476,34.032922
5-villages-6-islands,5 Villages 6 Islands,2,2,139.387475,33.892961
5-villages-6-islands,5 Villages 6 Islands,2,3,139.597023,33.88351
5-villages-6-islands,5 Villages 6 Islands,3,0,139.238078,34.358008
5-villages-6-islands,5 Villages 6 Islands,3,1,139.224021,34.485609
5-villages-6-islands,5 Villages 6 Islands,3,2,139.278888,34.529808
5-villages-6-islands,5 Villages 6 Islands,3,3,139.280266,34.670863
5-villages-6-islands,5 Villages 6 Islands,3,4,139.360693,34.750673
5-villages-6-islands,5 Villages 6 Islands,4,0,139.139641,34.206953
5-villages-6-islands,5 Villages 6 Islands,4,1,139.215519,34.330854
5-villages-6-islands,5 Villages 6 Islands,4,2,139.238078,34.358008
5-villages-6-islands,5 Villages 6 Islands,4,3,139.25835,34.373853
5-villages-6-islands,5 Villages 6 Islands,5,0,139.280266,34.670863
5-villages-6-islands,5 Villages 6 Islands,5,1,139.195891,34.624588
5-villages-6-islands,5 Villages 6 Islands,5,2,139.185891,34.555128
5-villages-6-islands,5 Villages 6 Islands,5,3,139.224021,34.485609
izu-islands-cable-system,Izu Islands Cable System,0,0,139.104828,34.963205
izu-islands-cable-system,Izu Islands Cable System,0,1,139.224016,34.809532
izu-islands-cable-system,Izu Islands Cable System,0,2,139.360693,34.750673
izu-islands-cable-system,Izu Islands Cable System,0,3,139.348516,34.670863
izu-islands-cable-system,Izu Islands Cable System,0,4,139.404765,34.206955
izu-islands-cable-system,Izu Islands Cable System,0,5,139.495356,34.090381
izu-islands-cable-system,Izu Islands Cable System,0,6,139.443725,33.892961
izu-islands-cable-system,Izu Islands Cable System,0,7,139.612475,33.221091
izu-islands-cable-system,Izu Islands Cable System,0,8,139.796802,33.112295
hachijojima-mainland,Hachijojima-Mainland,0,0,139.62077,35.144171
hachijojima-mainland,Hachijojima-Mainland,0,1,139.837475,34.381815
hachijojima-mainland,Hachijojima-Mainland,0,2,139.913065,33.436501
hachijojima-mainland,Hachijojima-Mainland,0,3,139.796802,33.112295
ogasawara-cable-network,Ogasawara Cable Network,0,0,142.159904,26.650917
ogasawara-cable-network,Ogasawara Cable Network,0,1,142.143724,26.797064
ogasawara-cable-network,Ogasawara Cable Network,0,2,142.143724,26.997723
ogasawara-cable-network,Ogasawara Cable Network,0,3,142.204079,27.066475
ogasawara-cable-network,Ogasawara Cable Network,1,0,139.796802,33.112295
ogasawara-cable-network,Ogasawara Cable Network,1,1,140.062475,33.032663
ogasawara-cable-network,Ogasawara Cable Network,1,2,140.737475,30.901396
ogasawara-cable-network,Ogasawara Cable Network,1,3,141.299974,28.688714
ogasawara-cable-network,Ogasawara Cable Network,1,4,142.031224,27.047832
ogasawara-cable-network,Ogasawara Cable Network,1,5,142.204079,27.066475
ogasawara-cable-network,Ogasawara Cable Network,2,0,142.031224,27.047832
ogasawara-cable-network,Ogasawara Cable Network,2,1,142.031224,26.797064
ogasawara-cable-network,Ogasawara Cable Network,2,2,142.159904,26.650917
bulikula,Bulikula,0,0,144.694702,13.464773
bulikula,Bulikula,0,1,146.249971,11.73565
bulikula,Bulikula,0,2,149.399968,9.080331
bulikula,Bulikula,0,3,152.999966,2.367913
bulikula,Bulikula,0,4,159.074962,-3.029996
bulikula,Bulikula,0,5,167.849955,-8.84605
bulikula,Bulikula,0,6,173.699965,-13.698987
bulikula,Bulikula,0,7,175.99995,-15.657788
bulikula,Bulikula,0,8,177.074949,-18.026426
bulikula,Bulikula,0,9,177.318899,-18.100389
bulikula,Bulikula,1,0,147.14997,13.710818
bulikula,Bulikula,1,1,146.92497,12.615396
bulikula,Bulikula,1,2,146.249971,11.73565
bulikula,Bulikula,2,0,179.999947,17.395023
bulikula,Bulikula,2,1,151.199967,13.492128
bulikula,Bulikula,2,2,148.499969,13.492128
bulikula,Bulikula,2,3,147.14997,13.710818
bulikula,Bulikula,2,4,146.249971,14.69236
bulikula,Bulikula,2,5,145.637512,15.011117
bulikula,Bulikula,3,0,-157.797323,20.509645
bulikula,Bulikula,3,1,-158.737313,20.585819
bulikula,Bulikula,3,2,-163.79981,19.104405
bulikula,Bulikula,3,3,-172.799803,19.104405
bulikula,Bulikula,3,4,-179.999798,17.395023
bulikula,Bulikula,4,0,179.999947,-18.220646
bulikula,Bulikula,4,1,178.874961,-18.345879
bulikula,Bulikula,4,2,178.437446,-18.123634
bulikula,Bulikula,5,0,-150.074819,-17.168553
bulikula,Bulikula,5,1,-150.074819,-17.812341
bulikula,Bulikula,5,2,-149.51232,-17.865887
bulikula,Bulikula,5,3,-149.213292,-17.804785
bulikula,Bulikula,6,0,-149.51232,-17.168553
bulikula,Bulikula,6,1,-149.17482,-17.383402
bulikula,Bulikula,6,2,-149.213292,-17.804785
bulikula,Bulikula,7,0,-158.08325,21.334162
bulikula,Bulikula,7,1,-157.797323,20.509645
bulikula,Bulikula,7,2,-157.049815,18.251816
bulikula,Bulikula,7,3,-155.699815,5.957819
bulikula,Bulikula,7,4,-151.199819,-13.698987
bulikula,Bulikula,7,5,-149.51232,-17.168553
bulikula,Bulikula,7,6,-149.456151,-17.637813
bulikula,Bulikula,8,0,175.99995,-15.657788
bulikula,Bulikula,8,1,179.149947,-16.090626
bulikula,Bulikula,8,2,179.999947,-16.054802
bulikula,Bulikula,9,0,-149.456158,-17.637813
bulikula,Bulikula,9,1,-149.737326,-17.272189
bulikula,Bulikula,9,2,-150.074826,-17.168553
bulikula,Bulikula,9,3,-151.874825,-16.953455
bulikula,Bulikula,9,4,-156.59982,-16.522522
bulikula,Bulikula,9,5,-169.649812,-16.522522
bulikula,Bulikula,9,6,-177.999802,-15.970487
bulikula,Bulikula,9,7,-179.999798,-16.054802
bulikula,Bulikula,10,0,-179.999797,-18.220646
bulikula,Bulikula,10,1,-177.999802,-15.970487
halaihai,Halaihai,0,0,179.999947,-5.117247
halaihai,Halaihai,0,1,165.622994,-0.075791
halaihai,Halaihai,0,2,152.573003,8.295073
halaihai,Halaihai,0,3,149.423005,10.514681
halaihai,Halaihai,0,4,147.173007,12.279112
halaihai,Halaihai,0,5,146.273007,12.937829
halaihai,Halaihai,0,6,144.809542,13.549094
halaihai,Halaihai,1,0,-149.433114,-17.53713
halaihai,Halaihai,1,1,-149.714283,-17.063788
halaihai,Halaihai,2,0,146.273007,12.937829
halaihai,Halaihai,2,1,146.273007,13.922627
halaihai,Halaihai,2,2,145.660508,15.1135
halaihai,Halaihai,3,0,-71.597398,-32.956962
halaihai,Halaihai,3,1,-72.876837,-32.333835
halaihai,Halaihai,3,2,-106.976813,-24.721012
halaihai,Halaihai,3,3,-143.976787,-18.211167
halaihai,Halaihai,3,4,-148.926784,-17.282578
halaihai,Halaihai,3,5,-149.714283,-17.063788
halaihai,Halaihai,3,6,-150.051783,-16.852397
halaihai,Halaihai,3,7,-156.576776,-13.377554
halaihai,Halaihai,3,8,-168.27677,-9.186174
halaihai,Halaihai,3,9,-179.999798,-5.117246
halaihai,Halaihai,4,0,-148.926784,-17.282578
halaihai,Halaihai,4,1,-149.190255,-17.704194
coral-bridge,Coral Bridge,0,0,34.896899,29.492478
coral-bridge,Coral Bridge,0,1,35.005095,29.581029
tamtam,Tamtam,0,0,167.266123,-20.916514
tamtam,Tamtam,0,1,168.194904,-19.894762
tamtam,Tamtam,0,2,168.385301,-18.808897
tamtam,Tamtam,0,3,168.32298,-17.730419
tamtam,Tamtam,1,0,168.329642,-19.12707
tamtam,Tamtam,1,1,169.017918,-19.486258
tamtam,Tamtam,1,2,169.267918,-19.537939
tamtam,Tamtam,2,0,168.359047,-18.355395
tamtam,Tamtam,2,1,168.030924,-18.128177
tamtam,Tamtam,2,2,167.702338,-17.15035
tamtam,Tamtam,2,3,167.976713,-16.467431
tamtam,Tamtam,2,4,167.673002,-15.751014
tamtam,Tamtam,2,5,167.427699,-15.569669
tamtam,Tamtam,2,6,167.200274,-15.506433
tamtam,Tamtam,3,0,167.404643,-16.086113
tamtam,Tamtam,3,1,167.569923,-15.992798
tamtam,Tamtam,3,2,167.673002,-15.751014
barat-timur-indonesia-1-bti-1,Barat Timur Indonesia-1 (BTI-1),0,0,104.102954,1.196511
barat-timur-indonesia-1-bti-1,Barat Timur Indonesia-1 (BTI-1),0,1,104.2879,1.215597
barat-timur-indonesia-1-bti-1,Barat Timur Indonesia-1 (BTI-1),0,2,104.625,1.271658
barat-timur-indonesia-1-bti-1,Barat Timur Indonesia-1 (BTI-1),0,3,104.85,1.299726
barat-timur-indonesia-1-bti-1,Barat Timur Indonesia-1 (BTI-1),0,4,105.3,0.681072
barat-timur-indonesia-1-bti-1,Barat Timur Indonesia-1 (BTI-1),0,5,106.312499,-0.331409
barat-timur-indonesia-1-bti-1,Barat Timur Indonesia-1 (BTI-1),0,6,106.766499,-2.130918
barat-timur-indonesia-1-bti-1,Barat Timur Indonesia-1 (BTI-1),0,7,106.959373,-3.029996
barat-timur-indonesia-1-bti-1,Barat Timur Indonesia-1 (BTI-1),0,8,106.874999,-4.601454
barat-timur-indonesia-1-bti-1,Barat Timur Indonesia-1 (BTI-1),0,9,106.818749,-5.273944
barat-timur-indonesia-1-bti-1,Barat Timur Indonesia-1 (BTI-1),0,10,107.120897,-5.981254
barat-timur-indonesia-1-bti-1,Barat Timur Indonesia-1 (BTI-1),1,0,107.120897,-5.981254
barat-timur-indonesia-1-bti-1,Barat Timur Indonesia-1 (BTI-1),1,1,107.887498,-5.273944
barat-timur-indonesia-1-bti-1,Barat Timur Indonesia-1 (BTI-1),1,2,108.899997,-5.124562
barat-timur-indonesia-1-bti-1,Barat Timur Indonesia-1 (BTI-1),1,3,112.049995,-5.273944
barat-timur-indonesia-1-bti-1,Barat Timur Indonesia-1 (BTI-1),1,4,114.574813,-5.385958
barat-timur-indonesia-1-bti-1,Barat Timur Indonesia-1 (BTI-1),1,5,117.033101,-4.179996
barat-timur-indonesia-1-bti-1,Barat Timur Indonesia-1 (BTI-1),1,6,117.824991,-2.730375
barat-timur-indonesia-1-bti-1,Barat Timur Indonesia-1 (BTI-1),1,7,118.076897,-1.515334
barat-timur-indonesia-1-bti-1,Barat Timur Indonesia-1 (BTI-1),1,8,118.99128,-0.810555
barat-timur-indonesia-1-bti-1,Barat Timur Indonesia-1 (BTI-1),1,9,119.699989,0.568579
barat-timur-indonesia-1-bti-1,Barat Timur Indonesia-1 (BTI-1),1,10,119.924989,1.018534
barat-timur-indonesia-1-bti-1,Barat Timur Indonesia-1 (BTI-1),1,11,120.599989,1.468427
barat-timur-indonesia-1-bti-1,Barat Timur Indonesia-1 (BTI-1),1,12,121.499988,1.730824
barat-timur-indonesia-1-bti-1,Barat Timur Indonesia-1 (BTI-1),1,13,124.199986,1.805788
barat-timur-indonesia-1-bti-1,Barat Timur Indonesia-1 (BTI-1),1,14,124.839626,1.490818
barat-timur-indonesia-1-bti-1,Barat Timur Indonesia-1 (BTI-1),2,0,118.076897,-1.515334
barat-timur-indonesia-1-bti-1,Barat Timur Indonesia-1 (BTI-1),2,1,117.851906,-1.627791
barat-timur-indonesia-1-bti-1,Barat Timur Indonesia-1 (BTI-1),2,2,117.081241,-1.459103
barat-timur-indonesia-1-bti-1,Barat Timur Indonesia-1 (BTI-1),2,3,116.831291,-1.26539
barat-timur-indonesia-1-bti-1,Barat Timur Indonesia-1 (BTI-1),3,0,117.033101,-4.179996
barat-timur-indonesia-1-bti-1,Barat Timur Indonesia-1 (BTI-1),3,1,117.449991,-4.264964
barat-timur-indonesia-1-bti-1,Barat Timur Indonesia-1 (BTI-1),3,2,118.79999,-4.825692
barat-timur-indonesia-1-bti-1,Barat Timur Indonesia-1 (BTI-1),3,3,119.41239,-5.15218
barat-timur-indonesia-1-bti-1,Barat Timur Indonesia-1 (BTI-1),4,0,114.574813,-5.385958
barat-timur-indonesia-1-bti-1,Barat Timur Indonesia-1 (BTI-1),4,1,113.344694,-5.945707
barat-timur-indonesia-1-bti-1,Barat Timur Indonesia-1 (BTI-1),4,2,112.949994,-6.393099
barat-timur-indonesia-1-bti-1,Barat Timur Indonesia-1 (BTI-1),4,3,112.837494,-6.616651
barat-timur-indonesia-1-bti-1,Barat Timur Indonesia-1 (BTI-1),4,4,112.652388,-7.165176
jeju-udo,Jeju-Udo,0,0,126.95575,33.505336
jeju-udo,Jeju-Udo,0,1,126.909308,33.441572
domestic-submarine-cable-of-maldives-dscom,Domestic Submarine Cable of Maldives (DSCoM),0,0,73.275066,5.662178
domestic-submarine-cable-of-maldives-dscom,Domestic Submarine Cable of Maldives (DSCoM),0,1,73.041363,5.62927
domestic-submarine-cable-of-maldives-dscom,Domestic Submarine Cable of Maldives (DSCoM),0,2,73.125022,5.435414
domestic-submarine-cable-of-maldives-dscom,Domestic Submarine Cable of Maldives (DSCoM),0,3,73.125022,5.211384
domestic-submarine-cable-of-maldives-dscom,Domestic Submarine Cable of Maldives (DSCoM),0,4,73.070782,5.103264
domestic-submarine-cable-of-maldives-dscom,Domestic Submarine Cable of Maldives (DSCoM),1,0,73.540272,4.211914
domestic-submarine-cable-of-maldives-dscom,Domestic Submarine Cable of Maldives (DSCoM),1,1,73.631272,4.164913
domestic-submarine-cable-of-maldives-dscom,Domestic Submarine Cable of Maldives (DSCoM),1,2,73.631272,4.052702
domestic-submarine-cable-of-maldives-dscom,Domestic Submarine Cable of Maldives (DSCoM),1,3,73.489458,3.940896
domestic-submarine-cable-of-maldives-dscom,Domestic Submarine Cable of Maldives (DSCoM),2,0,72.955653,3.608067
domestic-submarine-cable-of-maldives-dscom,Domestic Submarine Cable of Maldives (DSCoM),2,1,72.83631,3.472925
domestic-submarine-cable-of-maldives-dscom,Domestic Submarine Cable of Maldives (DSCoM),2,2,72.752323,3.27608
domestic-submarine-cable-of-maldives-dscom,Domestic Submarine Cable of Maldives (DSCoM),2,3,72.752323,2.939077
domestic-submarine-cable-of-maldives-dscom,Domestic Submarine Cable of Maldives (DSCoM),2,4,72.893295,2.670854
nome-to-homer-express-nthe,Nome to Homer Express (NTHE),0,0,-164.597922,62.776216
nome-to-homer-express-nthe,Nome to Homer Express (NTHE),0,1,-164.924809,62.600432
nome-to-homer-express-nthe,Nome to Homer Express (NTHE),0,2,-165.599808,62.47072
nome-to-homer-express-nthe,Nome to Homer Express (NTHE),0,3,-166.499808,61.946197
nome-to-homer-express-nthe,Nome to Homer Express (NTHE),0,4,-166.499808,61.087845
nome-to-homer-express-nthe,Nome to Homer Express (NTHE),0,5,-165.824808,60.649723
nome-to-homer-express-nthe,Nome to Homer Express (NTHE),0,6,-165.374809,60.205561
nome-to-homer-express-nthe,Nome to Homer Express (NTHE),0,7,-162.78731,58.661187
nome-to-homer-express-nthe,Nome to Homer Express (NTHE),0,8,-162.112311,58.367403
nome-to-homer-express-nthe,Nome to Homer Express (NTHE),0,9,-161.774811,58.308351
nome-to-homer-express-nthe,Nome to Homer Express (NTHE),0,10,-159.299813,58.130602
nome-to-homer-express-nthe,Nome to Homer Express (NTHE),0,11,-158.399814,58.2492
nome-to-homer-express-nthe,Nome to Homer Express (NTHE),0,12,-157.612314,58.602627
nome-to-homer-express-nthe,Nome to Homer Express (NTHE),0,13,-157.012666,58.732119
nome-to-homer-express-nthe,Nome to Homer Express (NTHE),1,0,-155.886297,59.330386
nome-to-homer-express-nthe,Nome to Homer Express (NTHE),1,1,-155.776376,59.38733
nome-to-homer-express-nthe,Nome to Homer Express (NTHE),1,2,-155.264956,59.49093
nome-to-homer-express-nthe,Nome to Homer Express (NTHE),1,3,-154.647377,59.667806
nome-to-homer-express-nthe,Nome to Homer Express (NTHE),1,4,-154.392007,59.71199
nome-to-homer-express-nthe,Nome to Homer Express (NTHE),1,5,-154.245127,59.715929
nome-to-homer-express-nthe,Nome to Homer Express (NTHE),1,6,-154.123257,59.726169
nome-to-homer-express-nthe,Nome to Homer Express (NTHE),1,7,-154.035757,59.748218
nome-to-homer-express-nthe,Nome to Homer Express (NTHE),1,8,-153.954507,59.771825
nome-to-homer-express-nthe,Nome to Homer Express (NTHE),1,9,-153.880493,59.776099
nome-to-homer-express-nthe,Nome to Homer Express (NTHE),2,0,-153.632155,59.682359
nome-to-homer-express-nthe,Nome to Homer Express (NTHE),2,1,-153.562952,59.635537
nome-to-homer-express-nthe,Nome to Homer Express (NTHE),2,2,-153.517002,59.618078
nome-to-homer-express-nthe,Nome to Homer Express (NTHE),2,3,-152.999817,59.622822
nome-to-homer-express-nthe,Nome to Homer Express (NTHE),2,4,-152.099818,59.651255
nome-to-homer-express-nthe,Nome to Homer Express (NTHE),2,5,-151.549399,59.6425
nome-to-homer-express-nthe,Nome to Homer Express (NTHE),3,0,-165.406399,64.501111
nome-to-homer-express-nthe,Nome to Homer Express (NTHE),3,1,-165.599808,64.31739
nome-to-homer-express-nthe,Nome to Homer Express (NTHE),3,2,-165.712308,63.088207
nome-to-homer-express-nthe,Nome to Homer Express (NTHE),3,3,-165.599808,62.47072
nome-to-homer-express-nthe,Nome to Homer Express (NTHE),4,0,-166.495998,61.518859
nome-to-homer-express-nthe,Nome to Homer Express (NTHE),4,1,-166.198877,61.518859
mercator,Mercator,0,0,1.440972,51.358595
mercator,Mercator,0,1,1.800052,51.376676
mercator,Mercator,0,2,2.475052,51.376676
mercator,Mercator,0,3,2.912751,51.231244
iceni,Iceni,0,0,1.693552,52.715217
iceni,Iceni,0,1,2.250052,52.782346
iceni,Iceni,0,2,3.150051,52.782346
iceni,Iceni,0,3,4.05005,52.918223
iceni,Iceni,0,4,4.70075,52.836929
tam-1,TAM-1,0,0,-80.394251,27.638732
tam-1,TAM-1,0,1,-79.649869,27.264712
tam-1,TAM-1,0,2,-79.19987,26.86399
tam-1,TAM-1,0,3,-78.86237,26.763587
tam-1,TAM-1,0,4,-77.849871,27.164666
tam-1,TAM-1,0,5,-77.399871,27.06453
tam-1,TAM-1,0,6,-76.949871,26.562513
tam-1,TAM-1,0,7,-76.606171,26.116791
tam-1,TAM-1,0,8,-76.240642,25.700526
tam-1,TAM-1,0,9,-73.349874,23.917101
tam-1,TAM-1,0,10,-70.199876,22.145639
tam-1,TAM-1,0,11,-68.849877,21.30959
tam-1,TAM-1,0,12,-67.499878,20.375041
tam-1,TAM-1,0,13,-66.487379,19.104405
tam-1,TAM-1,0,14,-65.924879,18.838433
tam-1,TAM-1,1,0,-65.924879,18.838433
tam-1,TAM-1,1,1,-65.323986,18.624081
tam-1,TAM-1,1,2,-65.19363,18.251816
tam-1,TAM-1,1,3,-64.88053,17.753368
tam-1,TAM-1,2,0,-66.106669,18.466104
tam-1,TAM-1,2,1,-66.037329,18.678647
tam-1,TAM-1,2,2,-65.924879,18.838433
tam-1,TAM-1,3,0,-85.949865,21.635297
tam-1,TAM-1,3,1,-86.512364,21.268826
tam-1,TAM-1,3,2,-86.767566,21.095663
tam-1,TAM-1,4,0,-80.160169,26.010549
tam-1,TAM-1,4,1,-80.099869,25.348717
tam-1,TAM-1,4,2,-80.774869,24.737178
tam-1,TAM-1,4,3,-80.999868,24.532658
tam-1,TAM-1,4,4,-83.249867,24.532658
tam-1,TAM-1,4,5,-84.824866,23.50509
tam-1,TAM-1,4,6,-85.949865,21.635297
tam-1,TAM-1,4,7,-86.287365,20.375041
tam-1,TAM-1,4,8,-87.074864,18.251816
tam-1,TAM-1,4,9,-87.974863,16.534196
tam-1,TAM-1,4,10,-88.312363,16.102326
tam-1,TAM-1,4,11,-88.597165,15.727179
tam-1,TAM-1,5,0,-87.974863,16.534196
tam-1,TAM-1,5,1,-87.862364,16.102326
tam-1,TAM-1,5,2,-87.946156,15.844982
tam-1,TAM-1,6,0,-70.199876,22.145639
tam-1,TAM-1,6,1,-71.549875,21.425998
tam-1,TAM-1,6,2,-73.349874,20.796306
tam-1,TAM-1,6,3,-74.137373,19.952623
tam-1,TAM-1,6,4,-74.699873,19.316876
tam-1,TAM-1,6,5,-75.149873,18.251816
tam-1,TAM-1,6,6,-75.937372,17.395023
tam-1,TAM-1,6,7,-78.29987,11.955858
tam-1,TAM-1,6,8,-79.649869,9.967915
tam-1,TAM-1,6,9,-79.753479,9.437722
tam-1,TAM-1,7,0,-78.29987,11.955858
tam-1,TAM-1,7,1,-75.374872,11.331481
tam-1,TAM-1,7,2,-74.779753,10.940446
tam-1,TAM-1,8,0,-79.649869,9.967915
tam-1,TAM-1,8,1,-82.349867,10.078698
tam-1,TAM-1,8,2,-83.037659,9.988598
cross-sound-cable,Cross Sound Cable,0,0,-72.924983,41.30713
cross-sound-cable,Cross Sound Cable,0,1,-72.877024,41.146383
cross-sound-cable,Cross Sound Cable,0,2,-72.909218,40.96082
tautira-teahupoo,Tautira-Teahupo'o,0,0,-149.177035,-17.771816
tautira-teahupoo,Tautira-Teahupo'o,0,1,-149.112571,-17.830192
tautira-teahupoo,Tautira-Teahupo'o,0,2,-149.121695,-17.913888
tautira-teahupoo,Tautira-Teahupo'o,0,3,-149.242256,-17.937194
tautira-teahupoo,Tautira-Teahupo'o,0,4,-149.248565,-17.849433
whidbey-island-seattle,Whidbey Island-Seattle,0,0,-122.443293,47.938516
whidbey-island-seattle,Whidbey Island-Seattle,0,1,-122.469184,47.903079
whidbey-island-seattle,Whidbey Island-Seattle,0,2,-122.441054,47.827605
whidbey-island-seattle,Whidbey Island-Seattle,0,3,-122.412931,47.714189
whidbey-island-seattle,Whidbey Island-Seattle,0,4,-122.329439,47.60356
whidbey-island-everett,Whidbey Island-Everett,0,0,-122.357431,47.97947
whidbey-island-everett,Whidbey Island-Everett,0,1,-122.206419,47.976575
whidbey-island-hat-island,Whidbey Island-Hat Island,0,0,-122.319803,48.01359
whidbey-island-hat-island,Whidbey Island-Hat Island,0,1,-122.357431,47.97947
whidbey-island-camano-island,Whidbey Island-Camano Island,0,0,-122.509726,48.14223
whidbey-island-camano-island,Whidbey Island-Camano Island,0,1,-122.57371,48.098654
israel-coasting-1-ic-1,Israel Coasting 1 (IC-1),0,0,35.106362,33.036463
israel-coasting-1-ic-1,Israel Coasting 1 (IC-1),0,1,34.987549,32.938297
israel-coasting-1-ic-1,Israel Coasting 1 (IC-1),0,2,34.998747,32.811596
israel-coasting-1-ic-1,Israel Coasting 1 (IC-1),0,3,34.8188,32.623017
israel-coasting-1-ic-1,Israel Coasting 1 (IC-1),0,4,34.8188,32.433313
israel-coasting-1-ic-1,Israel Coasting 1 (IC-1),0,5,34.871975,32.343948
israel-coasting-1-ic-1,Israel Coasting 1 (IC-1),0,6,34.790675,32.274922
israel-coasting-1-ic-1,Israel Coasting 1 (IC-1),0,7,34.844679,32.162413
israel-coasting-1-ic-1,Israel Coasting 1 (IC-1),0,8,34.76255,32.132132
israel-coasting-1-ic-1,Israel Coasting 1 (IC-1),0,9,34.769665,32.045043
israel-coasting-1-ic-1,Israel Coasting 1 (IC-1),0,10,34.734425,32.01297
israel-coasting-1-ic-1,Israel Coasting 1 (IC-1),0,11,34.78511,31.977829
israel-coasting-1-ic-1,Israel Coasting 1 (IC-1),0,12,34.53755,31.798087
israel-coasting-1-ic-1,Israel Coasting 1 (IC-1),0,13,34.556015,31.66951
israel-coasting-1-ic-1,Israel Coasting 1 (IC-1),1,0,34.99874,32.811596
israel-coasting-1-ic-1,Israel Coasting 1 (IC-1),1,1,34.76255,32.623017
israel-coasting-1-ic-1,Israel Coasting 1 (IC-1),1,2,34.65005,32.24321
israel-coasting-1-ic-1,Israel Coasting 1 (IC-1),1,3,34.7063,32.132132
israel-coasting-1-ic-1,Israel Coasting 1 (IC-1),1,4,34.769658,32.045043
israel-coasting-1-ic-1,Israel Coasting 1 (IC-1),1,5,34.7063,32.036815
israel-coasting-1-ic-1,Israel Coasting 1 (IC-1),1,6,34.53755,31.989119
israel-coasting-1-ic-1,Israel Coasting 1 (IC-1),1,7,34.4813,31.798087
israel-coasting-1-ic-1,Israel Coasting 1 (IC-1),1,8,34.556008,31.66951
zayo-festoon,Zayo Festoon,0,0,-120.662552,35.285427
zayo-festoon,Zayo Festoon,0,1,-120.93734,35.082923
zayo-festoon,Zayo Festoon,0,2,-121.04984,34.806273
zayo-festoon,Zayo Festoon,0,3,-120.59984,34.25018
zayo-festoon,Zayo Festoon,0,4,-119.924841,34.25018
zayo-festoon,Zayo Festoon,0,5,-119.698872,34.419255
zayo-festoon,Zayo Festoon,0,6,-119.699841,34.157138
zayo-festoon,Zayo Festoon,0,7,-119.249841,33.970745
zayo-festoon,Zayo Festoon,0,8,-118.799842,33.986294
zayo-festoon,Zayo Festoon,0,9,-118.245354,34.053397
fish-south,FISH South,0,0,-145.754673,60.542748
fish-south,FISH South,0,1,-145.968573,60.483873
fish-south,FISH South,0,2,-146.024822,60.4284
fish-south,FISH South,0,3,-145.799822,60.205561
fish-south,FISH South,0,4,-144.562323,59.69859
fish-south,FISH South,0,5,-142.649825,59.755303
fish-south,FISH South,0,6,-141.524826,59.527871
fish-south,FISH South,0,7,-140.062327,59.527871
fish-south,FISH South,0,8,-139.499827,58.719649
fish-south,FISH South,0,9,-137.699828,58.130602
fish-south,FISH South,0,10,-136.55056,58.139186
fish-south,FISH South,0,11,-136.47756,58.211281
fish-south,FISH South,0,12,-136.39207,58.244911
fish-south,FISH South,0,13,-136.28406,58.25896
fish-south,FISH South,0,14,-136.11301,58.271495
fish-south,FISH South,0,15,-135.986991,58.297575
fish-south,FISH South,0,16,-135.883471,58.314098
fish-south,FISH South,0,17,-135.769611,58.330713
fish-south,FISH South,0,18,-135.631861,58.328377
fish-south,FISH South,0,19,-135.545871,58.299934
fish-south,FISH South,0,20,-135.447491,58.257987
fish-south,FISH South,0,21,-135.352371,58.193092
fish-south,FISH South,0,22,-135.271311,58.169356
fish-south,FISH South,0,23,-135.17493,58.14952
fish-south,FISH South,0,24,-135.063891,58.157144
fish-south,FISH South,0,25,-134.972969,58.36551
fish-south,FISH South,0,26,-134.972195,58.428991
fish-south,FISH South,0,27,-134.923271,58.436045
fish-south,FISH South,0,28,-134.843191,58.397456
fish-south,FISH South,0,29,-134.760471,58.331404
fish-south,FISH South,0,30,-134.701391,58.324762
fish-south,FISH South,0,31,-134.603152,58.341682
fish-south,FISH South,0,32,-134.542212,58.333661
fish-south,FISH South,0,33,-134.406862,58.299577
fish-south,FISH South,1,0,-135.352371,58.193092
fish-south,FISH South,1,1,-135.433805,58.111922
fish-south,FISH South,2,0,-135.769611,58.330713
fish-south,FISH South,2,1,-135.720826,58.417858
fish-south,FISH South,3,0,-136.55056,58.139186
fish-south,FISH South,3,1,-136.462329,58.10089
fish-south,FISH South,3,2,-136.349829,58.041393
fish-south,FISH South,3,3,-136.22857,57.960741
fish-south,FISH South,4,0,-140.062327,59.527871
fish-south,FISH South,4,1,-139.949827,59.584874
fish-south,FISH South,4,2,-139.837327,59.584874
fish-south,FISH South,4,3,-139.673486,59.545762
patara-2,Patara-2,0,0,130.857602,-0.383358
patara-2,Patara-2,0,1,131.046708,-0.499976
patara-2,Patara-2,0,2,131.275917,-0.474389
patara-2,Patara-2,0,3,131.532164,-0.224827
patara-2,Patara-2,0,4,132.299981,0.006089
patara-2,Patara-2,0,5,134.549979,-0.106411
patara-2,Patara-2,0,6,135.449978,-0.500155
patara-2,Patara-2,0,7,135.638552,-0.729536
patara-2,Patara-2,1,0,134.549979,-0.106411
patara-2,Patara-2,1,1,134.437479,-0.443907
patara-2,Patara-2,1,2,134.324979,-0.668896
patara-2,Patara-2,1,3,134.061989,-0.861458
nuvem,Nuvem,0,0,-64.65918,32.361577
nuvem,Nuvem,0,1,-64.57488,32.24321
nuvem,Nuvem,0,2,-64.46238,32.052708
nuvem,Nuvem,1,0,-26.224907,37.569974
nuvem,Nuvem,1,1,-25.874907,38.299521
nuvem,Nuvem,1,2,-25.199908,38.827311
nuvem,Nuvem,1,3,-23.399909,38.827311
nuvem,Nuvem,1,4,-13.949916,38.299521
nuvem,Nuvem,1,5,-10.349918,38.12273
nuvem,Nuvem,1,6,-8.869597,37.957215
nuvem,Nuvem,2,0,-26.224907,37.569974
nuvem,Nuvem,2,1,-25.874907,37.500588
nuvem,Nuvem,2,2,-25.668708,37.739605
nuvem,Nuvem,3,0,-78.88267,33.693558
nuvem,Nuvem,3,1,-78.266537,33.4717
nuvem,Nuvem,3,2,-69.299877,32.179754
nuvem,Nuvem,3,3,-64.46238,32.052708
nuvem,Nuvem,3,4,-62.099882,32.052708
nuvem,Nuvem,3,5,-50.39989,33.565491
nuvem,Nuvem,3,6,-39.549898,35.215791
nuvem,Nuvem,3,7,-26.224907,37.569974
tko-connect,TKO Connect,0,0,114.258683,22.318293
tko-connect,TKO Connect,0,1,114.243743,22.29607
tko-connect,TKO Connect,0,2,114.239357,22.26885
tko-connect,TKO Connect,1,0,114.258683,22.318293
tko-connect,TKO Connect,1,1,114.257811,22.29607
tko-connect,TKO Connect,1,2,114.239357,22.26885
airraq,Airraq,0,0,-162.224811,58.778013
airraq,Airraq,0,1,-162.337311,59.298894
airraq,Airraq,0,2,-162.281061,59.527871
airraq,Airraq,0,3,-162.337311,59.755303
airraq,Airraq,0,4,-162.281061,60.09357
airraq,Airraq,0,5,-162.252936,60.205561
airraq,Airraq,0,6,-162.032481,60.219705
airraq,Airraq,1,0,-158.508796,59.044985
airraq,Airraq,1,1,-158.512313,58.952517
airraq,Airraq,1,2,-158.624813,58.836279
airraq,Airraq,1,3,-158.512313,58.543969
airraq,Airraq,1,4,-158.624813,58.367403
airraq,Airraq,1,5,-159.299813,58.2492
airraq,Airraq,1,6,-161.099812,58.367403
airraq,Airraq,1,7,-161.324811,58.396892
airraq,Airraq,1,8,-161.774811,58.426357
airraq,Airraq,1,9,-162.112311,58.485212
airraq,Airraq,1,10,-162.337311,58.661187
airraq,Airraq,1,11,-162.224811,58.778013
airraq,Airraq,1,12,-161.999811,58.894447
airraq,Airraq,1,13,-161.710689,58.985887
airraq,Airraq,2,0,-161.324811,58.396892
airraq,Airraq,2,1,-161.224812,58.654685
airraq,Airraq,2,2,-161.056062,58.771533
airraq,Airraq,2,3,-160.831062,58.800683
airraq,Airraq,2,4,-160.718562,58.858911
airraq,Airraq,2,5,-160.493563,58.975074
airraq,Airraq,2,6,-160.402163,59.072175
airraq,Airraq,3,0,-162.286098,59.507429
airraq,Airraq,3,1,-162.061104,59.697174
airraq,Airraq,3,2,-161.912442,59.751831
javali,JAVALI,0,0,114.097163,-8.615167
javali,JAVALI,0,1,114.412493,-8.836169
javali,JAVALI,0,2,114.974993,-8.836169
javali,JAVALI,0,3,115.159853,-8.783705
jalapati,Jalapati,0,0,114.310393,-8.448028
jalapati,Jalapati,0,1,114.470743,-8.373315
jalapati,Jalapati,0,2,114.527293,-8.29458
fish-north,FISH North,0,0,-146.353433,61.130356
fish-north,FISH North,0,1,-146.553143,61.09714
fish-north,FISH North,0,2,-146.645143,61.061417
fish-north,FISH North,0,3,-146.773013,60.955723
fish-north,FISH North,0,4,-146.818873,60.849585
fish-north,FISH North,0,5,-146.775987,60.690596
fish-north,FISH North,0,6,-146.474822,60.649723
fish-north,FISH North,0,7,-146.024822,60.621159
fish-north,FISH North,0,8,-145.799822,60.635934
fish-north,FISH North,0,9,-145.771697,60.635934
fish-north,FISH North,0,10,-145.754674,60.542748
sydney-melbourne-adelaide-perth-smap,Sydney-Melbourne-Adelaide-Perth (SMAP),0,0,151.207037,-33.869696
sydney-melbourne-adelaide-perth-smap,Sydney-Melbourne-Adelaide-Perth (SMAP),0,1,151.573793,-34.826982
sydney-melbourne-adelaide-perth-smap,Sydney-Melbourne-Adelaide-Perth (SMAP),0,2,150.499968,-37.942454
sydney-melbourne-adelaide-perth-smap,Sydney-Melbourne-Adelaide-Perth (SMAP),0,3,149.399968,-38.817824
sydney-melbourne-adelaide-perth-smap,Sydney-Melbourne-Adelaide-Perth (SMAP),0,4,147.59997,-39.341801
sydney-melbourne-adelaide-perth-smap,Sydney-Melbourne-Adelaide-Perth (SMAP),0,5,146.249971,-39.688953
sydney-melbourne-adelaide-perth-smap,Sydney-Melbourne-Adelaide-Perth (SMAP),0,6,144.449972,-39.515594
sydney-melbourne-adelaide-perth-smap,Sydney-Melbourne-Adelaide-Perth (SMAP),0,7,143.999972,-39.341801
sydney-melbourne-adelaide-perth-smap,Sydney-Melbourne-Adelaide-Perth (SMAP),0,8,142.199974,-39.341801
sydney-melbourne-adelaide-perth-smap,Sydney-Melbourne-Adelaide-Perth (SMAP),0,9,140.399975,-38.992915
sydney-melbourne-adelaide-perth-smap,Sydney-Melbourne-Adelaide-Perth (SMAP),0,10,134.850858,-37.394785
sydney-melbourne-adelaide-perth-smap,Sydney-Melbourne-Adelaide-Perth (SMAP),0,11,127.092562,-36.741418
sydney-melbourne-adelaide-perth-smap,Sydney-Melbourne-Adelaide-Perth (SMAP),0,12,119.550185,-36.26084
sydney-melbourne-adelaide-perth-smap,Sydney-Melbourne-Adelaide-Perth (SMAP),0,13,115.44677,-36.09925
sydney-melbourne-adelaide-perth-smap,Sydney-Melbourne-Adelaide-Perth (SMAP),0,14,113.828214,-34.6113
sydney-melbourne-adelaide-perth-smap,Sydney-Melbourne-Adelaide-Perth (SMAP),0,15,113.828214,-33.061829
sydney-melbourne-adelaide-perth-smap,Sydney-Melbourne-Adelaide-Perth (SMAP),0,16,115.857312,-31.953441
sydney-melbourne-adelaide-perth-smap,Sydney-Melbourne-Adelaide-Perth (SMAP),1,0,144.449972,-39.515594
sydney-melbourne-adelaide-perth-smap,Sydney-Melbourne-Adelaide-Perth (SMAP),1,1,144.449972,-38.817824
sydney-melbourne-adelaide-perth-smap,Sydney-Melbourne-Adelaide-Perth (SMAP),1,2,144.326912,-38.329156
sydney-melbourne-adelaide-perth-smap,Sydney-Melbourne-Adelaide-Perth (SMAP),2,0,143.999972,-39.341801
sydney-melbourne-adelaide-perth-smap,Sydney-Melbourne-Adelaide-Perth (SMAP),2,1,144.224972,-38.817824
sydney-melbourne-adelaide-perth-smap,Sydney-Melbourne-Adelaide-Perth (SMAP),2,2,144.326912,-38.329156
sydney-melbourne-adelaide-perth-smap,Sydney-Melbourne-Adelaide-Perth (SMAP),3,0,134.850858,-37.394785
sydney-melbourne-adelaide-perth-smap,Sydney-Melbourne-Adelaide-Perth (SMAP),3,1,135.899978,-36.018803
sydney-melbourne-adelaide-perth-smap,Sydney-Melbourne-Adelaide-Perth (SMAP),3,2,136.349978,-35.653993
sydney-melbourne-adelaide-perth-smap,Sydney-Melbourne-Adelaide-Perth (SMAP),3,3,137.699977,-35.28751
sydney-melbourne-adelaide-perth-smap,Sydney-Melbourne-Adelaide-Perth (SMAP),3,4,138.599886,-34.926102
ulleung-mainland-2,Ulleung-Mainland 2,0,0,129.338733,37.175143
ulleung-mainland-2,Ulleung-Mainland 2,0,1,129.599982,37.172617
ulleung-mainland-2,Ulleung-Mainland 2,0,2,130.499982,37.351688
ulleung-mainland-2,Ulleung-Mainland 2,0,3,130.893277,37.489321
jeju-mainland-3,Jeju-Mainland 3,0,0,128.027435,34.728359
jeju-mainland-3,Jeju-Mainland 3,0,1,127.799984,34.312152
jeju-mainland-3,Jeju-Mainland 3,0,2,127.349984,33.783943
jeju-mainland-3,Jeju-Mainland 3,0,3,127.124984,33.502975
jeju-mainland-3,Jeju-Mainland 3,0,4,126.909308,33.441569
jeju-mainland-2,Jeju-Mainland 2,0,0,127.285993,34.609402
jeju-mainland-2,Jeju-Mainland 2,0,1,127.265609,34.45142
jeju-mainland-2,Jeju-Mainland 2,0,2,127.124984,33.783943
jeju-mainland-2,Jeju-Mainland 2,0,3,126.909308,33.441569
yuza-tobishima,Yuza-Tobishima,0,0,139.548995,39.195005
yuza-tobishima,Yuza-Tobishima,0,1,139.837475,39.031515
yuza-tobishima,Yuza-Tobishima,0,2,139.909635,39.020996
yui,YUI,0,0,124.245096,24.388365
yui,YUI,0,1,125.099986,24.007057
yui,YUI,0,2,125.774985,24.0199
yui,YUI,0,3,127.687484,25.551883
yui,YUI,0,4,127.799984,25.855985
yui,YUI,0,5,127.680804,26.212369
yui,YUI,1,0,125.299985,24.79462
yui,YUI,1,1,125.437485,25.179152
yui,YUI,1,2,126.337485,26.260241
yui,YUI,1,3,126.747384,26.348765
beaufort,Beaufort,0,0,-6.584106,52.174892
beaufort,Beaufort,0,1,-5.849925,51.805409
beaufort,Beaufort,0,2,-5.377267,51.763777
beaufort,Beaufort,0,3,-5.125215,51.855732
tpu,TPU,0,0,120.912815,22.438109
tpu,TPU,0,1,122.873024,20.789875
tpu,TPU,0,2,131.423018,18.352094
tpu,TPU,0,3,138.623013,16.635423
tpu,TPU,0,4,144.473009,14.685706
tpu,TPU,0,5,145.206258,14.576854
tpu,TPU,0,6,145.543758,14.467948
tpu,TPU,0,7,146.273007,14.685706
tpu,TPU,0,8,151.223004,17.0661
tpu,TPU,0,9,160.222997,20.614482
tpu,TPU,0,10,179.999947,25.579505
tpu,TPU,1,0,145.543758,14.467948
tpu,TPU,1,1,145.373008,13.758777
tpu,TPU,1,2,144.923008,13.540132
tpu,TPU,1,3,144.809542,13.549094
tpu,TPU,2,0,-179.976764,25.579505
tpu,TPU,2,1,-172.776773,28.781328
tpu,TPU,2,2,-163.776773,32.648803
tpu,TPU,2,3,-151.176782,36.356003
tpu,TPU,2,4,-124.136523,40.883157
tpu,TPU,3,0,122.873024,20.789875
tpu,TPU,3,1,121.748025,19.34577
tpu,TPU,3,2,121.105415,18.706298
tpu,TPU,4,0,145.206258,14.576854
tpu,TPU,4,1,145.421865,14.850056
tpu,TPU,4,2,145.637471,15.011508
sihanoukville-hong-kong-shv-hk,Sihanoukville-Hong Kong (SHV-HK),0,0,103.506729,10.629948
sihanoukville-hong-kong-shv-hk,Sihanoukville-Hong Kong (SHV-HK),0,1,103.837501,9.524411
sihanoukville-hong-kong-shv-hk,Sihanoukville-Hong Kong (SHV-HK),0,2,104.4,8.190543
sihanoukville-hong-kong-shv-hk,Sihanoukville-Hong Kong (SHV-HK),0,3,105.3,7.967777
sihanoukville-hong-kong-shv-hk,Sihanoukville-Hong Kong (SHV-HK),0,4,107.999998,8.746907
sihanoukville-hong-kong-shv-hk,Sihanoukville-Hong Kong (SHV-HK),0,5,109.124997,9.967915
sihanoukville-hong-kong-shv-hk,Sihanoukville-Hong Kong (SHV-HK),0,6,110.024996,12.615396
sihanoukville-hong-kong-shv-hk,Sihanoukville-Hong Kong (SHV-HK),0,7,112.724994,18.251816
sihanoukville-hong-kong-shv-hk,Sihanoukville-Hong Kong (SHV-HK),0,8,113.174994,20.796306
sihanoukville-hong-kong-shv-hk,Sihanoukville-Hong Kong (SHV-HK),0,9,114.258683,22.318293
american-1,AmeriCan-1,0,0,-123.05676,48.98868
american-1,AmeriCan-1,0,1,-122.962339,48.766067
american-1,AmeriCan-1,0,2,-123.24359,48.654714
american-1,AmeriCan-1,0,3,-123.24359,48.580343
american-1,AmeriCan-1,0,4,-123.299838,48.505861
american-1,AmeriCan-1,0,5,-123.367252,48.520397
american-1,AmeriCan-1,1,0,-123.414638,48.43012
american-1,AmeriCan-1,1,1,-123.074839,48.35657
american-1,AmeriCan-1,1,2,-122.647151,48.290598
american-1,AmeriCan-1,2,0,-122.647151,48.290598
american-1,AmeriCan-1,2,1,-122.793589,48.275514
american-1,AmeriCan-1,2,2,-122.793589,48.23807
american-1,AmeriCan-1,2,3,-122.637934,48.110061
american-1,AmeriCan-1,2,4,-122.609814,48.03489
american-1,AmeriCan-1,2,5,-122.553554,47.959608
american-1,AmeriCan-1,2,6,-122.497304,47.903079
american-1,AmeriCan-1,2,7,-122.46918,47.827605
american-1,AmeriCan-1,2,8,-122.441054,47.714189
american-1,AmeriCan-1,2,9,-122.329439,47.60356
anjana,Anjana,0,0,-78.88267,33.693558
anjana,Anjana,0,1,-78.266537,33.565491
anjana,Anjana,0,2,-76.949871,33.565491
anjana,Anjana,0,3,-62.099882,34.683018
anjana,Anjana,0,4,-50.39989,36.331338
anjana,Anjana,0,5,-39.599898,39.002379
anjana,Anjana,0,6,-23.399909,43.401145
anjana,Anjana,0,7,-16.199914,45.013834
anjana,Anjana,0,8,-9.899919,45.960245
anjana,Anjana,0,9,-5.849922,45.331071
anjana,Anjana,0,10,-4.724922,44.694829
anjana,Anjana,0,11,-3.810013,43.461499
sunoque-ii,Sunoque II,0,0,-69.083599,48.739357
sunoque-ii,Sunoque II,0,1,-68.849877,48.580343
sunoque-ii,Sunoque II,0,2,-68.709311,48.372789
sunoque-i,Sunoque I,0,0,-68.152482,49.22104
sunoque-i,Sunoque I,0,1,-68.399877,48.803129
sunoque-i,Sunoque I,0,2,-68.459453,48.503259
vancouver-bowen-island-vancouver-island,Vancouver-Bowen Island-Vancouver Island,0,0,-123.33801,49.380079
vancouver-bowen-island-vancouver-island,Vancouver-Bowen Island-Vancouver Island,0,1,-123.27653,49.374816
vancouver-bowen-island-vancouver-island,Vancouver-Bowen Island-Vancouver Island,1,0,-124.356169,49.342144
vancouver-bowen-island-vancouver-island,Vancouver-Bowen Island-Vancouver Island,1,1,-124.087338,49.42901
vancouver-bowen-island-vancouver-island,Vancouver-Bowen Island-Vancouver Island,1,2,-123.749838,49.410715
vancouver-bowen-island-vancouver-island,Vancouver-Bowen Island-Vancouver Island,1,3,-123.637338,49.392412
vancouver-bowen-island-vancouver-island,Vancouver-Bowen Island-Vancouver Island,1,4,-123.428906,49.343283
fish-west,FISH West,0,0,-145.754674,60.542748
fish-west,FISH West,0,1,-145.771697,60.62214
fish-west,FISH West,0,2,-145.799822,60.62214
fish-west,FISH West,0,3,-146.024822,60.594534
fish-west,FISH West,0,4,-146.615447,60.539251
fish-west,FISH West,0,5,-146.611866,60.48248
fish-west,FISH West,0,6,-146.671697,60.525415
fish-west,FISH West,0,7,-147.151733,60.427226
fish-west,FISH West,0,8,-147.49861,60.297149
fish-west,FISH West,0,9,-147.589862,60.224095
fish-west,FISH West,0,10,-147.79578,60.13532
fish-west,FISH West,0,11,-147.908283,60.079255
fish-west,FISH West,0,12,-148.010786,60.065088
fish-west,FISH West,0,13,-148.049821,60.037432
fish-west,FISH West,0,14,-148.134196,60.009327
fish-west,FISH West,0,15,-148.218572,60.009327
fish-west,FISH West,0,16,-148.499821,59.840193
fish-west,FISH West,0,17,-149.06232,59.840193
fish-west,FISH West,0,18,-149.28732,59.849612
fish-west,FISH West,0,19,-149.343571,59.90607
fish-west,FISH West,0,20,-149.447671,60.110049
sunoque-iii,Sunoque III,0,0,-66.406943,50.230914
sunoque-iii,Sunoque III,0,1,-66.474879,49.684433
sunoque-iii,Sunoque III,0,2,-66.490114,49.123838
t3,T3,0,0,30.880392,-30.057717
t3,T3,0,1,32.400051,-30.018155
t3,T3,0,2,38.700047,-28.348517
t3,T3,0,3,45.000042,-27.153831
t3,T3,0,4,47.70004,-25.946231
t3,T3,0,5,52.200037,-23.080584
t3,T3,0,6,54.675036,-21.623978
t3,T3,0,7,55.350035,-21.798176
t3,T3,0,8,56.025035,-21.798176
t3,T3,0,9,56.700034,-20.995132
t3,T3,0,10,57.150034,-20.679707
t3,T3,0,11,57.485484,-20.473996
submarine-cable-in-the-philippines-scip,Submarine Cable in the Philippines (SCiP),0,0,121.050188,12.363013
submarine-cable-in-the-philippines-scip,Submarine Cable in the Philippines (SCiP),0,1,120.712489,12.175887
submarine-cable-in-the-philippines-scip,Submarine Cable in the Philippines (SCiP),0,2,120.487489,11.73565
submarine-cable-in-the-philippines-scip,Submarine Cable in the Philippines (SCiP),0,3,120.037489,11.073983
submarine-cable-in-the-philippines-scip,Submarine Cable in the Philippines (SCiP),0,4,119.50038,10.82
submarine-cable-in-the-philippines-scip,Submarine Cable in the Philippines (SCiP),1,0,120.487489,11.73565
submarine-cable-in-the-philippines-scip,Submarine Cable in the Philippines (SCiP),1,1,120.374989,11.790719
submarine-cable-in-the-philippines-scip,Submarine Cable in the Philippines (SCiP),1,2,120.200769,12.005434
submarine-cable-in-the-philippines-scip,Submarine Cable in the Philippines (SCiP),2,0,124.084716,12.585261
submarine-cable-in-the-philippines-scip,Submarine Cable in the Philippines (SCiP),2,1,124.228111,12.505588
submarine-cable-in-the-philippines-scip,Submarine Cable in the Philippines (SCiP),2,2,124.282386,12.50139
submarine-cable-in-the-philippines-scip,Submarine Cable in the Philippines (SCiP),3,0,124.612776,11.006888
submarine-cable-in-the-philippines-scip,Submarine Cable in the Philippines (SCiP),3,1,124.424986,10.797841
submarine-cable-in-the-philippines-scip,Submarine Cable in the Philippines (SCiP),3,2,124.312486,10.742582
submarine-cable-in-the-philippines-scip,Submarine Cable in the Philippines (SCiP),3,3,124.199986,10.521445
submarine-cable-in-the-philippines-scip,Submarine Cable in the Philippines (SCiP),3,4,124.143736,10.410817
submarine-cable-in-the-philippines-scip,Submarine Cable in the Philippines (SCiP),3,5,123.988349,10.40642
submarine-cable-in-the-philippines-scip,Submarine Cable in the Philippines (SCiP),4,0,124.842174,10.178583
submarine-cable-in-the-philippines-scip,Submarine Cable in the Philippines (SCiP),4,1,124.818736,9.967915
submarine-cable-in-the-philippines-scip,Submarine Cable in the Philippines (SCiP),4,2,125.156236,9.746237
submarine-cable-in-the-philippines-scip,Submarine Cable in the Philippines (SCiP),4,3,125.437485,9.302442
submarine-cable-in-the-philippines-scip,Submarine Cable in the Philippines (SCiP),4,4,125.540615,8.94761
submarine-cable-in-the-philippines-scip,Submarine Cable in the Philippines (SCiP),5,0,124.631916,8.454148
submarine-cable-in-the-philippines-scip,Submarine Cable in the Philippines (SCiP),5,1,124.593736,8.635699
submarine-cable-in-the-philippines-scip,Submarine Cable in the Philippines (SCiP),5,2,123.749987,9.024781
submarine-cable-in-the-philippines-scip,Submarine Cable in the Philippines (SCiP),5,3,123.524987,9.080331
submarine-cable-in-the-philippines-scip,Submarine Cable in the Philippines (SCiP),5,4,123.281437,9.295504
submarine-cable-in-the-philippines-scip,Submarine Cable in the Philippines (SCiP),5,5,123.524987,9.413444
submarine-cable-in-the-philippines-scip,Submarine Cable in the Philippines (SCiP),5,6,123.693737,9.80167
submarine-cable-in-the-philippines-scip,Submarine Cable in the Philippines (SCiP),5,7,123.806237,10.078698
submarine-cable-in-the-philippines-scip,Submarine Cable in the Philippines (SCiP),5,8,123.838927,10.252014
submarine-cable-in-the-philippines-scip,Submarine Cable in the Philippines (SCiP),6,0,123.988349,10.40642
submarine-cable-in-the-philippines-scip,Submarine Cable in the Philippines (SCiP),6,1,124.055162,10.590421
submarine-cable-in-the-philippines-scip,Submarine Cable in the Philippines (SCiP),6,2,124.246666,10.932012
submarine-cable-in-the-philippines-scip,Submarine Cable in the Philippines (SCiP),6,3,124.143736,11.294709
submarine-cable-in-the-philippines-scip,Submarine Cable in the Philippines (SCiP),6,4,124.017306,11.246495
submarine-cable-in-the-philippines-scip,Submarine Cable in the Philippines (SCiP),6,5,123.932986,11.427191
submarine-cable-in-the-philippines-scip,Submarine Cable in the Philippines (SCiP),6,6,122.962487,11.955858
submarine-cable-in-the-philippines-scip,Submarine Cable in the Philippines (SCiP),6,7,122.399988,12.175887
submarine-cable-in-the-philippines-scip,Submarine Cable in the Philippines (SCiP),6,8,122.174988,12.065895
submarine-cable-in-the-philippines-scip,Submarine Cable in the Philippines (SCiP),6,9,122.033257,11.867904
submarine-cable-in-the-philippines-scip,Submarine Cable in the Philippines (SCiP),6,10,121.837488,12.175887
submarine-cable-in-the-philippines-scip,Submarine Cable in the Philippines (SCiP),6,11,121.724988,12.395734
submarine-cable-in-the-philippines-scip,Submarine Cable in the Philippines (SCiP),6,12,121.527723,12.586423
submarine-cable-in-the-philippines-scip,Submarine Cable in the Philippines (SCiP),6,13,121.556232,12.834869
submarine-cable-in-the-philippines-scip,Submarine Cable in the Philippines (SCiP),6,14,121.464538,13.045783
submarine-cable-in-the-philippines-scip,Submarine Cable in the Philippines (SCiP),6,15,121.624988,13.273238
submarine-cable-in-the-philippines-scip,Submarine Cable in the Philippines (SCiP),6,16,121.47853,13.620875
submarine-cable-in-the-philippines-scip,Submarine Cable in the Philippines (SCiP),6,17,121.066008,13.762418
taiwan-penghu-kinmen-matsu-no-2-tpkm2,Taiwan Penghu Kinmen Matsu No.2 (TPKM2),0,0,120.170474,23.36279
taiwan-penghu-kinmen-matsu-no-2-tpkm2,Taiwan Penghu Kinmen Matsu No.2 (TPKM2),0,1,119.924989,23.436295
taiwan-penghu-kinmen-matsu-no-2-tpkm2,Taiwan Penghu Kinmen Matsu No.2 (TPKM2),0,2,119.656164,23.57363
taiwan-penghu-kinmen-matsu-no-2-tpkm2,Taiwan Penghu Kinmen Matsu No.2 (TPKM2),1,0,120.64549,24.432463
taiwan-penghu-kinmen-matsu-no-2-tpkm2,Taiwan Penghu Kinmen Matsu No.2 (TPKM2),1,1,120.262489,24.361969
taiwan-penghu-kinmen-matsu-no-2-tpkm2,Taiwan Penghu Kinmen Matsu No.2 (TPKM2),1,2,118.79999,24.361969
taiwan-penghu-kinmen-matsu-no-2-tpkm2,Taiwan Penghu Kinmen Matsu No.2 (TPKM2),1,3,118.43944,24.437483
taiwan-penghu-kinmen-matsu-no-2-tpkm2,Taiwan Penghu Kinmen Matsu No.2 (TPKM2),2,0,121.462648,25.181604
taiwan-penghu-kinmen-matsu-no-2-tpkm2,Taiwan Penghu Kinmen Matsu No.2 (TPKM2),2,1,121.274988,25.742038
taiwan-penghu-kinmen-matsu-no-2-tpkm2,Taiwan Penghu Kinmen Matsu No.2 (TPKM2),2,2,120.712489,26.394682
taiwan-penghu-kinmen-matsu-no-2-tpkm2,Taiwan Penghu Kinmen Matsu No.2 (TPKM2),2,3,120.49297,26.367331
red2med,Red2Med,0,0,33.082766,28.365936
red2med,Red2Med,0,1,32.850091,28.951555
red2med,Red2Med,0,2,32.653181,29.113614
red2med,Red2Med,0,3,32.597126,29.344567
red2med,Red2Med,0,4,32.428051,29.638336
red2med,Red2Med,0,5,32.529931,29.972545
red2med,Red2Med,0,6,32.400051,30.17469
red2med,Red2Med,0,7,32.287551,30.369009
red2med,Red2Med,0,8,32.287551,30.514496
red2med,Red2Med,0,9,32.231301,30.837021
red2med,Red2Med,0,10,32.284451,31.259278
r100-north,R100 North,0,0,-1.518675,59.508849
r100-north,R100 North,0,1,-1.799924,59.394489
r100-north,R100 North,0,2,-2.137424,59.308466
r100-north,R100 North,0,3,-2.419079,59.289845
r100-north,R100 North,1,0,-6.177804,56.291734
r100-north,R100 North,1,1,-6.159296,56.241171
r100-north,R100 North,1,2,-6.187421,56.178604
r100-north,R100 North,1,3,-6.215546,56.115935
r100-north,R100 North,1,4,-6.180189,56.103659
r100-north,R100 North,2,0,-6.394503,56.329394
r100-north,R100 North,2,1,-6.368239,56.32335
r100-north,R100 North,3,0,-5.442404,56.552414
r100-north,R100 North,3,1,-5.412411,56.552309
r100-north,R100 North,4,0,-6.160693,56.91203
r100-north,R100 North,4,1,-6.187421,56.938041
r100-north,R100 North,4,2,-6.131171,56.953381
r100-north,R100 North,4,3,-6.018672,56.922694
r100-north,R100 North,4,4,-5.85078,56.946982
r100-north,R100 North,5,0,-3.085608,58.83106
r100-north,R100 North,5,1,-2.991369,58.826403
r100-north,R100 North,6,0,-3.172026,58.822745
r100-north,R100 North,6,1,-3.145125,58.829682
r100-north,R100 North,7,0,-2.836204,59.0252
r100-north,R100 North,7,1,-2.81772,58.979222
r100-north,R100 North,8,0,-3.110331,59.114555
r100-north,R100 North,8,1,-3.078059,59.143849
r100-north,R100 North,9,0,-2.857578,59.255413
r100-north,R100 North,9,1,-2.783827,59.225208
r100-north,R100 North,10,0,-2.766228,59.192301
r100-north,R100 North,10,1,-2.701496,59.206323
r100-north,R100 North,11,0,-2.701496,59.206323
r100-north,R100 North,11,1,-2.65366,59.148944
r100-north,R100 North,12,0,-1.024927,60.341001
r100-north,R100 North,12,1,-1.0968,60.345014
r100-north,R100 North,12,2,-1.141477,60.351445
r100-north,R100 North,13,0,-1.287109,59.869131
r100-north,R100 North,13,1,-1.237425,59.793059
r100-north,R100 North,13,2,-1.293675,59.679664
r100-north,R100 North,13,3,-1.518675,59.508849
r100-north,R100 North,13,4,-1.613773,59.52621
r100-north,R100 North,14,0,-1.05559,60.49937
r100-north,R100 North,14,1,-1.124925,60.470014
r100-north,R100 North,14,2,-1.18216,60.459095
r100-north,R100 North,15,0,-0.966812,60.687366
r100-north,R100 North,15,1,-1.006829,60.670132
piano-isole-minori,Piano Isole Minori,0,0,13.565445,41.217935
piano-isole-minori,Piano Isole Minori,0,1,12.958679,40.89578
piano-isole-minori,Piano Isole Minori,0,2,13.428233,40.795367
piano-isole-minori,Piano Isole Minori,0,3,13.454176,40.789944
piano-isole-minori,Piano Isole Minori,1,0,9.842201,43.048265
piano-isole-minori,Piano Isole Minori,1,1,10.316442,42.812138
piano-isole-minori,Piano Isole Minori,2,0,15.563363,41.918698
piano-isole-minori,Piano Isole Minori,2,1,15.488974,42.115433
piano-isole-minori,Piano Isole Minori,2,2,15.508872,42.123036
piano-isole-minori,Piano Isole Minori,3,0,8.336106,41.081726
piano-isole-minori,Piano Isole Minori,3,1,8.228994,40.948086
piano-isole-minori,Piano Isole Minori,4,0,8.379528,39.20657
piano-isole-minori,Piano Isole Minori,4,1,8.302685,39.145529
piano-isole-minori,Piano Isole Minori,5,0,15.233512,38.805806
piano-isole-minori,Piano Isole Minori,5,1,15.187563,38.681092
piano-isole-minori,Piano Isole Minori,5,2,15.075901,38.636779
piano-isole-minori,Piano Isole Minori,5,3,15.075064,38.549238
piano-isole-minori,Piano Isole Minori,5,4,14.963614,38.488437
piano-isole-minori,Piano Isole Minori,6,0,14.954325,38.468387
piano-isole-minori,Piano Isole Minori,6,1,14.965564,38.424118
piano-isole-minori,Piano Isole Minori,6,2,14.915689,38.380398
piano-isole-minori,Piano Isole Minori,6,3,14.915689,38.24956
piano-isole-minori,Piano Isole Minori,6,4,14.968439,38.147022
piano-isole-minori,Piano Isole Minori,7,0,14.358271,38.535853
piano-isole-minori,Piano Isole Minori,7,1,14.521949,38.510992
piano-isole-minori,Piano Isole Minori,7,2,14.576657,38.564907
piano-isole-minori,Piano Isole Minori,7,3,14.690699,38.578556
piano-isole-minori,Piano Isole Minori,7,4,14.836638,38.578319
piano-isole-minori,Piano Isole Minori,7,5,14.915689,38.55657
piano-isole-minori,Piano Isole Minori,7,6,14.963614,38.488437
piano-isole-minori,Piano Isole Minori,8,0,13.197331,38.708024
piano-isole-minori,Piano Isole Minori,8,1,13.331315,38.387755
piano-isole-minori,Piano Isole Minori,8,2,13.247603,38.189943
piano-isole-minori,Piano Isole Minori,9,0,12.513618,38.018254
piano-isole-minori,Piano Isole Minori,9,1,12.341015,37.988207
piano-isole-minori,Piano Isole Minori,9,2,12.07362,37.968528
piano-isole-minori,Piano Isole Minori,10,0,12.607558,35.501531
piano-isole-minori,Piano Isole Minori,10,1,12.712565,35.60293
piano-isole-minori,Piano Isole Minori,10,2,12.860769,35.858364
piano-isole-minori,Piano Isole Minori,11,0,12.434917,37.800092
piano-isole-minori,Piano Isole Minori,11,1,11.948016,37.546826
piano-isole-minori,Piano Isole Minori,11,2,11.756316,37.232354
piano-isole-minori,Piano Isole Minori,11,3,11.94346,36.830873
piano-isole-minori,Piano Isole Minori,11,4,12.543815,36.240655
piano-isole-minori,Piano Isole Minori,11,5,12.712565,36.013487
piano-isole-minori,Piano Isole Minori,11,6,12.860769,35.858364
piano-isole-minori,Piano Isole Minori,12,0,14.954325,38.468387
piano-isole-minori,Piano Isole Minori,12,1,14.965564,38.424118
east-micronesia-cable-system-emcs,East Micronesia Cable System (EMCS),0,0,159.070334,7.786484
east-micronesia-cable-system-emcs,East Micronesia Cable System (EMCS),0,1,160.199961,7.447522
east-micronesia-cable-system-emcs,East Micronesia Cable System (EMCS),0,2,163.124959,5.65936
east-micronesia-cable-system-emcs,East Micronesia Cable System (EMCS),0,3,165.599957,1.618372
east-micronesia-cable-system-emcs,East Micronesia Cable System (EMCS),0,4,166.949956,0.943545
east-micronesia-cable-system-emcs,East Micronesia Cable System (EMCS),0,5,171.899952,1.39345
east-micronesia-cable-system-emcs,East Micronesia Cable System (EMCS),0,6,172.9791,1.329098
east-micronesia-cable-system-emcs,East Micronesia Cable System (EMCS),1,0,163.124959,5.65936
east-micronesia-cable-system-emcs,East Micronesia Cable System (EMCS),1,1,163.012459,5.435414
east-micronesia-cable-system-emcs,East Micronesia Cable System (EMCS),1,2,163.008103,5.3279
east-micronesia-cable-system-emcs,East Micronesia Cable System (EMCS),2,0,166.949956,0.943545
east-micronesia-cable-system-emcs,East Micronesia Cable System (EMCS),2,1,166.949956,0.718569
east-micronesia-cable-system-emcs,East Micronesia Cable System (EMCS),2,2,166.921103,0.5467
energy-bridge-cable,Energy Bridge Cable,0,0,36.591125,45.431026
energy-bridge-cable,Energy Bridge Cable,0,1,36.770848,45.42361
aurora,Aurora,0,0,14.708334,55.101017
aurora,Aurora,0,1,14.400064,54.884127
aurora,Aurora,0,2,13.648695,54.51955
aurora,Aurora,1,0,14.240754,55.433901
aurora,Aurora,1,1,14.512564,55.334581
aurora,Aurora,1,2,14.708329,55.18257
aurora,Aurora,2,0,16.468077,56.245724
aurora,Aurora,2,1,16.087563,56.032217
aurora,Aurora,2,2,15.300063,55.653231
aurora,Aurora,2,3,14.836284,55.248214
aurora,Aurora,3,0,18.300031,57.63842
aurora,Aurora,3,1,18.000061,57.591994
aurora,Aurora,3,2,17.325062,57.471206
aurora,Aurora,3,3,17.008493,57.324758
aurora,Aurora,4,0,18.250314,58.936123
aurora,Aurora,4,1,18.225061,58.758569
aurora,Aurora,4,2,18.337561,58.641678
aurora,Aurora,4,3,18.787561,58.051316
aurora,Aurora,4,4,19.055321,57.863008
aurora,Aurora,5,0,12.414885,55.647305
aurora,Aurora,5,1,12.487565,55.52608
aurora,Aurora,5,2,12.600065,55.494228
aurora,Aurora,5,3,12.916666,55.533333
tikal-amx3,TIKAL-AMX3,0,0,-80.088932,26.350586
tikal-amx3,TIKAL-AMX3,0,1,-79.649869,25.95718
tikal-amx3,TIKAL-AMX3,0,2,-79.762369,25.348717
tikal-amx3,TIKAL-AMX3,0,3,-80.099869,24.737178
tikal-amx3,TIKAL-AMX3,0,4,-80.999868,23.917101
tikal-amx3,TIKAL-AMX3,0,5,-83.249867,23.917101
tikal-amx3,TIKAL-AMX3,0,6,-84.824866,22.884654
tikal-amx3,TIKAL-AMX3,0,7,-85.499865,21.635297
tikal-amx3,TIKAL-AMX3,0,8,-85.724865,20.936468
tikal-amx3,TIKAL-AMX3,0,9,-85.837365,20.375041
tikal-amx3,TIKAL-AMX3,0,10,-86.849864,18.251816
tikal-amx3,TIKAL-AMX3,0,11,-87.749864,16.534196
tikal-amx3,TIKAL-AMX3,0,12,-88.199863,16.102326
tikal-amx3,TIKAL-AMX3,0,13,-88.597135,15.727237
tikal-amx3,TIKAL-AMX3,1,0,-86.767587,21.095729
tikal-amx3,TIKAL-AMX3,1,1,-86.512364,21.0065
tikal-amx3,TIKAL-AMX3,1,2,-86.174865,21.0065
tikal-amx3,TIKAL-AMX3,1,3,-85.724865,20.936468
connected-coast,Connected Coast,0,0,-125.186198,49.919553
connected-coast,Connected Coast,0,1,-125.248168,50.02461
connected-coast,Connected Coast,1,0,-126.085559,50.492768
connected-coast,Connected Coast,1,1,-125.959014,50.384344
connected-coast,Connected Coast,2,0,-130.33007,54.313075
connected-coast,Connected Coast,2,1,-130.387515,54.287785
connected-coast,Connected Coast,3,0,-128.723016,52.262323
connected-coast,Connected Coast,3,1,-128.587335,52.268988
connected-coast,Connected Coast,3,2,-128.405366,52.271593
connected-coast,Connected Coast,4,0,-127.495807,50.720878
connected-coast,Connected Coast,4,1,-127.4342,50.764001
connected-coast,Connected Coast,4,2,-127.406077,50.764001
connected-coast,Connected Coast,4,3,-127.237327,50.692789
connected-coast,Connected Coast,4,4,-127.189752,50.612146
connected-coast,Connected Coast,4,5,-127.154843,50.6312
connected-coast,Connected Coast,4,6,-127.068577,50.612543
connected-coast,Connected Coast,4,7,-127.000836,50.582553
connected-coast,Connected Coast,4,8,-126.926337,50.588351
connected-coast,Connected Coast,4,9,-126.831111,50.547686
connected-coast,Connected Coast,4,10,-126.731077,50.55004
connected-coast,Connected Coast,4,11,-126.618577,50.514281
connected-coast,Connected Coast,4,12,-126.449828,50.496397
connected-coast,Connected Coast,4,13,-126.224828,50.478499
connected-coast,Connected Coast,4,14,-126.085559,50.492768
connected-coast,Connected Coast,5,0,-127.210512,51.680119
connected-coast,Connected Coast,5,1,-127.46232,51.645046
connected-coast,Connected Coast,5,2,-127.54671,51.575183
connected-coast,Connected Coast,5,3,-127.574835,51.505212
connected-coast,Connected Coast,5,4,-127.644814,51.405571
connected-coast,Connected Coast,6,0,-125.959014,50.384344
connected-coast,Connected Coast,6,1,-125.831072,50.388929
connected-coast,Connected Coast,6,2,-125.746712,50.370997
connected-coast,Connected Coast,6,3,-125.662337,50.370997
connected-coast,Connected Coast,6,4,-125.546748,50.377333
connected-coast,Connected Coast,6,5,-125.493588,50.353058
connected-coast,Connected Coast,6,6,-125.445616,50.331395
connected-coast,Connected Coast,6,7,-125.415401,50.300061
connected-coast,Connected Coast,6,8,-125.442141,50.27743
connected-coast,Connected Coast,6,9,-125.302619,50.235839
connected-coast,Connected Coast,7,0,-125.503437,50.412765
connected-coast,Connected Coast,7,1,-125.546748,50.377333
connected-coast,Connected Coast,8,0,-126.598747,50.70054
connected-coast,Connected Coast,8,1,-126.641134,50.670336
connected-coast,Connected Coast,8,2,-126.610765,50.573835
connected-coast,Connected Coast,8,3,-126.752612,50.613948
connected-coast,Connected Coast,8,4,-126.849486,50.633652
connected-coast,Connected Coast,8,5,-126.891717,50.611383
connected-coast,Connected Coast,8,6,-127.068577,50.621468
connected-coast,Connected Coast,8,7,-127.154847,50.6312
connected-coast,Connected Coast,9,0,-126.752612,50.613948
connected-coast,Connected Coast,9,1,-126.753641,50.670336
connected-coast,Connected Coast,9,2,-126.725515,50.723769
connected-coast,Connected Coast,9,3,-126.641134,50.759364
connected-coast,Connected Coast,9,4,-126.497347,50.749918
connected-coast,Connected Coast,9,5,-126.528642,50.794934
connected-coast,Connected Coast,9,6,-126.558587,50.848866
connected-coast,Connected Coast,10,0,-126.200214,50.949873
connected-coast,Connected Coast,10,1,-126.337336,50.929748
connected-coast,Connected Coast,10,2,-126.506087,50.929748
connected-coast,Connected Coast,10,3,-126.558587,50.848866
connected-coast,Connected Coast,11,0,-123.514578,49.401617
connected-coast,Connected Coast,11,1,-123.749838,49.42901
connected-coast,Connected Coast,11,2,-124.087338,49.538641
connected-coast,Connected Coast,11,3,-124.087338,49.684433
connected-coast,Connected Coast,11,4,-123.974838,49.793491
connected-coast,Connected Coast,11,5,-124.179886,49.783268
connected-coast,Connected Coast,11,6,-124.368588,49.757166
connected-coast,Connected Coast,11,7,-124.556548,49.757726
connected-coast,Connected Coast,12,0,-124.488855,49.677892
connected-coast,Connected Coast,12,1,-124.928266,49.673513
connected-coast,Connected Coast,13,0,-124.556548,49.757726
connected-coast,Connected Coast,13,1,-124.523809,49.83589
connected-coast,Connected Coast,14,0,-125.033362,48.883163
connected-coast,Connected Coast,14,1,-125.022891,48.964512
connected-coast,Connected Coast,15,0,-125.042283,49.021056
connected-coast,Connected Coast,15,1,-125.022891,48.964512
connected-coast,Connected Coast,16,0,-125.141509,48.832828
connected-coast,Connected Coast,16,1,-125.033362,48.883163
connected-coast,Connected Coast,17,0,-125.546682,48.941831
connected-coast,Connected Coast,17,1,-125.433978,48.959798
connected-coast,Connected Coast,17,2,-125.380662,48.994209
connected-coast,Connected Coast,17,3,-125.364274,49.007252
connected-coast,Connected Coast,18,0,-126.056341,49.276317
connected-coast,Connected Coast,18,1,-125.987332,49.213092
connected-coast,Connected Coast,18,2,-125.907312,49.173503
connected-coast,Connected Coast,18,3,-125.906213,49.152538
connected-coast,Connected Coast,19,0,-125.987332,49.213092
connected-coast,Connected Coast,19,1,-126.099821,49.213092
connected-coast,Connected Coast,19,2,-126.240471,49.249817
connected-coast,Connected Coast,19,3,-126.296721,49.34153
connected-coast,Connected Coast,19,4,-126.272369,49.368447
connected-coast,Connected Coast,20,0,-126.654695,49.926305
connected-coast,Connected Coast,20,1,-126.634201,49.833814
connected-coast,Connected Coast,20,2,-126.606081,49.68847
connected-coast,Connected Coast,20,3,-126.618901,49.591856
connected-coast,Connected Coast,20,4,-126.606081,49.396474
connected-coast,Connected Coast,20,5,-126.493591,49.359851
connected-coast,Connected Coast,20,6,-126.272369,49.368447
connected-coast,Connected Coast,21,0,-126.741788,49.874919
connected-coast,Connected Coast,21,1,-126.634201,49.833814
connected-coast,Connected Coast,22,0,-126.845438,49.982391
connected-coast,Connected Coast,22,1,-126.802951,49.906323
connected-coast,Connected Coast,23,0,-126.915461,49.870086
connected-coast,Connected Coast,23,1,-126.940661,49.989339
connected-coast,Connected Coast,24,0,-127.378547,50.030853
connected-coast,Connected Coast,24,1,-127.281087,49.92443
connected-coast,Connected Coast,24,2,-127.112336,49.815677
connected-coast,Connected Coast,25,0,-127.654418,50.535298
connected-coast,Connected Coast,25,1,-127.488056,50.426667
connected-coast,Connected Coast,26,0,-127.654418,50.535298
connected-coast,Connected Coast,26,1,-127.581618,50.599385
connected-coast,Connected Coast,27,0,-128.024073,50.652273
connected-coast,Connected Coast,27,1,-127.774835,50.599661
connected-coast,Connected Coast,27,2,-127.581618,50.599385
connected-coast,Connected Coast,28,0,-128.033257,50.442702
connected-coast,Connected Coast,28,1,-128.02796,50.474528
connected-coast,Connected Coast,28,2,-128.028136,50.523905
connected-coast,Connected Coast,29,0,-127.581618,50.599385
connected-coast,Connected Coast,29,1,-127.495807,50.720878
connected-coast,Connected Coast,30,0,-127.654418,50.535298
connected-coast,Connected Coast,30,1,-127.774835,50.492427
connected-coast,Connected Coast,30,2,-127.887335,50.474528
connected-coast,Connected Coast,30,3,-128.02796,50.474528
connected-coast,Connected Coast,31,0,-126.741788,49.874919
connected-coast,Connected Coast,31,1,-126.802951,49.906323
connected-coast,Connected Coast,31,2,-126.915461,49.870086
connected-coast,Connected Coast,31,3,-126.971711,49.870086
connected-coast,Connected Coast,31,4,-126.984953,49.884976
connected-coast,Connected Coast,32,0,-127.112336,49.815677
connected-coast,Connected Coast,32,1,-126.999836,49.851955
connected-coast,Connected Coast,32,2,-126.984953,49.884976
connected-coast,Connected Coast,33,0,-126.618901,49.591856
connected-coast,Connected Coast,33,1,-126.493588,49.615635
connected-coast,Connected Coast,33,2,-126.381088,49.652066
connected-coast,Connected Coast,33,3,-126.156088,49.68847
connected-coast,Connected Coast,33,4,-126.054442,49.781048
connected-coast,Connected Coast,34,0,-125.022891,48.964512
connected-coast,Connected Coast,34,1,-125.224837,48.963418
connected-coast,Connected Coast,34,2,-125.364274,49.007252
connected-coast,Connected Coast,0,0,-123.114034,49.26044
connected-coast,Connected Coast,0,1,-123.581088,49.282455
connected-coast,Connected Coast,0,2,-123.844009,49.173302
connected-coast,Connected Coast,1,0,-125.186198,49.919553
connected-coast,Connected Coast,1,1,-125.101285,50.012967
connected-coast,Connected Coast,1,2,-124.986423,50.063103
connected-coast,Connected Coast,2,0,-123.844009,49.173302
connected-coast,Connected Coast,2,1,-123.935618,49.254577
connected-coast,Connected Coast,2,2,-124.123515,49.251906
connected-coast,Connected Coast,2,3,-124.20451,49.352231
connected-coast,Connected Coast,2,4,-124.443204,49.349436
connected-coast,Connected Coast,2,5,-124.686728,49.443537
connected-coast,Connected Coast,2,6,-124.713569,49.493456
connected-coast,Connected Coast,2,7,-124.697129,49.513481
connected-coast,Connected Coast,2,8,-124.928266,49.673513
connected-coast,Connected Coast,2,9,-124.829089,49.706669
connected-coast,Connected Coast,2,10,-124.829089,49.724854
connected-coast,Connected Coast,2,11,-124.941589,49.797526
connected-coast,Connected Coast,2,12,-125.049106,49.824223
connected-coast,Connected Coast,2,13,-125.186198,49.919553
connected-coast,Connected Coast,3,0,-125.101819,50.23148
connected-coast,Connected Coast,3,1,-125.160709,50.17239
connected-coast,Connected Coast,3,2,-125.195958,50.137057
connected-coast,Connected Coast,3,3,-125.215925,50.101259
connected-coast,Connected Coast,3,4,-125.049275,50.111212
connected-coast,Connected Coast,3,5,-125.099837,50.047007
connected-coast,Connected Coast,3,6,-124.986423,50.063103
connected-coast,Connected Coast,3,7,-124.932537,50.012967
connected-coast,Connected Coast,3,8,-124.816411,50.035779
connected-coast,Connected Coast,3,9,-124.901031,50.084498
connected-coast,Connected Coast,3,10,-124.917528,50.117381
connected-coast,Connected Coast,4,0,-124.839059,50.123748
connected-coast,Connected Coast,4,1,-124.901559,50.083661
connected-coast,Connected Coast,5,0,-126.752767,52.372148
connected-coast,Connected Coast,5,1,-126.904617,52.338232
connected-coast,Connected Coast,5,2,-127.129617,52.338232
connected-coast,Connected Coast,5,3,-127.240867,52.441218
connected-coast,Connected Coast,5,4,-127.353367,52.441218
connected-coast,Connected Coast,5,5,-127.465867,52.372587
connected-coast,Connected Coast,5,6,-127.578369,52.30385
connected-coast,Connected Coast,5,7,-127.790575,52.267943
connected-coast,Connected Coast,6,0,-127.693509,52.353357
connected-coast,Connected Coast,6,1,-127.722027,52.360144
connected-coast,Connected Coast,6,2,-127.790578,52.267943
connected-coast,Connected Coast,6,3,-127.951472,52.063679
connected-coast,Connected Coast,6,4,-128.063451,52.065716
connected-coast,Connected Coast,6,5,-128.110947,52.096441
connected-coast,Connected Coast,6,6,-128.122313,52.153944
connected-coast,Connected Coast,6,7,-128.144704,52.16115
connected-coast,Connected Coast,6,8,-128.111869,52.185174
connected-coast,Connected Coast,6,9,-128.405366,52.271593
connected-coast,Connected Coast,6,10,-128.488413,52.317034
connected-coast,Connected Coast,6,11,-128.474835,52.440766
connected-coast,Connected Coast,6,12,-128.524873,52.591779
connected-coast,Connected Coast,6,13,-128.523835,52.643028
connected-coast,Connected Coast,6,14,-128.531086,52.782323
connected-coast,Connected Coast,6,15,-128.531086,52.985979
connected-coast,Connected Coast,6,16,-128.587335,53.121219
connected-coast,Connected Coast,6,17,-128.700718,53.149832
connected-coast,Connected Coast,6,18,-128.924834,53.323284
connected-coast,Connected Coast,6,19,-129.149834,53.323284
connected-coast,Connected Coast,6,20,-129.254788,53.425293
connected-coast,Connected Coast,6,21,-129.262334,53.356869
connected-coast,Connected Coast,6,22,-129.374834,53.390427
connected-coast,Connected Coast,6,23,-129.431085,53.457465
connected-coast,Connected Coast,6,24,-129.605676,53.543205
connected-coast,Connected Coast,6,25,-129.824834,53.724559
connected-coast,Connected Coast,6,26,-130.049834,53.857473
connected-coast,Connected Coast,6,27,-130.258515,53.949517
connected-coast,Connected Coast,7,0,-130.321278,54.223392
connected-coast,Connected Coast,7,1,-130.499833,54.250043
connected-coast,Connected Coast,7,2,-130.44442,54.337055
connected-coast,Connected Coast,7,3,-130.499833,54.446756
connected-coast,Connected Coast,7,4,-130.434057,54.554395
connected-coast,Connected Coast,8,0,-130.258514,53.949517
connected-coast,Connected Coast,8,1,-130.278045,54.142313
connected-coast,Connected Coast,8,2,-130.321278,54.223392
connected-coast,Connected Coast,9,0,-131.929803,53.562527
connected-coast,Connected Coast,9,1,-131.737332,53.524397
connected-coast,Connected Coast,9,2,-130.837333,53.524397
connected-coast,Connected Coast,9,3,-130.614499,53.492274
connected-coast,Connected Coast,9,4,-130.612333,53.657944
connected-coast,Connected Coast,9,5,-130.499833,53.724559
connected-coast,Connected Coast,9,6,-130.433271,53.794671
connected-coast,Connected Coast,9,7,-130.331085,53.857473
connected-coast,Connected Coast,9,8,-130.258514,53.949517
connected-coast,Connected Coast,10,0,-124.816411,50.035779
connected-coast,Connected Coast,10,1,-124.820037,50.012967
connected-coast,Connected Coast,10,2,-124.761279,49.981964
connected-coast,Connected Coast,11,0,-127.951472,52.063679
connected-coast,Connected Coast,11,1,-127.91233,51.958103
connected-coast,Connected Coast,11,2,-127.94046,51.853992
connected-coast,Connected Coast,11,3,-127.94046,51.714802
connected-coast,Connected Coast,11,4,-127.8637,51.603201
connected-coast,Connected Coast,11,5,-127.856087,51.540211
connected-coast,Connected Coast,11,6,-127.743587,51.400053
connected-coast,Connected Coast,12,0,-127.644814,51.405571
connected-coast,Connected Coast,12,1,-127.743587,51.400053
connected-coast,Connected Coast,12,2,-127.856087,51.329813
connected-coast,Connected Coast,12,3,-127.834438,51.249647
connected-coast,Connected Coast,12,4,-127.856087,51.189009
connected-coast,Connected Coast,12,5,-127.799835,51.047774
connected-coast,Connected Coast,12,6,-127.724645,50.977501
connected-coast,Connected Coast,12,7,-127.612773,50.86036
connected-coast,Connected Coast,12,8,-127.518577,50.835105
connected-coast,Connected Coast,12,9,-127.46232,50.764001
connected-coast,Connected Coast,12,10,-127.495807,50.720878
connected-coast,Connected Coast,13,0,-123.114034,49.26044
connected-coast,Connected Coast,13,1,-123.356088,49.319134
connected-coast,Connected Coast,13,2,-123.434788,49.396157
connected-coast,Connected Coast,14,0,-123.434788,49.396157
connected-coast,Connected Coast,14,1,-123.438879,49.43964
connected-coast,Connected Coast,14,2,-123.514578,49.401617
connected-coast,Connected Coast,15,0,-128.640889,54.059548
connected-coast,Connected Coast,15,1,-128.647595,53.97443
connected-coast,Connected Coast,15,2,-128.778835,53.8501
connected-coast,Connected Coast,15,3,-128.891334,53.749254
connected-coast,Connected Coast,15,4,-129.116334,53.682678
connected-coast,Connected Coast,15,5,-129.228834,53.549209
connected-coast,Connected Coast,15,6,-129.254788,53.425293
connected-coast,Connected Coast,16,0,-124.523809,49.83589
connected-coast,Connected Coast,16,1,-124.761279,49.981964
haikou-beihai-cable,Haikou-Beihai Cable,0,0,109.105307,21.484501
haikou-beihai-cable,Haikou-Beihai Cable,0,1,109.237497,20.620921
haikou-beihai-cable,Haikou-Beihai Cable,0,2,109.67762,19.9048
ningbo-zhoushan-cable,Ningbo-Zhoushan Cable,0,0,121.639855,30.043111
ningbo-zhoushan-cable,Ningbo-Zhoushan Cable,0,1,121.724988,30.158479
ningbo-zhoushan-cable,Ningbo-Zhoushan Cable,0,2,121.945695,30.171897
dalian-yantai-cable,Dalian-Yantai Cable,0,0,121.588367,38.939844
dalian-yantai-cable,Dalian-Yantai Cable,0,1,121.612488,38.240638
dalian-yantai-cable,Dalian-Yantai Cable,0,2,121.4,37.53
petropavlovsk-kamchatsky---anadyr,Petropavlovsk-Kamchatsky - Anadyr,0,0,179.999947,61.488539
petropavlovsk-kamchatsky---anadyr,Petropavlovsk-Kamchatsky - Anadyr,0,1,179.571917,60.869535
petropavlovsk-kamchatsky---anadyr,Petropavlovsk-Kamchatsky - Anadyr,0,2,173.124952,55.906299
petropavlovsk-kamchatsky---anadyr,Petropavlovsk-Kamchatsky - Anadyr,0,3,168.299955,54.122041
petropavlovsk-kamchatsky---anadyr,Petropavlovsk-Kamchatsky - Anadyr,0,4,159.749961,52.64602
petropavlovsk-kamchatsky---anadyr,Petropavlovsk-Kamchatsky - Anadyr,0,5,158.650011,53.016668
petropavlovsk-kamchatsky---anadyr,Petropavlovsk-Kamchatsky - Anadyr,1,0,-179.999797,63.596796
petropavlovsk-kamchatsky---anadyr,Petropavlovsk-Kamchatsky - Anadyr,1,1,-179.077829,62.78108
petropavlovsk-kamchatsky---anadyr,Petropavlovsk-Kamchatsky - Anadyr,1,2,-179.999798,61.488539
petropavlovsk-kamchatsky---anadyr,Petropavlovsk-Kamchatsky - Anadyr,2,0,177.640278,64.73784
petropavlovsk-kamchatsky---anadyr,Petropavlovsk-Kamchatsky - Anadyr,2,1,177.574558,64.722536
petropavlovsk-kamchatsky---anadyr,Petropavlovsk-Kamchatsky - Anadyr,2,2,177.502146,64.727191
petropavlovsk-kamchatsky---anadyr,Petropavlovsk-Kamchatsky - Anadyr,2,3,178.649948,64.284867
petropavlovsk-kamchatsky---anadyr,Petropavlovsk-Kamchatsky - Anadyr,2,4,179.774947,63.792396
petropavlovsk-kamchatsky---anadyr,Petropavlovsk-Kamchatsky - Anadyr,2,5,179.999948,63.596796
cadmos-2,CADMOS-2,0,0,33.6106,34.827281
cadmos-2,CADMOS-2,0,1,33.97505,34.590456
cadmos-2,CADMOS-2,0,2,35.100049,34.063993
cadmos-2,CADMOS-2,0,3,35.485109,33.892637
norfest,Norfest,0,0,10.748016,59.918603
norfest,Norfest,0,1,10.575067,59.755303
norfest,Norfest,0,2,10.63084,59.664531
norfest,Norfest,0,3,10.603192,59.527871
norfest,Norfest,0,4,10.700837,59.459167
norfest,Norfest,1,0,10.700837,59.459167
norfest,Norfest,1,1,10.571157,59.302701
norfest,Norfest,1,2,10.575067,59.068366
norfest,Norfest,1,3,10.237567,58.894447
norfest,Norfest,1,4,9.900067,58.719649
norfest,Norfest,1,5,9.450068,58.485212
norfest,Norfest,1,6,9.112568,58.367403
norfest,Norfest,1,7,8.662568,58.071154
norfest,Norfest,1,8,8.325068,57.932057
norfest,Norfest,1,9,7.875069,57.872278
norfest,Norfest,1,10,6.883089,57.855815
norfest,Norfest,1,11,6.52507,57.928738
norfest,Norfest,1,12,5.96257,58.262353
norfest,Norfest,1,13,5.98871,58.424143
norfest,Norfest,1,14,5.51257,58.485212
norfest,Norfest,1,15,5.28757,58.641678
norfest,Norfest,1,16,5.28757,58.816868
norfest,Norfest,1,17,5.51257,58.991177
norfest,Norfest,1,18,5.73077,58.970821
norfest,Norfest,2,0,6.52507,57.928738
norfest,Norfest,2,1,6.786929,58.06444
norfest,Norfest,3,0,8.325068,57.932057
norfest,Norfest,3,1,7.994849,58.143805
norfest,Norfest,4,0,9.112568,58.367403
norfest,Norfest,4,1,8.758668,58.470047
norfest,Norfest,5,0,10.237567,58.894447
norfest,Norfest,5,1,10.016367,59.081111
norfest,Norfest,6,0,10.575067,59.068366
norfest,Norfest,6,1,10.912567,58.981516
norfest,Norfest,6,2,11.118406,58.968338
arimao,ARIMAO,0,0,-80.448961,22.14595
arimao,ARIMAO,0,1,-80.099869,21.356164
arimao,ARIMAO,0,2,-79.424869,20.375041
arimao,ARIMAO,0,3,-77.737371,19.139836
arimao,ARIMAO,0,4,-76.204096,18.676174
arimao,ARIMAO,0,5,-74.699873,17.823934
arimao,ARIMAO,0,6,-71.999875,17.072676
arimao,ARIMAO,0,7,-66.149879,15.235782
arimao,ARIMAO,0,8,-62.099882,14.510916
arimao,ARIMAO,0,9,-61.112138,14.629
eastern-light-sweden-finland-ii,Eastern Light Sweden-Finland II,0,0,24.655782,60.20678
eastern-light-sweden-finland-ii,Eastern Light Sweden-Finland II,0,1,24.412559,60.130943
eastern-light-sweden-finland-ii,Eastern Light Sweden-Finland II,0,2,23.850059,60.074868
eastern-light-sweden-finland-ii,Eastern Light Sweden-Finland II,0,3,23.175059,60.018698
eastern-light-sweden-finland-ii,Eastern Light Sweden-Finland II,0,4,22.966758,59.823409
eastern-light-sweden-finland-ii,Eastern Light Sweden-Finland II,0,5,22.725058,59.793059
eastern-light-sweden-finland-ii,Eastern Light Sweden-Finland II,0,6,21.375059,59.90607
eastern-light-sweden-finland-ii,Eastern Light Sweden-Finland II,0,7,20.907999,59.920964
eastern-light-sweden-finland-ii,Eastern Light Sweden-Finland II,0,8,20.250059,59.622822
eastern-light-sweden-finland-ii,Eastern Light Sweden-Finland II,0,9,18.900059,59.508848
eastern-light-sweden-finland-ii,Eastern Light Sweden-Finland II,0,10,18.337559,59.423115
eastern-light-sweden-finland-ii,Eastern Light Sweden-Finland II,0,11,17.943567,59.402889
timor-leste-south-submarine-cable-tlssc,Timor-Leste South Submarine Cable (TLSSC),0,0,125.57938,-8.559447
timor-leste-south-submarine-cable-tlssc,Timor-Leste South Submarine Cable (TLSSC),0,1,125.774985,-8.345489
timor-leste-south-submarine-cable-tlssc,Timor-Leste South Submarine Cable (TLSSC),0,2,126.449985,-8.28983
timor-leste-south-submarine-cable-tlssc,Timor-Leste South Submarine Cable (TLSSC),0,3,126.899984,-8.14137
timor-leste-south-submarine-cable-tlssc,Timor-Leste South Submarine Cable (TLSSC),0,4,127.349984,-8.252721
timor-leste-south-submarine-cable-tlssc,Timor-Leste South Submarine Cable (TLSSC),0,5,127.574984,-9.586362
timor-leste-south-submarine-cable-tlssc,Timor-Leste South Submarine Cable (TLSSC),0,6,127.237484,-10.472599
timor-leste-south-submarine-cable-tlssc,Timor-Leste South Submarine Cable (TLSSC),0,7,126.449985,-11.552325
medloop,Medloop,0,0,7.200069,42.908732
medloop,Medloop,0,1,7.425069,42.32924
medloop,Medloop,0,2,8.414618,41.919503
medloop,Medloop,0,3,8.738738,41.919503
medloop,Medloop,0,0,8.938868,44.410358
medloop,Medloop,0,1,8.887568,44.051519
medloop,Medloop,0,2,8.437568,43.727215
medloop,Medloop,0,3,7.200069,42.908732
medloop,Medloop,0,4,6.41257,42.661039
medloop,Medloop,0,5,5.96257,42.661039
medloop,Medloop,0,6,5.37253,43.293628
medloop,Medloop,1,0,5.96257,42.661039
medloop,Medloop,1,1,4.050071,41.688375
medloop,Medloop,1,2,2.700072,41.266945
medloop,Medloop,1,3,2.168725,41.385603
asia-link-cable-alc,Asia Link Cable (ALC),0,0,114.974993,18.265171
asia-link-cable-alc,Asia Link Cable (ALC),0,1,116.999991,18.038005
asia-link-cable-alc,Asia Link Cable (ALC),0,2,119.924989,16.857468
asia-link-cable-alc,Asia Link Cable (ALC),0,3,120.354839,16.830717
asia-link-cable-alc,Asia Link Cable (ALC),1,0,114.749993,17.12196
asia-link-cable-alc,Asia Link Cable (ALC),1,1,116.999991,16.857468
asia-link-cable-alc,Asia Link Cable (ALC),1,2,119.924989,16.749771
asia-link-cable-alc,Asia Link Cable (ALC),1,3,120.355579,16.514025
asia-link-cable-alc,Asia Link Cable (ALC),2,0,114.749993,19.104405
asia-link-cable-alc,Asia Link Cable (ALC),2,1,113.849994,18.678647
asia-link-cable-alc,Asia Link Cable (ALC),2,2,111.099662,18.505615
asia-link-cable-alc,Asia Link Cable (ALC),2,3,110.049376,18.389897
asia-link-cable-alc,Asia Link Cable (ALC),3,0,111.149995,7.744889
asia-link-cable-alc,Asia Link Cable (ALC),3,1,112.949994,5.883219
asia-link-cable-alc,Asia Link Cable (ALC),3,2,114.299993,5.174038
asia-link-cable-alc,Asia Link Cable (ALC),3,3,114.885633,4.926762
asia-link-cable-alc,Asia Link Cable (ALC),4,0,114.074993,14.801154
asia-link-cable-alc,Asia Link Cable (ALC),4,1,109.799996,15.99421
asia-link-cable-alc,Asia Link Cable (ALC),4,2,108.899997,16.102326
asia-link-cable-alc,Asia Link Cable (ALC),4,3,108.192478,16.043393
asia-link-cable-alc,Asia Link Cable (ALC),5,0,104.11414,1.925884
asia-link-cable-alc,Asia Link Cable (ALC),5,1,104.328891,2.027684
asia-link-cable-alc,Asia Link Cable (ALC),5,2,104.66056,1.961481
asia-link-cable-alc,Asia Link Cable (ALC),6,0,114.202923,22.22205
asia-link-cable-alc,Asia Link Cable (ALC),6,1,114.412493,20.796306
asia-link-cable-alc,Asia Link Cable (ALC),6,2,114.749993,19.104405
asia-link-cable-alc,Asia Link Cable (ALC),6,3,114.974993,18.265171
asia-link-cable-alc,Asia Link Cable (ALC),6,4,114.749993,17.12196
asia-link-cable-alc,Asia Link Cable (ALC),6,5,114.074993,14.801154
asia-link-cable-alc,Asia Link Cable (ALC),6,6,113.399994,12.615396
asia-link-cable-alc,Asia Link Cable (ALC),6,7,112.387495,9.967915
asia-link-cable-alc,Asia Link Cable (ALC),6,8,111.149995,7.744889
asia-link-cable-alc,Asia Link Cable (ALC),6,9,107.999998,5.28607
asia-link-cable-alc,Asia Link Cable (ALC),6,10,107.099998,4.725718
asia-link-cable-alc,Asia Link Cable (ALC),6,11,105.749999,3.940476
asia-link-cable-alc,Asia Link Cable (ALC),6,12,104.90625,2.803405
asia-link-cable-alc,Asia Link Cable (ALC),6,13,104.66056,1.961481
asia-link-cable-alc,Asia Link Cable (ALC),6,14,104.470588,1.468427
asia-link-cable-alc,Asia Link Cable (ALC),6,15,104.2879,1.299801
asia-link-cable-alc,Asia Link Cable (ALC),6,16,104.19209,1.262423
asia-link-cable-alc,Asia Link Cable (ALC),6,17,103.987011,1.389451
manta,MANTA,0,0,-80.162221,25.933097
manta,MANTA,0,1,-80.212369,25.348717
manta,MANTA,0,2,-80.999868,24.737178
manta,MANTA,0,3,-83.249867,24.737178
manta,MANTA,0,4,-84.824866,24.941363
manta,MANTA,0,5,-86.017953,25.562629
manta,MANTA,1,0,-84.824866,24.941363
manta,MANTA,1,1,-84.824866,23.917101
manta,MANTA,1,2,-86.174865,21.635297
manta,MANTA,1,3,-86.512364,21.321235
manta,MANTA,1,4,-86.767587,21.095729
manta,MANTA,2,0,-86.017953,25.562629
manta,MANTA,2,1,-88.199863,23.848523
manta,MANTA,2,2,-91.799861,23.022777
manta,MANTA,2,3,-94.499859,21.356164
manta,MANTA,2,4,-96.140758,19.195462
manta,MANTA,3,0,-86.017953,25.562629
manta,MANTA,3,1,-84.599866,27.896239
manta,MANTA,3,2,-84.115365,29.953702
manta,MANTA,4,0,-75.505682,10.387005
manta,MANTA,4,1,-76.049872,10.963557
manta,MANTA,4,2,-78.74987,12.542196
manta,MANTA,4,3,-79.649869,13.929304
manta,MANTA,4,4,-80.999868,16.102326
manta,MANTA,4,5,-82.349867,17.395023
manta,MANTA,4,6,-85.049866,19.104405
manta,MANTA,4,7,-86.062365,20.375041
manta,MANTA,4,8,-86.174865,21.635297
manta,MANTA,5,0,-78.74987,12.542196
manta,MANTA,5,1,-79.424869,9.967915
manta,MANTA,5,2,-79.753539,9.437547
taiwan-penghu-kinmen-matsu-no-3-tpkm3,Taiwan Penghu Kinmen Matsu No.3 (TPKM3),0,0,118.315846,24.413419
taiwan-penghu-kinmen-matsu-no-3-tpkm3,Taiwan Penghu Kinmen Matsu No.3 (TPKM3),0,1,118.46249,24.310717
taiwan-penghu-kinmen-matsu-no-3-tpkm3,Taiwan Penghu Kinmen Matsu No.3 (TPKM3),0,2,119.24999,23.797066
taiwan-penghu-kinmen-matsu-no-3-tpkm3,Taiwan Penghu Kinmen Matsu No.3 (TPKM3),0,3,119.51202,23.60192
taiwan-penghu-kinmen-matsu-no-3-tpkm3,Taiwan Penghu Kinmen Matsu No.3 (TPKM3),0,4,119.576254,23.573729
taiwan-penghu-kinmen-matsu-no-3-tpkm3,Taiwan Penghu Kinmen Matsu No.3 (TPKM3),0,5,119.65616,23.57363
taiwan-penghu-kinmen-matsu-no-3-tpkm3,Taiwan Penghu Kinmen Matsu No.3 (TPKM3),0,6,119.699989,23.436295
taiwan-penghu-kinmen-matsu-no-3-tpkm3,Taiwan Penghu Kinmen Matsu No.3 (TPKM3),0,7,120.037489,23.281376
taiwan-penghu-kinmen-matsu-no-3-tpkm3,Taiwan Penghu Kinmen Matsu No.3 (TPKM3),0,8,120.180862,22.99721
taiwan-penghu-kinmen-matsu-no-3-tpkm3,Taiwan Penghu Kinmen Matsu No.3 (TPKM3),1,0,119.934349,26.15516
taiwan-penghu-kinmen-matsu-no-3-tpkm3,Taiwan Penghu Kinmen Matsu No.3 (TPKM3),1,1,120.262489,25.754704
taiwan-penghu-kinmen-matsu-no-3-tpkm3,Taiwan Penghu Kinmen Matsu No.3 (TPKM3),1,2,120.937489,25.247006
taiwan-penghu-kinmen-matsu-no-3-tpkm3,Taiwan Penghu Kinmen Matsu No.3 (TPKM3),1,3,121.311108,24.988889
taiwan-penghu-kinmen-matsu-no-3-tpkm3,Taiwan Penghu Kinmen Matsu No.3 (TPKM3),2,0,119.934349,26.15516
taiwan-penghu-kinmen-matsu-no-3-tpkm3,Taiwan Penghu Kinmen Matsu No.3 (TPKM3),2,1,119.868739,26.041442
taiwan-penghu-kinmen-matsu-no-3-tpkm3,Taiwan Penghu Kinmen Matsu No.3 (TPKM3),2,2,119.939075,25.973144
taiwan-penghu-kinmen-matsu-no-3-tpkm3,Taiwan Penghu Kinmen Matsu No.3 (TPKM3),3,0,119.934349,26.15516
taiwan-penghu-kinmen-matsu-no-3-tpkm3,Taiwan Penghu Kinmen Matsu No.3 (TPKM3),3,1,119.988596,26.225407
taiwan-penghu-kinmen-matsu-no-3-tpkm3,Taiwan Penghu Kinmen Matsu No.3 (TPKM3),3,2,120.149989,26.243425
taiwan-penghu-kinmen-matsu-no-3-tpkm3,Taiwan Penghu Kinmen Matsu No.3 (TPKM3),3,3,120.374989,26.293866
taiwan-penghu-kinmen-matsu-no-3-tpkm3,Taiwan Penghu Kinmen Matsu No.3 (TPKM3),3,4,120.49297,26.367336
unitirreno,Unitirreno,0,0,8.938868,44.410358
unitirreno,Unitirreno,0,1,9.337568,44.051519
unitirreno,Unitirreno,0,2,9.675067,43.401145
unitirreno,Unitirreno,0,3,9.787567,43.073311
unitirreno,Unitirreno,0,4,10.012567,42.412355
unitirreno,Unitirreno,0,5,10.575067,41.520132
unitirreno,Unitirreno,0,6,10.912567,41.06934
unitirreno,Unitirreno,0,7,11.700066,39.698323
unitirreno,Unitirreno,0,8,12.037566,38.211179
unitirreno,Unitirreno,0,9,12.150066,37.85674
unitirreno,Unitirreno,0,10,12.591375,37.650586
unitirreno,Unitirreno,1,0,10.912567,41.06934
unitirreno,Unitirreno,1,1,11.250066,41.266945
unitirreno,Unitirreno,1,2,11.587566,41.435846
unitirreno,Unitirreno,1,3,12.037566,41.604308
unitirreno,Unitirreno,1,4,12.226913,41.769718
unitirreno,Unitirreno,2,0,10.809437,41.207419
unitirreno,Unitirreno,2,1,10.172944,41.144044
unitirreno,Unitirreno,2,2,9.496448,40.923576
kochi-lakshadweep-islands-kli-sofc,Kochi-Lakshadweep Islands (KLI-SOFC),0,0,76.26955,9.938386
kochi-lakshadweep-islands-kli-sofc,Kochi-Lakshadweep Islands (KLI-SOFC),0,1,75.600021,10.078698
kochi-lakshadweep-islands-kli-sofc,Kochi-Lakshadweep Islands (KLI-SOFC),0,2,73.786592,10.700352
kochi-lakshadweep-islands-kli-sofc,Kochi-Lakshadweep Islands (KLI-SOFC),0,3,73.674094,10.810878
kochi-lakshadweep-islands-kli-sofc,Kochi-Lakshadweep Islands (KLI-SOFC),0,4,73.561592,10.700352
kochi-lakshadweep-islands-kli-sofc,Kochi-Lakshadweep Islands (KLI-SOFC),0,5,72.722868,11.124259
kochi-lakshadweep-islands-kli-sofc,Kochi-Lakshadweep Islands (KLI-SOFC),0,6,72.830343,11.1422
kochi-lakshadweep-islands-kli-sofc,Kochi-Lakshadweep Islands (KLI-SOFC),0,7,72.777583,11.227182
kochi-lakshadweep-islands-kli-sofc,Kochi-Lakshadweep Islands (KLI-SOFC),0,8,72.942843,11.197385
kochi-lakshadweep-islands-kli-sofc,Kochi-Lakshadweep Islands (KLI-SOFC),0,9,73.125022,11.331481
kochi-lakshadweep-islands-kli-sofc,Kochi-Lakshadweep Islands (KLI-SOFC),0,10,73.125022,11.441766
kochi-lakshadweep-islands-kli-sofc,Kochi-Lakshadweep Islands (KLI-SOFC),0,11,73.006446,11.485222
kochi-lakshadweep-islands-kli-sofc,Kochi-Lakshadweep Islands (KLI-SOFC),0,12,72.900023,11.662208
kochi-lakshadweep-islands-kli-sofc,Kochi-Lakshadweep Islands (KLI-SOFC),0,13,72.710643,11.689817
kochi-lakshadweep-islands-kli-sofc,Kochi-Lakshadweep Islands (KLI-SOFC),1,0,72.710643,11.689817
kochi-lakshadweep-islands-kli-sofc,Kochi-Lakshadweep Islands (KLI-SOFC),1,1,72.393773,11.496893
kochi-lakshadweep-islands-kli-sofc,Kochi-Lakshadweep Islands (KLI-SOFC),1,2,72.185933,11.598433
kochi-lakshadweep-islands-kli-sofc,Kochi-Lakshadweep Islands (KLI-SOFC),1,3,72.281273,11.331481
kochi-lakshadweep-islands-kli-sofc,Kochi-Lakshadweep Islands (KLI-SOFC),1,4,72.287227,10.939881
kochi-lakshadweep-islands-kli-sofc,Kochi-Lakshadweep Islands (KLI-SOFC),1,5,72.393773,10.889917
kochi-lakshadweep-islands-kli-sofc,Kochi-Lakshadweep Islands (KLI-SOFC),1,6,72.337523,10.80705
kochi-lakshadweep-islands-kli-sofc,Kochi-Lakshadweep Islands (KLI-SOFC),1,7,72.195443,10.862868
kochi-lakshadweep-islands-kli-sofc,Kochi-Lakshadweep Islands (KLI-SOFC),1,8,72.225023,10.779422
kochi-lakshadweep-islands-kli-sofc,Kochi-Lakshadweep Islands (KLI-SOFC),1,9,72.450023,10.558312
kochi-lakshadweep-islands-kli-sofc,Kochi-Lakshadweep Islands (KLI-SOFC),1,10,72.640713,10.564728
kochi-lakshadweep-islands-kli-sofc,Kochi-Lakshadweep Islands (KLI-SOFC),1,11,72.675023,10.337043
kochi-lakshadweep-islands-kli-sofc,Kochi-Lakshadweep Islands (KLI-SOFC),1,12,73.350022,10.004847
kochi-lakshadweep-islands-kli-sofc,Kochi-Lakshadweep Islands (KLI-SOFC),1,13,73.644108,10.069818
kochi-lakshadweep-islands-kli-sofc,Kochi-Lakshadweep Islands (KLI-SOFC),2,0,73.644112,10.069818
kochi-lakshadweep-islands-kli-sofc,Kochi-Lakshadweep Islands (KLI-SOFC),2,1,73.800022,9.894039
kochi-lakshadweep-islands-kli-sofc,Kochi-Lakshadweep Islands (KLI-SOFC),2,2,73.575022,8.783969
kochi-lakshadweep-islands-kli-sofc,Kochi-Lakshadweep Islands (KLI-SOFC),2,3,73.237522,8.338985
kochi-lakshadweep-islands-kli-sofc,Kochi-Lakshadweep Islands (KLI-SOFC),2,4,73.051202,8.274649
kochi-lakshadweep-islands-kli-sofc,Kochi-Lakshadweep Islands (KLI-SOFC),3,0,73.051202,8.274649
kochi-lakshadweep-islands-kli-sofc,Kochi-Lakshadweep Islands (KLI-SOFC),3,1,73.237522,8.283326
kochi-lakshadweep-islands-kli-sofc,Kochi-Lakshadweep Islands (KLI-SOFC),3,2,75.65367,9.650749
kochi-lakshadweep-islands-kli-sofc,Kochi-Lakshadweep Islands (KLI-SOFC),3,3,76.26955,9.938386
kochi-lakshadweep-islands-kli-sofc,Kochi-Lakshadweep Islands (KLI-SOFC),4,0,72.722868,11.124259
kochi-lakshadweep-islands-kli-sofc,Kochi-Lakshadweep Islands (KLI-SOFC),4,1,72.618773,10.889917
kochi-lakshadweep-islands-kli-sofc,Kochi-Lakshadweep Islands (KLI-SOFC),4,2,72.337523,10.779422
kochi-lakshadweep-islands-kli-sofc,Kochi-Lakshadweep Islands (KLI-SOFC),4,3,72.195443,10.862868
sagres,Sagres,0,0,-9.102749,38.443079
sagres,Sagres,0,1,-8.999919,38.12273
sagres,Sagres,0,2,-9.224919,37.232354
sagres,Sagres,0,3,-8.999919,36.903212
sagres,Sagres,0,4,-8.887419,36.903212
sagres,Sagres,0,5,-8.77454,37.073388
continente-madeira,Continente-Madeira,0,0,-9.331559,38.690162
continente-madeira,Continente-Madeira,0,1,-10.799918,38.299521
continente-madeira,Continente-Madeira,0,2,-13.949916,35.60293
continente-madeira,Continente-Madeira,0,3,-16.199914,34.063993
continente-madeira,Continente-Madeira,0,4,-16.818664,32.812319
continente-madeira,Continente-Madeira,0,5,-16.908894,32.647278
almera-melilla-alme,Almería-Melilla (ALME),0,0,-2.463794,36.841862
almera-melilla-alme,Almería-Melilla (ALME),0,1,-2.474924,36.452085
almera-melilla-alme,Almería-Melilla (ALME),0,2,-2.587424,35.724798
almera-melilla-alme,Almería-Melilla (ALME),0,3,-2.938094,35.292274
roquetas-melilla-cam,Roquetas-Melilla (CAM),0,0,-2.612504,36.763842
roquetas-melilla-cam,Roquetas-Melilla (CAM),0,1,-2.587424,36.452085
roquetas-melilla-cam,Roquetas-Melilla (CAM),0,2,-2.699924,35.724798
roquetas-melilla-cam,Roquetas-Melilla (CAM),0,3,-2.938094,35.292274
philippine-domestic-submarine-cable-network-pdscn,Philippine Domestic Submarine Cable Network (PDSCN),0,0,121.07815,13.635709
philippine-domestic-submarine-cable-network-pdscn,Philippine Domestic Submarine Cable Network (PDSCN),0,1,121.331238,13.492128
philippine-domestic-submarine-cable-network-pdscn,Philippine Domestic Submarine Cable Network (PDSCN),0,2,121.499988,13.273238
philippine-domestic-submarine-cable-network-pdscn,Philippine Domestic Submarine Cable Network (PDSCN),0,3,121.464538,13.045783
philippine-domestic-submarine-cable-network-pdscn,Philippine Domestic Submarine Cable Network (PDSCN),0,4,121.612485,12.834869
philippine-domestic-submarine-cable-network-pdscn,Philippine Domestic Submarine Cable Network (PDSCN),0,5,121.702708,12.634486
philippine-domestic-submarine-cable-network-pdscn,Philippine Domestic Submarine Cable Network (PDSCN),0,6,121.888558,12.193716
philippine-domestic-submarine-cable-network-pdscn,Philippine Domestic Submarine Cable Network (PDSCN),0,7,121.944811,11.949245
philippine-domestic-submarine-cable-network-pdscn,Philippine Domestic Submarine Cable Network (PDSCN),1,0,121.612293,13.935275
philippine-domestic-submarine-cable-network-pdscn,Philippine Domestic Submarine Cable Network (PDSCN),1,1,121.781238,13.492128
philippine-domestic-submarine-cable-network-pdscn,Philippine Domestic Submarine Cable Network (PDSCN),1,2,121.884734,13.429083
philippine-domestic-submarine-cable-network-pdscn,Philippine Domestic Submarine Cable Network (PDSCN),1,3,121.949988,13.054151
philippine-domestic-submarine-cable-network-pdscn,Philippine Domestic Submarine Cable Network (PDSCN),1,4,122.062488,12.725156
philippine-domestic-submarine-cable-network-pdscn,Philippine Domestic Submarine Cable Network (PDSCN),1,5,122.081712,12.602956
philippine-domestic-submarine-cable-network-pdscn,Philippine Domestic Submarine Cable Network (PDSCN),2,0,122.081712,12.602956
philippine-domestic-submarine-cable-network-pdscn,Philippine Domestic Submarine Cable Network (PDSCN),2,1,122.118738,12.725156
philippine-domestic-submarine-cable-network-pdscn,Philippine Domestic Submarine Cable Network (PDSCN),2,2,122.793737,13.273238
philippine-domestic-submarine-cable-network-pdscn,Philippine Domestic Submarine Cable Network (PDSCN),2,3,122.950671,13.546888
philippine-domestic-submarine-cable-network-pdscn,Philippine Domestic Submarine Cable Network (PDSCN),3,0,122.081712,12.602956
philippine-domestic-submarine-cable-network-pdscn,Philippine Domestic Submarine Cable Network (PDSCN),3,1,122.174988,12.725156
philippine-domestic-submarine-cable-network-pdscn,Philippine Domestic Submarine Cable Network (PDSCN),3,2,122.343738,12.651988
philippine-domestic-submarine-cable-network-pdscn,Philippine Domestic Submarine Cable Network (PDSCN),3,3,122.343738,12.487282
philippine-domestic-submarine-cable-network-pdscn,Philippine Domestic Submarine Cable Network (PDSCN),3,4,122.399988,12.065895
philippine-domestic-submarine-cable-network-pdscn,Philippine Domestic Submarine Cable Network (PDSCN),3,5,122.749987,11.583202
philippine-domestic-submarine-cable-network-pdscn,Philippine Domestic Submarine Cable Network (PDSCN),4,0,121.944812,11.949266
philippine-domestic-submarine-cable-network-pdscn,Philippine Domestic Submarine Cable Network (PDSCN),4,1,121.950778,11.93093
philippine-domestic-submarine-cable-network-pdscn,Philippine Domestic Submarine Cable Network (PDSCN),5,0,122.562107,10.720151
philippine-domestic-submarine-cable-network-pdscn,Philippine Domestic Submarine Cable Network (PDSCN),5,1,122.737487,10.656603
philippine-domestic-submarine-cable-network-pdscn,Philippine Domestic Submarine Cable Network (PDSCN),5,2,122.968957,10.640739
philippine-domestic-submarine-cable-network-pdscn,Philippine Domestic Submarine Cable Network (PDSCN),6,0,123.412877,10.483709
philippine-domestic-submarine-cable-network-pdscn,Philippine Domestic Submarine Cable Network (PDSCN),6,1,123.524987,10.447697
philippine-domestic-submarine-cable-network-pdscn,Philippine Domestic Submarine Cable Network (PDSCN),6,2,123.635241,10.376237
philippine-domestic-submarine-cable-network-pdscn,Philippine Domestic Submarine Cable Network (PDSCN),7,0,122.749987,11.583202
philippine-domestic-submarine-cable-network-pdscn,Philippine Domestic Submarine Cable Network (PDSCN),7,1,122.962487,11.62548
philippine-domestic-submarine-cable-network-pdscn,Philippine Domestic Submarine Cable Network (PDSCN),7,2,123.299987,11.62548
philippine-domestic-submarine-cable-network-pdscn,Philippine Domestic Submarine Cable Network (PDSCN),7,3,123.861543,11.940899
philippine-domestic-submarine-cable-network-pdscn,Philippine Domestic Submarine Cable Network (PDSCN),8,0,123.167487,9.14622
philippine-domestic-submarine-cable-network-pdscn,Philippine Domestic Submarine Cable Network (PDSCN),8,1,123.187487,8.969224
philippine-domestic-submarine-cable-network-pdscn,Philippine Domestic Submarine Cable Network (PDSCN),8,2,123.243737,8.734553
philippine-domestic-submarine-cable-network-pdscn,Philippine Domestic Submarine Cable Network (PDSCN),8,3,123.335031,8.564097
philippine-domestic-submarine-cable-network-pdscn,Philippine Domestic Submarine Cable Network (PDSCN),9,0,125.486767,9.782714
philippine-domestic-submarine-cable-network-pdscn,Philippine Domestic Submarine Cable Network (PDSCN),9,1,125.099986,9.857095
philippine-domestic-submarine-cable-network-pdscn,Philippine Domestic Submarine Cable Network (PDSCN),9,2,124.874986,9.967915
philippine-domestic-submarine-cable-network-pdscn,Philippine Domestic Submarine Cable Network (PDSCN),9,3,124.842174,10.178583
philippine-domestic-submarine-cable-network-pdscn,Philippine Domestic Submarine Cable Network (PDSCN),10,0,124.397202,11.054861
philippine-domestic-submarine-cable-network-pdscn,Philippine Domestic Submarine Cable Network (PDSCN),10,1,124.302916,10.932012
philippine-domestic-submarine-cable-network-pdscn,Philippine Domestic Submarine Cable Network (PDSCN),10,2,124.199986,10.742582
philippine-domestic-submarine-cable-network-pdscn,Philippine Domestic Submarine Cable Network (PDSCN),10,3,124.087486,10.521445
philippine-domestic-submarine-cable-network-pdscn,Philippine Domestic Submarine Cable Network (PDSCN),10,4,123.988349,10.40642
philippine-domestic-submarine-cable-network-pdscn,Philippine Domestic Submarine Cable Network (PDSCN),11,0,124.600276,12.069905
philippine-domestic-submarine-cable-network-pdscn,Philippine Domestic Submarine Cable Network (PDSCN),11,1,124.424986,12.065895
philippine-domestic-submarine-cable-network-pdscn,Philippine Domestic Submarine Cable Network (PDSCN),11,2,124.087486,12.175887
philippine-domestic-submarine-cable-network-pdscn,Philippine Domestic Submarine Cable Network (PDSCN),11,3,123.901231,12.10598
philippine-domestic-submarine-cable-network-pdscn,Philippine Domestic Submarine Cable Network (PDSCN),12,0,123.901231,12.10598
philippine-domestic-submarine-cable-network-pdscn,Philippine Domestic Submarine Cable Network (PDSCN),12,1,123.862486,12.395734
philippine-domestic-submarine-cable-network-pdscn,Philippine Domestic Submarine Cable Network (PDSCN),12,2,123.89612,12.683687
philippine-domestic-submarine-cable-network-pdscn,Philippine Domestic Submarine Cable Network (PDSCN),13,0,126.05252,9.855207
philippine-domestic-submarine-cable-network-pdscn,Philippine Domestic Submarine Cable Network (PDSCN),13,1,125.887485,9.80167
philippine-domestic-submarine-cable-network-pdscn,Philippine Domestic Submarine Cable Network (PDSCN),13,2,125.831235,9.690794
philippine-domestic-submarine-cable-network-pdscn,Philippine Domestic Submarine Cable Network (PDSCN),13,3,125.86972,9.498334
philippine-domestic-submarine-cable-network-pdscn,Philippine Domestic Submarine Cable Network (PDSCN),14,0,124.728925,9.172532
philippine-domestic-submarine-cable-network-pdscn,Philippine Domestic Submarine Cable Network (PDSCN),14,1,124.762486,9.080331
philippine-domestic-submarine-cable-network-pdscn,Philippine Domestic Submarine Cable Network (PDSCN),14,2,124.816495,8.982806
philippine-domestic-submarine-cable-network-pdscn,Philippine Domestic Submarine Cable Network (PDSCN),15,0,123.861543,11.940899
philippine-domestic-submarine-cable-network-pdscn,Philippine Domestic Submarine Cable Network (PDSCN),15,1,123.932986,11.537442
philippine-domestic-submarine-cable-network-pdscn,Philippine Domestic Submarine Cable Network (PDSCN),15,2,124.199986,11.294709
philippine-domestic-submarine-cable-network-pdscn,Philippine Domestic Submarine Cable Network (PDSCN),15,3,124.397202,11.054861
philippine-domestic-submarine-cable-network-pdscn,Philippine Domestic Submarine Cable Network (PDSCN),16,0,123.913586,9.622537
philippine-domestic-submarine-cable-network-pdscn,Philippine Domestic Submarine Cable Network (PDSCN),16,1,124.199986,9.302442
philippine-domestic-submarine-cable-network-pdscn,Philippine Domestic Submarine Cable Network (PDSCN),16,2,124.649986,8.635699
philippine-domestic-submarine-cable-network-pdscn,Philippine Domestic Submarine Cable Network (PDSCN),16,3,124.631916,8.454148
philippine-domestic-submarine-cable-network-pdscn,Philippine Domestic Submarine Cable Network (PDSCN),17,0,123.335031,8.564097
philippine-domestic-submarine-cable-network-pdscn,Philippine Domestic Submarine Cable Network (PDSCN),17,1,123.412487,8.746907
philippine-domestic-submarine-cable-network-pdscn,Philippine Domestic Submarine Cable Network (PDSCN),17,2,123.637487,8.858082
philippine-domestic-submarine-cable-network-pdscn,Philippine Domestic Submarine Cable Network (PDSCN),17,3,124.481236,8.635699
philippine-domestic-submarine-cable-network-pdscn,Philippine Domestic Submarine Cable Network (PDSCN),17,4,124.631916,8.454148
philippine-domestic-submarine-cable-network-pdscn,Philippine Domestic Submarine Cable Network (PDSCN),18,0,123.335031,8.564097
philippine-domestic-submarine-cable-network-pdscn,Philippine Domestic Submarine Cable Network (PDSCN),18,1,123.187487,8.635699
philippine-domestic-submarine-cable-network-pdscn,Philippine Domestic Submarine Cable Network (PDSCN),18,2,122.737487,8.413185
philippine-domestic-submarine-cable-network-pdscn,Philippine Domestic Submarine Cable Network (PDSCN),18,3,122.678477,8.073858
philippine-domestic-submarine-cable-network-pdscn,Philippine Domestic Submarine Cable Network (PDSCN),19,0,123.988349,10.40642
philippine-domestic-submarine-cable-network-pdscn,Philippine Domestic Submarine Cable Network (PDSCN),19,1,124.199986,10.300149
philippine-domestic-submarine-cable-network-pdscn,Philippine Domestic Submarine Cable Network (PDSCN),19,2,124.649986,10.189443
philippine-domestic-submarine-cable-network-pdscn,Philippine Domestic Submarine Cable Network (PDSCN),19,3,124.842174,10.178583
philippine-domestic-submarine-cable-network-pdscn,Philippine Domestic Submarine Cable Network (PDSCN),20,0,122.063271,6.908093
philippine-domestic-submarine-cable-network-pdscn,Philippine Domestic Submarine Cable Network (PDSCN),20,1,121.949988,6.889422
philippine-domestic-submarine-cable-network-pdscn,Philippine Domestic Submarine Cable Network (PDSCN),20,2,121.724988,7.001096
philippine-domestic-submarine-cable-network-pdscn,Philippine Domestic Submarine Cable Network (PDSCN),20,3,121.724988,7.447522
philippine-domestic-submarine-cable-network-pdscn,Philippine Domestic Submarine Cable Network (PDSCN),20,4,121.949988,7.893494
philippine-domestic-submarine-cable-network-pdscn,Philippine Domestic Submarine Cable Network (PDSCN),20,5,122.41209,8.21004
philippine-domestic-submarine-cable-network-pdscn,Philippine Domestic Submarine Cable Network (PDSCN),20,6,122.678477,8.073858
philippine-domestic-submarine-cable-network-pdscn,Philippine Domestic Submarine Cable Network (PDSCN),21,0,123.838927,10.252014
philippine-domestic-submarine-cable-network-pdscn,Philippine Domestic Submarine Cable Network (PDSCN),21,1,123.862486,10.078698
philippine-domestic-submarine-cable-network-pdscn,Philippine Domestic Submarine Cable Network (PDSCN),21,2,123.806237,9.80167
philippine-domestic-submarine-cable-network-pdscn,Philippine Domestic Submarine Cable Network (PDSCN),21,3,123.878209,9.675392
groix-4,Groix 4,0,0,-3.445566,47.697433
groix-4,Groix 4,0,1,-3.487423,47.679325
groix-4,Groix 4,0,2,-3.482272,47.650238
thetis,Thetis,0,0,19.858511,39.64154
thetis,Thetis,0,1,19.956685,39.640978
thetis,Thetis,0,2,20.021,39.683031
thetis,Thetis,1,0,20.112872,39.385368
thetis,Thetis,1,1,20.192935,39.422998
thetis,Thetis,1,2,20.277411,39.449989
thetis,Thetis,2,0,26.10717,35.206954
thetis,Thetis,2,1,26.325056,35.511408
thetis,Thetis,2,2,26.887555,35.633415
thetis,Thetis,2,3,27.112555,35.90725
thetis,Thetis,2,4,27.562555,35.998319
thetis,Thetis,2,5,27.851089,35.927852
thetis,Thetis,3,0,28.120056,36.41158
thetis,Thetis,3,1,27.900054,36.452085
thetis,Thetis,3,2,27.337555,36.632853
thetis,Thetis,3,3,27.143445,36.782901
thetis,Thetis,4,0,26.995074,36.77158
thetis,Thetis,4,1,26.816615,36.864938
thetis,Thetis,4,2,26.550055,36.87322
thetis,Thetis,4,3,26.100056,36.602755
thetis,Thetis,4,4,25.762556,36.452085
thetis,Thetis,4,5,25.650056,36.361543
thetis,Thetis,4,6,25.464806,36.345426
thetis,Thetis,5,0,25.402346,36.477426
thetis,Thetis,5,1,25.537556,36.632853
thetis,Thetis,5,2,25.537556,36.813199
thetis,Thetis,5,3,25.403636,36.97726
thetis,Thetis,6,0,25.375976,37.10184
thetis,Thetis,6,1,25.368681,37.127882
thetis,Thetis,6,2,25.289696,37.125247
thetis,Thetis,7,0,25.238146,37.122233
thetis,Thetis,7,1,25.425056,37.262205
thetis,Thetis,7,2,25.419566,37.439069
thetis,Thetis,8,0,25.328581,37.439069
thetis,Thetis,8,1,25.256431,37.530333
thetis,Thetis,8,2,25.207101,37.538716
thetis,Thetis,9,0,25.160526,37.538716
thetis,Thetis,9,1,25.031182,37.530333
thetis,Thetis,9,2,24.936036,37.441583
juno,JUNO,0,0,179.999927,42.740357
juno,JUNO,0,1,172.799921,42.743698
juno,JUNO,0,2,160.199961,39.002379
juno,JUNO,0,3,149.399968,35.419781
juno,JUNO,0,4,143.099973,33.93964
juno,JUNO,0,5,140.399975,33.189715
juno,JUNO,0,6,138.599976,32.433313
juno,JUNO,0,7,137.699977,33.001219
juno,JUNO,0,8,136.873997,34.336828
juno,JUNO,1,0,143.099973,33.93964
juno,JUNO,1,1,141.299974,34.683018
juno,JUNO,1,2,139.960975,34.974078
juno,JUNO,2,0,-179.999814,42.740359
juno,JUNO,2,1,-151.199834,42.740359
juno,JUNO,2,2,-138.825004,40.043694
juno,JUNO,2,3,-129.599834,36.149867
juno,JUNO,2,4,-122.849839,34.867831
juno,JUNO,2,5,-120.621522,35.120949
vodafone-greece-domestic,Vodafone Greece Domestic,0,0,24.011428,37.888178
vodafone-greece-domestic,Vodafone Greece Domestic,0,1,24.300057,37.886342
vodafone-greece-domestic,Vodafone Greece Domestic,0,2,24.750057,37.708551
vodafone-greece-domestic,Vodafone Greece Domestic,0,3,24.936036,37.441583
apocs-1,APOCS 1,0,0,-60.224123,46.229284
apocs-1,APOCS 1,0,1,-59.849883,46.582355
apocs-1,APOCS 1,0,2,-59.399884,47.197407
apocs-1,APOCS 1,0,3,-59.284726,47.636673
apocs-2,APOCS 2,0,0,-65.555828,45.348014
apocs-2,APOCS 2,0,1,-65.443328,45.183767
apocs-2,APOCS 2,0,2,-65.207596,45.089458
apocs-2,APOCS 2,0,3,-64.948278,45.089458
apocs-2,APOCS 2,1,0,-60.469313,46.89666
apocs-2,APOCS 2,1,1,-60.299883,46.993174
apocs-2,APOCS 2,1,2,-59.624884,47.755014
apocs-2,APOCS 2,1,3,-59.39193,47.881569
unitel-north-submarine-cable-unsc,Unitel North Submarine Cable (UNSC),0,0,12.14088,-5.23097
unitel-north-submarine-cable-unsc,Unitel North Submarine Cable (UNSC),0,1,11.700066,-5.572601
unitel-north-submarine-cable-unsc,Unitel North Submarine Cable (UNSC),0,2,11.475066,-5.796494
unitel-north-submarine-cable-unsc,Unitel North Submarine Cable (UNSC),0,3,11.475066,-6.691145
unitel-north-submarine-cable-unsc,Unitel North Submarine Cable (UNSC),0,4,11.812566,-7.361072
unitel-north-submarine-cable-unsc,Unitel North Submarine Cable (UNSC),0,5,12.375065,-7.361072
unitel-north-submarine-cable-unsc,Unitel North Submarine Cable (UNSC),0,6,12.866667,-7.233333
unitel-north-submarine-cable-unsc,Unitel North Submarine Cable (UNSC),1,0,12.189866,-5.556577
unitel-north-submarine-cable-unsc,Unitel North Submarine Cable (UNSC),1,1,11.925066,-5.628582
unitel-north-submarine-cable-unsc,Unitel North Submarine Cable (UNSC),1,2,11.812566,-5.796494
unitel-north-submarine-cable-unsc,Unitel North Submarine Cable (UNSC),1,3,11.812566,-6.132166
unitel-north-submarine-cable-unsc,Unitel North Submarine Cable (UNSC),1,4,12.150066,-6.188092
unitel-north-submarine-cable-unsc,Unitel North Submarine Cable (UNSC),1,5,12.352065,-6.141015
romulo,Romulo,0,0,-0.210386,39.662556
romulo,Romulo,0,1,0.450074,39.438157
romulo,Romulo,0,2,2.250073,39.438157
romulo,Romulo,0,3,2.462768,39.499953
penbal-4,Penbal-4,0,0,-0.376975,39.459647
penbal-4,Penbal-4,0,1,0.450074,39.26417
penbal-4,Penbal-4,0,2,0.900074,39.031515
penbal-4,Penbal-4,0,3,1.41889,38.906115
penbal-4,Penbal-4,0,4,1.800073,38.944071
penbal-4,Penbal-4,0,5,2.475072,39.26417
penbal-4,Penbal-4,0,6,2.91156,39.613535
trans-adriatic-express-tae,Trans Adriatic Express (TAE),0,0,18.405157,40.302007
trans-adriatic-express-tae,Trans Adriatic Express (TAE),0,1,18.575061,40.501476
trans-adriatic-express-tae,Trans Adriatic Express (TAE),0,2,19.125061,40.757616
trans-adriatic-express-tae,Trans Adriatic Express (TAE),0,3,19.376194,40.786713
olisipo,Olisipo,0,0,-9.337909,38.688843
olisipo,Olisipo,0,1,-9.485884,38.612066
olisipo,Olisipo,0,2,-9.465249,38.442696
olisipo,Olisipo,0,3,-9.202699,38.188083
olisipo,Olisipo,0,4,-9.112419,37.991432
olisipo,Olisipo,0,5,-8.869597,37.957215
carnival-submarine-network-1-csn-1,Carnival Submarine Network-1 (CSN-1),0,0,-81.795793,26.139094
carnival-submarine-network-1-csn-1,Carnival Submarine Network-1 (CSN-1),0,1,-83.249867,24.941363
carnival-submarine-network-1-csn-1,Carnival Submarine Network-1 (CSN-1),0,2,-84.824866,23.711258
carnival-submarine-network-1-csn-1,Carnival Submarine Network-1 (CSN-1),0,3,-86.062365,21.635297
carnival-submarine-network-1-csn-1,Carnival Submarine Network-1 (CSN-1),0,4,-85.949865,20.375041
carnival-submarine-network-1-csn-1,Carnival Submarine Network-1 (CSN-1),0,5,-85.274865,19.104405
carnival-submarine-network-1-csn-1,Carnival Submarine Network-1 (CSN-1),0,6,-84.374866,17.395023
carnival-submarine-network-1-csn-1,Carnival Submarine Network-1 (CSN-1),0,7,-83.024867,16.102326
carnival-submarine-network-1-csn-1,Carnival Submarine Network-1 (CSN-1),0,8,-81.674868,13.929304
carnival-submarine-network-1-csn-1,Carnival Submarine Network-1 (CSN-1),0,9,-79.874869,11.955858
carnival-submarine-network-1-csn-1,Carnival Submarine Network-1 (CSN-1),0,10,-79.762369,9.967915
carnival-submarine-network-1-csn-1,Carnival Submarine Network-1 (CSN-1),0,11,-79.900259,9.350855
carnival-submarine-network-1-csn-1,Carnival Submarine Network-1 (CSN-1),1,0,-79.874869,11.955858
carnival-submarine-network-1-csn-1,Carnival Submarine Network-1 (CSN-1),1,1,-79.649869,12.175887
carnival-submarine-network-1-csn-1,Carnival Submarine Network-1 (CSN-1),1,2,-78.74987,12.322472
carnival-submarine-network-1-csn-1,Carnival Submarine Network-1 (CSN-1),1,3,-75.374872,11.441766
carnival-submarine-network-1-csn-1,Carnival Submarine Network-1 (CSN-1),1,4,-74.779783,10.940436
carnival-submarine-network-1-csn-1,Carnival Submarine Network-1 (CSN-1),2,0,-79.536709,8.964826
carnival-submarine-network-1-csn-1,Carnival Submarine Network-1 (CSN-1),2,1,-79.431083,8.233601
carnival-submarine-network-1-csn-1,Carnival Submarine Network-1 (CSN-1),2,2,-79.072428,7.259765
carnival-submarine-network-1-csn-1,Carnival Submarine Network-1 (CSN-1),2,3,-79.281304,5.101279
carnival-submarine-network-1-csn-1,Carnival Submarine Network-1 (CSN-1),2,4,-81.566691,2.380576
carnival-submarine-network-1-csn-1,Carnival Submarine Network-1 (CSN-1),2,5,-82.24348,0.553868
carnival-submarine-network-1-csn-1,Carnival Submarine Network-1 (CSN-1),2,6,-82.124868,-1.981015
carnival-submarine-network-1-csn-1,Carnival Submarine Network-1 (CSN-1),2,7,-81.449868,-2.468146
carnival-submarine-network-1-csn-1,Carnival Submarine Network-1 (CSN-1),2,8,-80.855951,-2.329806
carnival-submarine-network-1-csn-1,Carnival Submarine Network-1 (CSN-1),3,0,-86.767587,21.095729
carnival-submarine-network-1-csn-1,Carnival Submarine Network-1 (CSN-1),3,1,-86.517566,20.882905
carnival-submarine-network-1-csn-1,Carnival Submarine Network-1 (CSN-1),3,2,-85.98811,20.80467
sea-h2x,SEA-H2X,0,0,103.646091,1.338586
sea-h2x,SEA-H2X,0,1,103.837501,1.168507
sea-h2x,SEA-H2X,0,2,104.14002,1.157969
sea-h2x,SEA-H2X,0,3,104.260025,1.468427
sea-h2x,SEA-H2X,0,4,104.625,2.81745
sea-h2x,SEA-H2X,0,5,105.749999,4.501447
sea-h2x,SEA-H2X,0,6,107.099998,5.174038
sea-h2x,SEA-H2X,0,7,107.999998,5.845915
sea-h2x,SEA-H2X,0,8,110.024996,7.744889
sea-h2x,SEA-H2X,0,9,111.262495,9.967915
sea-h2x,SEA-H2X,0,10,112.274995,12.615396
sea-h2x,SEA-H2X,0,11,113.849994,17.10852
sea-h2x,SEA-H2X,0,12,114.074993,18.251816
sea-h2x,SEA-H2X,0,13,113.962494,20.796306
sea-h2x,SEA-H2X,0,14,114.258683,22.318293
sea-h2x,SEA-H2X,1,0,105.749999,4.501447
sea-h2x,SEA-H2X,1,1,104.83597,5.398081
sea-h2x,SEA-H2X,1,2,103.048831,7.005166
sea-h2x,SEA-H2X,1,3,101.700002,7.075531
sea-h2x,SEA-H2X,1,4,100.595103,7.198818
sea-h2x,SEA-H2X,2,0,114.074993,18.251816
sea-h2x,SEA-H2X,2,1,111.149995,18.287426
sea-h2x,SEA-H2X,2,2,110.049376,18.389897
sea-h2x,SEA-H2X,3,0,107.999998,5.845915
sea-h2x,SEA-H2X,3,1,109.124997,4.164913
sea-h2x,SEA-H2X,3,2,109.799996,2.81745
sea-h2x,SEA-H2X,3,3,110.362496,1.918229
sea-h2x,SEA-H2X,3,4,110.353706,1.520169
sea-h2x,SEA-H2X,4,0,113.849994,17.10852
sea-h2x,SEA-H2X,4,1,116.999991,16.749771
sea-h2x,SEA-H2X,4,2,119.924989,16.642014
sea-h2x,SEA-H2X,4,3,120.320939,16.615894
hronn,Hronn,0,0,8.406946,55.44848
hronn,Hronn,0,1,7.650069,55.398517
hronn,Hronn,0,2,5.40007,55.355904
hronn,Hronn,0,3,4.51313,55.41867
hronn,Hronn,1,0,5.40007,55.355904
hronn,Hronn,1,1,5.28757,55.323915
hronn,Hronn,1,2,5.1805,55.32215
cook-strait,Cook Strait,0,0,174.235971,-41.339028
cook-strait,Cook Strait,0,1,174.431201,-41.370457
cook-strait,Cook Strait,0,2,174.613371,-41.301626
minoas-east-and-west,Minoas East and West,0,0,23.035747,36.523222
minoas-east-and-west,Minoas East and West,0,1,23.287558,36.240655
minoas-east-and-west,Minoas East and West,0,2,23.512558,36.058973
minoas-east-and-west,Minoas East and West,0,3,23.7225,35.512333
minoas-east-and-west,Minoas East and West,0,4,23.400058,36.058973
minoas-east-and-west,Minoas East and West,0,5,23.175058,36.240655
minoas-east-and-west,Minoas East and West,0,6,23.035747,36.523222
apollo-east-and-west,Apollo East and West,0,0,23.363239,37.973952
apollo-east-and-west,Apollo East and West,0,1,23.344433,37.767862
apollo-east-and-west,Apollo East and West,0,2,23.400553,37.678878
apollo-east-and-west,Apollo East and West,0,3,23.512558,37.589787
apollo-east-and-west,Apollo East and West,0,4,23.962557,36.512388
apollo-east-and-west,Apollo East and West,0,5,24.412557,35.90725
apollo-east-and-west,Apollo East and West,0,6,24.931607,35.404687
apollo-east-and-west,Apollo East and West,0,7,24.525057,35.90725
apollo-east-and-west,Apollo East and West,0,8,24.075057,36.512388
apollo-east-and-west,Apollo East and West,0,9,23.625057,37.589787
apollo-east-and-west,Apollo East and West,0,10,23.456673,37.678878
apollo-east-and-west,Apollo East and West,0,11,23.400558,37.767862
apollo-east-and-west,Apollo East and West,0,12,23.363239,37.973952
seamewe-6,SeaMeWe-6,0,0,35.887549,24.122617
seamewe-6,SeaMeWe-6,0,1,36.900048,24.361969
seamewe-6,SeaMeWe-6,0,2,37.800047,24.327803
seamewe-6,SeaMeWe-6,0,3,38.106977,24.070648
seamewe-6,SeaMeWe-6,1,0,5.37253,43.293628
seamewe-6,SeaMeWe-6,1,1,5.28757,41.744359
seamewe-6,SeaMeWe-6,1,2,5.85007,38.651812
seamewe-6,SeaMeWe-6,1,3,6.750069,37.94551
seamewe-6,SeaMeWe-6,1,4,9.000068,37.411284
seamewe-6,SeaMeWe-6,1,5,10.348617,37.411284
seamewe-6,SeaMeWe-6,1,6,11.137566,37.232354
seamewe-6,SeaMeWe-6,1,7,11.812566,35.419781
seamewe-6,SeaMeWe-6,1,8,14.400064,33.565491
seamewe-6,SeaMeWe-6,1,9,16.650062,32.623017
seamewe-6,SeaMeWe-6,1,10,19.350061,33.001219
seamewe-6,SeaMeWe-6,1,11,22.050059,33.174022
seamewe-6,SeaMeWe-6,1,12,25.200056,32.433313
seamewe-6,SeaMeWe-6,1,13,27.900054,31.76621
seamewe-6,SeaMeWe-6,1,14,31.050052,31.798087
seamewe-6,SeaMeWe-6,1,15,32.062552,31.510798
seamewe-6,SeaMeWe-6,1,16,32.284451,31.259278
seamewe-6,SeaMeWe-6,2,0,32.284451,31.259278
seamewe-6,SeaMeWe-6,2,1,32.062552,30.837021
seamewe-6,SeaMeWe-6,2,2,32.062552,30.077386
seamewe-6,SeaMeWe-6,2,3,32.231246,29.638336
seamewe-6,SeaMeWe-6,2,4,32.400051,29.082726
seamewe-6,SeaMeWe-6,2,5,33.082766,28.365936
seamewe-6,SeaMeWe-6,3,0,32.284451,31.259278
seamewe-6,SeaMeWe-6,3,1,32.006302,30.837021
seamewe-6,SeaMeWe-6,3,2,31.950052,30.077386
seamewe-6,SeaMeWe-6,3,3,32.175001,29.638336
seamewe-6,SeaMeWe-6,3,4,32.287551,29.082726
seamewe-6,SeaMeWe-6,3,5,33.082766,28.365936
seamewe-6,SeaMeWe-6,4,0,33.082766,28.365936
seamewe-6,SeaMeWe-6,4,1,33.356801,28.161052
seamewe-6,SeaMeWe-6,4,2,33.8063,27.364668
seamewe-6,SeaMeWe-6,4,3,34.42505,26.562513
seamewe-6,SeaMeWe-6,4,4,34.87505,25.754704
seamewe-6,SeaMeWe-6,4,5,35.887549,24.122617
seamewe-6,SeaMeWe-6,4,6,37.125048,22.052986
seamewe-6,SeaMeWe-6,4,7,37.912547,20.375041
seamewe-6,SeaMeWe-6,4,8,39.262546,18.251816
seamewe-6,SeaMeWe-6,4,9,40.275046,16.534196
seamewe-6,SeaMeWe-6,4,10,41.681295,14.801154
seamewe-6,SeaMeWe-6,4,11,42.187544,13.929304
seamewe-6,SeaMeWe-6,4,12,42.834419,13.054151
seamewe-6,SeaMeWe-6,4,13,43.143794,12.834869
seamewe-6,SeaMeWe-6,4,14,43.228169,12.615396
seamewe-6,SeaMeWe-6,4,15,43.509418,12.395734
seamewe-6,SeaMeWe-6,4,16,44.550043,11.018775
seamewe-6,SeaMeWe-6,4,17,45.450042,10.963557
seamewe-6,SeaMeWe-6,4,18,48.60004,11.73565
seamewe-6,SeaMeWe-6,4,19,52.650037,12.725156
seamewe-6,SeaMeWe-6,4,20,54.000036,13.054151
seamewe-6,SeaMeWe-6,4,21,55.350035,13.273238
seamewe-6,SeaMeWe-6,4,22,58.950032,15.018579
seamewe-6,SeaMeWe-6,4,23,60.300032,15.669513
seamewe-6,SeaMeWe-6,4,24,65.754916,16.455254
seamewe-6,SeaMeWe-6,4,25,70.254912,13.251829
seamewe-6,SeaMeWe-6,4,26,71.714687,9.199471
seamewe-6,SeaMeWe-6,4,27,73.909798,6.525105
seamewe-6,SeaMeWe-6,4,28,74.700021,5.65936
seamewe-6,SeaMeWe-6,4,29,78.300019,3.491423
seamewe-6,SeaMeWe-6,4,30,79.650018,2.967259
seamewe-6,SeaMeWe-6,4,31,81.000017,2.592701
seamewe-6,SeaMeWe-6,4,32,85.500014,1.018589
seamewe-6,SeaMeWe-6,4,33,90.00001,1.918283
seamewe-6,SeaMeWe-6,4,34,92.700009,4.389286
seamewe-6,SeaMeWe-6,4,35,94.275007,5.385636
seamewe-6,SeaMeWe-6,4,36,95.421074,6.138771
seamewe-6,SeaMeWe-6,4,37,97.425005,5.510072
seamewe-6,SeaMeWe-6,4,38,97.875005,5.28607
seamewe-6,SeaMeWe-6,4,39,98.662504,4.613592
seamewe-6,SeaMeWe-6,4,40,99.900003,3.266815
seamewe-6,SeaMeWe-6,4,41,101.250003,2.030662
seamewe-6,SeaMeWe-6,4,42,102.150002,1.524658
seamewe-6,SeaMeWe-6,4,43,102.682797,1.417687
seamewe-6,SeaMeWe-6,4,44,103.340651,1.07495
seamewe-6,SeaMeWe-6,4,45,103.500001,1.144999
seamewe-6,SeaMeWe-6,4,46,103.646091,1.338586
seamewe-6,SeaMeWe-6,5,0,44.550043,11.018775
seamewe-6,SeaMeWe-6,5,1,43.650043,11.399928
seamewe-6,SeaMeWe-6,5,2,43.147994,11.594869
seamewe-6,SeaMeWe-6,6,0,79.650018,2.967259
seamewe-6,SeaMeWe-6,6,1,79.875018,3.191934
seamewe-6,SeaMeWe-6,6,2,80.550017,5.435414
seamewe-6,SeaMeWe-6,6,3,80.539857,5.940821
seamewe-6,SeaMeWe-6,7,0,101.250003,2.030662
seamewe-6,SeaMeWe-6,7,1,101.475002,2.592701
seamewe-6,SeaMeWe-6,7,2,101.443602,2.751229
seamewe-6,SeaMeWe-6,8,0,90.00001,1.918283
seamewe-6,SeaMeWe-6,8,1,90.90001,5.061987
seamewe-6,SeaMeWe-6,8,2,91.35001,9.524411
seamewe-6,SeaMeWe-6,8,3,92.700009,14.801154
seamewe-6,SeaMeWe-6,8,4,92.700009,17.823934
seamewe-6,SeaMeWe-6,8,5,92.025009,19.952623
seamewe-6,SeaMeWe-6,8,6,91.994829,21.429275
seamewe-6,SeaMeWe-6,9,0,74.700021,5.65936
seamewe-6,SeaMeWe-6,9,1,74.250022,4.837826
seamewe-6,SeaMeWe-6,9,2,73.540272,4.211917
seamewe-6,SeaMeWe-6,10,0,70.254912,13.251829
seamewe-6,SeaMeWe-6,10,1,71.100024,16.965103
seamewe-6,SeaMeWe-6,10,2,72.875903,19.076074
seamewe-6,SeaMeWe-6,11,0,65.754916,16.455254
seamewe-6,SeaMeWe-6,11,1,65.475028,20.375041
seamewe-6,SeaMeWe-6,11,2,66.150027,23.298598
seamewe-6,SeaMeWe-6,11,3,67.028547,24.889732
seamewe-6,SeaMeWe-6,12,0,85.500014,1.018589
seamewe-6,SeaMeWe-6,12,1,83.700015,5.510072
seamewe-6,SeaMeWe-6,12,2,83.025015,7.744877
seamewe-6,SeaMeWe-6,12,3,82.575016,9.524411
seamewe-6,SeaMeWe-6,12,4,81.450017,11.515266
seamewe-6,SeaMeWe-6,12,5,80.242987,13.063853
seamewe-6,SeaMeWe-6,13,0,51.519388,25.294537
seamewe-6,SeaMeWe-6,13,1,52.200037,26.058288
seamewe-6,SeaMeWe-6,14,0,54.419076,24.443965
seamewe-6,SeaMeWe-6,14,1,54.340146,24.872583
seamewe-6,SeaMeWe-6,15,0,60.300032,15.669513
seamewe-6,SeaMeWe-6,15,1,60.300032,19.104405
seamewe-6,SeaMeWe-6,15,2,60.300032,22.469444
seamewe-6,SeaMeWe-6,15,3,59.850032,23.091785
seamewe-6,SeaMeWe-6,15,4,58.950032,23.659746
seamewe-6,SeaMeWe-6,15,5,58.612533,23.814221
seamewe-6,SeaMeWe-6,15,6,57.661373,24.420847
seamewe-6,SeaMeWe-6,15,7,57.150034,25.348717
seamewe-6,SeaMeWe-6,15,8,56.812534,26.159308
seamewe-6,SeaMeWe-6,15,9,56.587534,26.51219
seamewe-6,SeaMeWe-6,15,10,56.362534,26.51219
seamewe-6,SeaMeWe-6,15,11,55.800035,26.159308
seamewe-6,SeaMeWe-6,15,12,55.350035,25.855985
seamewe-6,SeaMeWe-6,15,13,54.340146,24.872583
seamewe-6,SeaMeWe-6,15,14,52.875037,25.450343
seamewe-6,SeaMeWe-6,15,15,52.200037,26.058288
seamewe-6,SeaMeWe-6,15,16,51.637538,26.361086
seamewe-6,SeaMeWe-6,15,17,51.187538,26.461844
seamewe-6,SeaMeWe-6,15,18,50.575953,26.229438
seamewe-6,SeaMeWe-6,16,0,58.612533,23.814221
seamewe-6,SeaMeWe-6,16,1,58.407783,23.58413
biznet-nusantara-cable-system-1-bncs-1,Biznet Nusantara Cable System-1 (BNCS-1),0,0,105.16426,-2.065143
biznet-nusantara-cable-system-1-bncs-1,Biznet Nusantara Cable System-1 (BNCS-1),0,1,105.051758,-2.225788
biznet-nusantara-cable-system-1-bncs-1,Biznet Nusantara Cable System-1 (BNCS-1),0,2,104.874512,-2.295346
biznet-nusantara-cable-system-1-bncs-1,Biznet Nusantara Cable System-1 (BNCS-1),1,0,105.883909,-6.073699
biznet-nusantara-cable-system-1-bncs-1,Biznet Nusantara Cable System-1 (BNCS-1),1,1,105.721874,-5.97368
biznet-nusantara-cable-system-1-bncs-1,Biznet Nusantara Cable System-1 (BNCS-1),1,2,105.58496,-5.769333
hokkaido-akita-cable,Hokkaido-Akita Cable,0,0,140.116675,39.716672
hokkaido-akita-cable,Hokkaido-Akita Cable,0,1,139.499975,40.043692
hokkaido-akita-cable,Hokkaido-Akita Cable,0,2,139.274976,40.38732
hokkaido-akita-cable,Hokkaido-Akita Cable,0,3,138.824976,42.079236
hokkaido-akita-cable,Hokkaido-Akita Cable,0,4,138.824976,42.743713
hokkaido-akita-cable,Hokkaido-Akita Cable,0,5,139.049976,43.073311
hokkaido-akita-cable,Hokkaido-Akita Cable,0,6,140.399975,43.645863
hokkaido-akita-cable,Hokkaido-Akita Cable,0,7,140.849974,43.645863
hokkaido-akita-cable,Hokkaido-Akita Cable,0,8,141.354376,43.062096
topaz,Topaz,0,0,138.599976,33.189715
topaz,Topaz,0,1,138.39397,31.72166
topaz,Topaz,0,2,135.052909,28.932935
topaz,Topaz,0,3,128.074984,25.417655
topaz,Topaz,0,4,127.208676,24.988889
topaz,Topaz,0,5,125.828097,23.86576
topaz,Topaz,0,6,120.88202,22.345698
topaz,Topaz,0,0,-124.807537,49.233995
topaz,Topaz,0,1,-124.818589,49.098645
topaz,Topaz,0,2,-125.099837,48.951106
topaz,Topaz,0,3,-125.549837,48.803129
topaz,Topaz,0,4,-138.599828,49.000334
topaz,Topaz,0,5,-151.199819,49.587287
topaz,Topaz,0,6,-179.999798,49.587287
topaz,Topaz,1,0,179.999947,49.587287
topaz,Topaz,1,1,172.799952,49.587287
topaz,Topaz,1,2,160.199961,46.582355
topaz,Topaz,1,3,149.399968,40.043692
topaz,Topaz,1,4,142.199974,36.87322
topaz,Topaz,1,5,141.074974,36.632853
topaz,Topaz,1,6,140.718275,36.713059
topaz,Topaz,2,0,142.199974,36.87322
topaz,Topaz,2,1,142.424973,36.149867
topaz,Topaz,2,2,142.199974,35.05223
topaz,Topaz,2,3,140.849974,33.93964
topaz,Topaz,2,4,138.599976,33.189715
topaz,Topaz,2,5,137.699977,33.565491
topaz,Topaz,2,6,136.873997,34.336828
topaz,Topaz,3,0,-124.807537,49.233995
topaz,Topaz,3,1,-123.974838,49.355787
topaz,Topaz,3,2,-123.114034,49.26044
medusa-submarine-cable-system,Medusa Submarine Cable System,0,0,-9.331559,38.690162
medusa-submarine-cable-system,Medusa Submarine Cable System,0,1,-9.449919,38.12273
medusa-submarine-cable-system,Medusa Submarine Cable System,0,2,-9.674919,37.232354
medusa-submarine-cable-system,Medusa Submarine Cable System,0,3,-9.562419,36.693016
medusa-submarine-cable-system,Medusa Submarine Cable System,0,4,-8.999919,36.331338
medusa-submarine-cable-system,Medusa Submarine Cable System,0,5,-5.843848,36.134757
medusa-submarine-cable-system,Medusa Submarine Cable System,0,6,-5.565736,36.289644
medusa-submarine-cable-system,Medusa Submarine Cable System,0,7,-5.250524,36.376106
medusa-submarine-cable-system,Medusa Submarine Cable System,0,8,-4.499923,35.785662
medusa-submarine-cable-system,Medusa Submarine Cable System,0,9,-2.249924,35.876871
medusa-submarine-cable-system,Medusa Submarine Cable System,0,10,2.250073,37.411284
medusa-submarine-cable-system,Medusa Submarine Cable System,0,11,4.725071,38.651812
medusa-submarine-cable-system,Medusa Submarine Cable System,0,12,6.07507,38.651812
medusa-submarine-cable-system,Medusa Submarine Cable System,0,13,8.100068,38.211179
medusa-submarine-cable-system,Medusa Submarine Cable System,0,14,9.000068,37.94551
medusa-submarine-cable-system,Medusa Submarine Cable System,0,15,10.348617,37.94551
medusa-submarine-cable-system,Medusa Submarine Cable System,0,16,10.912567,37.589787
medusa-submarine-cable-system,Medusa Submarine Cable System,0,17,11.812566,37.232354
medusa-submarine-cable-system,Medusa Submarine Cable System,0,18,12.993815,35.967974
medusa-submarine-cable-system,Medusa Submarine Cable System,0,19,14.400064,35.236213
medusa-submarine-cable-system,Medusa Submarine Cable System,0,20,16.650062,34.867831
medusa-submarine-cable-system,Medusa Submarine Cable System,0,21,19.350061,35.236213
medusa-submarine-cable-system,Medusa Submarine Cable System,0,22,22.050059,34.852446
medusa-submarine-cable-system,Medusa Submarine Cable System,0,23,23.400058,34.528691
medusa-submarine-cable-system,Medusa Submarine Cable System,0,24,25.200056,34.126101
medusa-submarine-cable-system,Medusa Submarine Cable System,0,25,27.000055,33.877395
medusa-submarine-cable-system,Medusa Submarine Cable System,0,26,31.050052,32.906819
medusa-submarine-cable-system,Medusa Submarine Cable System,0,27,31.950052,31.798087
medusa-submarine-cable-system,Medusa Submarine Cable System,0,28,32.287551,31.510798
medusa-submarine-cable-system,Medusa Submarine Cable System,0,29,32.284451,31.259278
medusa-submarine-cable-system,Medusa Submarine Cable System,1,0,-4.499923,35.785662
medusa-submarine-cable-system,Medusa Submarine Cable System,1,1,-4.724922,35.60293
medusa-submarine-cable-system,Medusa Submarine Cable System,1,2,-5.391812,35.565919
medusa-submarine-cable-system,Medusa Submarine Cable System,2,0,-2.249924,35.876871
medusa-submarine-cable-system,Medusa Submarine Cable System,2,1,-2.474924,35.450334
medusa-submarine-cable-system,Medusa Submarine Cable System,2,2,-2.933035,35.17002
medusa-submarine-cable-system,Medusa Submarine Cable System,3,0,6.07507,38.651812
medusa-submarine-cable-system,Medusa Submarine Cable System,3,1,5.40007,41.744359
medusa-submarine-cable-system,Medusa Submarine Cable System,3,2,5.37253,43.293628
medusa-submarine-cable-system,Medusa Submarine Cable System,3,3,5.062571,41.744359
medusa-submarine-cable-system,Medusa Submarine Cable System,3,4,4.950071,41.18233
medusa-submarine-cable-system,Medusa Submarine Cable System,3,5,4.837571,40.043692
medusa-submarine-cable-system,Medusa Submarine Cable System,3,6,4.725071,38.651812
medusa-submarine-cable-system,Medusa Submarine Cable System,4,0,4.950071,41.18233
medusa-submarine-cable-system,Medusa Submarine Cable System,4,1,2.700072,41.18233
medusa-submarine-cable-system,Medusa Submarine Cable System,4,2,2.168725,41.385603
medusa-submarine-cable-system,Medusa Submarine Cable System,5,0,2.250073,37.411284
medusa-submarine-cable-system,Medusa Submarine Cable System,5,1,2.812572,37.232354
medusa-submarine-cable-system,Medusa Submarine Cable System,5,2,3.035712,36.762128
medusa-submarine-cable-system,Medusa Submarine Cable System,6,0,8.100068,38.211179
medusa-submarine-cable-system,Medusa Submarine Cable System,6,1,6.975069,37.441064
medusa-submarine-cable-system,Medusa Submarine Cable System,6,2,6.557242,37.002959
medusa-submarine-cable-system,Medusa Submarine Cable System,7,0,11.812566,37.232354
medusa-submarine-cable-system,Medusa Submarine Cable System,7,1,12.060516,37.546826
medusa-submarine-cable-system,Medusa Submarine Cable System,7,2,12.591375,37.650586
medusa-submarine-cable-system,Medusa Submarine Cable System,8,0,9.000068,37.94551
medusa-submarine-cable-system,Medusa Submarine Cable System,8,1,9.562567,37.589787
medusa-submarine-cable-system,Medusa Submarine Cable System,8,2,9.867357,37.276816
medusa-submarine-cable-system,Medusa Submarine Cable System,9,0,22.871347,34.64858
medusa-submarine-cable-system,Medusa Submarine Cable System,9,1,22.871347,35.258611
medusa-submarine-cable-system,Medusa Submarine Cable System,9,2,23.903671,36.290409
medusa-submarine-cable-system,Medusa Submarine Cable System,9,3,23.903671,37.09588
medusa-submarine-cable-system,Medusa Submarine Cable System,9,4,23.730526,37.974461
medusa-submarine-cable-system,Medusa Submarine Cable System,10,0,31.050052,32.906819
medusa-submarine-cable-system,Medusa Submarine Cable System,10,1,31.610642,33.937311
medusa-submarine-cable-system,Medusa Submarine Cable System,10,2,32.466688,34.766629
medusa-submarine-cable-system,Medusa Submarine Cable System,11,0,14.400064,35.236213
medusa-submarine-cable-system,Medusa Submarine Cable System,11,1,15.280325,33.689698
medusa-submarine-cable-system,Medusa Submarine Cable System,11,2,15.088931,32.372547
medusa-submarine-cable-system,Medusa Submarine Cable System,12,0,20.060998,32.114847
medusa-submarine-cable-system,Medusa Submarine Cable System,12,1,19.80006,32.433313
medusa-submarine-cable-system,Medusa Submarine Cable System,12,2,19.68756,32.812319
medusa-submarine-cable-system,Medusa Submarine Cable System,12,3,19.350061,35.236213
medusa-submarine-cable-system,Medusa Submarine Cable System,13,0,14.3501,35.9524
medusa-submarine-cable-system,Medusa Submarine Cable System,13,1,13.67648,35.613576
medusa-submarine-cable-system,Medusa Submarine Cable System,14,0,32.047199,34.361262
medusa-submarine-cable-system,Medusa Submarine Cable System,14,1,34.20005,34.361262
medusa-submarine-cable-system,Medusa Submarine Cable System,14,2,35.897799,34.891703
saudi-vision,Saudi Vision,0,0,39.182863,21.481543
saudi-vision,Saudi Vision,0,1,38.812547,22.052986
saudi-vision,Saudi Vision,0,2,37.800047,23.848523
saudi-vision,Saudi Vision,0,3,36.562548,25.754704
saudi-vision,Saudi Vision,0,4,35.606299,26.562513
saudi-vision,Saudi Vision,0,5,34.46138,27.916953
saudi-vision,Saudi Vision,0,6,34.46138,27.991483
saudi-vision,Saudi Vision,0,7,34.489505,28.115586
saudi-vision,Saudi Vision,0,8,34.57388,28.313852
saudi-vision,Saudi Vision,0,9,34.76763,29.089044
saudi-vision,Saudi Vision,0,10,34.952209,29.283852
saudi-vision,Saudi Vision,1,0,35.606299,26.562513
saudi-vision,Saudi Vision,1,1,35.606299,27.097919
saudi-vision,Saudi Vision,1,2,35.696529,27.354019
saudi-vision,Saudi Vision,2,0,37.800047,23.848523
saudi-vision,Saudi Vision,2,1,37.968797,23.917101
saudi-vision,Saudi Vision,2,2,38.107017,24.070617
scotland-northern-ireland-4,Scotland-Northern Ireland 4,0,0,-5.809832,54.857802
scotland-northern-ireland-4,Scotland-Northern Ireland 4,0,1,-5.624922,55.045587
scotland-northern-ireland-4,Scotland-Northern Ireland 4,0,2,-5.174922,55.238482
scotland-northern-ireland-4,Scotland-Northern Ireland 4,0,3,-4.854172,55.240404
scotland-northern-ireland-3,Scotland-Northern Ireland 3,0,0,-5.538692,54.643038
scotland-northern-ireland-3,Scotland-Northern Ireland 3,0,1,-5.287422,54.689519
scotland-northern-ireland-3,Scotland-Northern Ireland 3,0,2,-5.174922,54.754492
scotland-northern-ireland-3,Scotland-Northern Ireland 3,0,3,-5.115502,54.844025
hawaiki-nui-1,Hawaiki Nui 1,0,0,129.037483,-11.833858
hawaiki-nui-1,Hawaiki Nui 1,0,1,127.349984,-11.77268
hawaiki-nui-1,Hawaiki Nui 1,0,2,126.449985,-11.77268
hawaiki-nui-1,Hawaiki Nui 1,0,3,120.999989,-11.552325
hawaiki-nui-1,Hawaiki Nui 1,0,4,118.68749,-10.804297
hawaiki-nui-1,Hawaiki Nui 1,0,5,116.549992,-9.586362
hawaiki-nui-1,Hawaiki Nui 1,0,6,115.874992,-9.142361
hawaiki-nui-1,Hawaiki Nui 1,0,7,115.818742,-8.864577
hawaiki-nui-1,Hawaiki Nui 1,0,8,115.874992,-8.401139
hawaiki-nui-1,Hawaiki Nui 1,0,9,115.762492,-8.17849
hawaiki-nui-1,Hawaiki Nui 1,0,10,115.199993,-7.509811
hawaiki-nui-1,Hawaiki Nui 1,0,11,114.469706,-6.616651
hawaiki-nui-1,Hawaiki Nui 1,0,12,112.049995,-5.497951
hawaiki-nui-1,Hawaiki Nui 1,0,13,109.349997,-3.928327
hawaiki-nui-1,Hawaiki Nui 1,0,14,108.899997,-3.029996
hawaiki-nui-1,Hawaiki Nui 1,0,15,106.087499,-0.331409
hawaiki-nui-1,Hawaiki Nui 1,0,16,104.85,0.624826
hawaiki-nui-1,Hawaiki Nui 1,0,17,104.4,0.90605
hawaiki-nui-1,Hawaiki Nui 1,0,18,104.2875,1.018534
hawaiki-nui-1,Hawaiki Nui 1,0,19,104.17785,1.184523
hawaiki-nui-1,Hawaiki Nui 1,0,20,103.853107,1.293878
hawaiki-nui-1,Hawaiki Nui 1,1,0,152.999966,-16.306693
hawaiki-nui-1,Hawaiki Nui 1,1,1,151.649967,-14.571726
hawaiki-nui-1,Hawaiki Nui 1,1,2,148.499969,-12.38384
hawaiki-nui-1,Hawaiki Nui 1,1,3,147.26247,-11.062032
hawaiki-nui-1,Hawaiki Nui 1,1,4,144.899972,-10.472599
hawaiki-nui-1,Hawaiki Nui 1,1,5,142.199973,-9.586362
hawaiki-nui-1,Hawaiki Nui 1,1,6,138.599976,-9.955922
hawaiki-nui-1,Hawaiki Nui 1,1,7,134.549979,-9.586362
hawaiki-nui-1,Hawaiki Nui 1,1,8,131.399981,-9.142361
hawaiki-nui-1,Hawaiki Nui 1,2,0,152.999966,-16.306693
hawaiki-nui-1,Hawaiki Nui 1,2,1,153.449966,-18.88014
hawaiki-nui-1,Hawaiki Nui 1,2,2,153.899965,-25.540896
hawaiki-nui-1,Hawaiki Nui 1,2,3,154.349965,-27.553514
hawaiki-nui-1,Hawaiki Nui 1,2,4,154.349965,-28.74381
hawaiki-nui-1,Hawaiki Nui 1,2,5,153.760761,-31.851466
hawaiki-nui-1,Hawaiki Nui 1,2,6,152.099966,-33.179523
hawaiki-nui-1,Hawaiki Nui 1,2,7,151.207037,-33.869696
hawaiki-nui-1,Hawaiki Nui 1,3,0,154.349965,-27.553514
hawaiki-nui-1,Hawaiki Nui 1,3,1,153.562465,-27.353853
hawaiki-nui-1,Hawaiki Nui 1,3,2,153.022827,-27.468884
hawaiki-nui-1,Hawaiki Nui 1,4,0,131.399981,-9.142361
hawaiki-nui-1,Hawaiki Nui 1,4,1,129.599982,-9.586362
hawaiki-nui-1,Hawaiki Nui 1,4,2,129.149983,-10.620065
hawaiki-nui-1,Hawaiki Nui 1,4,3,129.037483,-11.833858
hawaiki-nui-1,Hawaiki Nui 1,4,4,129.875158,-12.194543
hawaiki-nui-1,Hawaiki Nui 1,4,5,130.500007,-12.329006
hawaiki-nui-1,Hawaiki Nui 1,4,6,130.843155,-12.467504
hawaiki-nui-1,Hawaiki Nui 1,5,0,109.349997,-3.928327
hawaiki-nui-1,Hawaiki Nui 1,5,1,108.224998,-4.601454
hawaiki-nui-1,Hawaiki Nui 1,5,2,107.774998,-5.273944
hawaiki-nui-1,Hawaiki Nui 1,5,3,106.827869,-6.171588
hawaiki-nui-1,Hawaiki Nui 1,6,0,104.1496,1.184523
hawaiki-nui-1,Hawaiki Nui 1,6,1,104.016637,1.066798
hawaiki-nui-1,Hawaiki Nui 1,7,0,147.26247,-11.062032
hawaiki-nui-1,Hawaiki Nui 1,7,1,147.14997,-10.177457
hawaiki-nui-1,Hawaiki Nui 1,7,2,147.18852,-9.479589
hawaiki-nui-1,Hawaiki Nui 1,8,0,152.999966,-16.306693
hawaiki-nui-1,Hawaiki Nui 1,8,1,155.249964,-15.441024
hawaiki-nui-1,Hawaiki Nui 1,8,2,157.499963,-11.943945
hawaiki-nui-1,Hawaiki Nui 1,8,3,159.412461,-10.177457
hawaiki-nui-1,Hawaiki Nui 1,8,4,159.524961,-9.734235
hawaiki-nui-1,Hawaiki Nui 1,8,5,159.468761,-9.290424
hawaiki-nui-1,Hawaiki Nui 1,8,6,159.524961,-9.123849
hawaiki-nui-1,Hawaiki Nui 1,8,7,159.749961,-9.123849
hawaiki-nui-1,Hawaiki Nui 1,8,8,159.949761,-9.429054
hawaiki-nui-1,Hawaiki Nui 1,9,0,129.599982,-9.586362
hawaiki-nui-1,Hawaiki Nui 1,9,1,128.699987,-8.920151
hawaiki-nui-1,Hawaiki Nui 1,9,2,128.303883,-7.801903
hawaiki-nui-1,Hawaiki Nui 1,9,3,127.349984,-7.385865
hawaiki-nui-1,Hawaiki Nui 1,9,4,125.999985,-7.385865
hawaiki-nui-1,Hawaiki Nui 1,9,5,125.549985,-7.992854
hawaiki-nui-1,Hawaiki Nui 1,9,6,125.57938,-8.559447
blue,Blue,0,0,8.775068,43.510031
blue,Blue,0,1,7.200069,43.155435
blue,Blue,0,2,6.41257,42.826278
blue,Blue,0,3,5.96257,42.826278
blue,Blue,0,4,5.37253,43.293628
blue,Blue,1,0,22.050059,35.679119
blue,Blue,1,1,21.600059,35.861676
blue,Blue,1,2,18.000061,37.052999
blue,Blue,1,3,15.750063,37.678878
blue,Blue,1,4,15.525063,38.063705
blue,Blue,1,5,15.637563,38.240638
blue,Blue,1,6,15.300063,38.505233
blue,Blue,1,7,14.850064,38.681092
blue,Blue,2,0,34.76968,32.045012
blue,Blue,2,1,33.75005,32.433313
blue,Blue,2,2,31.050052,33.189715
blue,Blue,3,0,35.005095,29.602772
blue,Blue,3,1,34.65005,31.030017
blue,Blue,3,2,34.65005,31.510798
blue,Blue,3,3,34.76968,32.045012
blue,Blue,4,0,8.775068,43.510031
blue,Blue,4,1,9.000068,44.051519
blue,Blue,5,0,8.775068,43.510031
blue,Blue,5,1,9.337568,43.401145
blue,Blue,5,2,9.450068,43.073311
blue,Blue,5,3,9.562567,42.908732
blue,Blue,5,4,9.450881,42.688339
blue,Blue,6,0,11.137566,41.06934
blue,Blue,6,1,11.700066,41.266945
blue,Blue,6,2,12.262566,41.520132
blue,Blue,6,3,12.49576,41.90311
blue,Blue,7,0,10.687567,41.520132
blue,Blue,7,1,9.900067,41.18233
blue,Blue,7,2,9.613157,41.004774
blue,Blue,8,0,24.012167,35.512043
blue,Blue,8,1,23.737557,35.876871
blue,Blue,8,2,22.950058,36.058973
blue,Blue,8,3,22.050059,35.679119
blue,Blue,9,0,32.466651,34.766572
blue,Blue,9,1,31.500052,33.970745
blue,Blue,9,2,31.050052,33.189715
blue,Blue,9,3,25.200056,34.613606
blue,Blue,9,4,23.400058,35.174932
blue,Blue,9,5,22.050059,35.679119
blue,Blue,10,0,14.850064,38.681092
blue,Blue,10,1,13.500065,38.856519
blue,Blue,10,2,12.150066,39.698323
blue,Blue,10,3,11.137566,41.06934
blue,Blue,10,4,10.687567,41.520132
blue,Blue,10,5,10.125067,42.412355
blue,Blue,10,6,9.900067,43.073311
blue,Blue,10,7,9.618817,43.401145
blue,Blue,10,8,9.000068,44.051519
blue,Blue,11,0,9.000068,44.051519
blue,Blue,11,1,8.938868,44.410358
blue,Blue,12,0,14.850064,38.681092
blue,Blue,12,1,13.950064,38.417142
blue,Blue,12,2,13.358655,38.116122
raman,Raman,0,0,72.875903,19.076074
raman,Raman,0,1,70.200025,19.635064
raman,Raman,0,2,66.600027,20.163975
raman,Raman,0,3,62.77503,20.375041
raman,Raman,0,4,58.950032,17.609606
raman,Raman,0,5,55.350035,15.886036
raman,Raman,0,6,48.60004,13.273238
raman,Raman,0,7,45.450042,12.505588
raman,Raman,0,8,44.550043,12.285834
raman,Raman,0,9,43.881959,12.458771
raman,Raman,0,10,43.425043,12.615396
raman,Raman,0,11,43.340669,12.834869
raman,Raman,0,12,43.256294,13.054151
raman,Raman,0,13,43.031294,13.929304
raman,Raman,0,14,42.525044,14.801154
raman,Raman,0,15,41.850045,16.534196
raman,Raman,0,16,39.487546,20.375041
raman,Raman,0,17,39.150047,20.936468
raman,Raman,0,18,38.700047,22.052986
raman,Raman,0,19,37.462548,24.122617
raman,Raman,0,20,36.450048,25.754704
raman,Raman,0,21,35.696549,27.35401
raman,Raman,1,0,35.696549,27.35401
raman,Raman,1,1,35.809029,28.114238
raman,Raman,1,2,35.38628,29.113614
raman,Raman,1,3,35.005095,29.581033
raman,Raman,1,4,35.522364,29.189902
raman,Raman,1,5,35.99389,28.150207
raman,Raman,1,6,35.696549,27.35401
raman,Raman,2,0,44.550043,12.285834
raman,Raman,2,1,43.63637,11.946505
raman,Raman,2,2,43.147994,11.594869
raman,Raman,3,0,55.350035,15.886036
raman,Raman,3,1,54.787535,16.534196
raman,Raman,3,2,54.148086,17.095827
raman,Raman,4,0,62.77503,20.375041
raman,Raman,4,1,62.77503,22.469444
raman,Raman,4,2,59.850032,24.225251
raman,Raman,4,3,58.500033,23.891389
raman,Raman,4,4,57.886053,23.678723
kingisepp-kaliningrad-system-baltika,Kingisepp-Kaliningrad System (Baltika),0,0,28.661264,59.437858
kingisepp-kaliningrad-system-baltika,Kingisepp-Kaliningrad System (Baltika),0,1,27.378609,59.7658
kingisepp-kaliningrad-system-baltika,Kingisepp-Kaliningrad System (Baltika),0,2,26.107282,59.945327
kingisepp-kaliningrad-system-baltika,Kingisepp-Kaliningrad System (Baltika),0,3,23.847323,59.534062
kingisepp-kaliningrad-system-baltika,Kingisepp-Kaliningrad System (Baltika),0,4,22.38082,59.139936
kingisepp-kaliningrad-system-baltika,Kingisepp-Kaliningrad System (Baltika),0,5,21.308421,58.592238
kingisepp-kaliningrad-system-baltika,Kingisepp-Kaliningrad System (Baltika),0,6,20.523739,57.625012
kingisepp-kaliningrad-system-baltika,Kingisepp-Kaliningrad System (Baltika),0,7,19.311957,56.417364
kingisepp-kaliningrad-system-baltika,Kingisepp-Kaliningrad System (Baltika),0,8,20.11832,55.255977
kingisepp-kaliningrad-system-baltika,Kingisepp-Kaliningrad System (Baltika),0,9,20.602207,54.97036
deep-blue-one,Deep Blue One,0,0,-60.749883,11.055581
deep-blue-one,Deep Blue One,0,1,-60.299883,10.85309
deep-blue-one,Deep Blue One,0,2,-57.374885,8.635699
deep-blue-one,Deep Blue One,0,3,-56.474886,7.744889
deep-blue-one,Deep Blue One,0,4,-55.455602,7.425872
deep-blue-one,Deep Blue One,0,5,-53.999888,7.559059
deep-blue-one,Deep Blue One,0,6,-53.094586,7.35741
deep-blue-one,Deep Blue One,0,7,-52.424889,5.957819
deep-blue-one,Deep Blue One,0,8,-52.320929,4.941547
deep-blue-one,Deep Blue One,1,0,-60.735343,11.182457
deep-blue-one,Deep Blue One,1,1,-60.749883,11.055581
deep-blue-one,Deep Blue One,2,0,-61.650812,10.686261
deep-blue-one,Deep Blue One,2,1,-61.424882,10.963557
deep-blue-one,Deep Blue One,2,2,-60.974883,11.070057
deep-blue-one,Deep Blue One,2,3,-60.749883,11.055581
deep-blue-one,Deep Blue One,3,0,-55.455602,7.425872
deep-blue-one,Deep Blue One,3,1,-55.349887,6.554242
deep-blue-one,Deep Blue One,3,2,-55.173851,5.82403
deep-blue-one,Deep Blue One,4,0,-57.374885,8.635699
deep-blue-one,Deep Blue One,4,1,-57.487385,8.190543
deep-blue-one,Deep Blue One,4,2,-57.824885,7.298763
deep-blue-one,Deep Blue One,4,3,-58.154865,6.804293
apricot,Apricot,0,0,144.657532,13.385306
apricot,Apricot,0,1,143.999972,13.601498
apricot,Apricot,0,2,143.099973,13.929304
apricot,Apricot,0,3,138.599976,15.669513
apricot,Apricot,0,4,131.399981,17.395023
apricot,Apricot,0,5,126.449985,18.251816
apricot,Apricot,0,6,127.349984,19.246083
apricot,Apricot,0,7,130.949981,20.796306
apricot,Apricot,0,8,138.599976,23.711258
apricot,Apricot,0,9,139.724975,24.941363
apricot,Apricot,0,10,140.849974,30.901396
apricot,Apricot,0,11,141.074974,32.433313
apricot,Apricot,0,12,140.962474,33.93964
apricot,Apricot,0,13,140.568725,34.405023
apricot,Apricot,0,14,140.37185,34.690726
apricot,Apricot,0,15,140.104662,34.852446
apricot,Apricot,0,16,139.960979,34.974078
apricot,Apricot,1,0,127.349984,19.246083
apricot,Apricot,1,1,125.999985,21.321235
apricot,Apricot,1,2,124.148766,23.757798
apricot,Apricot,1,3,122.849987,24.63496
apricot,Apricot,1,4,121.801448,24.863504
apricot,Apricot,0,0,103.646091,1.338586
apricot,Apricot,0,1,103.837501,1.182754
apricot,Apricot,0,2,104.024216,1.202092
apricot,Apricot,0,3,104.1496,1.184523
apricot,Apricot,0,4,104.175,1.018409
apricot,Apricot,0,5,104.2875,0.962293
apricot,Apricot,0,6,104.4,0.849807
apricot,Apricot,0,7,104.85,0.681072
apricot,Apricot,0,8,106.199999,-0.331409
apricot,Apricot,0,9,109.124997,-3.029996
apricot,Apricot,0,10,109.799996,-3.479269
apricot,Apricot,0,11,112.049995,-4.601454
apricot,Apricot,0,12,114.609849,-5.273944
apricot,Apricot,0,13,116.808101,-4.179996
apricot,Apricot,0,14,117.712491,-2.730375
apricot,Apricot,0,15,117.964402,-1.515334
apricot,Apricot,0,16,118.766284,-0.810555
apricot,Apricot,0,17,119.47499,0.568579
apricot,Apricot,0,18,119.699989,1.018534
apricot,Apricot,0,19,120.599989,1.580887
apricot,Apricot,0,20,124.199986,3.41656
apricot,Apricot,0,21,126.573464,5.404677
apricot,Apricot,0,22,128.249983,7.447522
apricot,Apricot,0,23,127.349984,11.882475
apricot,Apricot,0,24,125.549985,16.246388
apricot,Apricot,0,25,126.449985,18.251816
apricot,Apricot,1,0,125.549985,16.246388
apricot,Apricot,1,1,123.524987,15.597288
apricot,Apricot,1,2,121.949988,15.669513
apricot,Apricot,1,3,121.560188,15.761539
apricot,Apricot,2,0,126.573464,5.404677
apricot,Apricot,2,1,126.337485,5.65936
apricot,Apricot,2,2,126.112485,5.957819
apricot,Apricot,2,3,125.612876,7.079989
apricot,Apricot,3,0,109.124997,-3.029996
apricot,Apricot,3,1,107.887498,-4.601454
apricot,Apricot,3,2,107.437498,-5.273944
apricot,Apricot,3,3,107.120998,-5.981154
apricot,Apricot,4,0,104.175,1.018409
apricot,Apricot,4,1,104.118875,1.018409
apricot,Apricot,4,2,104.016637,1.066798
scylla,Scylla,0,0,1.729273,52.468823
scylla,Scylla,0,1,2.250073,52.623261
scylla,Scylla,0,2,3.825072,52.623261
scylla,Scylla,0,3,4.275071,52.554915
scylla,Scylla,0,4,4.613671,52.458502
polar-express,Polar Express,0,0,61.6637,69.7512
polar-express,Polar Express,0,1,60.750031,70.401898
polar-express,Polar Express,0,2,59.400032,70.55228
polar-express,Polar Express,0,3,57.600033,70.401898
polar-express,Polar Express,0,4,53.100037,69.944023
polar-express,Polar Express,0,5,44.100043,69.633092
polar-express,Polar Express,0,6,35.550049,69.475901
polar-express,Polar Express,0,7,35.100049,69.317549
polar-express,Polar Express,0,8,35.114219,69.183997
polar-express,Polar Express,0,0,78.750018,73.969501
polar-express,Polar Express,0,1,80.100017,73.59245
polar-express,Polar Express,0,2,80.531,73.5077
polar-express,Polar Express,1,0,128.8645,71.6375
polar-express,Polar Express,1,1,131.399981,71.996248
polar-express,Polar Express,1,2,134.999979,72.81231
polar-express,Polar Express,1,3,135.000705,72.811072
polar-express,Polar Express,1,4,130.949981,74.0933
polar-express,Polar Express,1,5,123.749987,76.275681
polar-express,Polar Express,1,6,112.949994,77.499838
polar-express,Polar Express,1,7,104.85,77.883517
polar-express,Polar Express,1,8,99.450004,77.499838
polar-express,Polar Express,1,9,94.500007,77.204256
polar-express,Polar Express,1,10,86.850013,75.951701
polar-express,Polar Express,1,11,81.000017,74.459133
polar-express,Polar Express,1,12,78.750018,73.969501
polar-express,Polar Express,1,13,71.550024,73.969501
polar-express,Polar Express,1,14,65.700028,72.81231
polar-express,Polar Express,1,15,63.00003,70.996797
polar-express,Polar Express,1,16,60.750031,70.401898
polar-express,Polar Express,2,0,169.649954,70.2504
polar-express,Polar Express,2,1,159.749961,72.134815
polar-express,Polar Express,2,2,148.949969,72.81231
polar-express,Polar Express,2,3,141.749974,73.076276
polar-express,Polar Express,2,4,134.990897,72.811072
polar-express,Polar Express,3,0,170.307,69.7029
polar-express,Polar Express,3,1,169.649954,70.2504
polar-express,Polar Express,4,0,179.999948,70.174229
polar-express,Polar Express,4,1,177.749948,70.55228
polar-express,Polar Express,4,2,171.899952,70.701553
polar-express,Polar Express,4,3,169.649954,70.2504
polar-express,Polar Express,5,0,-179.999798,64.187067
polar-express,Polar Express,5,1,-172.799803,63.990428
polar-express,Polar Express,5,2,-170.099805,64.768703
polar-express,Polar Express,5,3,-169.199806,66.078505
polar-express,Polar Express,5,4,-170.549805,67.668578
polar-express,Polar Express,5,5,-175.949801,69.475901
polar-express,Polar Express,5,6,-179.999797,70.174229
polar-express,Polar Express,6,0,177.502146,64.727191
polar-express,Polar Express,6,1,178.649948,64.479431
polar-express,Polar Express,6,2,179.999947,64.187067
polar-express,Polar Express,7,0,-179.999798,60.528451
polar-express,Polar Express,7,1,-179.527826,60.869535
polar-express,Polar Express,7,2,-172.799803,63.990428
polar-express,Polar Express,8,0,159.749961,52.509291
polar-express,Polar Express,8,1,161.999959,52.782323
polar-express,Polar Express,8,2,168.299955,53.857473
polar-express,Polar Express,8,3,174.024951,55.906299
polar-express,Polar Express,8,4,179.977974,60.528451
polar-express,Polar Express,9,0,158.650011,53.016668
polar-express,Polar Express,9,1,159.749961,52.509291
polar-express,Polar Express,10,0,142.726243,46.948993
polar-express,Polar Express,10,1,143.437473,47.120912
polar-express,Polar Express,10,2,145.124971,47.044305
polar-express,Polar Express,10,3,147.59997,46.839484
polar-express,Polar Express,10,4,153.449966,48.35657
polar-express,Polar Express,10,5,158.849962,50.835111
polar-express,Polar Express,10,6,159.749961,52.509291
polar-express,Polar Express,11,0,131.910747,43.154615
polar-express,Polar Express,11,1,132.299981,42.356957
polar-express,Polar Express,11,2,133.19998,41.85618
polar-express,Polar Express,11,3,134.549979,41.744359
polar-express,Polar Express,11,4,137.924977,43.073311
polar-express,Polar Express,11,5,140.849974,45.594086
polar-express,Polar Express,11,6,141.974974,45.751306
polar-express,Polar Express,11,7,143.099973,45.751306
polar-express,Polar Express,11,8,144.674972,46.116435
polar-express,Polar Express,11,9,145.124971,47.044305
polar-express,Polar Express,12,0,133.19998,41.85618
polar-express,Polar Express,12,1,133.19998,42.32924
polar-express,Polar Express,12,2,132.89127,42.834536
darwin-jakarta-singapore-cable-djsc,Darwin-Jakarta-Singapore Cable (DJSC),0,0,118.57724,-20.313442
darwin-jakarta-singapore-cable-djsc,Darwin-Jakarta-Singapore Cable (DJSC),0,1,117.974991,-20.048662
darwin-jakarta-singapore-cable-djsc,Darwin-Jakarta-Singapore Cable (DJSC),0,2,115.199993,-19.800107
darwin-jakarta-singapore-cable-djsc,Darwin-Jakarta-Singapore Cable (DJSC),0,3,111.599995,-19.800107
darwin-jakarta-singapore-cable-djsc,Darwin-Jakarta-Singapore Cable (DJSC),0,4,109.799996,-20.433922
zeus,Zeus,0,0,1.729273,52.468823
zeus,Zeus,0,1,2.250073,52.486461
zeus,Zeus,0,2,3.825072,52.486461
zeus,Zeus,0,3,4.524191,52.363666
india-asia-xpress-iax,India Asia Xpress (IAX),0,0,81.139519,16.175049
india-asia-xpress-iax,India Asia Xpress (IAX),0,1,82.018721,15.0447
india-asia-xpress-iax,India Asia Xpress (IAX),0,2,81.822239,11.12759
india-asia-xpress-iax,India Asia Xpress (IAX),1,0,87.506541,21.613825
india-asia-xpress-iax,India Asia Xpress (IAX),1,1,88.64576,2.546897
india-asia-xpress-iax,India Asia Xpress (IAX),0,0,72.875902,19.066189
india-asia-xpress-iax,India Asia Xpress (IAX),0,1,71.325024,16.965103
india-asia-xpress-iax,India Asia Xpress (IAX),0,2,71.045136,13.492128
india-asia-xpress-iax,India Asia Xpress (IAX),0,3,72.504911,9.361979
india-asia-xpress-iax,India Asia Xpress (IAX),0,4,74.700021,6.688676
india-asia-xpress-iax,India Asia Xpress (IAX),0,5,75.375021,5.65936
india-asia-xpress-iax,India Asia Xpress (IAX),0,6,78.300019,3.715978
india-asia-xpress-iax,India Asia Xpress (IAX),0,7,79.650018,3.191934
india-asia-xpress-iax,India Asia Xpress (IAX),0,8,81.000017,2.81745
india-asia-xpress-iax,India Asia Xpress (IAX),0,9,85.500014,1.918229
india-asia-xpress-iax,India Asia Xpress (IAX),0,10,90.00001,2.81745
india-asia-xpress-iax,India Asia Xpress (IAX),0,11,92.700009,4.613592
india-asia-xpress-iax,India Asia Xpress (IAX),0,12,94.275007,5.609601
india-asia-xpress-iax,India Asia Xpress (IAX),0,13,95.406353,6.218295
india-asia-xpress-iax,India Asia Xpress (IAX),0,14,97.425005,5.622041
india-asia-xpress-iax,India Asia Xpress (IAX),0,15,98.100005,5.28607
india-asia-xpress-iax,India Asia Xpress (IAX),0,16,98.887504,4.613592
india-asia-xpress-iax,India Asia Xpress (IAX),0,17,100.012503,3.266815
india-asia-xpress-iax,India Asia Xpress (IAX),0,18,101.250003,2.143087
india-asia-xpress-iax,India Asia Xpress (IAX),0,19,102.150002,1.805788
india-asia-xpress-iax,India Asia Xpress (IAX),0,20,102.682797,1.558264
india-asia-xpress-iax,India Asia Xpress (IAX),0,21,103.340651,1.383978
india-asia-xpress-iax,India Asia Xpress (IAX),0,22,103.500001,1.327519
india-asia-xpress-iax,India Asia Xpress (IAX),0,23,103.646091,1.338586
india-asia-xpress-iax,India Asia Xpress (IAX),1,0,79.650018,3.191934
india-asia-xpress-iax,India Asia Xpress (IAX),1,1,80.437517,5.435414
india-asia-xpress-iax,India Asia Xpress (IAX),1,2,80.539857,5.940821
india-asia-xpress-iax,India Asia Xpress (IAX),2,0,98.100005,5.28607
india-asia-xpress-iax,India Asia Xpress (IAX),2,1,99.000004,5.957819
india-asia-xpress-iax,India Asia Xpress (IAX),2,2,100.066113,6.613519
india-asia-xpress-iax,India Asia Xpress (IAX),3,0,101.250003,2.143087
india-asia-xpress-iax,India Asia Xpress (IAX),3,1,101.418752,2.592701
india-asia-xpress-iax,India Asia Xpress (IAX),3,2,101.443602,2.751229
india-asia-xpress-iax,India Asia Xpress (IAX),4,0,75.375021,5.65936
india-asia-xpress-iax,India Asia Xpress (IAX),4,1,74.250022,4.613592
india-asia-xpress-iax,India Asia Xpress (IAX),4,2,73.540352,4.212346
india-asia-xpress-iax,India Asia Xpress (IAX),5,0,85.500014,1.918229
india-asia-xpress-iax,India Asia Xpress (IAX),5,1,83.925015,5.510072
india-asia-xpress-iax,India Asia Xpress (IAX),5,2,83.250015,7.744877
india-asia-xpress-iax,India Asia Xpress (IAX),5,3,82.800016,9.524411
india-asia-xpress-iax,India Asia Xpress (IAX),5,4,81.450017,11.73565
india-asia-xpress-iax,India Asia Xpress (IAX),5,5,80.242987,13.063853
india-europe-xpress-iex,India Europe Xpress (IEX),0,0,8.483758,44.305748
india-europe-xpress-iex,India Europe Xpress (IEX),0,1,8.662568,44.213009
india-europe-xpress-iex,India Europe Xpress (IEX),0,2,9.225068,44.051519
india-europe-xpress-iex,India Europe Xpress (IEX),0,3,9.562567,43.401145
india-europe-xpress-iex,India Europe Xpress (IEX),0,4,9.675067,43.073311
india-europe-xpress-iex,India Europe Xpress (IEX),0,5,9.900067,42.412355
india-europe-xpress-iex,India Europe Xpress (IEX),0,6,10.462567,41.520132
india-europe-xpress-iex,India Europe Xpress (IEX),0,7,11.475066,39.698323
india-europe-xpress-iex,India Europe Xpress (IEX),0,8,11.700066,37.85674
india-europe-xpress-iex,India Europe Xpress (IEX),0,9,12.262566,37.232354
india-europe-xpress-iex,India Europe Xpress (IEX),0,10,13.668815,35.967974
india-europe-xpress-iex,India Europe Xpress (IEX),0,11,14.400064,35.373928
india-europe-xpress-iex,India Europe Xpress (IEX),0,12,16.650062,35.236213
india-europe-xpress-iex,India Europe Xpress (IEX),0,13,19.350061,35.60293
india-europe-xpress-iex,India Europe Xpress (IEX),0,14,22.050059,35.12894
india-europe-xpress-iex,India Europe Xpress (IEX),0,15,23.400058,34.806273
india-europe-xpress-iex,India Europe Xpress (IEX),0,16,25.200056,34.335379
india-europe-xpress-iex,India Europe Xpress (IEX),0,17,27.900054,32.528215
india-europe-xpress-iex,India Europe Xpress (IEX),0,18,29.672353,31.047642
india-europe-xpress-iex,India Europe Xpress (IEX),1,0,29.672353,31.047642
india-europe-xpress-iex,India Europe Xpress (IEX),1,1,29.981303,30.804817
india-europe-xpress-iex,India Europe Xpress (IEX),1,2,30.375053,30.683956
india-europe-xpress-iex,India Europe Xpress (IEX),1,3,31.050052,30.320465
india-europe-xpress-iex,India Europe Xpress (IEX),1,4,31.725052,30.077386
india-europe-xpress-iex,India Europe Xpress (IEX),1,5,32.175051,29.540203
india-europe-xpress-iex,India Europe Xpress (IEX),1,6,32.653181,29.113614
india-europe-xpress-iex,India Europe Xpress (IEX),2,0,29.672353,31.047642
india-europe-xpress-iex,India Europe Xpress (IEX),2,1,29.981303,30.853119
india-europe-xpress-iex,India Europe Xpress (IEX),2,2,30.375053,30.780657
india-europe-xpress-iex,India Europe Xpress (IEX),2,3,31.050052,30.417529
india-europe-xpress-iex,India Europe Xpress (IEX),2,4,31.725052,30.17469
india-europe-xpress-iex,India Europe Xpress (IEX),2,5,32.175051,29.589086
india-europe-xpress-iex,India Europe Xpress (IEX),2,6,32.653181,29.113614
india-europe-xpress-iex,India Europe Xpress (IEX),3,0,32.653181,29.113614
india-europe-xpress-iex,India Europe Xpress (IEX),3,1,33.075051,28.951555
india-europe-xpress-iex,India Europe Xpress (IEX),3,2,33.539288,28.161052
india-europe-xpress-iex,India Europe Xpress (IEX),3,3,34.53755,27.364668
india-europe-xpress-iex,India Europe Xpress (IEX),3,4,35.521924,26.562513
india-europe-xpress-iex,India Europe Xpress (IEX),3,5,36.337548,25.754704
india-europe-xpress-iex,India Europe Xpress (IEX),3,6,37.350048,24.122617
india-europe-xpress-iex,India Europe Xpress (IEX),3,7,38.587547,22.052986
india-europe-xpress-iex,India Europe Xpress (IEX),3,8,39.037547,20.936468
india-europe-xpress-iex,India Europe Xpress (IEX),3,9,39.375046,20.375041
india-europe-xpress-iex,India Europe Xpress (IEX),3,10,41.737545,16.534196
india-europe-xpress-iex,India Europe Xpress (IEX),3,11,42.468794,14.801154
india-europe-xpress-iex,India Europe Xpress (IEX),3,12,42.975044,13.929304
india-europe-xpress-iex,India Europe Xpress (IEX),3,13,43.228169,13.054151
india-europe-xpress-iex,India Europe Xpress (IEX),3,14,43.326606,12.834869
india-europe-xpress-iex,India Europe Xpress (IEX),3,15,43.410981,12.615396
india-europe-xpress-iex,India Europe Xpress (IEX),3,16,43.875043,12.395734
india-europe-xpress-iex,India Europe Xpress (IEX),3,17,44.550043,11.570378
india-europe-xpress-iex,India Europe Xpress (IEX),3,18,45.450042,11.515266
india-europe-xpress-iex,India Europe Xpress (IEX),3,19,48.60004,12.285834
india-europe-xpress-iex,India Europe Xpress (IEX),3,20,52.650037,13.273238
india-europe-xpress-iex,India Europe Xpress (IEX),3,21,54.000036,13.601498
india-europe-xpress-iex,India Europe Xpress (IEX),3,22,55.350035,13.710818
india-europe-xpress-iex,India Europe Xpress (IEX),3,23,58.950032,15.452761
india-europe-xpress-iex,India Europe Xpress (IEX),3,24,60.975031,16.534196
india-europe-xpress-iex,India Europe Xpress (IEX),3,25,66.600027,18.678647
india-europe-xpress-iex,India Europe Xpress (IEX),3,26,70.200025,18.891662
india-europe-xpress-iex,India Europe Xpress (IEX),3,27,72.875902,19.066189
india-europe-xpress-iex,India Europe Xpress (IEX),4,0,54.000036,13.601498
india-europe-xpress-iex,India Europe Xpress (IEX),4,1,54.112536,14.583512
india-europe-xpress-iex,India Europe Xpress (IEX),4,2,54.173384,16.548036
india-europe-xpress-iex,India Europe Xpress (IEX),4,3,54.148086,17.095827
india-europe-xpress-iex,India Europe Xpress (IEX),5,0,44.550043,11.570378
india-europe-xpress-iex,India Europe Xpress (IEX),5,1,43.650043,11.620599
india-europe-xpress-iex,India Europe Xpress (IEX),5,2,43.147994,11.594869
india-europe-xpress-iex,India Europe Xpress (IEX),6,0,37.340514,24.138085
india-europe-xpress-iex,India Europe Xpress (IEX),6,1,37.800047,24.122617
india-europe-xpress-iex,India Europe Xpress (IEX),6,2,38.106977,24.070648
india-europe-xpress-iex,India Europe Xpress (IEX),7,0,35.521924,26.562513
india-europe-xpress-iex,India Europe Xpress (IEX),7,1,35.212549,27.497803
india-europe-xpress-iex,India Europe Xpress (IEX),7,2,35.223149,28.050969
india-europe-xpress-iex,India Europe Xpress (IEX),8,0,25.200056,34.335379
india-europe-xpress-iex,India Europe Xpress (IEX),8,1,24.975057,34.867831
india-europe-xpress-iex,India Europe Xpress (IEX),8,2,24.7684,35.07163
india-europe-xpress-iex,India Europe Xpress (IEX),9,0,39.037547,20.936468
india-europe-xpress-iex,India Europe Xpress (IEX),9,1,39.182756,21.481533
india-europe-xpress-iex,India Europe Xpress (IEX),10,0,8.662568,44.213009
india-europe-xpress-iex,India Europe Xpress (IEX),10,1,8.325068,43.808456
india-europe-xpress-iex,India Europe Xpress (IEX),10,2,7.875069,43.5644
india-europe-xpress-iex,India Europe Xpress (IEX),10,3,7.200069,43.237448
india-europe-xpress-iex,India Europe Xpress (IEX),10,4,6.41257,42.908732
india-europe-xpress-iex,India Europe Xpress (IEX),10,5,5.96257,42.908732
india-europe-xpress-iex,India Europe Xpress (IEX),10,6,5.363547,43.286508
firmina,Firmina,0,0,-78.88267,33.693558
firmina,Firmina,0,1,-78.37904,33.189715
firmina,Firmina,0,2,-77.399871,32.36999
firmina,Firmina,0,3,-74.699873,30.901396
firmina,Firmina,0,4,-73.349874,30.320465
firmina,Firmina,0,5,-69.299877,28.359234
firmina,Firmina,0,6,-63.449881,25.754704
firmina,Firmina,0,7,-48.599891,16.534196
firmina,Firmina,0,8,-39.152117,8.152047
firmina,Firmina,0,9,-33.749902,0.568579
firmina,Firmina,0,10,-30.487404,-3.816084
firmina,Firmina,0,11,-27.899906,-9.290424
firmina,Firmina,0,12,-28.349731,-13.69782
firmina,Firmina,0,13,-30.14973,-18.025284
firmina,Firmina,0,14,-36.3374,-24.419185
firmina,Firmina,0,15,-39.599898,-25.946231
firmina,Firmina,0,16,-41.849896,-27.951747
firmina,Firmina,0,17,-44.099895,-32.61276
firmina,Firmina,0,18,-50.84989,-35.958118
firmina,Firmina,0,19,-53.999888,-36.683251
firmina,Firmina,0,20,-56.695446,-36.470955
firmina,Firmina,1,0,-50.84989,-35.958118
firmina,Firmina,1,1,-53.999888,-35.409856
firmina,Firmina,1,2,-54.949997,-34.966665
firmina,Firmina,2,0,-41.849896,-27.951747
firmina,Firmina,2,1,-45.224894,-25.134187
firmina,Firmina,2,2,-46.412493,-24.008868
ionian,Ionian,0,0,17.127152,39.080669
ionian,Ionian,0,1,17.775062,39.031515
ionian,Ionian,0,2,19.80006,38.944071
ionian,Ionian,0,3,20.75172,38.959267
sape-labuan-bajo-ende-kupang,Sape-Labuan Bajo-Ende-Kupang,0,0,121.642738,-8.845694
sape-labuan-bajo-ende-kupang,Sape-Labuan Bajo-Ende-Kupang,0,1,121.724988,-9.068306
sape-labuan-bajo-ende-kupang,Sape-Labuan Bajo-Ende-Kupang,0,2,122.849987,-9.808147
sape-labuan-bajo-ende-kupang,Sape-Labuan Bajo-Ende-Kupang,0,3,123.299987,-9.900514
sape-labuan-bajo-ende-kupang,Sape-Labuan Bajo-Ende-Kupang,0,4,123.583387,-10.18294
sape-labuan-bajo-ende-kupang,Sape-Labuan Bajo-Ende-Kupang,1,0,118.9762,-8.505602
sape-labuan-bajo-ende-kupang,Sape-Labuan Bajo-Ende-Kupang,1,1,119.24999,-8.197049
sape-labuan-bajo-ende-kupang,Sape-Labuan Bajo-Ende-Kupang,1,2,119.58749,-8.14137
sape-labuan-bajo-ende-kupang,Sape-Labuan Bajo-Ende-Kupang,1,3,119.868739,-8.197049
sape-labuan-bajo-ende-kupang,Sape-Labuan Bajo-Ende-Kupang,1,4,119.907559,-8.475555
kupang-alor-cable-systems,Kupang-Alor Cable Systems,0,0,123.583337,-10.183333
kupang-alor-cable-systems,Kupang-Alor Cable Systems,0,1,123.468737,-9.697273
kupang-alor-cable-systems,Kupang-Alor Cable Systems,0,2,123.524987,-9.142361
kupang-alor-cable-systems,Kupang-Alor Cable Systems,0,3,124.087486,-8.920151
kupang-alor-cable-systems,Kupang-Alor Cable Systems,0,4,124.199986,-8.697805
kupang-alor-cable-systems,Kupang-Alor Cable Systems,0,5,124.403756,-8.320654
denpasar-waingapu-cable-systems,Denpasar-Waingapu Cable Systems,0,0,118.082221,-8.841149
denpasar-waingapu-cable-systems,Denpasar-Waingapu Cable Systems,0,1,118.23749,-9.142361
denpasar-waingapu-cable-systems,Denpasar-Waingapu Cable Systems,0,2,118.68749,-9.253414
denpasar-waingapu-cable-systems,Denpasar-Waingapu Cable Systems,0,3,119.24999,-9.179383
denpasar-waingapu-cable-systems,Denpasar-Waingapu Cable Systems,0,4,120.037489,-9.179383
denpasar-waingapu-cable-systems,Denpasar-Waingapu Cable Systems,0,5,120.262489,-9.364433
denpasar-waingapu-cable-systems,Denpasar-Waingapu Cable Systems,0,6,120.253019,-9.645766
denpasar-waingapu-cable-systems,Denpasar-Waingapu Cable Systems,1,0,115.649992,-9.142361
denpasar-waingapu-cable-systems,Denpasar-Waingapu Cable Systems,1,1,115.706242,-8.864577
denpasar-waingapu-cable-systems,Denpasar-Waingapu Cable Systems,1,2,115.874992,-8.67927
denpasar-waingapu-cable-systems,Denpasar-Waingapu Cable Systems,1,3,116.072522,-8.561427
denpasar-waingapu-cable-systems,Denpasar-Waingapu Cable Systems,2,0,118.082221,-8.841149
denpasar-waingapu-cable-systems,Denpasar-Waingapu Cable Systems,2,1,118.012491,-9.142361
denpasar-waingapu-cable-systems,Denpasar-Waingapu Cable Systems,2,2,117.674991,-9.364433
denpasar-waingapu-cable-systems,Denpasar-Waingapu Cable Systems,2,3,117.224991,-9.364433
denpasar-waingapu-cable-systems,Denpasar-Waingapu Cable Systems,2,4,116.549992,-9.364433
denpasar-waingapu-cable-systems,Denpasar-Waingapu Cable Systems,2,5,116.099992,-9.253414
denpasar-waingapu-cable-systems,Denpasar-Waingapu Cable Systems,2,6,115.649992,-9.142361
denpasar-waingapu-cable-systems,Denpasar-Waingapu Cable Systems,2,7,115.424992,-8.920151
denpasar-waingapu-cable-systems,Denpasar-Waingapu Cable Systems,2,8,115.260573,-8.657096
bifrost,Bifrost,0,0,144.562472,13.929304
bifrost,Bifrost,0,1,143.999972,13.273238
bifrost,Bifrost,0,2,137.249977,11.73565
bifrost,Bifrost,0,3,133.19998,9.967915
bifrost,Bifrost,0,4,129.599982,7.893494
bifrost,Bifrost,0,5,126.449985,5.65936
bifrost,Bifrost,0,6,124.199986,3.86565
bifrost,Bifrost,0,7,120.599989,2.367913
bifrost,Bifrost,0,8,119.24999,1.018534
bifrost,Bifrost,0,9,119.02499,0.568579
bifrost,Bifrost,0,10,118.316292,-0.810555
bifrost,Bifrost,0,11,117.851906,-1.290401
bifrost,Bifrost,0,12,117.739411,-1.515334
bifrost,Bifrost,0,13,117.487491,-2.730375
bifrost,Bifrost,0,14,116.583102,-4.179996
bifrost,Bifrost,0,15,114.679921,-5.049857
bifrost,Bifrost,0,16,112.049995,-4.377144
bifrost,Bifrost,0,17,110.024996,-3.479269
bifrost,Bifrost,0,18,109.349997,-3.029996
bifrost,Bifrost,0,19,106.312499,-0.331409
bifrost,Bifrost,0,20,105.637499,0.118588
bifrost,Bifrost,0,21,104.85,0.568579
bifrost,Bifrost,0,22,104.175,0.685072
bifrost,Bifrost,0,23,103.893751,0.793563
bifrost,Bifrost,0,24,103.893751,1.018534
bifrost,Bifrost,0,25,103.646091,1.338586
bifrost,Bifrost,1,0,179.999947,27.097919
bifrost,Bifrost,1,1,173.699951,25.484199
bifrost,Bifrost,1,2,160.199961,22.191943
bifrost,Bifrost,1,3,151.199967,18.678647
bifrost,Bifrost,1,4,145.799971,16.246388
bifrost,Bifrost,1,5,144.674972,14.365654
bifrost,Bifrost,1,6,144.562472,13.929304
bifrost,Bifrost,1,7,144.776752,13.490038
bifrost,Bifrost,2,0,124.199986,3.86565
bifrost,Bifrost,2,1,124.649986,1.805788
bifrost,Bifrost,2,2,124.839636,1.490779
bifrost,Bifrost,3,0,126.449985,5.65936
bifrost,Bifrost,3,1,126.224985,5.957819
bifrost,Bifrost,3,2,125.612876,7.079989
bifrost,Bifrost,4,0,109.349997,-3.029996
bifrost,Bifrost,4,1,107.999998,-4.601454
bifrost,Bifrost,4,2,107.549998,-5.273944
bifrost,Bifrost,4,3,106.827829,-6.171876
bifrost,Bifrost,5,0,-122.849839,35.05223
bifrost,Bifrost,5,1,-121.949839,34.312152
bifrost,Bifrost,5,2,-120.59984,33.565491
bifrost,Bifrost,5,3,-117.449843,32.338312
bifrost,Bifrost,5,4,-117.063784,32.357599
bifrost,Bifrost,6,0,-123.973409,45.14659
bifrost,Bifrost,6,1,-125.099837,44.534664
bifrost,Bifrost,6,2,-129.599834,43.073311
bifrost,Bifrost,6,3,-138.599828,40.38732
bifrost,Bifrost,6,4,-151.199819,37.708551
bifrost,Bifrost,6,5,-163.79981,34.063993
bifrost,Bifrost,6,6,-172.79981,30.255703
bifrost,Bifrost,6,7,-179.9998,27.097919
bifrost,Bifrost,0,0,-120.621522,35.120949
bifrost,Bifrost,0,1,-122.849839,35.05223
bifrost,Bifrost,0,2,-129.599834,38.299521
bifrost,Bifrost,0,3,-138.599828,40.38732
echo,Echo,0,0,179.999947,26.293866
echo,Echo,0,1,173.699951,24.669042
echo,Echo,0,2,160.199961,21.356164
echo,Echo,0,3,151.199967,17.823934
echo,Echo,0,4,145.799971,15.813887
echo,Echo,0,5,143.887472,13.965698
echo,Echo,0,6,144.224972,13.710818
echo,Echo,0,7,144.694702,13.464773
echo,Echo,0,0,143.887472,13.965698
echo,Echo,0,1,143.549973,13.419187
echo,Echo,0,2,137.249977,9.524411
echo,Echo,0,3,133.64998,7.744889
echo,Echo,0,4,133.19998,7.298763
echo,Echo,0,5,130.499982,3.86565
echo,Echo,0,6,129.599982,1.618372
echo,Echo,0,7,128.699983,-1.981015
echo,Echo,0,8,128.024984,-2.880196
echo,Echo,0,9,127.349984,-4.676208
echo,Echo,0,10,123.749987,-6.467628
echo,Echo,0,11,120.149989,-6.467628
echo,Echo,0,12,116.583102,-4.852975
echo,Echo,0,13,114.749993,-4.825692
echo,Echo,0,14,112.049995,-4.152768
echo,Echo,0,15,110.249996,-3.479269
echo,Echo,0,16,109.574997,-3.029996
echo,Echo,0,17,106.537499,-0.331409
echo,Echo,0,18,105.3,0.90605
echo,Echo,0,19,104.85,1.187253
echo,Echo,0,20,104.625,1.250557
echo,Echo,0,21,104.2879,1.299826
echo,Echo,0,22,104.18975,1.310151
echo,Echo,0,23,103.987011,1.389451
echo,Echo,1,0,109.574997,-3.029996
echo,Echo,1,1,108.112498,-4.601454
echo,Echo,1,2,107.662498,-5.273944
echo,Echo,1,3,107.120998,-5.981154
echo,Echo,2,0,133.64998,7.744889
echo,Echo,2,1,134.099979,7.521883
echo,Echo,2,2,134.560941,7.531746
echo,Echo,3,0,144.657532,13.385306
echo,Echo,3,1,143.999972,13.382708
echo,Echo,3,2,143.549973,13.419187
echo,Echo,0,0,-124.159559,40.803253
echo,Echo,0,1,-139.050181,39.002379
echo,Echo,0,2,-151.199819,36.99312
echo,Echo,0,3,-163.79981,33.315154
echo,Echo,0,4,-172.79981,29.475236
echo,Echo,0,5,-179.9998,26.293866
jscfs,JSCFS,0,0,-77.921381,18.469358
jscfs,JSCFS,0,1,-78.18737,18.554265
jscfs,JSCFS,0,2,-78.35612,18.447579
jscfs,JSCFS,0,3,-78.34826,18.278671
jscfs,JSCFS,0,4,-78.29987,18.073659
jscfs,JSCFS,0,5,-78.07487,17.966677
jscfs,JSCFS,0,6,-77.848371,18.023695
jscfs,JSCFS,0,7,-77.849871,17.859631
jscfs,JSCFS,0,8,-77.399871,17.716802
jscfs,JSCFS,0,9,-76.949871,17.770376
jscfs,JSCFS,0,10,-76.666651,17.949944
confluence-1,Confluence-1,0,0,-74.062873,40.152905
confluence-1,Confluence-1,0,1,-73.937473,40.028456
confluence-1,Confluence-1,0,2,-74.024873,39.002379
confluence-1,Confluence-1,0,3,-74.699873,36.903212
confluence-1,Confluence-1,0,4,-74.924873,35.541927
confluence-1,Confluence-1,0,5,-76.049872,33.690389
confluence-1,Confluence-1,0,6,-77.399871,32.559827
confluence-1,Confluence-1,0,7,-79.19987,29.931251
confluence-1,Confluence-1,0,8,-79.649869,26.562513
confluence-1,Confluence-1,0,9,-80.088932,26.350586
confluence-1,Confluence-1,1,0,-77.399871,32.559827
confluence-1,Confluence-1,1,1,-78.266537,33.189715
confluence-1,Confluence-1,1,2,-78.88267,33.693558
confluence-1,Confluence-1,2,0,-79.19987,29.931251
confluence-1,Confluence-1,2,1,-80.549869,30.223306
confluence-1,Confluence-1,2,2,-81.655727,30.332032
confluence-1,Confluence-1,3,0,-74.699873,36.903212
confluence-1,Confluence-1,3,1,-76.059198,36.755008
kafos,KAFOS,0,0,27.912854,43.208373
kafos,KAFOS,0,1,28.350054,43.182785
kafos,KAFOS,0,2,28.800054,43.428385
kafos,KAFOS,0,3,28.800054,43.672992
kafos,KAFOS,0,4,28.582754,43.817188
kafos,KAFOS,1,0,28.988234,41.040618
kafos,KAFOS,1,1,29.025054,41.435846
kafos,KAFOS,1,2,28.350054,41.85618
kafos,KAFOS,1,3,27.985354,41.884179
kafos,KAFOS,1,4,28.237554,42.190471
kafos,KAFOS,1,5,28.237554,42.853775
kafos,KAFOS,1,6,28.350054,43.182785
jakarta-bangka-batam-singapore-b2js,Jakarta-Bangka-Batam-Singapore (B2JS),0,0,106.827829,-6.171876
jakarta-bangka-batam-singapore-b2js,Jakarta-Bangka-Batam-Singapore (B2JS),0,1,106.424999,-5.273944
jakarta-bangka-batam-singapore-b2js,Jakarta-Bangka-Batam-Singapore (B2JS),0,2,106.649999,-4.601454
jakarta-bangka-batam-singapore-b2js,Jakarta-Bangka-Batam-Singapore (B2JS),0,3,106.762499,-3.479269
jakarta-bangka-batam-singapore-b2js,Jakarta-Bangka-Batam-Singapore (B2JS),0,4,106.547459,-3.079925
jakarta-bangka-batam-singapore-b2js,Jakarta-Bangka-Batam-Singapore (B2JS),0,5,106.312499,-2.580537
jakarta-bangka-batam-singapore-b2js,Jakarta-Bangka-Batam-Singapore (B2JS),0,6,105.862499,-1.906058
jakarta-bangka-batam-singapore-b2js,Jakarta-Bangka-Batam-Singapore (B2JS),0,7,105.582709,-1.55388
jakarta-bangka-batam-singapore-b2js,Jakarta-Bangka-Batam-Singapore (B2JS),0,8,105.524999,-1.231316
jakarta-bangka-batam-singapore-b2js,Jakarta-Bangka-Batam-Singapore (B2JS),0,9,105.1875,0.118588
jakarta-bangka-batam-singapore-b2js,Jakarta-Bangka-Batam-Singapore (B2JS),0,10,104.85,0.345586
jakarta-bangka-batam-singapore-b2js,Jakarta-Bangka-Batam-Singapore (B2JS),0,11,104.175,0.456083
jakarta-bangka-batam-singapore-b2js,Jakarta-Bangka-Batam-Singapore (B2JS),0,12,103.725001,0.793563
jakarta-bangka-batam-singapore-b2js,Jakarta-Bangka-Batam-Singapore (B2JS),0,13,103.725001,1.018534
jakarta-bangka-batam-singapore-b2js,Jakarta-Bangka-Batam-Singapore (B2JS),0,14,103.878131,1.134724
jakarta-bangka-batam-singapore-b2js,Jakarta-Bangka-Batam-Singapore (B2JS),0,15,104.016637,1.066798
jakarta-bangka-batam-singapore-b2js,Jakarta-Bangka-Batam-Singapore (B2JS),0,16,103.921876,1.185378
jakarta-bangka-batam-singapore-b2js,Jakarta-Bangka-Batam-Singapore (B2JS),0,17,103.946481,1.327259
maroc-telecom-west-africa,Maroc Telecom West Africa,0,0,-7.63192,33.605395
maroc-telecom-west-africa,Maroc Telecom West Africa,0,1,-8.999919,33.315154
maroc-telecom-west-africa,Maroc Telecom West Africa,0,2,-12.149917,30.12605
maroc-telecom-west-africa,Maroc Telecom West Africa,0,3,-13.022832,28.161052
maroc-telecom-west-africa,Maroc Telecom West Africa,0,4,-14.399916,26.964305
maroc-telecom-west-africa,Maroc Telecom West Africa,0,5,-16.199914,23.848523
maroc-telecom-west-africa,Maroc Telecom West Africa,0,6,-16.649914,22.884654
maroc-telecom-west-africa,Maroc Telecom West Africa,0,7,-17.999913,19.952623
maroc-telecom-west-africa,Maroc Telecom West Africa,0,8,-17.999913,16.534196
maroc-telecom-west-africa,Maroc Telecom West Africa,0,9,-17.999913,11.73565
maroc-telecom-west-africa,Maroc Telecom West Africa,0,10,-16.649914,8.635699
maroc-telecom-west-africa,Maroc Telecom West Africa,0,11,-15.299915,7.744889
maroc-telecom-west-africa,Maroc Telecom West Africa,0,12,-14.399916,6.852191
maroc-telecom-west-africa,Maroc Telecom West Africa,0,13,-12.149917,5.061987
maroc-telecom-west-africa,Maroc Telecom West Africa,0,14,-10.799918,3.715978
maroc-telecom-west-africa,Maroc Telecom West Africa,0,15,-6.299921,3.715978
maroc-telecom-west-africa,Maroc Telecom West Africa,0,16,-3.712423,3.266815
maroc-telecom-west-africa,Maroc Telecom West Africa,0,17,-0.899925,3.279837
maroc-telecom-west-africa,Maroc Telecom West Africa,0,18,1.350073,4.164913
maroc-telecom-west-africa,Maroc Telecom West Africa,0,19,2.250073,4.052702
maroc-telecom-west-africa,Maroc Telecom West Africa,0,20,5.40007,1.918229
maroc-telecom-west-africa,Maroc Telecom West Africa,0,21,7.200069,0.793563
maroc-telecom-west-africa,Maroc Telecom West Africa,0,22,8.550068,0.568579
maroc-telecom-west-africa,Maroc Telecom West Africa,0,23,9.454268,0.394465
maroc-telecom-west-africa,Maroc Telecom West Africa,1,0,2.250073,4.052702
maroc-telecom-west-africa,Maroc Telecom West Africa,1,1,2.250073,5.061987
maroc-telecom-west-africa,Maroc Telecom West Africa,1,2,2.440113,6.356673
maroc-telecom-west-africa,Maroc Telecom West Africa,2,0,1.350073,4.164913
maroc-telecom-west-africa,Maroc Telecom West Africa,2,1,1.350073,5.061987
maroc-telecom-west-africa,Maroc Telecom West Africa,2,2,1.227803,6.126307
maroc-telecom-west-africa,Maroc Telecom West Africa,3,0,-3.712423,3.266815
maroc-telecom-west-africa,Maroc Telecom West Africa,3,1,-4.026243,5.323509
maroc-telecom-west-africa,Maroc Telecom West Africa,4,0,-16.199914,23.848523
maroc-telecom-west-africa,Maroc Telecom West Africa,4,1,-16.087414,23.745588
maroc-telecom-west-africa,Maroc Telecom West Africa,4,2,-15.934424,23.721082
africa-1,Africa-1,0,0,54.000036,13.163719
africa-1,Africa-1,0,1,55.350035,13.929304
africa-1,Africa-1,0,2,58.950032,15.669513
africa-1,Africa-1,0,3,60.975031,16.749771
africa-1,Africa-1,0,4,65.700028,20.375041
africa-1,Africa-1,0,5,66.262527,23.298598
africa-1,Africa-1,0,6,67.028547,24.889732
africa-1,Africa-1,1,0,45.450042,11.073983
africa-1,Africa-1,1,1,45.235802,10.705442
africa-1,Africa-1,1,2,45.010882,10.435119
africa-1,Africa-1,2,0,44.550043,11.12918
africa-1,Africa-1,2,1,43.650043,11.489462
africa-1,Africa-1,2,2,43.147994,11.594869
africa-1,Africa-1,3,0,39.672896,-4.052924
africa-1,Africa-1,3,1,42.300044,-3.254657
africa-1,Africa-1,3,2,45.225042,-1.006359
africa-1,Africa-1,3,3,47.70004,1.468427
africa-1,Africa-1,3,4,50.850038,5.510072
africa-1,Africa-1,3,5,53.550036,9.524411
africa-1,Africa-1,3,6,54.675036,12.615396
africa-1,Africa-1,3,7,54.000036,13.163719
africa-1,Africa-1,3,8,52.650037,12.834869
africa-1,Africa-1,3,9,48.60004,11.845776
africa-1,Africa-1,3,10,45.450042,11.073983
africa-1,Africa-1,3,11,44.550043,11.12918
africa-1,Africa-1,3,12,43.509418,12.395734
africa-1,Africa-1,3,13,43.256294,12.615396
africa-1,Africa-1,3,14,43.171919,12.834869
africa-1,Africa-1,3,15,42.890669,13.054151
africa-1,Africa-1,3,16,42.300044,13.929304
africa-1,Africa-1,3,17,41.793795,14.801154
africa-1,Africa-1,3,18,40.500046,16.534196
africa-1,Africa-1,3,19,39.487546,18.251816
africa-1,Africa-1,3,20,38.137547,20.375041
africa-1,Africa-1,3,21,37.350048,22.052986
africa-1,Africa-1,3,22,36.112549,24.122617
africa-1,Africa-1,3,23,35.100049,25.754704
africa-1,Africa-1,3,24,34.5938,26.562513
africa-1,Africa-1,3,25,33.9188,27.364668
africa-1,Africa-1,3,26,33.384876,28.161052
africa-1,Africa-1,3,27,33.082766,28.365936
africa-1,Africa-1,3,28,32.762394,28.935361
africa-1,Africa-1,3,29,32.263763,29.081684
africa-1,Africa-1,3,30,31.693903,29.018332
africa-1,Africa-1,3,31,31.051559,29.238655
africa-1,Africa-1,3,32,30.305754,29.656993
africa-1,Africa-1,3,33,29.894153,30.19229
africa-1,Africa-1,3,34,29.672353,31.047642
africa-1,Africa-1,4,0,32.284451,31.259278
africa-1,Africa-1,4,1,32.118801,31.510798
africa-1,Africa-1,4,2,31.275052,31.798087
africa-1,Africa-1,4,3,27.900054,31.957308
africa-1,Africa-1,4,4,25.200056,32.717718
africa-1,Africa-1,4,5,22.050059,33.456058
africa-1,Africa-1,4,6,19.350061,33.377806
africa-1,Africa-1,4,7,16.650062,33.001219
africa-1,Africa-1,4,8,14.400064,33.846256
africa-1,Africa-1,4,9,12.150066,35.419781
africa-1,Africa-1,4,10,11.925066,35.785662
africa-1,Africa-1,4,11,11.700066,36.240655
africa-1,Africa-1,4,12,11.362566,37.232354
africa-1,Africa-1,4,13,10.348617,37.589787
africa-1,Africa-1,4,14,9.000068,37.589787
africa-1,Africa-1,4,15,7.425069,37.94551
africa-1,Africa-1,4,16,6.750069,38.651812
africa-1,Africa-1,4,17,5.73757,41.744359
africa-1,Africa-1,4,18,5.37253,43.293628
africa-1,Africa-1,5,0,56.339934,25.051483
africa-1,Africa-1,5,1,56.925034,24.711632
africa-1,Africa-1,5,2,58.500033,24.045587
africa-1,Africa-1,5,3,59.850032,23.401884
africa-1,Africa-1,5,4,60.975031,22.469444
africa-1,Africa-1,5,5,60.975031,16.749771
africa-1,Africa-1,6,0,35.696549,27.35401
africa-1,Africa-1,6,1,35.100049,27.097919
africa-1,Africa-1,6,2,34.5938,26.562513
africa-1,Africa-1,7,0,33.082766,28.365936
africa-1,Africa-1,7,1,32.732087,28.915765
africa-1,Africa-1,7,2,32.272051,29.031864
africa-1,Africa-1,7,3,31.695652,28.932935
africa-1,Africa-1,7,4,31.027924,29.158899
africa-1,Africa-1,7,5,30.253799,29.588965
africa-1,Africa-1,7,6,29.802606,30.149272
africa-1,Africa-1,7,7,29.672353,31.047642
africa-1,Africa-1,8,0,7.425069,37.94551
africa-1,Africa-1,8,1,5.62507,37.351688
africa-1,Africa-1,8,2,5.055681,36.751528
africa-1,Africa-1,9,0,42.954524,14.797809
africa-1,Africa-1,9,1,42.750044,14.637943
africa-1,Africa-1,9,2,41.793795,14.801154
natitua-sud,Natitua Sud,0,0,-149.48592,-23.346921
natitua-sud,Natitua Sud,0,1,-149.17482,-22.423531
natitua-sud,Natitua Sud,0,2,-148.94982,-20.855024
natitua-sud,Natitua Sud,0,3,-148.94982,-18.09773
natitua-sud,Natitua Sud,0,4,-149.06232,-17.776635
natitua-sud,Natitua Sud,0,5,-149.308121,-17.723342
natitua-sud,Natitua Sud,1,0,-149.17482,-22.423531
natitua-sud,Natitua Sud,1,1,-150.749819,-22.423531
natitua-sud,Natitua Sud,1,2,-151.342919,-22.451259
cogim,COGIM,0,0,-64.30898,48.471795
cogim,COGIM,0,1,-63.89988,48.20684
cogim,COGIM,0,2,-62.549881,47.603526
cogim,COGIM,0,3,-61.955682,47.38258
cogim,COGIM,1,0,-64.30898,48.471795
cogim,COGIM,1,1,-63.89988,48.35657
cogim,COGIM,1,2,-62.549881,47.755014
cogim,COGIM,1,3,-61.955682,47.38258
au-aleutian,AU-Aleutian,0,0,-162.449811,55.013439
au-aleutian,AU-Aleutian,0,1,-162.562311,55.077892
au-aleutian,AU-Aleutian,0,2,-162.704011,55.20415
au-aleutian,AU-Aleutian,1,0,-162.304411,55.049202
au-aleutian,AU-Aleutian,1,1,-162.449811,55.013439
au-aleutian,AU-Aleutian,2,0,-158.772113,56.254984
au-aleutian,AU-Aleutian,2,1,-158.624813,56.282915
au-aleutian,AU-Aleutian,2,2,-158.507213,56.321363
au-aleutian,AU-Aleutian,2,3,-158.408814,56.294515
au-aleutian,AU-Aleutian,3,0,-158.849813,55.589798
au-aleutian,AU-Aleutian,3,1,-158.962313,55.78006
au-aleutian,AU-Aleutian,3,2,-159.144813,55.917486
au-aleutian,AU-Aleutian,4,0,-162.89981,54.624534
au-aleutian,AU-Aleutian,4,1,-163.01231,54.754585
au-aleutian,AU-Aleutian,4,2,-163.23731,54.819454
au-aleutian,AU-Aleutian,4,3,-163.41501,54.850958
au-aleutian,AU-Aleutian,5,0,-152.887317,57.932142
au-aleutian,AU-Aleutian,5,1,-152.881938,57.869443
au-aleutian,AU-Aleutian,0,0,-152.395118,57.794422
au-aleutian,AU-Aleutian,0,1,-152.381069,57.872363
au-aleutian,AU-Aleutian,0,2,-152.549818,57.902265
au-aleutian,AU-Aleutian,0,3,-152.887317,57.932142
au-aleutian,AU-Aleutian,0,4,-152.999817,57.961994
au-aleutian,AU-Aleutian,0,5,-153.168568,57.991821
au-aleutian,AU-Aleutian,0,6,-153.449817,58.021623
au-aleutian,AU-Aleutian,0,7,-153.899817,57.991821
au-aleutian,AU-Aleutian,0,8,-154.124817,57.812485
au-aleutian,AU-Aleutian,0,9,-153.912317,57.66904
au-aleutian,AU-Aleutian,0,10,-153.986017,57.537319
au-aleutian,AU-Aleutian,1,0,-158.408814,56.294515
au-aleutian,AU-Aleutian,1,1,-158.174814,56.345312
au-aleutian,AU-Aleutian,1,2,-158.049814,56.279445
au-aleutian,AU-Aleutian,1,3,-157.956064,56.067211
au-aleutian,AU-Aleutian,1,4,-158.399814,55.716742
au-aleutian,AU-Aleutian,1,5,-158.849813,55.589798
au-aleutian,AU-Aleutian,1,6,-159.299813,55.462441
au-aleutian,AU-Aleutian,1,7,-159.749813,55.398608
au-aleutian,AU-Aleutian,1,8,-160.199812,55.334672
au-aleutian,AU-Aleutian,1,9,-160.496312,55.341553
au-aleutian,AU-Aleutian,1,10,-160.649812,55.430537
au-aleutian,AU-Aleutian,1,11,-160.874812,55.398608
au-aleutian,AU-Aleutian,1,12,-161.099812,55.334672
au-aleutian,AU-Aleutian,1,13,-161.324811,55.302665
au-aleutian,AU-Aleutian,1,14,-161.549811,55.302665
au-aleutian,AU-Aleutian,1,15,-161.774811,55.238574
au-aleutian,AU-Aleutian,1,16,-161.999811,55.077892
au-aleutian,AU-Aleutian,1,17,-162.112311,55.013439
au-aleutian,AU-Aleutian,1,18,-162.304411,55.049202
au-aleutian,AU-Aleutian,2,0,-153.986017,57.537319
au-aleutian,AU-Aleutian,2,1,-153.968567,57.66904
au-aleutian,AU-Aleutian,2,2,-154.349816,57.752507
au-aleutian,AU-Aleutian,2,3,-154.799816,57.69243
au-aleutian,AU-Aleutian,2,4,-155.474816,57.329868
au-aleutian,AU-Aleutian,2,5,-156.824815,56.4698
au-aleutian,AU-Aleutian,2,6,-157.499814,56.407607
au-aleutian,AU-Aleutian,2,7,-157.949814,56.414522
au-aleutian,AU-Aleutian,2,8,-158.408814,56.294515
au-aleutian,AU-Aleutian,3,0,-166.533255,53.884515
au-aleutian,AU-Aleutian,3,1,-166.499808,54.034132
au-aleutian,AU-Aleutian,3,2,-166.274808,54.297579
au-aleutian,AU-Aleutian,3,3,-165.937308,54.363179
au-aleutian,AU-Aleutian,3,4,-165.599808,54.428675
au-aleutian,AU-Aleutian,3,5,-165.149809,54.297579
au-aleutian,AU-Aleutian,3,6,-164.249809,54.297579
au-aleutian,AU-Aleutian,3,7,-163.34981,54.428675
au-aleutian,AU-Aleutian,3,8,-162.89981,54.624534
au-aleutian,AU-Aleutian,3,9,-162.562311,54.819454
au-aleutian,AU-Aleutian,3,10,-162.449811,54.981173
au-aleutian,AU-Aleutian,3,11,-162.304411,55.049202
au-aleutian,AU-Aleutian,4,0,-165.937308,54.363179
au-aleutian,AU-Aleutian,4,1,-165.824808,54.297579
au-aleutian,AU-Aleutian,4,2,-165.773051,54.135639
au-aleutian,AU-Aleutian,5,0,-152.549818,57.902265
au-aleutian,AU-Aleutian,5,1,-152.501738,57.925202
sealink,SEALink,0,0,-132.829532,56.015228
sealink,SEALink,0,1,-132.911283,56.127039
sealink,SEALink,0,2,-132.897283,56.190508
sealink,SEALink,0,3,-132.729713,56.264142
sealink,SEALink,0,4,-132.682262,56.290902
sealink,SEALink,0,5,-132.648083,56.350471
sealink,SEALink,0,6,-132.648083,56.381643
sealink,SEALink,0,7,-132.648083,56.475041
sealink,SEALink,0,8,-132.648133,56.537179
sealink,SEALink,0,9,-132.704534,56.599106
sealink,SEALink,0,10,-132.788959,56.66104
sealink,SEALink,0,11,-132.8312,56.722764
sealink,SEALink,0,12,-132.969853,56.807791
sealink,SEALink,0,13,-132.844883,56.913366
sealink,SEALink,0,14,-132.951983,57.020977
sealink,SEALink,0,15,-133.232943,57.081746
sealink,SEALink,0,16,-133.516331,57.124973
sealink,SEALink,0,17,-133.573282,57.168161
sealink,SEALink,0,18,-133.601881,57.229668
sealink,SEALink,0,19,-133.574242,57.313962
sealink,SEALink,0,20,-133.608522,57.373037
sealink,SEALink,0,21,-133.635181,57.558771
sealink,SEALink,0,22,-133.746312,57.707894
sealink,SEALink,0,23,-133.768482,57.823712
sealink,SEALink,0,24,-133.935181,57.986403
sealink,SEALink,0,25,-134.068582,58.101249
sealink,SEALink,0,26,-134.192782,58.165131
sealink,SEALink,0,27,-134.295831,58.207472
sealink,SEALink,0,28,-134.5799,58.242595
sealink,SEALink,0,29,-134.65548,58.291673
sealink,SEALink,0,30,-134.78693,58.412191
sealink,SEALink,0,31,-134.782919,58.498126
sealink,SEALink,0,32,-134.747291,58.551049
colombian-festoon,Colombian Festoon,0,0,-74.952802,11.005163
colombian-festoon,Colombian Festoon,0,1,-75.149873,11.073983
colombian-festoon,Colombian Festoon,0,2,-75.262372,10.963557
colombian-festoon,Colombian Festoon,0,3,-75.505732,10.386791
colombian-festoon,Colombian Festoon,0,4,-75.824872,10.189443
colombian-festoon,Colombian Festoon,0,5,-75.824872,9.894039
colombian-festoon,Colombian Festoon,0,6,-75.558662,9.496382
colombian-festoon,Colombian Festoon,1,0,-74.205293,11.241938
colombian-festoon,Colombian Festoon,1,1,-74.362373,11.331481
colombian-festoon,Colombian Festoon,1,2,-74.474873,11.221153
colombian-festoon,Colombian Festoon,1,3,-74.611933,11.012161
iris,IRIS,0,0,-9.048319,53.273886
iris,IRIS,0,1,-9.899919,53.053652
iris,IRIS,0,2,-10.799918,53.256035
iris,IRIS,0,3,-11.249918,53.524397
iris,IRIS,0,4,-12.599917,54.948789
iris,IRIS,0,5,-12.599917,55.674383
iris,IRIS,0,6,-12.374917,56.42826
iris,IRIS,0,7,-12.599917,58.836279
iris,IRIS,0,8,-13.949916,59.527871
iris,IRIS,0,9,-21.149911,60.869535
iris,IRIS,0,10,-21.82491,62.1571
iris,IRIS,0,11,-22.72491,62.986189
iris,IRIS,0,12,-22.27491,63.49272
iris,IRIS,0,13,-21.378121,63.856257
amitie,Amitie,0,0,-70.950276,42.463646
amitie,Amitie,0,1,-69.299877,42.412355
amitie,Amitie,0,2,-61.199882,41.744359
amitie,Amitie,0,3,-50.39989,43.5644
amitie,Amitie,0,4,-39.999995,46.174147
amitie,Amitie,0,5,-23.399909,50.167261
amitie,Amitie,0,6,-16.199914,50.167261
amitie,Amitie,0,7,-10.799918,49.441204
amitie,Amitie,0,8,-5.849922,46.993174
amitie,Amitie,0,9,-3.149924,45.119776
amitie,Amitie,0,10,-1.211825,44.893812
amitie,Amitie,1,0,-10.799918,49.441204
amitie,Amitie,1,1,-7.199921,50.882454
amitie,Amitie,1,2,-5.399922,51.024193
amitie,Amitie,1,3,-4.544403,50.828201
gulf-of-mexico-fiber-optic-network,Gulf of Mexico Fiber Optic Network,0,0,-95.344358,28.949542
gulf-of-mexico-fiber-optic-network,Gulf of Mexico Fiber Optic Network,0,1,-94.049859,28.09491
gulf-of-mexico-fiber-optic-network,Gulf of Mexico Fiber Optic Network,0,2,-91.799861,27.896239
gulf-of-mexico-fiber-optic-network,Gulf of Mexico Fiber Optic Network,0,3,-88.649863,28.688714
gulf-of-mexico-fiber-optic-network,Gulf of Mexico Fiber Optic Network,0,4,-88.199863,29.475236
gulf-of-mexico-fiber-optic-network,Gulf of Mexico Fiber Optic Network,0,5,-88.556163,30.365774
havsil,Havsil,0,0,8.616168,57.11165
havsil,Havsil,0,1,8.662568,57.289274
havsil,Havsil,0,2,8.212568,57.932057
havsil,Havsil,0,3,7.996259,58.151066
grace-hopper,Grace Hopper,0,0,-72.937864,40.755843
grace-hopper,Grace Hopper,0,1,-71.099875,39.784829
grace-hopper,Grace Hopper,0,2,-68.399877,39.524987
grace-hopper,Grace Hopper,0,3,-61.199882,38.651812
grace-hopper,Grace Hopper,0,4,-50.39989,39.002379
grace-hopper,Grace Hopper,0,5,-39.599898,41.744359
grace-hopper,Grace Hopper,0,6,-23.399909,45.960245
grace-hopper,Grace Hopper,0,7,-16.199914,46.272183
grace-hopper,Grace Hopper,0,8,-10.799918,49.294684
grace-hopper,Grace Hopper,0,9,-8.09992,49.732934
grace-hopper,Grace Hopper,0,10,-4.544403,50.828201
grace-hopper,Grace Hopper,1,0,-16.199914,46.272183
grace-hopper,Grace Hopper,1,1,-9.899919,46.890763
grace-hopper,Grace Hopper,1,2,-5.849922,45.960245
grace-hopper,Grace Hopper,1,3,-4.274923,44.694829
grace-hopper,Grace Hopper,1,4,-2.949194,43.27422
asia-direct-cable-adc,Asia Direct Cable (ADC),0,0,139.975467,35.005433
asia-direct-cable-adc,Asia Direct Cable (ADC),0,1,140.174975,34.898593
asia-direct-cable-adc,Asia Direct Cable (ADC),0,2,140.343725,34.690726
asia-direct-cable-adc,Asia Direct Cable (ADC),0,3,140.512475,34.405023
asia-direct-cable-adc,Asia Direct Cable (ADC),0,4,140.849974,33.93964
asia-direct-cable-adc,Asia Direct Cable (ADC),0,5,140.849974,32.433313
asia-direct-cable-adc,Asia Direct Cable (ADC),0,6,140.399975,30.901396
asia-direct-cable-adc,Asia Direct Cable (ADC),0,7,138.824976,28.161052
asia-direct-cable-adc,Asia Direct Cable (ADC),0,8,137.249977,26.562513
asia-direct-cable-adc,Asia Direct Cable (ADC),0,9,132.74998,23.50509
asia-direct-cable-adc,Asia Direct Cable (ADC),0,10,130.949981,22.677206
asia-direct-cable-adc,Asia Direct Cable (ADC),0,11,125.999985,21.111486
asia-direct-cable-adc,Asia Direct Cable (ADC),0,12,122.849987,20.269544
asia-direct-cable-adc,Asia Direct Cable (ADC),0,13,121.049988,20.058335
asia-direct-cable-adc,Asia Direct Cable (ADC),0,14,120.149989,20.058335
asia-direct-cable-adc,Asia Direct Cable (ADC),0,15,116.999991,19.316876
asia-direct-cable-adc,Asia Direct Cable (ADC),0,16,115.199993,18.251816
asia-direct-cable-adc,Asia Direct Cable (ADC),0,17,114.299993,14.801154
asia-direct-cable-adc,Asia Direct Cable (ADC),0,18,113.174994,12.615396
asia-direct-cable-adc,Asia Direct Cable (ADC),0,19,112.162495,9.967915
asia-direct-cable-adc,Asia Direct Cable (ADC),0,20,110.924996,7.744889
asia-direct-cable-adc,Asia Direct Cable (ADC),0,21,107.999998,5.398081
asia-direct-cable-adc,Asia Direct Cable (ADC),0,22,105.749999,4.389286
asia-direct-cable-adc,Asia Direct Cable (ADC),0,23,104.68125,2.81745
asia-direct-cable-adc,Asia Direct Cable (ADC),0,24,104.316175,1.468427
asia-direct-cable-adc,Asia Direct Cable (ADC),0,25,104.20615,1.341895
asia-direct-cable-adc,Asia Direct Cable (ADC),0,26,103.919731,1.228444
asia-direct-cable-adc,Asia Direct Cable (ADC),0,27,103.646091,1.338586
asia-direct-cable-adc,Asia Direct Cable (ADC),1,0,107.999998,5.398081
asia-direct-cable-adc,Asia Direct Cable (ADC),1,1,105.3,6.405201
asia-direct-cable-adc,Asia Direct Cable (ADC),1,2,103.275001,7.744889
asia-direct-cable-adc,Asia Direct Cable (ADC),1,3,100.800003,9.524411
asia-direct-cable-adc,Asia Direct Cable (ADC),1,4,100.125003,11.294709
asia-direct-cable-adc,Asia Direct Cable (ADC),1,5,100.237503,12.175887
asia-direct-cable-adc,Asia Direct Cable (ADC),1,6,100.575003,12.834869
asia-direct-cable-adc,Asia Direct Cable (ADC),1,7,100.930573,13.174371
asia-direct-cable-adc,Asia Direct Cable (ADC),2,0,113.174994,12.615396
asia-direct-cable-adc,Asia Direct Cable (ADC),2,1,112.949994,12.834869
asia-direct-cable-adc,Asia Direct Cable (ADC),2,2,111.599995,13.492128
asia-direct-cable-adc,Asia Direct Cable (ADC),2,3,110.024996,13.820086
asia-direct-cable-adc,Asia Direct Cable (ADC),2,4,109.219597,13.78291
asia-direct-cable-adc,Asia Direct Cable (ADC),3,0,115.199993,18.251816
asia-direct-cable-adc,Asia Direct Cable (ADC),3,1,114.524993,20.796306
asia-direct-cable-adc,Asia Direct Cable (ADC),3,2,114.202923,22.22205
asia-direct-cable-adc,Asia Direct Cable (ADC),4,0,116.999991,19.316876
asia-direct-cable-adc,Asia Direct Cable (ADC),4,1,117.224991,19.952623
asia-direct-cable-adc,Asia Direct Cable (ADC),4,2,117.224991,20.796306
asia-direct-cable-adc,Asia Direct Cable (ADC),4,3,116.999991,22.469444
asia-direct-cable-adc,Asia Direct Cable (ADC),4,4,116.677532,23.355007
asia-direct-cable-adc,Asia Direct Cable (ADC),5,0,114.299993,14.801154
asia-direct-cable-adc,Asia Direct Cable (ADC),5,1,116.999991,13.710818
asia-direct-cable-adc,Asia Direct Cable (ADC),5,2,118.79999,13.492128
asia-direct-cable-adc,Asia Direct Cable (ADC),5,3,120.149989,13.492128
asia-direct-cable-adc,Asia Direct Cable (ADC),5,4,121.066008,13.762418
eaufon-3,EAUFON 3,0,0,-71.953889,61.59626
eaufon-3,EAUFON 3,0,1,-71.999875,61.62709
eaufon-3,EAUFON 3,0,2,-71.999875,61.733828
eaufon-3,EAUFON 3,0,3,-71.774875,61.787058
eaufon-3,EAUFON 3,0,4,-71.324875,61.733828
eaufon-3,EAUFON 3,0,5,-70.649876,61.519984
eaufon-3,EAUFON 3,0,6,-69.299877,61.304659
eaufon-3,EAUFON 3,0,7,-68.849877,61.087845
eaufon-3,EAUFON 3,0,8,-68.849877,60.649723
eaufon-3,EAUFON 3,0,9,-69.074877,60.09357
eaufon-3,EAUFON 3,0,10,-69.037377,59.517193
eaufon-3,EAUFON 3,0,11,-68.399877,59.298894
eaufon-3,EAUFON 3,0,12,-67.949878,58.952517
eaufon-3,EAUFON 3,0,13,-66.599879,59.068366
eaufon-3,EAUFON 3,0,14,-66.149879,58.952517
eaufon-3,EAUFON 3,0,15,-65.995119,58.710155
eaufon-3,EAUFON 3,1,0,-67.949878,58.952517
eaufon-3,EAUFON 3,1,1,-68.174877,58.543969
eaufon-3,EAUFON 3,1,2,-68.174877,58.426357
eaufon-3,EAUFON 3,1,3,-68.287377,58.2492
eaufon-3,EAUFON 3,1,4,-68.418837,58.102996
eaufon-3,EAUFON 3,2,0,-68.399877,59.298894
eaufon-3,EAUFON 3,2,1,-69.074877,58.952517
eaufon-3,EAUFON 3,2,2,-69.412377,58.894447
eaufon-3,EAUFON 3,2,3,-69.524877,58.807158
eaufon-3,EAUFON 3,2,4,-69.637376,58.778013
eaufon-3,EAUFON 3,2,5,-69.937396,58.697407
eaufon-3,EAUFON 3,3,0,-69.037377,59.517193
eaufon-3,EAUFON 3,3,1,-69.487377,59.402863
eaufon-3,EAUFON 3,3,2,-69.597489,59.30574
eaufon-3,EAUFON 3,4,0,-69.074877,60.09357
eaufon-3,EAUFON 3,4,1,-69.524877,60.009327
eaufon-3,EAUFON 3,4,2,-69.862376,60.009327
eaufon-3,EAUFON 3,4,3,-70.026235,60.023415
eaufon-3,EAUFON 3,5,0,-69.299877,61.304659
eaufon-3,EAUFON 3,5,1,-69.637376,61.142188
eaufon-3,EAUFON 3,5,2,-69.650267,61.039998
eaufon-2,EAUFON 2,0,0,-78.52487,59.755303
eaufon-2,EAUFON 2,0,1,-78.97487,60.649723
eaufon-2,EAUFON 2,0,2,-78.97487,61.087845
eaufon-2,EAUFON 2,0,3,-78.74987,61.519984
eaufon-2,EAUFON 2,0,4,-78.74987,62.47072
eaufon-2,EAUFON 2,0,5,-78.52487,62.78108
eaufon-2,EAUFON 2,0,6,-77.399871,62.986189
eaufon-2,EAUFON 2,0,7,-76.049872,62.78108
eaufon-2,EAUFON 2,0,8,-75.646852,62.201283
eaufon-2,EAUFON 2,1,0,-75.646852,62.201283
eaufon-2,EAUFON 2,1,1,-75.487331,62.395514
eaufon-2,EAUFON 2,1,2,-74.812331,62.34334
eaufon-2,EAUFON 2,1,3,-74.630819,62.11333
eaufon-2,EAUFON 2,2,0,-78.97487,61.087845
eaufon-2,EAUFON 2,2,1,-78.52487,60.978877
eaufon-2,EAUFON 2,2,2,-78.14424,60.817683
eaufon-2,EAUFON 2,3,0,-78.74987,62.47072
eaufon-2,EAUFON 2,3,1,-78.29987,62.47072
eaufon-2,EAUFON 2,3,2,-77.943461,62.415024
eaufon-1,EAUFON 1,0,0,-77.269207,60.037115
eaufon-1,EAUFON 1,0,1,-78.52487,59.755303
eaufon-1,EAUFON 1,0,2,-79.19987,59.068366
eaufon-1,EAUFON 1,0,3,-79.19987,58.602627
eaufon-1,EAUFON 1,0,4,-78.74987,58.130602
eaufon-1,EAUFON 1,0,5,-77.399871,57.410662
eaufon-1,EAUFON 1,0,6,-77.174871,56.552478
eaufon-1,EAUFON 1,0,7,-77.399871,56.178604
eaufon-1,EAUFON 1,0,8,-77.849871,55.927314
eaufon-1,EAUFON 1,0,9,-78.29987,55.674383
eaufon-1,EAUFON 1,0,10,-79.19987,55.419806
eaufon-1,EAUFON 1,0,11,-80.099869,54.905693
eaufon-1,EAUFON 1,0,12,-80.099869,54.384929
eaufon-1,EAUFON 1,0,13,-79.649869,53.857473
eaufon-1,EAUFON 1,0,14,-78.893473,53.773614
eaufon-1,EAUFON 1,1,0,-77.174871,56.552478
eaufon-1,EAUFON 1,1,1,-76.724871,56.552478
eaufon-1,EAUFON 1,1,2,-76.547137,56.551563
eaufon-1,EAUFON 1,2,0,-78.74987,58.130602
eaufon-1,EAUFON 1,2,1,-78.29987,58.367403
eaufon-1,EAUFON 1,2,2,-78.10507,58.455133
eaufon-1,EAUFON 1,3,0,-78.29987,55.674383
eaufon-1,EAUFON 1,3,1,-78.07487,55.419806
eaufon-1,EAUFON 1,3,2,-77.763787,55.274574
2africa,2Africa,0,0,44.550043,11.239543
2africa,2Africa,0,1,43.312544,12.615396
2africa,2Africa,0,2,43.214106,12.834869
2africa,2Africa,0,3,42.975044,13.054151
2africa,2Africa,0,4,42.356294,13.929304
2africa,2Africa,0,5,41.850045,14.801154
2africa,2Africa,0,6,40.612545,16.534196
2africa,2Africa,0,7,39.600046,18.251816
2africa,2Africa,0,8,38.250047,20.375041
2africa,2Africa,1,0,54.000036,13.273238
2africa,2Africa,1,1,54.112536,13.601498
2africa,2Africa,1,2,54.288616,14.589548
2africa,2Africa,1,3,54.288616,16.582021
2africa,2Africa,1,4,54.148086,17.095827
2africa,2Africa,2,0,44.550043,11.239543
2africa,2Africa,2,1,43.650043,11.455112
2africa,2Africa,2,2,43.147994,11.594869
2africa,2Africa,3,0,38.250047,20.375041
2africa,2Africa,3,1,37.589238,19.919043
2africa,2Africa,3,2,37.219678,19.615567
2africa,2Africa,4,0,48.53178,29.923633
2africa,2Africa,4,1,49.162539,28.754486
2africa,2Africa,4,2,50.175039,28.061824
2africa,2Africa,4,3,50.625038,27.364668
2africa,2Africa,4,4,51.300038,26.964305
2africa,2Africa,4,5,52.200037,26.562513
2africa,2Africa,4,6,53.550036,26.260241
2africa,2Africa,4,7,55.350035,26.260241
2africa,2Africa,4,8,55.800035,26.361086
2africa,2Africa,4,9,56.250034,26.713351
2africa,2Africa,4,10,56.868784,26.562513
2africa,2Africa,4,11,57.037534,26.159308
2africa,2Africa,4,12,57.037534,25.348717
2africa,2Africa,4,13,56.339934,25.051483
2africa,2Africa,5,0,49.162539,28.754486
2africa,2Africa,5,1,47.97484,29.374104
2africa,2Africa,6,0,50.625038,27.364668
2africa,2Africa,6,1,50.287539,26.964305
2africa,2Africa,6,2,50.214199,26.285375
2africa,2Africa,7,0,52.200037,26.562513
2africa,2Africa,7,1,51.862537,26.058288
2africa,2Africa,7,2,51.519278,25.294609
2africa,2Africa,8,0,51.300038,26.964305
2africa,2Africa,8,1,50.962538,26.562513
2africa,2Africa,8,2,50.576018,26.229495
2africa,2Africa,9,0,57.037534,25.348717
2africa,2Africa,9,1,57.380114,24.420847
2africa,2Africa,9,2,57.712533,24.122617
2africa,2Africa,9,3,58.500033,23.891389
2africa,2Africa,9,4,59.850032,23.195232
2africa,2Africa,9,5,60.525031,22.469444
2africa,2Africa,9,6,60.525031,19.104405
2africa,2Africa,9,7,60.525031,16.102326
2africa,2Africa,9,8,58.950032,15.235782
2africa,2Africa,9,9,55.350035,13.492128
2africa,2Africa,9,10,54.900035,12.615396
2africa,2Africa,10,0,58.500033,23.891389
2africa,2Africa,10,1,58.162533,23.865671
2africa,2Africa,10,2,57.886053,23.678723
2africa,2Africa,11,0,60.525031,22.469444
2africa,2Africa,11,1,65.250028,24.259444
2africa,2Africa,11,2,67.028547,24.889732
2africa,2Africa,12,0,60.525031,16.102326
2africa,2Africa,12,1,60.975031,16.31838
2africa,2Africa,12,2,66.600027,18.251816
2africa,2Africa,12,3,70.200025,18.785188
2africa,2Africa,12,4,72.875903,19.076074
2africa,2Africa,13,0,55.350035,26.260241
2africa,2Africa,13,1,54.900035,25.754704
2africa,2Africa,13,2,54.450036,24.839313
2africa,2Africa,13,3,54.419076,24.443965
2africa,2Africa,0,0,3.825072,4.164913
2africa,2Africa,0,1,5.40007,2.367913
2africa,2Africa,0,2,7.200069,1.24349
2africa,2Africa,0,3,8.550068,1.018534
2africa,2Africa,0,4,9.454268,0.394465
2africa,2Africa,1,0,-16.199914,39.698323
2africa,2Africa,1,1,-13.949916,38.768859
2africa,2Africa,1,2,-10.799918,38.475881
2africa,2Africa,1,3,-9.337919,38.688829
2africa,2Africa,2,0,-21.140925,14.365654
2africa,2Africa,2,1,-18.449913,14.365654
2africa,2Africa,2,2,-17.445713,14.686595
2africa,2Africa,3,0,-3.599923,-2.580537
2africa,2Africa,3,1,-4.374923,1.468427
2africa,2Africa,3,2,-4.499923,2.367913
2africa,2Africa,3,3,-4.274923,3.266815
2africa,2Africa,3,4,-4.026243,5.323509
2africa,2Africa,4,0,-0.204316,5.558286
2africa,2Africa,4,1,0.450074,3.279837
2africa,2Africa,4,2,0.450074,-0.631398
2africa,2Africa,5,0,3.423512,6.439067
2africa,2Africa,5,1,3.825072,4.164913
2africa,2Africa,5,2,2.250073,1.131014
2africa,2Africa,5,3,1.575073,0.343586
2africa,2Africa,5,4,0.450074,-0.631398
2africa,2Africa,5,5,-3.599923,-2.580537
2africa,2Africa,5,6,-10.799918,-2.580537
2africa,2Africa,5,7,-15.299915,1.918229
2africa,2Africa,5,8,-19.799912,8.635699
2africa,2Africa,5,9,-21.149911,11.73565
2africa,2Africa,5,10,-21.140925,14.365654
2africa,2Africa,5,11,-21.149911,19.952623
2africa,2Africa,5,12,-20.299911,22.884654
2africa,2Africa,5,13,-18.674913,31.286739
2africa,2Africa,5,14,-17.099914,35.05223
2africa,2Africa,5,15,-16.246065,39.467127
2africa,2Africa,5,16,-16.199914,39.698323
2africa,2Africa,5,17,-16.199914,44.694829
2africa,2Africa,5,18,-11.249918,48.704235
2africa,2Africa,5,19,-7.199921,50.740282
2africa,2Africa,5,20,-5.399922,50.953377
2africa,2Africa,5,21,-4.544403,50.828201
2africa,2Africa,6,0,-3.599923,-2.580537
2africa,2Africa,6,1,7.4e-05,-6.467628
2africa,2Africa,6,2,1.800073,-11.356309
2africa,2Africa,6,3,6.750069,-18.026426
2africa,2Africa,6,4,8.100068,-23.493922
2africa,2Africa,6,5,13.050065,-30.309953
2africa,2Africa,6,6,15.300063,-32.61276
2africa,2Africa,6,7,16.650062,-33.742645
2africa,2Africa,6,8,17.550062,-33.929537
2africa,2Africa,6,9,18.155531,-33.348058
2africa,2Africa,7,0,7.4e-05,-6.467628
2africa,2Africa,7,1,10.800067,-5.124562
2africa,2Africa,7,2,11.863636,-4.778788
2africa,2Africa,8,0,10.800067,-5.124562
2africa,2Africa,8,1,11.250066,-5.572601
2africa,2Africa,8,2,12.349965,-5.933374
2africa,2Africa,9,0,27.000055,-34.734662
2africa,2Africa,9,1,31.500052,-31.340411
2africa,2Africa,9,2,32.400051,-29.823144
2africa,2Africa,10,0,18.449921,-33.69332
2africa,2Africa,10,1,17.775062,-34.11602
2africa,2Africa,10,2,17.325062,-34.857839
2africa,2Africa,10,3,18.000061,-36.321528
2africa,2Africa,10,4,19.80006,-36.683251
2africa,2Africa,10,5,23.400058,-36.683251
2africa,2Africa,10,6,26.100056,-35.836608
2africa,2Africa,10,7,27.000055,-34.734662
2africa,2Africa,11,0,32.653181,29.113614
2africa,2Africa,11,1,32.625201,29.344567
2africa,2Africa,11,2,32.456226,29.638336
2africa,2Africa,11,3,32.529931,29.972545
2africa,2Africa,11,4,32.850051,30.255703
2africa,2Africa,11,5,32.737551,30.837021
2africa,2Africa,11,6,32.284451,31.259278
2africa,2Africa,12,0,37.462548,22.052986
2africa,2Africa,12,1,36.225049,24.122617
2africa,2Africa,12,2,35.212549,25.754704
2africa,2Africa,12,3,34.678175,26.562513
2africa,2Africa,12,4,33.9188,27.364668
2africa,2Africa,12,5,33.412951,28.161052
2africa,2Africa,12,6,32.906451,28.951555
2africa,2Africa,12,7,32.653181,29.113614
2africa,2Africa,12,8,32.568956,29.344567
2africa,2Africa,12,9,32.399981,29.638336
2africa,2Africa,12,10,32.529931,29.972545
2africa,2Africa,12,11,32.737551,30.255703
2africa,2Africa,12,12,32.625051,30.837021
2africa,2Africa,12,13,32.284451,31.259278
2africa,2Africa,13,0,38.252175,20.360413
2africa,2Africa,13,1,37.462548,22.052986
2africa,2Africa,14,0,41.175045,-4.900422
2africa,2Africa,14,1,42.300044,-3.479269
2africa,2Africa,14,2,45.450042,-1.231316
2africa,2Africa,14,3,48.60004,1.468427
2africa,2Africa,14,4,51.750038,5.510072
2africa,2Africa,14,5,54.000036,9.524411
2africa,2Africa,14,6,54.900035,12.615396
2africa,2Africa,14,7,54.000036,13.273238
2africa,2Africa,14,8,52.650037,12.944534
2africa,2Africa,14,9,48.60004,11.955858
2africa,2Africa,14,10,45.450042,11.184367
2africa,2Africa,14,11,44.550043,11.239543
2africa,2Africa,15,0,30.880392,-30.057717
2africa,2Africa,15,1,32.400051,-29.823144
2africa,2Africa,15,2,32.850051,-29.43198
2africa,2Africa,15,3,33.75005,-28.348517
2africa,2Africa,15,4,35.325049,-26.551621
2africa,2Africa,15,5,41.175045,-23.287413
2africa,2Africa,15,6,42.300044,-20.574419
2africa,2Africa,15,7,42.300044,-15.224032
2africa,2Africa,15,8,42.300044,-14.861884
2africa,2Africa,15,9,41.850045,-11.943945
2africa,2Africa,15,10,41.400045,-9.290424
2africa,2Africa,15,11,40.387546,-6.169451
2africa,2Africa,15,12,40.950045,-5.273944
2africa,2Africa,15,13,41.175045,-4.900422
2africa,2Africa,16,0,35.325049,-26.551621
2africa,2Africa,16,1,33.75005,-26.350175
2africa,2Africa,16,2,32.580621,-25.968268
2africa,2Africa,17,0,42.300044,-15.224032
2africa,2Africa,17,1,41.400045,-14.644302
2africa,2Africa,17,2,40.685397,-14.565583
2africa,2Africa,18,0,42.300044,-14.861884
2africa,2Africa,18,1,45.000042,-15.296388
2africa,2Africa,18,2,46.315441,-15.71373
2africa,2Africa,19,0,39.269676,-6.823132
2africa,2Africa,19,1,39.825046,-6.467628
2africa,2Africa,19,2,40.387546,-6.169451
2africa,2Africa,20,0,40.950045,-5.273944
2africa,2Africa,20,1,40.500046,-4.676208
2africa,2Africa,20,2,39.672898,-4.053024
2africa,2Africa,21,0,41.175045,-4.900422
2africa,2Africa,21,1,40.725045,-4.676208
2africa,2Africa,21,2,39.745066,-3.946125
2africa,2Africa,22,0,48.60004,1.468427
2africa,2Africa,22,1,46.800041,1.918229
2africa,2Africa,22,2,45.344182,2.041205
2africa,2Africa,23,0,36.225049,24.122617
2africa,2Africa,23,1,36.900048,24.259444
2africa,2Africa,23,2,37.800047,24.225251
2africa,2Africa,23,3,38.106977,24.070648
2africa,2Africa,24,0,33.412951,28.161052
2africa,2Africa,24,1,33.300051,28.293214
2africa,2Africa,24,2,33.082766,28.365936
2africa,2Africa,25,0,32.284451,31.259278
2africa,2Africa,25,1,32.175051,31.510798
2africa,2Africa,25,2,31.725052,31.798087
2africa,2Africa,25,3,30.600053,32.24321
2africa,2Africa,25,4,28.800054,32.906819
2africa,2Africa,25,5,25.200056,34.265678
2africa,2Africa,25,6,23.400058,34.713849
2africa,2Africa,25,7,22.050059,34.99081
2africa,2Africa,25,8,19.350061,35.419781
2africa,2Africa,25,9,16.650062,35.05223
2africa,2Africa,25,10,14.400064,35.328049
2africa,2Africa,25,11,13.162565,35.967974
2africa,2Africa,25,12,12.487565,36.87322
2africa,2Africa,25,13,11.587566,37.85674
2africa,2Africa,25,14,11.250066,39.698323
2africa,2Africa,25,15,10.350067,41.520132
2africa,2Africa,25,16,9.787567,42.412355
2africa,2Africa,25,17,9.562567,43.073311
2africa,2Africa,25,18,9.450068,43.401145
2africa,2Africa,25,19,9.112568,44.051519
2africa,2Africa,25,20,8.938868,44.410358
2africa,2Africa,26,0,8.938868,44.410358
2africa,2Africa,26,1,8.775068,44.051519
2africa,2Africa,26,2,8.325068,43.727215
2africa,2Africa,26,3,7.200069,43.073311
2africa,2Africa,26,4,6.41257,42.743713
2africa,2Africa,26,5,5.96257,42.743713
2africa,2Africa,26,6,5.175071,42.853775
2africa,2Africa,27,0,5.37253,43.293628
2africa,2Africa,27,1,5.175071,42.853775
2africa,2Africa,27,2,4.050071,41.85618
2africa,2Africa,27,3,2.700072,41.35145
2africa,2Africa,27,4,2.168725,41.385603
2africa,2Africa,28,0,27.000055,-34.734662
2africa,2Africa,28,1,25.875056,-34.364026
2africa,2Africa,28,2,25.623256,-33.962471
2africa,2Africa,29,0,1.800073,-11.356309
2africa,2Africa,29,1,11.700066,-8.84605
2africa,2Africa,29,2,12.600065,-8.830632
2africa,2Africa,29,3,13.235025,-8.812562
2africa,2Africa,30,0,5.40007,2.367913
2africa,2Africa,30,1,7.200069,3.154491
2africa,2Africa,30,2,7.650069,3.491423
2africa,2Africa,30,3,7.999287,4.541591
2africa,2Africa,31,0,55.453025,-4.565748
2africa,2Africa,31,1,55.350035,-3.928327
2africa,2Africa,31,2,54.900035,-1.081346
2africa,2Africa,31,3,54.000036,1.168507
2africa,2Africa,31,4,51.750038,5.510072
2africa,2Africa,32,0,-18.674913,31.286739
2africa,2Africa,32,1,-16.649914,30.255703
2africa,2Africa,32,2,-15.862415,28.951555
2africa,2Africa,32,3,-15.596565,27.957734
2africa,2Africa,33,0,41.850045,-11.943945
2africa,2Africa,33,1,42.075044,-12.053987
2africa,2Africa,33,2,42.750044,-12.053987
2africa,2Africa,33,3,43.243304,-11.700589
2africa,2Africa,34,0,37.462548,22.052986
2africa,2Africa,34,1,39.182756,21.481533
2africa,2Africa,35,0,34.678175,26.562513
2africa,2Africa,35,1,35.212549,27.097919
2africa,2Africa,35,2,35.696549,27.35401
2africa,2Africa,36,0,45.450042,11.184367
2africa,2Africa,36,1,45.179552,10.705442
2africa,2Africa,36,2,45.010882,10.435119
2africa,2Africa,37,0,25.200056,34.265678
2africa,2Africa,37,1,24.943932,34.867831
2africa,2Africa,37,2,24.7684,35.07163
sir-abu-nuayr-cable,Sir Abu Nu’ayr Cable,0,0,55.392235,25.352332
sir-abu-nuayr-cable,Sir Abu Nu’ayr Cable,0,1,55.068785,25.551883
sir-abu-nuayr-cable,Sir Abu Nu’ayr Cable,0,2,54.450036,25.450343
sir-abu-nuayr-cable,Sir Abu Nu’ayr Cable,0,3,54.221136,25.240856
senegal-horn-of-africa-regional-express-share-cable,Senegal Horn of Africa Regional Express (SHARE) Cable,0,0,-17.445713,14.686595
senegal-horn-of-africa-regional-express-share-cable,Senegal Horn of Africa Regional Express (SHARE) Cable,0,1,-18.449913,14.583512
senegal-horn-of-africa-regional-express-share-cable,Senegal Horn of Africa Regional Express (SHARE) Cable,0,2,-22.49991,14.583512
senegal-horn-of-africa-regional-express-share-cable,Senegal Horn of Africa Regional Express (SHARE) Cable,0,3,-23.521209,14.923036
gondwana-2picot-2,Gondwana-2/Picot-2,0,0,178.437448,-18.123811
gondwana-2picot-2,Gondwana-2/Picot-2,0,1,178.087448,-18.667111
gondwana-2picot-2,Gondwana-2/Picot-2,0,2,167.833956,-20.969716
gondwana-2picot-2,Gondwana-2/Picot-2,0,3,167.399956,-21.484467
gondwana-2picot-2,Gondwana-2/Picot-2,0,4,167.174956,-22.319498
gondwana-2picot-2,Gondwana-2/Picot-2,0,5,166.949956,-22.527485
gondwana-2picot-2,Gondwana-2/Picot-2,0,6,166.612456,-22.458191
gondwana-2picot-2,Gondwana-2/Picot-2,0,7,166.439256,-22.303308
gondwana-2picot-2,Gondwana-2/Picot-2,1,0,166.612456,-22.458191
gondwana-2picot-2,Gondwana-2/Picot-2,1,1,166.612456,-22.39464
gondwana-2picot-2,Gondwana-2/Picot-2,1,2,166.563628,-22.26537
gondwana-2picot-2,Gondwana-2/Picot-2,2,0,166.949956,-22.527485
gondwana-2picot-2,Gondwana-2/Picot-2,2,1,167.174956,-22.73516
gondwana-2picot-2,Gondwana-2/Picot-2,2,2,167.494256,-22.671917
gondwana-2picot-2,Gondwana-2/Picot-2,3,0,167.833956,-20.969716
gondwana-2picot-2,Gondwana-2/Picot-2,3,1,167.608955,-20.864649
gondwana-2picot-2,Gondwana-2/Picot-2,3,2,167.260503,-20.937043
gondwana-2picot-2,Gondwana-2/Picot-2,4,0,167.399956,-21.484467
gondwana-2picot-2,Gondwana-2/Picot-2,4,1,167.624955,-21.589113
gondwana-2picot-2,Gondwana-2/Picot-2,4,2,167.879545,-21.548063
gondwana-2picot-2,Gondwana-2/Picot-2,5,0,167.174956,-22.319498
gondwana-2picot-2,Gondwana-2/Picot-2,5,1,167.119706,-22.215388
gondwana-2picot-2,Gondwana-2/Picot-2,5,2,166.945073,-22.158962
java-kalimantan-sulawesi-jakasusi,Java-Kalimantan-Sulawesi (JAKASUSI),0,0,112.719721,-7.271863
java-kalimantan-sulawesi-jakasusi,Java-Kalimantan-Sulawesi (JAKASUSI),0,1,112.781244,-6.616651
java-kalimantan-sulawesi-jakasusi,Java-Kalimantan-Sulawesi (JAKASUSI),0,2,112.837494,-6.393099
java-kalimantan-sulawesi-jakasusi,Java-Kalimantan-Sulawesi (JAKASUSI),0,3,113.962494,-4.825692
java-kalimantan-sulawesi-jakasusi,Java-Kalimantan-Sulawesi (JAKASUSI),0,4,114.187493,-4.377144
java-kalimantan-sulawesi-jakasusi,Java-Kalimantan-Sulawesi (JAKASUSI),0,5,114.666748,-3.882828
java-kalimantan-sulawesi-jakasusi,Java-Kalimantan-Sulawesi (JAKASUSI),0,6,114.524993,-4.252499
java-kalimantan-sulawesi-jakasusi,Java-Kalimantan-Sulawesi (JAKASUSI),0,7,114.749993,-4.377144
java-kalimantan-sulawesi-jakasusi,Java-Kalimantan-Sulawesi (JAKASUSI),0,8,116.583102,-4.404364
java-kalimantan-sulawesi-jakasusi,Java-Kalimantan-Sulawesi (JAKASUSI),0,9,118.79999,-5.049857
java-kalimantan-sulawesi-jakasusi,Java-Kalimantan-Sulawesi (JAKASUSI),0,10,119.38469,-5.343246
ixchel,Ixchel,0,0,-87.070264,20.629718
ixchel,Ixchel,0,1,-87.018489,20.515592
ixchel,Ixchel,0,2,-86.879164,20.428653
dos-continentes-l-ll,DOS CONTINENTES l & ll,0,0,-5.604463,36.014277
dos-continentes-l-ll,DOS CONTINENTES l & ll,0,1,-5.399922,35.967974
dos-continentes-l-ll,DOS CONTINENTES l & ll,0,2,-5.334736,35.893881
dos-continentes-l-ll,DOS CONTINENTES l & ll,0,3,-5.323322,35.889837
dos-continentes-l-ll,DOS CONTINENTES l & ll,0,4,-5.313643,35.893881
dos-continentes-l-ll,DOS CONTINENTES l & ll,0,5,-5.287422,36.058973
dos-continentes-l-ll,DOS CONTINENTES l & ll,0,6,-5.325166,36.210325
crosschannel-fibre,CrossChannel Fibre,0,0,-0.134426,50.828479
crosschannel-fibre,CrossChannel Fibre,0,1,7.4e-05,50.597677
crosschannel-fibre,CrossChannel Fibre,0,2,0.450074,50.02292
crosschannel-fibre,CrossChannel Fibre,0,3,0.797774,49.877307
x-link-submarine-cable,X-Link Submarine Cable,0,0,-58.154865,6.804293
x-link-submarine-cable,X-Link Submarine Cable,0,1,-57.937385,7.298763
x-link-submarine-cable,X-Link Submarine Cable,0,2,-58.499884,10.410817
x-link-submarine-cable,X-Link Submarine Cable,0,3,-59.174884,12.615396
x-link-submarine-cable,X-Link Submarine Cable,0,4,-59.536384,13.062626
maldives-sri-lanka-cable-msc,Maldives Sri Lanka Cable (MSC),0,0,73.540352,4.212346
maldives-sri-lanka-cable-msc,Maldives Sri Lanka Cable (MSC),0,1,74.250022,4.389286
maldives-sri-lanka-cable-msc,Maldives Sri Lanka Cable (MSC),0,2,79.200018,6.405201
maldives-sri-lanka-cable-msc,Maldives Sri Lanka Cable (MSC),0,3,79.866818,6.833088
eviny-digital,Eviny Digital,0,0,5.33277,60.390724
eviny-digital,Eviny Digital,0,1,5.40012,60.354265
eviny-digital,Eviny Digital,0,2,5.46882,60.298596
eviny-digital,Eviny Digital,0,3,5.51257,60.186922
eviny-digital,Eviny Digital,0,4,5.45632,60.074868
eviny-digital,Eviny Digital,0,5,5.456325,59.94835
eviny-digital,Eviny Digital,0,6,5.56882,59.896667
eviny-digital,Eviny Digital,0,7,5.56882,59.783624
eviny-digital,Eviny Digital,0,8,5.540705,59.684391
eviny-digital,Eviny Digital,0,9,5.512575,59.64178
eviny-digital,Eviny Digital,0,10,5.498518,59.613339
eviny-digital,Eviny Digital,0,11,5.512575,59.584874
eviny-digital,Eviny Digital,0,12,5.484445,59.549258
eviny-digital,Eviny Digital,0,13,5.45632,59.527871
eviny-digital,Eviny Digital,0,14,5.484445,59.470772
eviny-digital,Eviny Digital,0,15,5.568825,59.413568
eviny-digital,Eviny Digital,0,16,5.596945,59.370616
eviny-digital,Eviny Digital,0,17,5.596945,59.327601
eviny-digital,Eviny Digital,0,18,5.56882,59.298894
eviny-digital,Eviny Digital,0,19,5.52448,59.279268
eviny-digital,Eviny Digital,0,20,5.85007,59.106895
eviny-digital,Eviny Digital,0,21,5.85007,59.049085
eviny-digital,Eviny Digital,0,22,5.73077,58.970821
tokelau-submarine-cable,Tokelau Submarine Cable,0,0,-172.510904,-8.559093
tokelau-submarine-cable,Tokelau Submarine Cable,0,1,-172.462304,-8.84605
tokelau-submarine-cable,Tokelau Submarine Cable,0,2,-172.349804,-9.068306
tokelau-submarine-cable,Tokelau Submarine Cable,0,3,-172.124804,-9.179383
tokelau-submarine-cable,Tokelau Submarine Cable,0,4,-171.811504,-9.174626
tokelau-submarine-cable,Tokelau Submarine Cable,0,5,-171.674804,-9.345932
tokelau-submarine-cable,Tokelau Submarine Cable,0,6,-171.449804,-9.345932
tokelau-submarine-cable,Tokelau Submarine Cable,0,7,-171.261504,-9.383771
mist,MIST,0,0,81.000017,3.042156
mist,MIST,0,1,82.575016,5.510047
mist,MIST,0,2,82.800016,7.744877
mist,MIST,0,3,82.350016,9.524411
mist,MIST,0,4,81.450017,11.294709
mist,MIST,0,5,80.242987,13.063853
mist,MIST,1,0,72.875903,19.076074
mist,MIST,1,1,71.550024,16.965103
mist,MIST,1,2,71.495136,13.492128
mist,MIST,1,3,72.900023,9.443205
mist,MIST,1,4,75.095133,6.77044
mist,MIST,1,5,78.69513,3.940476
mist,MIST,1,6,79.650018,3.41656
mist,MIST,1,7,81.000017,3.042156
mist,MIST,1,8,85.500014,2.81745
mist,MIST,1,9,90.00001,3.715978
mist,MIST,1,10,92.700009,4.837826
mist,MIST,1,11,94.275007,5.83348
mist,MIST,1,12,95.406353,6.311016
mist,MIST,1,13,97.425005,5.845915
mist,MIST,1,14,98.325005,5.28607
mist,MIST,1,15,99.112504,4.613592
mist,MIST,1,16,100.125003,3.266815
mist,MIST,1,17,101.250003,2.199297
mist,MIST,1,18,102.150002,1.918229
mist,MIST,1,19,102.682797,1.614493
mist,MIST,1,20,103.340651,1.41207
mist,MIST,1,21,103.500001,1.383728
mist,MIST,1,22,103.646091,1.338586
mist,MIST,2,0,97.425005,5.845915
mist,MIST,2,1,99.000004,6.405201
mist,MIST,2,2,100.066113,6.613519
mist,MIST,3,0,101.250003,2.199297
mist,MIST,3,1,101.362502,2.592701
mist,MIST,3,2,101.443602,2.751229
la-gomera-el-hierro,La Gomera-El Hierro,0,0,-17.108214,28.087941
la-gomera-el-hierro,La Gomera-El Hierro,0,1,-17.088514,27.94625
la-gomera-el-hierro,La Gomera-El Hierro,0,2,-17.437413,27.763589
la-gomera-el-hierro,La Gomera-El Hierro,0,3,-17.774913,27.763589
la-gomera-el-hierro,La Gomera-El Hierro,0,4,-17.890913,27.820206
tegopa,TEGOPA,0,0,-17.765193,28.663271
tegopa,TEGOPA,0,1,-17.589823,28.663271
tegopa,TEGOPA,0,2,-17.364803,28.564511
tegopa,TEGOPA,0,3,-17.212414,28.359234
tegopa,TEGOPA,0,4,-17.093756,28.159243
tegopa,TEGOPA,0,5,-17.108214,28.087941
tegopa,TEGOPA,0,6,-16.976045,28.045558
tegopa,TEGOPA,0,7,-16.762414,27.912809
tegopa,TEGOPA,0,8,-16.537414,27.912809
tegopa,TEGOPA,0,9,-16.481164,27.962503
tegopa,TEGOPA,0,10,-16.518014,28.059088
tenerife-la-palma,Tenerife-La Palma,0,0,-16.586414,28.397594
tenerife-la-palma,Tenerife-La Palma,0,1,-16.762414,28.557045
tenerife-la-palma,Tenerife-La Palma,0,2,-17.364803,28.761938
tenerife-la-palma,Tenerife-La Palma,0,3,-17.589823,28.761938
tenerife-la-palma,Tenerife-La Palma,0,4,-17.765193,28.663271
tenerife-gran-canaria,Tenerife-Gran Canaria,0,0,-15.694015,28.149943
tenerife-gran-canaria,Tenerife-Gran Canaria,0,1,-15.862415,28.210588
tenerife-gran-canaria,Tenerife-Gran Canaria,0,2,-16.312414,28.111449
tenerife-gran-canaria,Tenerife-Gran Canaria,0,3,-16.538584,28.046742
candalta,CANDALTA,0,0,-16.371744,28.355538
candalta,CANDALTA,0,1,-16.199914,28.309723
candalta,CANDALTA,0,2,-15.974914,28.210588
candalta,CANDALTA,0,3,-15.749915,28.06178
candalta,CANDALTA,0,4,-15.699965,27.999761
candalta,CANDALTA,1,0,-16.371744,28.355538
candalta,CANDALTA,1,1,-16.199914,28.260145
candalta,CANDALTA,1,2,-15.974914,28.111449
candalta,CANDALTA,1,3,-15.749915,28.012131
candalta,CANDALTA,1,4,-15.699965,27.999761
transcan-2,TRANSCAN-2,0,0,-13.547572,28.959501
transcan-2,TRANSCAN-2,0,1,-13.612416,28.655812
transcan-2,TRANSCAN-2,0,2,-13.862221,28.496471
transcan-2,TRANSCAN-2,1,0,-14.358416,28.048719
transcan-2,TRANSCAN-2,1,1,-14.512415,27.896239
transcan-2,TRANSCAN-2,1,2,-15.187415,27.813351
transcan-2,TRANSCAN-2,1,3,-15.390735,27.895462
converge-domestic-submarine-cable-network-cdscn,Converge Domestic Submarine Cable Network (CDSCN),0,0,121.448816,13.809939
converge-domestic-submarine-cable-network-cdscn,Converge Domestic Submarine Cable Network (CDSCN),0,1,121.612488,13.492128
converge-domestic-submarine-cable-network-cdscn,Converge Domestic Submarine Cable Network (CDSCN),0,2,121.724988,13.054151
converge-domestic-submarine-cable-network-cdscn,Converge Domestic Submarine Cable Network (CDSCN),0,3,121.724988,12.725156
converge-domestic-submarine-cable-network-cdscn,Converge Domestic Submarine Cable Network (CDSCN),0,4,121.527723,12.586423
converge-domestic-submarine-cable-network-cdscn,Converge Domestic Submarine Cable Network (CDSCN),0,5,121.499988,12.395734
converge-domestic-submarine-cable-network-cdscn,Converge Domestic Submarine Cable Network (CDSCN),0,6,121.387488,12.175838
converge-domestic-submarine-cable-network-cdscn,Converge Domestic Submarine Cable Network (CDSCN),0,7,120.937489,11.955858
converge-domestic-submarine-cable-network-cdscn,Converge Domestic Submarine Cable Network (CDSCN),0,8,120.374989,11.955858
converge-domestic-submarine-cable-network-cdscn,Converge Domestic Submarine Cable Network (CDSCN),0,9,120.200769,12.005434
converge-domestic-submarine-cable-network-cdscn,Converge Domestic Submarine Cable Network (CDSCN),0,10,120.374989,11.73565
converge-domestic-submarine-cable-network-cdscn,Converge Domestic Submarine Cable Network (CDSCN),0,11,119.924989,11.073983
converge-domestic-submarine-cable-network-cdscn,Converge Domestic Submarine Cable Network (CDSCN),0,12,119.50038,10.82
converge-domestic-submarine-cable-network-cdscn,Converge Domestic Submarine Cable Network (CDSCN),1,0,121.527723,12.586423
converge-domestic-submarine-cable-network-cdscn,Converge Domestic Submarine Cable Network (CDSCN),1,1,121.612488,12.395734
converge-domestic-submarine-cable-network-cdscn,Converge Domestic Submarine Cable Network (CDSCN),1,2,121.786418,12.158057
converge-domestic-submarine-cable-network-cdscn,Converge Domestic Submarine Cable Network (CDSCN),1,3,121.944812,11.949266
converge-domestic-submarine-cable-network-cdscn,Converge Domestic Submarine Cable Network (CDSCN),1,4,122.062488,11.955858
converge-domestic-submarine-cable-network-cdscn,Converge Domestic Submarine Cable Network (CDSCN),1,5,122.399988,11.845776
converge-domestic-submarine-cable-network-cdscn,Converge Domestic Submarine Cable Network (CDSCN),1,6,122.749987,11.583202
converge-domestic-submarine-cable-network-cdscn,Converge Domestic Submarine Cable Network (CDSCN),1,7,122.962487,11.73565
converge-domestic-submarine-cable-network-cdscn,Converge Domestic Submarine Cable Network (CDSCN),1,8,123.299987,11.73565
converge-domestic-submarine-cable-network-cdscn,Converge Domestic Submarine Cable Network (CDSCN),1,9,123.468737,11.955858
converge-domestic-submarine-cable-network-cdscn,Converge Domestic Submarine Cable Network (CDSCN),1,10,123.509069,12.218077
converge-domestic-submarine-cable-network-cdscn,Converge Domestic Submarine Cable Network (CDSCN),1,11,123.524987,11.955858
converge-domestic-submarine-cable-network-cdscn,Converge Domestic Submarine Cable Network (CDSCN),1,12,123.820484,11.537442
converge-domestic-submarine-cable-network-cdscn,Converge Domestic Submarine Cable Network (CDSCN),1,13,123.936315,11.083375
converge-domestic-submarine-cable-network-cdscn,Converge Domestic Submarine Cable Network (CDSCN),2,0,123.616686,12.366642
converge-domestic-submarine-cable-network-cdscn,Converge Domestic Submarine Cable Network (CDSCN),2,1,123.525037,12.505588
converge-domestic-submarine-cable-network-cdscn,Converge Domestic Submarine Cable Network (CDSCN),2,2,123.356237,12.615396
converge-domestic-submarine-cable-network-cdscn,Converge Domestic Submarine Cable Network (CDSCN),2,3,123.018737,12.834869
converge-domestic-submarine-cable-network-cdscn,Converge Domestic Submarine Cable Network (CDSCN),2,4,122.849987,13.054151
converge-domestic-submarine-cable-network-cdscn,Converge Domestic Submarine Cable Network (CDSCN),2,5,122.849987,13.273238
converge-domestic-submarine-cable-network-cdscn,Converge Domestic Submarine Cable Network (CDSCN),2,6,122.950671,13.546888
converge-domestic-submarine-cable-network-cdscn,Converge Domestic Submarine Cable Network (CDSCN),3,0,124.007604,11.045901
converge-domestic-submarine-cable-network-cdscn,Converge Domestic Submarine Cable Network (CDSCN),3,1,124.134136,10.932012
converge-domestic-submarine-cable-network-cdscn,Converge Domestic Submarine Cable Network (CDSCN),3,2,124.424986,10.85309
converge-domestic-submarine-cable-network-cdscn,Converge Domestic Submarine Cable Network (CDSCN),3,3,124.612776,11.006888
converge-domestic-submarine-cable-network-cdscn,Converge Domestic Submarine Cable Network (CDSCN),4,0,122.589441,10.786617
converge-domestic-submarine-cable-network-cdscn,Converge Domestic Submarine Cable Network (CDSCN),4,1,122.849987,10.742582
converge-domestic-submarine-cable-network-cdscn,Converge Domestic Submarine Cable Network (CDSCN),4,2,122.967761,10.739415
converge-domestic-submarine-cable-network-cdscn,Converge Domestic Submarine Cable Network (CDSCN),5,0,123.412877,10.483709
converge-domestic-submarine-cable-network-cdscn,Converge Domestic Submarine Cable Network (CDSCN),5,1,123.524987,10.410817
converge-domestic-submarine-cable-network-cdscn,Converge Domestic Submarine Cable Network (CDSCN),5,2,123.635241,10.376237
converge-domestic-submarine-cable-network-cdscn,Converge Domestic Submarine Cable Network (CDSCN),6,0,123.691393,10.238266
converge-domestic-submarine-cable-network-cdscn,Converge Domestic Submarine Cable Network (CDSCN),6,1,123.749987,10.078698
converge-domestic-submarine-cable-network-cdscn,Converge Domestic Submarine Cable Network (CDSCN),6,2,123.749987,9.80167
converge-domestic-submarine-cable-network-cdscn,Converge Domestic Submarine Cable Network (CDSCN),6,3,123.878209,9.675392
converge-domestic-submarine-cable-network-cdscn,Converge Domestic Submarine Cable Network (CDSCN),7,0,123.913586,9.622537
converge-domestic-submarine-cable-network-cdscn,Converge Domestic Submarine Cable Network (CDSCN),7,1,124.199986,9.524411
converge-domestic-submarine-cable-network-cdscn,Converge Domestic Submarine Cable Network (CDSCN),7,2,124.649986,9.524411
converge-domestic-submarine-cable-network-cdscn,Converge Domestic Submarine Cable Network (CDSCN),7,3,125.099986,9.413444
converge-domestic-submarine-cable-network-cdscn,Converge Domestic Submarine Cable Network (CDSCN),7,4,125.324985,9.246927
converge-domestic-submarine-cable-network-cdscn,Converge Domestic Submarine Cable Network (CDSCN),7,5,125.420689,8.968934
converge-domestic-submarine-cable-network-cdscn,Converge Domestic Submarine Cable Network (CDSCN),8,0,123.294909,9.246349
converge-domestic-submarine-cable-network-cdscn,Converge Domestic Submarine Cable Network (CDSCN),8,1,123.468737,9.080331
converge-domestic-submarine-cable-network-cdscn,Converge Domestic Submarine Cable Network (CDSCN),8,2,123.749987,8.913657
converge-domestic-submarine-cable-network-cdscn,Converge Domestic Submarine Cable Network (CDSCN),8,3,124.537486,8.635699
converge-domestic-submarine-cable-network-cdscn,Converge Domestic Submarine Cable Network (CDSCN),8,4,124.631916,8.454148
guadeloupe-cable-des-iles-du-sud-gcis,Guadeloupe Cable des Iles du Sud (GCIS),0,0,-61.578837,15.87298
guadeloupe-cable-des-iles-du-sud-gcis,Guadeloupe Cable des Iles du Sud (GCIS),0,1,-61.498262,15.988769
guadeloupe-cable-des-iles-du-sud-gcis,Guadeloupe Cable des Iles du Sud (GCIS),0,2,-61.368632,16.102326
guadeloupe-cable-des-iles-du-sud-gcis,Guadeloupe Cable des Iles du Sud (GCIS),0,3,-61.199882,16.210382
guadeloupe-cable-des-iles-du-sud-gcis,Guadeloupe Cable des Iles du Sud (GCIS),0,4,-61.073857,16.303571
guadeloupe-cable-des-iles-du-sud-gcis,Guadeloupe Cable des Iles du Sud (GCIS),1,0,-61.368632,16.102326
guadeloupe-cable-des-iles-du-sud-gcis,Guadeloupe Cable des Iles du Sud (GCIS),1,1,-61.319121,15.953464
guadeloupe-cable-des-iles-du-sud-gcis,Guadeloupe Cable des Iles du Sud (GCIS),2,0,-61.199882,16.210382
guadeloupe-cable-des-iles-du-sud-gcis,Guadeloupe Cable des Iles du Sud (GCIS),2,1,-61.274443,16.251076
guadeloupe-cable-des-iles-du-sud-gcis,Guadeloupe Cable des Iles du Sud (GCIS),3,0,-61.498262,15.988769
guadeloupe-cable-des-iles-du-sud-gcis,Guadeloupe Cable des Iles du Sud (GCIS),3,1,-61.564677,16.042456
rockabill,Rockabill,0,0,-6.114621,53.493175
rockabill,Rockabill,0,1,-5.624922,53.669054
rockabill,Rockabill,0,2,-4.499923,53.768911
rockabill,Rockabill,0,3,-3.599923,53.768911
rockabill,Rockabill,0,4,-3.006374,53.647933
oman-australia-cable-oac,Oman Australia Cable (OAC),0,0,60.750031,16.534196
oman-australia-cable-oac,Oman Australia Cable (OAC),0,1,55.012535,16.642014
oman-australia-cable-oac,Oman Australia Cable (OAC),0,2,54.148086,17.095827
oman-australia-cable-oac,Oman Australia Cable (OAC),0,0,115.857312,-31.953441
oman-australia-cable-oac,Oman Australia Cable (OAC),0,1,113.849994,-31.468437
oman-australia-cable-oac,Oman Australia Cable (OAC),0,2,111.599995,-30.309953
oman-australia-cable-oac,Oman Australia Cable (OAC),0,3,89.100011,-19.729525
oman-australia-cable-oac,Oman Australia Cable (OAC),0,4,72.112523,-7.732813
oman-australia-cable-oac,Oman Australia Cable (OAC),0,5,65.250028,4.164913
oman-australia-cable-oac,Oman Australia Cable (OAC),0,6,61.200031,15.669513
oman-australia-cable-oac,Oman Australia Cable (OAC),0,7,60.750031,16.534196
oman-australia-cable-oac,Oman Australia Cable (OAC),0,8,60.750031,19.104405
oman-australia-cable-oac,Oman Australia Cable (OAC),0,9,60.750031,22.469444
oman-australia-cable-oac,Oman Australia Cable (OAC),0,10,59.850032,23.298598
oman-australia-cable-oac,Oman Australia Cable (OAC),0,11,58.950032,23.711258
oman-australia-cable-oac,Oman Australia Cable (OAC),0,12,58.162533,23.917101
oman-australia-cable-oac,Oman Australia Cable (OAC),0,13,57.886053,23.678723
oman-australia-cable-oac,Oman Australia Cable (OAC),1,0,89.100011,-19.729525
oman-australia-cable-oac,Oman Australia Cable (OAC),1,1,95.400007,-13.990271
oman-australia-cable-oac,Oman Australia Cable (OAC),1,2,96.832316,-12.193113
oman-australia-cable-oac,Oman Australia Cable (OAC),2,0,72.112523,-7.732813
oman-australia-cable-oac,Oman Australia Cable (OAC),2,1,72.337523,-7.509801
oman-australia-cable-oac,Oman Australia Cable (OAC),2,2,72.416673,-7.333332
tanjung-pandan-sungai-kakap,Tanjung Pandan-Sungai Kakap,0,0,107.662888,-2.767443
tanjung-pandan-sungai-kakap,Tanjung Pandan-Sungai Kakap,0,1,107.606648,-2.517709
tanjung-pandan-sungai-kakap,Tanjung Pandan-Sungai Kakap,0,2,107.647998,-2.237971
tanjung-pandan-sungai-kakap,Tanjung Pandan-Sungai Kakap,0,3,108.112498,-1.231316
tanjung-pandan-sungai-kakap,Tanjung Pandan-Sungai Kakap,0,4,108.899997,-0.106411
tanjung-pandan-sungai-kakap,Tanjung Pandan-Sungai Kakap,0,5,109.182227,-0.061391
hainan-to-hong-kong-express-h2he,Hainan to Hong Kong Express (H2HE),0,0,113.576752,22.270717
hainan-to-hong-kong-express-h2he,Hainan to Hong Kong Express (H2HE),0,1,113.737494,22.105111
hainan-to-hong-kong-express-h2he,Hainan to Hong Kong Express (H2HE),0,2,114.074993,22.105111
hainan-to-hong-kong-express-h2he,Hainan to Hong Kong Express (H2HE),0,3,114.202923,22.22205
hainan-to-hong-kong-express-h2he,Hainan to Hong Kong Express (H2HE),1,0,110.761812,20.045308
hainan-to-hong-kong-express-h2he,Hainan to Hong Kong Express (H2HE),1,1,111.149995,20.304718
hainan-to-hong-kong-express-h2he,Hainan to Hong Kong Express (H2HE),1,2,112.837494,20.796306
hainan-to-hong-kong-express-h2he,Hainan to Hong Kong Express (H2HE),1,3,113.568744,21.635297
hainan-to-hong-kong-express-h2he,Hainan to Hong Kong Express (H2HE),1,4,113.681244,21.844294
hainan-to-hong-kong-express-h2he,Hainan to Hong Kong Express (H2HE),1,5,113.737494,22.105111
ketchcan1-submarine-fiber-cable-system,KetchCan1 Submarine Fiber Cable System,0,0,-130.326333,54.313064
ketchcan1-submarine-fiber-cable-system,KetchCan1 Submarine Fiber Cable System,0,1,-130.443585,54.297486
ketchcan1-submarine-fiber-cable-system,KetchCan1 Submarine Fiber Cable System,0,2,-130.556085,54.330299
ketchcan1-submarine-fiber-cable-system,KetchCan1 Submarine Fiber Cable System,0,3,-130.612333,54.559259
ketchcan1-submarine-fiber-cable-system,KetchCan1 Submarine Fiber Cable System,0,4,-130.724833,54.689519
ketchcan1-submarine-fiber-cable-system,KetchCan1 Submarine Fiber Cable System,0,5,-130.949833,54.754492
ketchcan1-submarine-fiber-cable-system,KetchCan1 Submarine Fiber Cable System,0,6,-131.062384,54.948789
ketchcan1-submarine-fiber-cable-system,KetchCan1 Submarine Fiber Cable System,0,7,-131.118684,55.077801
ketchcan1-submarine-fiber-cable-system,KetchCan1 Submarine Fiber Cable System,0,8,-131.231084,55.142151
ketchcan1-submarine-fiber-cable-system,KetchCan1 Submarine Fiber Cable System,0,9,-131.647833,55.342088
equiano,Equiano,0,0,1.575073,0.793563
equiano,Equiano,0,1,0.225074,-0.093411
equiano,Equiano,0,2,-3.599923,-1.681169
equiano,Equiano,0,3,-10.799918,-1.681169
equiano,Equiano,0,4,-14.849915,2.367913
equiano,Equiano,0,5,-19.349912,8.635699
equiano,Equiano,0,6,-20.699911,11.73565
equiano,Equiano,0,7,-20.699911,19.952623
equiano,Equiano,0,8,-19.849912,22.884654
equiano,Equiano,0,9,-19.124912,27.763589
equiano,Equiano,0,10,-17.999913,30.255703
equiano,Equiano,0,11,-17.099914,31.670513
equiano,Equiano,0,12,-16.312414,32.433313
equiano,Equiano,0,13,-13.949916,33.93964
equiano,Equiano,0,14,-11.699917,36.512388
equiano,Equiano,0,15,-10.349918,38.034174
equiano,Equiano,0,16,-9.562419,38.299521
equiano,Equiano,0,17,-9.102749,38.443079
equiano,Equiano,1,0,18.445861,-33.727218
equiano,Equiano,1,1,17.550062,-33.742645
equiano,Equiano,1,2,16.650062,-33.555344
equiano,Equiano,1,3,15.525063,-32.61276
equiano,Equiano,1,4,13.500065,-30.309953
equiano,Equiano,1,5,9.000068,-23.493922
equiano,Equiano,1,6,7.650069,-18.026426
equiano,Equiano,1,7,7.650069,-13.990271
equiano,Equiano,1,8,8.325068,-10.620065
equiano,Equiano,1,9,7.650069,-6.616651
equiano,Equiano,1,10,7.200069,-4.825692
equiano,Equiano,1,11,4.050071,-1.231316
equiano,Equiano,1,12,2.250073,1.580887
equiano,Equiano,2,0,9.000068,-23.493922
equiano,Equiano,2,1,13.050065,-22.66597
equiano,Equiano,2,2,14.533464,-22.68543
equiano,Equiano,3,0,1.575073,0.793563
equiano,Equiano,3,1,2.250073,1.580887
equiano,Equiano,3,2,3.600072,4.164913
equiano,Equiano,3,3,3.423512,6.439067
equiano,Equiano,4,0,7.650069,-13.990271
equiano,Equiano,4,1,-3.599923,-15.296388
equiano,Equiano,4,2,-5.711522,-15.918564
equiano,Equiano,5,0,1.575073,0.793563
equiano,Equiano,5,1,1.687573,3.828234
equiano,Equiano,5,2,1.575073,5.061987
equiano,Equiano,5,3,1.227803,6.126307
south-pacific-cable-system-spcsmistral,South Pacific Cable System (SPCS)/Mistral,0,0,-90.822224,13.934797
south-pacific-cable-system-spcsmistral,South Pacific Cable System (SPCS)/Mistral,0,1,-91.574861,13.054151
south-pacific-cable-system-spcsmistral,South Pacific Cable System (SPCS)/Mistral,0,2,-92.24986,9.524411
south-pacific-cable-system-spcsmistral,South Pacific Cable System (SPCS)/Mistral,0,3,-90.899861,3.715978
south-pacific-cable-system-spcsmistral,South Pacific Cable System (SPCS)/Mistral,0,4,-87.749864,0.568579
south-pacific-cable-system-spcsmistral,South Pacific Cable System (SPCS)/Mistral,0,5,-86.399865,-2.43068
south-pacific-cable-system-spcsmistral,South Pacific Cable System (SPCS)/Mistral,0,6,-85.049866,-6.616651
south-pacific-cable-system-spcsmistral,South Pacific Cable System (SPCS)/Mistral,0,7,-82.799867,-11.503334
south-pacific-cable-system-spcsmistral,South Pacific Cable System (SPCS)/Mistral,0,8,-79.19987,-15.441024
south-pacific-cable-system-spcsmistral,South Pacific Cable System (SPCS)/Mistral,0,9,-76.499872,-18.453814
south-pacific-cable-system-spcsmistral,South Pacific Cable System (SPCS)/Mistral,0,10,-74.024873,-27.153831
south-pacific-cable-system-spcsmistral,South Pacific Cable System (SPCS)/Mistral,0,11,-72.224875,-31.851466
south-pacific-cable-system-spcsmistral,South Pacific Cable System (SPCS)/Mistral,0,12,-71.620435,-33.045541
south-pacific-cable-system-spcsmistral,South Pacific Cable System (SPCS)/Mistral,1,0,-82.799867,-11.503334
south-pacific-cable-system-spcsmistral,South Pacific Cable System (SPCS)/Mistral,1,1,-79.19987,-12.603512
south-pacific-cable-system-spcsmistral,South Pacific Cable System (SPCS)/Mistral,1,2,-76.874281,-12.27842
south-pacific-cable-system-spcsmistral,South Pacific Cable System (SPCS)/Mistral,2,0,-76.499872,-18.453814
south-pacific-cable-system-spcsmistral,South Pacific Cable System (SPCS)/Mistral,2,1,-72.899874,-19.305384
south-pacific-cable-system-spcsmistral,South Pacific Cable System (SPCS)/Mistral,2,2,-70.306756,-18.473543
south-pacific-cable-system-spcsmistral,South Pacific Cable System (SPCS)/Mistral,3,0,-86.399865,-2.43068
south-pacific-cable-system-spcsmistral,South Pacific Cable System (SPCS)/Mistral,3,1,-84.149866,-2.580537
south-pacific-cable-system-spcsmistral,South Pacific Cable System (SPCS)/Mistral,3,2,-81.009068,-2.228448
n0r5ke-viking,N0r5ke Viking,0,0,9.663153,63.688397
n0r5ke-viking,N0r5ke Viking,0,1,9.618817,63.676231
n0r5ke-viking,N0r5ke Viking,0,2,9.637665,63.619466
n0r5ke-viking,N0r5ke Viking,0,3,9.112568,63.542886
n0r5ke-viking,N0r5ke Viking,0,4,8.975248,63.504625
n0r5ke-viking,N0r5ke Viking,0,5,8.693958,63.408175
n0r5ke-viking,N0r5ke Viking,0,6,8.380908,63.361516
n0r5ke-viking,N0r5ke Viking,0,7,8.093379,63.301036
n0r5ke-viking,N0r5ke Viking,0,8,7.875069,63.172947
n0r5ke-viking,N0r5ke Viking,0,9,7.729669,63.110783
n0r5ke-viking,N0r5ke Viking,0,10,7.762569,63.020235
n0r5ke-viking,N0r5ke Viking,0,11,7.650069,62.917979
n0r5ke-viking,N0r5ke Viking,0,12,7.425069,62.815365
n0r5ke-viking,N0r5ke Viking,0,13,7.160714,62.737229
n0r5ke-viking,N0r5ke Viking,0,14,6.862569,62.763923
n0r5ke-viking,N0r5ke Viking,0,15,6.63757,62.738169
n0r5ke-viking,N0r5ke Viking,0,16,6.465792,62.613003
n0r5ke-viking,N0r5ke Viking,0,17,6.30007,62.66077
n0r5ke-viking,N0r5ke Viking,0,18,6.18757,62.609059
n0r5ke-viking,N0r5ke Viking,0,19,6.174386,62.471487
n0r5ke-viking,N0r5ke Viking,0,20,5.96257,62.505365
n0r5ke-viking,N0r5ke Viking,0,21,5.85007,62.453382
n0r5ke-viking,N0r5ke Viking,0,22,5.40007,62.296891
n0r5ke-viking,N0r5ke Viking,0,23,5.28757,62.244545
n0r5ke-viking,N0r5ke Viking,0,24,5.34382,62.139581
n0r5ke-viking,N0r5ke Viking,0,25,5.522336,62.035992
n0r5ke-viking,N0r5ke Viking,0,26,5.45632,61.981449
n0r5ke-viking,N0r5ke Viking,0,27,5.498508,61.93554
n0r5ke-viking,N0r5ke Viking,0,28,5.062571,61.981449
n0r5ke-viking,N0r5ke Viking,0,29,4.837571,61.928556
n0r5ke-viking,N0r5ke Viking,0,30,4.725071,61.822494
n0r5ke-viking,N0r5ke Viking,0,31,4.725071,61.716064
n0r5ke-viking,N0r5ke Viking,0,32,4.975852,61.596307
n0r5ke-viking,N0r5ke Viking,0,33,4.725071,61.555727
n0r5ke-viking,N0r5ke Viking,0,34,4.725071,61.448374
n0r5ke-viking,N0r5ke Viking,0,35,4.950071,61.232553
n0r5ke-viking,N0r5ke Viking,0,36,5.29343,61.172244
n0r5ke-viking,N0r5ke Viking,0,37,4.837571,61.015241
n0r5ke-viking,N0r5ke Viking,0,38,4.725071,60.796432
n0r5ke-viking,N0r5ke Viking,0,39,4.85554,60.621972
n0r5ke-viking,N0r5ke Viking,0,40,5.062571,60.576117
n0r5ke-viking,N0r5ke Viking,0,41,5.28757,60.465393
n0r5ke-viking,N0r5ke Viking,0,42,5.33277,60.390724
n0r5ke-viking,N0r5ke Viking,1,0,7.160714,62.737229
n0r5ke-viking,N0r5ke Viking,1,1,7.425069,62.66077
n0r5ke-viking,N0r5ke Viking,1,2,7.681612,62.563956
n0r5ke-viking,N0r5ke Viking,2,0,9.637665,63.619466
n0r5ke-viking,N0r5ke Viking,2,1,9.815742,63.576281
n0r5ke-viking,N0r5ke Viking,2,2,9.900067,63.488513
n0r5ke-viking,N0r5ke Viking,2,3,10.293817,63.463415
n0r5ke-viking,N0r5ke Viking,2,4,10.392059,63.431002
okinawa-cellular-cable,Okinawa Cellular Cable,0,0,127.977284,26.591579
okinawa-cellular-cable,Okinawa Cellular Cable,0,1,127.799984,26.562513
okinawa-cellular-cable,Okinawa Cellular Cable,0,2,127.574984,26.763587
okinawa-cellular-cable,Okinawa Cellular Cable,0,3,127.687484,27.164666
okinawa-cellular-cable,Okinawa Cellular Cable,0,4,128.474983,28.359234
okinawa-cellular-cable,Okinawa Cellular Cable,0,5,128.699983,29.344567
okinawa-cellular-cable,Okinawa Cellular Cable,0,6,129.149983,30.514496
okinawa-cellular-cable,Okinawa Cellular Cable,0,7,129.599982,31.286739
okinawa-cellular-cable,Okinawa Cellular Cable,0,8,130.049982,31.574717
okinawa-cellular-cable,Okinawa Cellular Cable,0,9,130.557082,31.596525
cabo-verde-telecom-domestic-submarine-cable-phase-2,Cabo Verde Telecom Domestic Submarine Cable Phase 2,0,0,-25.059408,17.019177
cabo-verde-telecom-domestic-submarine-cable-phase-2,Cabo Verde Telecom Domestic Submarine Cable Phase 2,0,1,-25.031158,16.911293
cabo-verde-telecom-domestic-submarine-cable-phase-2,Cabo Verde Telecom Domestic Submarine Cable Phase 2,0,2,-25.060797,16.823445
cabo-verde-telecom-domestic-submarine-cable-phase-2,Cabo Verde Telecom Domestic Submarine Cable Phase 2,0,3,-25.077408,16.724586
cabo-verde-telecom-domestic-submarine-cable-phase-2,Cabo Verde Telecom Domestic Submarine Cable Phase 2,0,4,-25.077408,16.616814
cabo-verde-telecom-domestic-submarine-cable-phase-2,Cabo Verde Telecom Domestic Submarine Cable Phase 2,0,5,-23.962409,15.452761
cabo-verde-telecom-domestic-submarine-cable-phase-2,Cabo Verde Telecom Domestic Submarine Cable Phase 2,0,6,-23.751081,15.276859
cabo-verde-telecom-domestic-submarine-cable-phase-3,Cabo Verde Telecom Domestic Submarine Cable Phase 3,0,0,-22.91905,16.174754
cabo-verde-telecom-domestic-submarine-cable-phase-3,Cabo Verde Telecom Domestic Submarine Cable Phase 3,0,1,-23.062409,15.99421
cabo-verde-telecom-domestic-submarine-cable-phase-3,Cabo Verde Telecom Domestic Submarine Cable Phase 3,0,2,-23.231109,15.669513
cabo-verde-telecom-domestic-submarine-cable-phase-3,Cabo Verde Telecom Domestic Submarine Cable Phase 3,0,3,-23.287409,15.235782
cabo-verde-telecom-domestic-submarine-cable-phase-3,Cabo Verde Telecom Domestic Submarine Cable Phase 3,0,4,-23.209773,15.129919
cabo-verde-telecom-domestic-submarine-cable-phase-3,Cabo Verde Telecom Domestic Submarine Cable Phase 3,0,5,-23.287409,15.018579
cabo-verde-telecom-domestic-submarine-cable-phase-3,Cabo Verde Telecom Domestic Submarine Cable Phase 3,0,6,-23.521209,14.923036
cabo-verde-telecom-domestic-submarine-cable-phase-3,Cabo Verde Telecom Domestic Submarine Cable Phase 3,0,7,-23.512409,14.801154
cabo-verde-telecom-domestic-submarine-cable-phase-3,Cabo Verde Telecom Domestic Submarine Cable Phase 3,0,8,-23.624909,14.69236
cabo-verde-telecom-domestic-submarine-cable-phase-3,Cabo Verde Telecom Domestic Submarine Cable Phase 3,0,9,-23.849909,14.583512
cabo-verde-telecom-domestic-submarine-cable-phase-3,Cabo Verde Telecom Domestic Submarine Cable Phase 3,0,10,-24.299909,14.69236
cabo-verde-telecom-domestic-submarine-cable-phase-3,Cabo Verde Telecom Domestic Submarine Cable Phase 3,0,11,-24.412408,14.746764
cabo-verde-telecom-domestic-submarine-cable-phase-3,Cabo Verde Telecom Domestic Submarine Cable Phase 3,0,12,-24.500934,14.897154
cabo-verde-telecom-domestic-submarine-cable-phase-3,Cabo Verde Telecom Domestic Submarine Cable Phase 3,0,13,-24.581158,14.855531
cabo-verde-telecom-domestic-submarine-cable-phase-3,Cabo Verde Telecom Domestic Submarine Cable Phase 3,0,14,-24.695416,14.872993
cabo-verde-telecom-domestic-submarine-cable-phase-3,Cabo Verde Telecom Domestic Submarine Cable Phase 3,0,15,-24.637408,15.018579
cabo-verde-telecom-domestic-submarine-cable-phase-3,Cabo Verde Telecom Domestic Submarine Cable Phase 3,0,16,-24.524908,15.127208
cabo-verde-telecom-domestic-submarine-cable-phase-3,Cabo Verde Telecom Domestic Submarine Cable Phase 3,0,17,-24.299909,15.235782
cabo-verde-telecom-domestic-submarine-cable-phase-3,Cabo Verde Telecom Domestic Submarine Cable Phase 3,0,18,-24.074909,15.3443
cabo-verde-telecom-domestic-submarine-cable-phase-3,Cabo Verde Telecom Domestic Submarine Cable Phase 3,0,19,-23.751081,15.276859
cabo-verde-telecom-domestic-submarine-cable-phase-3,Cabo Verde Telecom Domestic Submarine Cable Phase 3,0,20,-24.074909,15.452761
cabo-verde-telecom-domestic-submarine-cable-phase-3,Cabo Verde Telecom Domestic Submarine Cable Phase 3,0,21,-25.189908,16.616814
cabo-verde-telecom-domestic-submarine-cable-phase-3,Cabo Verde Telecom Domestic Submarine Cable Phase 3,0,22,-25.189908,16.724586
cabo-verde-telecom-domestic-submarine-cable-phase-3,Cabo Verde Telecom Domestic Submarine Cable Phase 3,0,23,-25.060797,16.823445
cabo-verde-telecom-domestic-submarine-cable-phase-3,Cabo Verde Telecom Domestic Submarine Cable Phase 3,0,24,-25.087408,16.911293
cabo-verde-telecom-domestic-submarine-cable-phase-3,Cabo Verde Telecom Domestic Submarine Cable Phase 3,0,25,-25.059408,17.019177
cabo-verde-telecom-domestic-submarine-cable-phase-1,Cabo Verde Telecom Domestic Submarine Cable Phase 1,0,0,-25.060797,16.823445
cabo-verde-telecom-domestic-submarine-cable-phase-1,Cabo Verde Telecom Domestic Submarine Cable Phase 1,0,1,-24.974908,16.642014
cabo-verde-telecom-domestic-submarine-cable-phase-1,Cabo Verde Telecom Domestic Submarine Cable Phase 1,0,2,-24.637408,16.534196
cabo-verde-telecom-domestic-submarine-cable-phase-1,Cabo Verde Telecom Domestic Submarine Cable Phase 1,0,3,-24.357135,16.565837
cabo-verde-telecom-domestic-submarine-cable-phase-1,Cabo Verde Telecom Domestic Submarine Cable Phase 1,0,4,-24.187409,16.426318
cabo-verde-telecom-domestic-submarine-cable-phase-1,Cabo Verde Telecom Domestic Submarine Cable Phase 1,0,5,-23.399909,16.534196
cabo-verde-telecom-domestic-submarine-cable-phase-1,Cabo Verde Telecom Domestic Submarine Cable Phase 1,0,6,-22.93531,16.677098
cabo-verde-telecom-domestic-submarine-cable-phase-1,Cabo Verde Telecom Domestic Submarine Cable Phase 1,0,7,-22.94991,16.426318
cabo-verde-telecom-domestic-submarine-cable-phase-1,Cabo Verde Telecom Domestic Submarine Cable Phase 1,0,8,-22.91905,16.174754
cabo-verde-telecom-domestic-submarine-cable-phase-1,Cabo Verde Telecom Domestic Submarine Cable Phase 1,0,9,-23.174909,15.99421
cabo-verde-telecom-domestic-submarine-cable-phase-1,Cabo Verde Telecom Domestic Submarine Cable Phase 1,0,10,-23.343659,15.669513
cabo-verde-telecom-domestic-submarine-cable-phase-1,Cabo Verde Telecom Domestic Submarine Cable Phase 1,0,11,-23.399909,15.235782
cabo-verde-telecom-domestic-submarine-cable-phase-1,Cabo Verde Telecom Domestic Submarine Cable Phase 1,0,12,-23.399909,15.018579
cabo-verde-telecom-domestic-submarine-cable-phase-1,Cabo Verde Telecom Domestic Submarine Cable Phase 1,0,13,-23.521209,14.923036
miyazaki-okinawa-cable-moc,Miyazaki-Okinawa Cable (MOC),0,0,131.29461,32.097641
miyazaki-okinawa-cable-moc,Miyazaki-Okinawa Cable (MOC),0,1,131.737481,31.670513
miyazaki-okinawa-cable-moc,Miyazaki-Okinawa Cable (MOC),0,2,131.849981,31.286739
miyazaki-okinawa-cable-moc,Miyazaki-Okinawa Cable (MOC),0,3,131.399981,29.540508
miyazaki-okinawa-cable-moc,Miyazaki-Okinawa Cable (MOC),0,4,128.699983,26.562513
miyazaki-okinawa-cable-moc,Miyazaki-Okinawa Cable (MOC),0,5,128.024984,26.159308
miyazaki-okinawa-cable-moc,Miyazaki-Okinawa Cable (MOC),0,6,127.680844,26.212414
japan-information-highway-jih,Japan Information Highway (JIH),0,0,139.949975,41.238752
japan-information-highway-jih,Japan Information Highway (JIH),0,1,139.612475,41.576262
japan-information-highway-jih,Japan Information Highway (JIH),0,2,139.274976,42.079236
japan-information-highway-jih,Japan Information Highway (JIH),0,3,139.274976,42.743713
japan-information-highway-jih,Japan Information Highway (JIH),0,4,139.499975,43.073311
japan-information-highway-jih,Japan Information Highway (JIH),0,5,140.399975,43.482828
japan-information-highway-jih,Japan Information Highway (JIH),0,6,140.849974,43.482828
japan-information-highway-jih,Japan Information Highway (JIH),0,7,141.315404,43.171175
japan-information-highway-jih,Japan Information Highway (JIH),1,0,139.837475,41.153951
japan-information-highway-jih,Japan Information Highway (JIH),1,1,139.38746,41.576262
japan-information-highway-jih,Japan Information Highway (JIH),1,2,139.049976,42.079236
japan-information-highway-jih,Japan Information Highway (JIH),1,3,139.049976,42.743713
japan-information-highway-jih,Japan Information Highway (JIH),1,4,139.274976,43.073311
japan-information-highway-jih,Japan Information Highway (JIH),1,5,140.399975,43.5644
japan-information-highway-jih,Japan Information Highway (JIH),1,6,140.849974,43.5644
japan-information-highway-jih,Japan Information Highway (JIH),1,7,141.315404,43.171175
japan-information-highway-jih,Japan Information Highway (JIH),2,0,127.680844,26.212414
japan-information-highway-jih,Japan Information Highway (JIH),2,1,128.024984,26.110605
japan-information-highway-jih,Japan Information Highway (JIH),2,2,128.699983,26.361086
japan-information-highway-jih,Japan Information Highway (JIH),2,3,131.399981,29.344567
japan-information-highway-jih,Japan Information Highway (JIH),2,4,132.74998,31.094263
japan-information-highway-jih,Japan Information Highway (JIH),2,5,134.999979,31.478823
japan-information-highway-jih,Japan Information Highway (JIH),2,6,136.574977,32.24321
japan-information-highway-jih,Japan Information Highway (JIH),2,7,136.799977,32.812319
japan-information-highway-jih,Japan Information Highway (JIH),2,8,136.873997,34.336828
japan-information-highway-jih,Japan Information Highway (JIH),2,9,137.699977,34.032922
japan-information-highway-jih,Japan Information Highway (JIH),2,10,138.599976,34.126101
japan-information-highway-jih,Japan Information Highway (JIH),2,11,139.499975,34.528691
japan-information-highway-jih,Japan Information Highway (JIH),2,12,139.92185,34.736964
japan-information-highway-jih,Japan Information Highway (JIH),2,13,139.992163,34.852446
japan-information-highway-jih,Japan Information Highway (JIH),2,14,139.954855,34.97657
japan-information-highway-jih,Japan Information Highway (JIH),2,15,140.062475,34.99081
japan-information-highway-jih,Japan Information Highway (JIH),2,16,140.343725,35.006169
japan-information-highway-jih,Japan Information Highway (JIH),2,17,140.737475,35.174932
japan-information-highway-jih,Japan Information Highway (JIH),2,18,140.849974,35.419781
japan-information-highway-jih,Japan Information Highway (JIH),2,19,140.962474,35.785662
japan-information-highway-jih,Japan Information Highway (JIH),2,20,140.849974,36.058973
japan-information-highway-jih,Japan Information Highway (JIH),2,21,140.269897,36.342194
japan-information-highway-jih,Japan Information Highway (JIH),2,22,140.849974,36.149867
japan-information-highway-jih,Japan Information Highway (JIH),2,23,141.299974,36.421916
japan-information-highway-jih,Japan Information Highway (JIH),2,24,141.749974,36.87322
japan-information-highway-jih,Japan Information Highway (JIH),2,25,141.749974,37.589787
japan-information-highway-jih,Japan Information Highway (JIH),2,26,141.299974,38.034174
japan-information-highway-jih,Japan Information Highway (JIH),2,27,140.866674,38.26667
japan-information-highway-jih,Japan Information Highway (JIH),2,28,141.299974,38.12273
japan-information-highway-jih,Japan Information Highway (JIH),2,29,141.749974,38.211179
japan-information-highway-jih,Japan Information Highway (JIH),2,30,142.199974,38.651812
japan-information-highway-jih,Japan Information Highway (JIH),2,31,142.424973,40.043692
japan-information-highway-jih,Japan Information Highway (JIH),2,32,142.199974,41.06934
japan-information-highway-jih,Japan Information Highway (JIH),2,33,141.749974,41.407726
japan-information-highway-jih,Japan Information Highway (JIH),2,34,141.299974,41.576262
japan-information-highway-jih,Japan Information Highway (JIH),2,35,140.849974,41.576262
japan-information-highway-jih,Japan Information Highway (JIH),2,36,140.399975,41.407726
japan-information-highway-jih,Japan Information Highway (JIH),2,37,139.949975,41.238752
japan-information-highway-jih,Japan Information Highway (JIH),2,38,139.837475,41.153951
japan-information-highway-jih,Japan Information Highway (JIH),2,39,139.612475,40.899491
japan-information-highway-jih,Japan Information Highway (JIH),2,40,139.499975,40.38732
japan-information-highway-jih,Japan Information Highway (JIH),2,41,139.724975,40.043692
japan-information-highway-jih,Japan Information Highway (JIH),2,42,140.116675,39.716672
japan-information-highway-jih,Japan Information Highway (JIH),3,0,132.74998,31.094263
japan-information-highway-jih,Japan Information Highway (JIH),3,1,132.074981,31.670513
japan-information-highway-jih,Japan Information Highway (JIH),3,2,131.29461,32.097641
japan-information-highway-jih,Japan Information Highway (JIH),4,0,139.499975,34.528691
japan-information-highway-jih,Japan Information Highway (JIH),4,1,139.556225,34.713849
japan-information-highway-jih,Japan Information Highway (JIH),4,2,139.443725,35.082923
japan-information-highway-jih,Japan Information Highway (JIH),4,3,139.255406,35.299489
lazaro-cardenas-manzanillo-santiago-submarine-cable-system-lcmsscs,Lazaro Cardenas-Manzanillo Santiago Submarine Cable System (LCMSSCS),0,0,-104.308152,19.085789
lazaro-cardenas-manzanillo-santiago-submarine-cable-system-lcmsscs,Lazaro Cardenas-Manzanillo Santiago Submarine Cable System (LCMSSCS),0,1,-104.287352,18.678647
lazaro-cardenas-manzanillo-santiago-submarine-cable-system-lcmsscs,Lazaro Cardenas-Manzanillo Santiago Submarine Cable System (LCMSSCS),0,2,-103.949852,18.251816
lazaro-cardenas-manzanillo-santiago-submarine-cable-system-lcmsscs,Lazaro Cardenas-Manzanillo Santiago Submarine Cable System (LCMSSCS),0,3,-103.049853,17.823934
lazaro-cardenas-manzanillo-santiago-submarine-cable-system-lcmsscs,Lazaro Cardenas-Manzanillo Santiago Submarine Cable System (LCMSSCS),0,4,-102.599853,17.823934
lazaro-cardenas-manzanillo-santiago-submarine-cable-system-lcmsscs,Lazaro Cardenas-Manzanillo Santiago Submarine Cable System (LCMSSCS),0,5,-102.194353,17.956784
lazaro-cardenas-manzanillo-santiago-submarine-cable-system-lcmsscs,Lazaro Cardenas-Manzanillo Santiago Submarine Cable System (LCMSSCS),1,0,-102.194353,17.956784
lazaro-cardenas-manzanillo-santiago-submarine-cable-system-lcmsscs,Lazaro Cardenas-Manzanillo Santiago Submarine Cable System (LCMSSCS),1,1,-102.149853,17.716802
lazaro-cardenas-manzanillo-santiago-submarine-cable-system-lcmsscs,Lazaro Cardenas-Manzanillo Santiago Submarine Cable System (LCMSSCS),1,2,-101.812354,17.609606
lazaro-cardenas-manzanillo-santiago-submarine-cable-system-lcmsscs,Lazaro Cardenas-Manzanillo Santiago Submarine Cable System (LCMSSCS),1,3,-101.610554,17.664117
fibra-optica-al-pacfico,Fibra Optica al Pacífico,0,0,-76.874281,-12.27842
fibra-optica-al-pacfico,Fibra Optica al Pacífico,0,1,-77.399871,-12.822996
fibra-optica-al-pacfico,Fibra Optica al Pacífico,0,2,-77.399871,-13.698987
fibra-optica-al-pacfico,Fibra Optica al Pacífico,0,3,-76.049872,-15.441024
fibra-optica-al-pacfico,Fibra Optica al Pacífico,0,4,-73.799873,-17.168553
fibra-optica-al-pacfico,Fibra Optica al Pacífico,0,5,-72.449874,-17.597999
fibra-optica-al-pacfico,Fibra Optica al Pacífico,0,6,-71.323675,-17.641174
batam-sarawak-internet-cable-system-basics,Batam Sarawak Internet Cable System (BaSICS),0,0,110.293596,1.675049
batam-sarawak-internet-cable-system-basics,Batam Sarawak Internet Cable System (BaSICS),0,1,110.024996,1.918229
batam-sarawak-internet-cable-system-basics,Batam Sarawak Internet Cable System (BaSICS),0,2,109.574997,2.367913
batam-sarawak-internet-cable-system-basics,Batam Sarawak Internet Cable System (BaSICS),0,3,106.199999,2.143087
batam-sarawak-internet-cable-system-basics,Batam Sarawak Internet Cable System (BaSICS),0,4,104.7375,1.468427
batam-sarawak-internet-cable-system-basics,Batam Sarawak Internet Cable System (BaSICS),0,5,104.625,1.369995
batam-sarawak-internet-cable-system-basics,Batam Sarawak Internet Cable System (BaSICS),0,6,104.2879,1.173518
batam-sarawak-internet-cable-system-basics,Batam Sarawak Internet Cable System (BaSICS),0,7,104.1331,1.173206
eastern-light-sweden-finland-i,Eastern Light Sweden-Finland I,0,0,18.062757,59.332308
eastern-light-sweden-finland-i,Eastern Light Sweden-Finland I,0,1,18.900061,59.451717
eastern-light-sweden-finland-i,Eastern Light Sweden-Finland I,0,2,20.25006,59.565883
eastern-light-sweden-finland-i,Eastern Light Sweden-Finland I,0,3,21.375059,59.679664
eastern-light-sweden-finland-i,Eastern Light Sweden-Finland I,0,4,22.725058,59.736409
eastern-light-sweden-finland-i,Eastern Light Sweden-Finland I,0,5,22.966757,59.823409
eastern-light-sweden-finland-i,Eastern Light Sweden-Finland I,0,6,23.175058,59.736409
eastern-light-sweden-finland-i,Eastern Light Sweden-Finland I,0,7,23.850057,59.736409
eastern-light-sweden-finland-i,Eastern Light Sweden-Finland I,0,8,24.412557,59.849612
eastern-light-sweden-finland-i,Eastern Light Sweden-Finland I,0,9,24.932478,60.171163
eastern-light-sweden-finland-i,Eastern Light Sweden-Finland I,0,10,25.200056,60.074868
eastern-light-sweden-finland-i,Eastern Light Sweden-Finland I,0,11,26.100056,60.074868
eastern-light-sweden-finland-i,Eastern Light Sweden-Finland I,0,12,26.775055,60.298596
eastern-light-sweden-finland-i,Eastern Light Sweden-Finland I,0,13,26.883649,60.501141
sorsogon-samar-submarine-fiber-optical-interconnection-project-sssfoip,Sorsogon-Samar Submarine Fiber Optical Interconnection Project (SSSFOIP),0,0,124.107086,12.645255
sorsogon-samar-submarine-fiber-optical-interconnection-project-sssfoip,Sorsogon-Samar Submarine Fiber Optical Interconnection Project (SSSFOIP),0,1,124.228111,12.615396
sorsogon-samar-submarine-fiber-optical-interconnection-project-sssfoip,Sorsogon-Samar Submarine Fiber Optical Interconnection Project (SSSFOIP),0,2,124.282386,12.50139
manatua,Manatua,0,0,-171.766694,-13.833489
manatua,Manatua,0,1,-171.449804,-13.698987
manatua,Manatua,0,2,-170.774805,-13.698987
manatua,Manatua,0,3,-170.099805,-14.135775
manatua,Manatua,0,4,-169.649806,-15.006817
manatua,Manatua,0,5,-169.649806,-18.026426
manatua,Manatua,0,6,-166.499808,-18.88014
manatua,Manatua,0,7,-163.79981,-20.995132
manatua,Manatua,0,8,-160.199812,-20.995132
manatua,Manatua,0,9,-159.862313,-20.995132
manatua,Manatua,0,10,-156.599815,-20.574419
manatua,Manatua,0,11,-151.874818,-17.383402
manatua,Manatua,0,12,-150.974819,-17.383402
manatua,Manatua,0,13,-150.074819,-17.919416
manatua,Manatua,0,14,-149.51232,-17.919416
manatua,Manatua,0,15,-149.32332,-17.750447
manatua,Manatua,1,0,-169.649806,-18.026426
manatua,Manatua,1,1,-169.874805,-18.453814
manatua,Manatua,1,2,-169.916705,-19.016715
manatua,Manatua,2,0,-159.862313,-20.995132
manatua,Manatua,2,1,-159.862313,-21.100126
manatua,Manatua,2,2,-159.769713,-21.224343
manatua,Manatua,3,0,-160.199812,-20.995132
manatua,Manatua,3,1,-160.199812,-20.152544
manatua,Manatua,3,2,-160.087312,-19.305384
manatua,Manatua,3,3,-159.774913,-18.825725
manatua,Manatua,4,0,-151.874818,-17.383402
manatua,Manatua,4,1,-151.874818,-16.953455
manatua,Manatua,4,2,-151.749518,-16.506319
malta-italy-interconnector,Malta-Italy Interconnector,0,0,14.550264,36.784772
malta-italy-interconnector,Malta-Italy Interconnector,0,1,14.625064,36.602755
malta-italy-interconnector,Malta-Italy Interconnector,0,2,14.512564,36.149867
malta-italy-interconnector,Malta-Italy Interconnector,0,3,14.458764,35.934056
caribbean-regional-communications-infrastructure-program-carcip,Caribbean Regional Communications Infrastructure Program (CARCIP),0,0,-61.142787,13.373112
caribbean-regional-communications-infrastructure-program-carcip,Caribbean Regional Communications Infrastructure Program (CARCIP),0,1,-61.199882,13.437424
caribbean-regional-communications-infrastructure-program-carcip,Caribbean Regional Communications Infrastructure Program (CARCIP),0,2,-61.256132,13.410019
caribbean-regional-communications-infrastructure-program-carcip,Caribbean Regional Communications Infrastructure Program (CARCIP),0,3,-61.240882,13.290916
caribbean-regional-communications-infrastructure-program-carcip,Caribbean Regional Communications Infrastructure Program (CARCIP),1,0,-61.593083,12.170911
caribbean-regional-communications-infrastructure-program-carcip,Caribbean Regional Communications Infrastructure Program (CARCIP),1,1,-61.477778,12.277223
caribbean-regional-communications-infrastructure-program-carcip,Caribbean Regional Communications Infrastructure Program (CARCIP),1,2,-61.533382,12.342743
caribbean-regional-communications-infrastructure-program-carcip,Caribbean Regional Communications Infrastructure Program (CARCIP),1,3,-61.589632,12.395734
caribbean-regional-communications-infrastructure-program-carcip,Caribbean Regional Communications Infrastructure Program (CARCIP),1,4,-61.593582,12.558546
caribbean-regional-communications-infrastructure-program-carcip,Caribbean Regional Communications Infrastructure Program (CARCIP),1,5,-61.535332,12.728911
caribbean-regional-communications-infrastructure-program-carcip,Caribbean Regional Communications Infrastructure Program (CARCIP),1,6,-61.448857,12.84262
caribbean-regional-communications-infrastructure-program-carcip,Caribbean Regional Communications Infrastructure Program (CARCIP),1,7,-61.390632,12.956082
caribbean-regional-communications-infrastructure-program-carcip,Caribbean Regional Communications Infrastructure Program (CARCIP),1,8,-61.323049,13.054151
caribbean-regional-communications-infrastructure-program-carcip,Caribbean Regional Communications Infrastructure Program (CARCIP),1,9,-61.208282,13.145461
caribbean-regional-communications-infrastructure-program-carcip,Caribbean Regional Communications Infrastructure Program (CARCIP),2,0,-61.593582,12.558546
caribbean-regional-communications-infrastructure-program-carcip,Caribbean Regional Communications Infrastructure Program (CARCIP),2,1,-61.537332,12.531043
caribbean-regional-communications-infrastructure-program-carcip,Caribbean Regional Communications Infrastructure Program (CARCIP),2,2,-61.478593,12.473743
caribbean-regional-communications-infrastructure-program-carcip,Caribbean Regional Communications Infrastructure Program (CARCIP),3,0,-61.535332,12.728911
caribbean-regional-communications-infrastructure-program-carcip,Caribbean Regional Communications Infrastructure Program (CARCIP),3,1,-61.478982,12.674135
caribbean-regional-communications-infrastructure-program-carcip,Caribbean Regional Communications Infrastructure Program (CARCIP),3,2,-61.443193,12.611395
caribbean-regional-communications-infrastructure-program-carcip,Caribbean Regional Communications Infrastructure Program (CARCIP),4,0,-61.448857,12.84262
caribbean-regional-communications-infrastructure-program-carcip,Caribbean Regional Communications Infrastructure Program (CARCIP),4,1,-61.392657,12.787674
caribbean-regional-communications-infrastructure-program-carcip,Caribbean Regional Communications Infrastructure Program (CARCIP),4,2,-61.338982,12.699626
caribbean-regional-communications-infrastructure-program-carcip,Caribbean Regional Communications Infrastructure Program (CARCIP),5,0,-61.390632,12.956082
caribbean-regional-communications-infrastructure-program-carcip,Caribbean Regional Communications Infrastructure Program (CARCIP),5,1,-61.278332,12.928721
caribbean-regional-communications-infrastructure-program-carcip,Caribbean Regional Communications Infrastructure Program (CARCIP),5,2,-61.187182,12.877712
caribbean-regional-communications-infrastructure-program-carcip,Caribbean Regional Communications Infrastructure Program (CARCIP),6,0,-61.323049,13.054151
caribbean-regional-communications-infrastructure-program-carcip,Caribbean Regional Communications Infrastructure Program (CARCIP),6,1,-61.266857,13.026751
caribbean-regional-communications-infrastructure-program-carcip,Caribbean Regional Communications Infrastructure Program (CARCIP),6,2,-61.244682,12.99754
energinet-laeso-varberg,Energinet Laeso-Varberg,0,0,10.887167,57.256998
energinet-laeso-varberg,Energinet Laeso-Varberg,0,1,11.025066,57.177648
energinet-laeso-varberg,Energinet Laeso-Varberg,0,2,11.700066,57.086066
energinet-laeso-varberg,Energinet Laeso-Varberg,0,3,12.251266,57.105297
energinet-lyngsa-laeso,Energinet Lyngsa-Laeso,0,0,10.514617,57.244918
energinet-lyngsa-laeso,Energinet Lyngsa-Laeso,0,1,10.687567,57.223354
energinet-lyngsa-laeso,Energinet Lyngsa-Laeso,0,2,10.887167,57.256998
skagenfiber-west,Skagenfiber West,0,0,10.016367,59.081111
skagenfiber-west,Skagenfiber West,0,1,10.012567,58.933171
skagenfiber-west,Skagenfiber West,0,2,9.900067,58.34773
skagenfiber-west,Skagenfiber West,0,3,9.900067,57.8124
skagenfiber-west,Skagenfiber West,0,4,9.959267,57.588188
pasuli,PASULI,0,0,104.874512,-2.295346
pasuli,PASULI,0,1,104.9625,-2.187129
pasuli,PASULI,0,2,105.16426,-2.065143
sjjk,SJJK,0,0,105.58496,-5.769333
sjjk,SJJK,0,1,105.693749,-6.001652
sjjk,SJJK,0,2,105.883899,-6.073711
sjjk,SJJK,1,0,114.666748,-3.882828
sjjk,SJJK,1,1,114.074993,-4.377144
sjjk,SJJK,1,2,113.849994,-4.825692
sjjk,SJJK,1,3,112.949994,-5.721873
sjjk,SJJK,1,4,112.837494,-5.721873
sjjk,SJJK,1,5,112.585594,-5.793509
sjjk,SJJK,2,0,112.598194,-6.953338
sjjk,SJJK,2,1,112.499995,-6.641484
sjjk,SJJK,2,2,112.499995,-6.393099
sjjk,SJJK,2,3,112.893744,-5.833801
sjjk,SJJK,2,4,112.837494,-5.77784
sjjk,SJJK,2,5,112.585594,-5.793509
link-5-phase-2,Link 5 Phase-2,0,0,103.488201,-0.823472
link-5-phase-2,Link 5 Phase-2,0,1,103.950001,-0.781387
link-5-phase-2,Link 5 Phase-2,0,2,104.4,-0.781387
link-5-phase-2,Link 5 Phase-2,0,3,105.749999,-1.11884
link-5-phase-2,Link 5 Phase-2,0,4,106.087499,-1.343787
link-5-phase-2,Link 5 Phase-2,0,5,106.199999,-1.681169
link-5-phase-2,Link 5 Phase-2,0,6,106.132519,-1.851498
link-4-phase-2,Link 4 Phase-2,0,0,106.132519,-1.851498
link-4-phase-2,Link 4 Phase-2,0,1,106.312499,-1.793617
link-4-phase-2,Link 4 Phase-2,0,2,106.710249,-2.130918
link-4-phase-2,Link 4 Phase-2,0,3,107.099998,-3.029996
link-4-phase-2,Link 4 Phase-2,0,4,107.324998,-3.254657
link-4-phase-2,Link 4 Phase-2,0,5,107.549998,-3.254657
link-4-phase-2,Link 4 Phase-2,0,6,107.696385,-3.195961
link-3-phase-2,Link 3 Phase-2,0,0,107.696385,-3.195961
link-3-phase-2,Link 3 Phase-2,0,1,107.662498,-3.479269
link-3-phase-2,Link 3 Phase-2,0,2,107.437498,-4.601454
link-3-phase-2,Link 3 Phase-2,0,3,106.987498,-5.273944
link-3-phase-2,Link 3 Phase-2,0,4,106.833399,-6.128965
link-3-phase-2,Link 3 Phase-2,1,0,106.987498,-5.273944
link-3-phase-2,Link 3 Phase-2,1,1,107.120998,-5.981154
link-2-phase-2,Link 2 Phase-2,0,0,113.456794,-8.374088
link-2-phase-2,Link 2 Phase-2,0,1,113.624994,-8.62366
link-2-phase-2,Link 2 Phase-2,0,2,114.299993,-8.957195
link-2-phase-2,Link 2 Phase-2,0,3,114.974993,-8.957195
link-2-phase-2,Link 2 Phase-2,0,4,115.159853,-8.783705
link-1-phase-2,Link 1 Phase-2,0,0,115.259563,-8.695102
link-1-phase-2,Link 1 Phase-2,0,1,115.537492,-8.62366
link-1-phase-2,Link 1 Phase-2,0,2,115.874992,-8.62366
link-1-phase-2,Link 1 Phase-2,0,3,116.047262,-8.485465
link-3-phase-1,Link 3 Phase-1,0,0,116.047262,-8.485465
link-3-phase-1,Link 3 Phase-1,0,1,116.043742,-8.401139
link-3-phase-1,Link 3 Phase-1,0,2,116.099992,-8.17849
link-3-phase-1,Link 3 Phase-1,0,3,116.549992,-7.955717
link-3-phase-1,Link 3 Phase-1,0,4,117.449991,-7.955717
link-3-phase-1,Link 3 Phase-1,0,5,117.861514,-8.108113
link-2-phase-1,Link 2 Phase-1,0,0,117.535491,0.324544
link-2-phase-1,Link 2 Phase-1,0,1,117.899991,0.231088
link-2-phase-1,Link 2 Phase-1,0,2,119.24999,-0.443907
link-2-phase-1,Link 2 Phase-1,0,3,119.666103,-0.711959
link-1-phase-1,Link 1 Phase-1,0,0,117.861514,-8.108113
link-1-phase-1,Link 1 Phase-1,0,1,118.34999,-7.732823
link-1-phase-1,Link 1 Phase-1,0,2,119.47499,-6.616651
link-1-phase-1,Link 1 Phase-1,0,3,119.58749,-6.169451
link-1-phase-1,Link 1 Phase-1,0,4,119.809289,-5.669035
prat,Prat,0,0,-72.953411,-41.460374
prat,Prat,0,1,-73.349874,-41.609223
prat,Prat,0,2,-73.799873,-41.641926
prat,Prat,0,3,-74.249873,-41.398592
prat,Prat,0,4,-74.249873,-40.549228
prat,Prat,0,5,-73.793363,-39.152162
prat,Prat,0,6,-73.396774,-38.787127
prat,Prat,0,7,-73.574874,-38.700857
prat,Prat,0,8,-73.799873,-38.348806
prat,Prat,0,9,-73.799873,-37.04328
prat,Prat,0,10,-73.574874,-36.863478
prat,Prat,0,11,-73.108974,-36.831684
prat,Prat,0,12,-73.124874,-35.958118
prat,Prat,0,13,-72.899874,-35.47096
prat,Prat,0,14,-72.416064,-35.318375
prat,Prat,0,15,-72.449874,-34.734662
prat,Prat,0,16,-72.224875,-33.991744
prat,Prat,0,17,-71.600095,-33.546885
prat,Prat,0,18,-71.774875,-33.367637
prat,Prat,0,19,-71.620435,-33.045541
prat,Prat,0,20,-71.774875,-31.851466
prat,Prat,0,21,-71.999875,-30.309953
prat,Prat,0,22,-71.549875,-29.920697
prat,Prat,0,23,-71.250217,-29.906307
prat,Prat,0,24,-71.549875,-29.529913
prat,Prat,0,25,-71.774875,-28.74381
prat,Prat,0,26,-71.549875,-27.420447
prat,Prat,0,27,-70.812356,-27.061995
prat,Prat,0,28,-71.099875,-26.215682
prat,Prat,0,29,-71.099875,-24.316707
prat,Prat,0,30,-70.762376,-23.905969
prat,Prat,0,31,-70.399974,-23.650024
prat,Prat,0,32,-70.762376,-23.493922
prat,Prat,0,33,-70.762376,-22.94252
prat,Prat,0,34,-70.649876,-22.527485
prat,Prat,0,35,-70.197656,-22.08838
prat,Prat,0,36,-70.649876,-21.274951
prat,Prat,0,37,-70.649876,-20.855024
prat,Prat,0,38,-70.14221,-20.216705
prat,Prat,0,39,-70.649876,-19.588269
prat,Prat,0,40,-70.649876,-19.305384
prat,Prat,0,41,-70.306756,-18.473543
ultramar-ge,Ultramar GE,0,0,6.733269,0.333286
ultramar-ge,Ultramar GE,0,1,6.875069,0.118588
ultramar-ge,Ultramar GE,0,2,6.750069,-0.331409
ultramar-ge,Ultramar GE,0,3,5.65007,-1.231316
ultramar-ge,Ultramar GE,0,4,5.63687,-1.43516
umo,UMO,0,0,96.248206,16.758772
umo,UMO,0,1,96.441706,14.833379
umo,UMO,0,2,96.750006,11.294709
umo,UMO,0,3,97.425005,7.354454
umo,UMO,0,4,99.675004,5.28607
umo,UMO,0,5,100.462503,4.613592
umo,UMO,0,6,100.800003,3.266815
umo,UMO,0,7,101.250003,2.81745
umo,UMO,0,8,102.150002,2.199297
umo,UMO,0,9,102.682797,1.783118
umo,UMO,0,10,103.340651,1.383978
umo,UMO,0,11,103.500001,1.285317
umo,UMO,0,12,103.647101,1.338166
polar-circle-cable,Polar Circle Cable,0,0,10.392059,63.431002
polar-circle-cable,Polar Circle Cable,0,1,10.293817,63.475978
polar-circle-cable,Polar Circle Cable,0,2,9.900067,63.501087
polar-circle-cable,Polar Circle Cable,0,3,9.843817,63.576281
polar-circle-cable,Polar Circle Cable,0,4,9.675067,63.676209
polar-circle-cable,Polar Circle Cable,0,5,9.506324,63.676231
polar-circle-cable,Polar Circle Cable,0,6,9.450068,63.726074
polar-circle-cable,Polar Circle Cable,0,7,9.450068,63.825498
polar-circle-cable,Polar Circle Cable,0,8,9.618817,63.924572
polar-circle-cable,Polar Circle Cable,0,9,9.900067,64.121675
polar-circle-cable,Polar Circle Cable,0,10,10.237567,64.31739
polar-circle-cable,Polar Circle Cable,0,11,10.462567,64.46327
polar-circle-cable,Polar Circle Cable,0,12,10.800067,64.53592
polar-circle-cable,Polar Circle Cable,0,13,11.025066,64.704686
polar-circle-cable,Polar Circle Cable,0,14,11.237371,64.86208
polar-circle-cable,Polar Circle Cable,0,15,11.475066,64.96778
polar-circle-cable,Polar Circle Cable,0,16,11.700066,65.01534
polar-circle-cable,Polar Circle Cable,0,17,11.925066,65.133869
polar-circle-cable,Polar Circle Cable,0,18,12.207766,65.473557
polar-circle-cable,Polar Circle Cable,0,19,12.178191,65.556164
polar-circle-cable,Polar Circle Cable,0,20,12.262566,65.625961
polar-circle-cable,Polar Circle Cable,0,21,12.543815,65.834047
polar-circle-cable,Polar Circle Cable,0,22,12.631465,66.021539
polar-circle-cable,Polar Circle Cable,0,23,12.768815,66.15442
polar-circle-cable,Polar Circle Cable,0,24,13.018265,66.198066
polar-circle-cable,Polar Circle Cable,0,25,12.993815,66.380804
polar-circle-cable,Polar Circle Cable,0,26,13.050065,66.448324
polar-circle-cable,Polar Circle Cable,0,27,12.937565,66.560452
polar-circle-cable,Polar Circle Cable,0,28,13.050065,66.716585
polar-circle-cable,Polar Circle Cable,0,29,13.500065,66.959955
polar-circle-cable,Polar Circle Cable,0,30,13.950064,67.135438
polar-circle-cable,Polar Circle Cable,0,31,14.400064,67.286006
polar-circle-cable,Polar Circle Cable,0,32,14.512564,67.439493
polar-circle-cable,Polar Circle Cable,0,33,14.906314,67.611515
polar-circle-cable,Polar Circle Cable,0,34,15.131314,67.654325
polar-circle-cable,Polar Circle Cable,0,35,15.356313,67.782292
polar-circle-cable,Polar Circle Cable,0,36,15.581313,67.909562
polar-circle-cable,Polar Circle Cable,0,37,15.887563,67.972937
polar-circle-cable,Polar Circle Cable,0,38,16.143813,68.057169
polar-circle-cable,Polar Circle Cable,0,39,16.171888,68.141168
polar-circle-cable,Polar Circle Cable,0,40,16.127073,68.220748
polar-circle-cable,Polar Circle Cable,0,41,16.065163,68.289722
polar-circle-cable,Polar Circle Cable,0,42,16.152423,68.361874
polar-circle-cable,Polar Circle Cable,0,43,16.312563,68.386428
polar-circle-cable,Polar Circle Cable,0,44,16.668812,68.417357
polar-circle-cable,Polar Circle Cable,0,45,17.073262,68.407855
polar-circle-cable,Polar Circle Cable,0,46,17.560023,68.420549
tverrlinken,Tverrlinken,0,0,13.018229,66.198066
tverrlinken,Tverrlinken,0,1,13.050065,66.245218
tverrlinken,Tverrlinken,0,2,13.218815,66.290495
tverrlinken,Tverrlinken,0,3,13.387565,66.313103
tverrlinken,Tverrlinken,0,4,13.563639,66.292968
tverrlinken,Tverrlinken,0,5,13.563639,66.247734
tverrlinken,Tverrlinken,0,6,13.624479,66.224163
tverrlinken,Tverrlinken,0,7,13.781314,66.256524
tverrlinken,Tverrlinken,0,8,13.950064,66.256524
tverrlinken,Tverrlinken,0,9,14.141959,66.313711
national-digital-transmission-network-ndtn,National Digital Transmission Network (NDTN),0,0,121.612293,13.935275
national-digital-transmission-network-ndtn,National Digital Transmission Network (NDTN),0,1,121.724988,13.492128
national-digital-transmission-network-ndtn,National Digital Transmission Network (NDTN),0,2,121.837488,13.054151
national-digital-transmission-network-ndtn,National Digital Transmission Network (NDTN),0,3,121.837488,12.725156
national-digital-transmission-network-ndtn,National Digital Transmission Network (NDTN),0,4,121.724988,12.395734
national-digital-transmission-network-ndtn,National Digital Transmission Network (NDTN),0,5,121.387488,12.230866
national-digital-transmission-network-ndtn,National Digital Transmission Network (NDTN),0,6,121.050188,12.363013
national-digital-transmission-network-ndtn,National Digital Transmission Network (NDTN),1,0,121.050188,12.363013
national-digital-transmission-network-ndtn,National Digital Transmission Network (NDTN),1,1,121.049988,11.73565
national-digital-transmission-network-ndtn,National Digital Transmission Network (NDTN),1,2,121.274988,11.294709
national-digital-transmission-network-ndtn,National Digital Transmission Network (NDTN),1,3,121.499988,10.410817
national-digital-transmission-network-ndtn,National Digital Transmission Network (NDTN),1,4,121.949988,10.189443
national-digital-transmission-network-ndtn,National Digital Transmission Network (NDTN),1,5,122.433634,10.4259
national-digital-transmission-network-ndtn,National Digital Transmission Network (NDTN),1,6,122.287488,9.967915
national-digital-transmission-network-ndtn,National Digital Transmission Network (NDTN),1,7,122.287488,9.524411
national-digital-transmission-network-ndtn,National Digital Transmission Network (NDTN),1,8,122.849987,8.858082
national-digital-transmission-network-ndtn,National Digital Transmission Network (NDTN),1,9,123.187487,8.858082
national-digital-transmission-network-ndtn,National Digital Transmission Network (NDTN),1,10,123.299987,9.080331
national-digital-transmission-network-ndtn,National Digital Transmission Network (NDTN),1,11,123.281437,9.295504
national-digital-transmission-network-ndtn,National Digital Transmission Network (NDTN),2,0,122.433634,10.4259
national-digital-transmission-network-ndtn,National Digital Transmission Network (NDTN),2,1,122.562107,10.720151
rnne-rdvig,Rønne-Rødvig,0,0,12.371865,55.256125
rnne-rdvig,Rønne-Rødvig,0,1,12.825065,55.142151
rnne-rdvig,Rønne-Rødvig,0,2,14.400064,55.077801
rnne-rdvig,Rønne-Rødvig,0,3,14.708364,55.101036
chennai-andaman-nicobar-islands-cable-cani,Chennai-Andaman & Nicobar Islands Cable (CANI),0,0,92.913876,12.506923
chennai-andaman-nicobar-islands-cable-cani,Chennai-Andaman & Nicobar Islands Cable (CANI),0,1,92.923603,12.45624
chennai-andaman-nicobar-islands-cable-cani,Chennai-Andaman & Nicobar Islands Cable (CANI),0,2,92.935067,12.396497
chennai-andaman-nicobar-islands-cable-cani,Chennai-Andaman & Nicobar Islands Cable (CANI),0,3,92.987508,12.175887
chennai-andaman-nicobar-islands-cable-cani,Chennai-Andaman & Nicobar Islands Cable (CANI),0,4,92.987606,11.976016
chennai-andaman-nicobar-islands-cable-cani,Chennai-Andaman & Nicobar Islands Cable (CANI),0,5,92.870758,11.73565
chennai-andaman-nicobar-islands-cable-cani,Chennai-Andaman & Nicobar Islands Cable (CANI),0,6,92.726473,11.623376
chennai-andaman-nicobar-islands-cable-cani,Chennai-Andaman & Nicobar Islands Cable (CANI),0,7,92.868758,11.294709
chennai-andaman-nicobar-islands-cable-cani,Chennai-Andaman & Nicobar Islands Cable (CANI),0,8,92.756259,10.85309
chennai-andaman-nicobar-islands-cable-cani,Chennai-Andaman & Nicobar Islands Cable (CANI),0,9,92.597177,10.709095
chennai-andaman-nicobar-islands-cable-cani,Chennai-Andaman & Nicobar Islands Cable (CANI),0,10,92.700009,10.410817
chennai-andaman-nicobar-islands-cable-cani,Chennai-Andaman & Nicobar Islands Cable (CANI),0,11,92.925008,9.524411
chennai-andaman-nicobar-islands-cable-cani,Chennai-Andaman & Nicobar Islands Cable (CANI),0,12,92.816415,9.177521
chennai-andaman-nicobar-islands-cable-cani,Chennai-Andaman & Nicobar Islands Cable (CANI),0,13,93.037508,9.080331
chennai-andaman-nicobar-islands-cable-cani,Chennai-Andaman & Nicobar Islands Cable (CANI),0,14,93.318758,8.30188
chennai-andaman-nicobar-islands-cable-cani,Chennai-Andaman & Nicobar Islands Cable (CANI),0,15,93.481453,8.172274
chennai-andaman-nicobar-islands-cable-cani,Chennai-Andaman & Nicobar Islands Cable (CANI),0,16,93.406383,8.079176
chennai-andaman-nicobar-islands-cable-cani,Chennai-Andaman & Nicobar Islands Cable (CANI),0,17,93.459583,7.967777
chennai-andaman-nicobar-islands-cable-cani,Chennai-Andaman & Nicobar Islands Cable (CANI),0,18,93.543758,7.856348
chennai-andaman-nicobar-islands-cable-cani,Chennai-Andaman & Nicobar Islands Cable (CANI),0,19,93.937508,7.298763
chennai-andaman-nicobar-islands-cable-cani,Chennai-Andaman & Nicobar Islands Cable (CANI),0,20,93.927449,7.031337
chennai-andaman-nicobar-islands-cable-cani,Chennai-Andaman & Nicobar Islands Cable (CANI),1,0,92.726473,11.623376
chennai-andaman-nicobar-islands-cable-cani,Chennai-Andaman & Nicobar Islands Cable (CANI),1,1,92.812508,11.294709
chennai-andaman-nicobar-islands-cable-cani,Chennai-Andaman & Nicobar Islands Cable (CANI),1,2,92.250009,11.073983
chennai-andaman-nicobar-islands-cable-cani,Chennai-Andaman & Nicobar Islands Cable (CANI),1,3,89.100011,11.73565
chennai-andaman-nicobar-islands-cable-cani,Chennai-Andaman & Nicobar Islands Cable (CANI),1,4,83.700015,13.054151
chennai-andaman-nicobar-islands-cable-cani,Chennai-Andaman & Nicobar Islands Cable (CANI),1,5,81.450017,12.834869
chennai-andaman-nicobar-islands-cable-cani,Chennai-Andaman & Nicobar Islands Cable (CANI),1,6,80.242987,13.063853
dunant,Dunant,0,0,-1.968324,46.693997
dunant,Dunant,0,1,-2.699924,46.582355
dunant,Dunant,0,2,-5.399922,46.582355
dunant,Dunant,0,3,-9.899919,46.272183
dunant,Dunant,0,4,-16.199914,45.331071
dunant,Dunant,0,5,-23.399909,44.051519
dunant,Dunant,0,6,-39.599898,39.698323
dunant,Dunant,0,7,-50.39989,37.411284
dunant,Dunant,0,8,-61.199882,37.589787
dunant,Dunant,0,9,-72.449874,37.232354
dunant,Dunant,0,10,-74.699873,36.723079
dunant,Dunant,0,11,-76.059198,36.755008
gulf-of-california-cable,Gulf of California Cable,0,0,-110.305448,24.102537
gulf-of-california-cable,Gulf of California Cable,0,1,-110.137348,24.532658
gulf-of-california-cable,Gulf of California Cable,0,2,-109.574848,25.348717
gulf-of-california-cable,Gulf of California Cable,0,3,-109.050349,25.600682
coral-sea-cable-system-cs,Coral Sea Cable System (CS²),0,0,151.206998,-33.869555
coral-sea-cable-system-cs,Coral Sea Cable System (CS²),0,1,152.099966,-33.367637
coral-sea-cable-system-cs,Coral Sea Cable System (CS²),0,2,154.280363,-31.851466
coral-sea-cable-system-cs,Coral Sea Cable System (CS²),0,3,155.699964,-28.74381
coral-sea-cable-system-cs,Coral Sea Cable System (CS²),0,4,155.699964,-25.540896
coral-sea-cable-system-cs,Coral Sea Cable System (CS²),0,5,155.249964,-18.88014
coral-sea-cable-system-cs,Coral Sea Cable System (CS²),0,6,154.799965,-15.441024
coral-sea-cable-system-cs,Coral Sea Cable System (CS²),0,7,157.049963,-11.943945
coral-sea-cable-system-cs,Coral Sea Cable System (CS²),0,8,159.187461,-10.177457
coral-sea-cable-system-cs,Coral Sea Cable System (CS²),0,9,159.299961,-9.734235
coral-sea-cable-system-cs,Coral Sea Cable System (CS²),0,10,159.243761,-9.290424
coral-sea-cable-system-cs,Coral Sea Cable System (CS²),0,11,159.524961,-9.012755
coral-sea-cable-system-cs,Coral Sea Cable System (CS²),0,12,159.749961,-9.012755
coral-sea-cable-system-cs,Coral Sea Cable System (CS²),0,13,159.949761,-9.429054
coral-sea-cable-system-cs,Coral Sea Cable System (CS²),1,0,154.799965,-15.441024
coral-sea-cable-system-cs,Coral Sea Cable System (CS²),1,1,152.099966,-14.135775
coral-sea-cable-system-cs,Coral Sea Cable System (CS²),1,2,148.499969,-11.503334
coral-sea-cable-system-cs,Coral Sea Cable System (CS²),1,3,147.26247,-10.177457
coral-sea-cable-system-cs,Coral Sea Cable System (CS²),1,4,147.18852,-9.479589
coral-sea-cable-system-cs,Coral Sea Cable System (CS²),2,0,160.701328,-8.774637
coral-sea-cable-system-cs,Coral Sea Cable System (CS²),2,1,160.64996,-9.179383
coral-sea-cable-system-cs,Coral Sea Cable System (CS²),2,2,160.537461,-9.290424
coral-sea-cable-system-cs,Coral Sea Cable System (CS²),2,3,160.199961,-9.290424
coral-sea-cable-system-cs,Coral Sea Cable System (CS²),2,4,159.949761,-9.429054
coral-sea-cable-system-cs,Coral Sea Cable System (CS²),3,0,156.395862,-6.708991
coral-sea-cable-system-cs,Coral Sea Cable System (CS²),3,1,156.599963,-7.286684
coral-sea-cable-system-cs,Coral Sea Cable System (CS²),3,2,157.387463,-7.732823
coral-sea-cable-system-cs,Coral Sea Cable System (CS²),3,3,158.399962,-8.067119
coral-sea-cable-system-cs,Coral Sea Cable System (CS²),3,4,159.749961,-8.901627
coral-sea-cable-system-cs,Coral Sea Cable System (CS²),3,5,159.949761,-9.429054
coral-sea-cable-system-cs,Coral Sea Cable System (CS²),4,0,157.190686,-8.242089
coral-sea-cable-system-cs,Coral Sea Cable System (CS²),4,1,157.274963,-7.955717
coral-sea-cable-system-cs,Coral Sea Cable System (CS²),4,2,157.387463,-7.732823
malbec,Malbec,0,0,-48.599891,-32.61276
malbec,Malbec,0,1,-50.97802,-31.455963
malbec,Malbec,0,2,-51.22802,-30.034259
malbec,Malbec,0,0,-46.124893,-25.134187
malbec,Malbec,0,1,-46.349893,-27.951747
malbec,Malbec,0,2,-48.599891,-32.61276
malbec,Malbec,0,3,-53.999888,-35.775783
malbec,Malbec,0,4,-56.695442,-36.470979
malbec,Malbec,1,0,-46.412491,-24.008866
malbec,Malbec,1,1,-46.124893,-25.134187
malbec,Malbec,2,0,-43.209565,-22.903487
malbec,Malbec,2,1,-43.649895,-23.905969
malbec,Malbec,2,2,-44.999894,-24.521579
malbec,Malbec,2,3,-46.124893,-25.134187
st-pierre-and-miquelon-cable,St. Pierre and Miquelon Cable,0,0,-55.8359,47.071964
st-pierre-and-miquelon-cable,St. Pierre and Miquelon Cable,0,1,-56.137386,47.120912
st-pierre-and-miquelon-cable,St. Pierre and Miquelon Cable,0,2,-56.193636,47.120877
st-pierre-and-miquelon-cable,St. Pierre and Miquelon Cable,0,3,-56.349886,47.083686
st-pierre-and-miquelon-cable,St. Pierre and Miquelon Cable,0,4,-56.193636,47.082622
st-pierre-and-miquelon-cable,St. Pierre and Miquelon Cable,0,5,-56.137336,46.89066
st-pierre-and-miquelon-cable,St. Pierre and Miquelon Cable,0,6,-56.180586,46.77583
st-pierre-and-miquelon-cable,St. Pierre and Miquelon Cable,0,7,-55.968636,46.813826
st-pierre-and-miquelon-cable,St. Pierre and Miquelon Cable,0,8,-55.803286,46.868958
sea2shore,sea2shore,0,0,-71.593675,41.191963
sea2shore,sea2shore,0,1,-71.491625,41.323294
sea2shore,sea2shore,0,2,-71.442775,41.441393
nordbalt,NordBalt,0,0,15.908663,56.7438
nordbalt,NordBalt,0,1,16.087563,56.593793
nordbalt,NordBalt,0,2,16.200063,56.345223
nordbalt,NordBalt,0,3,16.312563,56.032217
nordbalt,NordBalt,0,4,17.325062,55.716652
nordbalt,NordBalt,0,5,20.47506,55.716652
nordbalt,NordBalt,0,6,21.149959,55.695749
southeast-asia-japan-cable-2-sjc2,Southeast Asia-Japan Cable 2 (SJC2),0,0,103.987012,1.389451
southeast-asia-japan-cable-2-sjc2,Southeast Asia-Japan Cable 2 (SJC2),0,1,104.19209,1.276482
southeast-asia-japan-cable-2-sjc2,Southeast Asia-Japan Cable 2 (SJC2),0,2,104.2879,1.327894
southeast-asia-japan-cable-2-sjc2,Southeast Asia-Japan Cable 2 (SJC2),0,3,104.45655,1.468427
southeast-asia-japan-cable-2-sjc2,Southeast Asia-Japan Cable 2 (SJC2),0,4,104.85,2.81745
southeast-asia-japan-cable-2-sjc2,Southeast Asia-Japan Cable 2 (SJC2),0,5,105.749999,4.052702
southeast-asia-japan-cable-2-sjc2,Southeast Asia-Japan Cable 2 (SJC2),0,6,107.099998,4.837826
southeast-asia-japan-cable-2-sjc2,Southeast Asia-Japan Cable 2 (SJC2),0,7,107.999998,5.510072
southeast-asia-japan-cable-2-sjc2,Southeast Asia-Japan Cable 2 (SJC2),0,8,110.699996,7.744889
southeast-asia-japan-cable-2-sjc2,Southeast Asia-Japan Cable 2 (SJC2),0,9,111.937495,9.967915
southeast-asia-japan-cable-2-sjc2,Southeast Asia-Japan Cable 2 (SJC2),0,10,112.949994,12.615396
southeast-asia-japan-cable-2-sjc2,Southeast Asia-Japan Cable 2 (SJC2),0,11,114.524993,17.10852
southeast-asia-japan-cable-2-sjc2,Southeast Asia-Japan Cable 2 (SJC2),0,12,114.749993,18.251816
southeast-asia-japan-cable-2-sjc2,Southeast Asia-Japan Cable 2 (SJC2),0,13,116.999991,19.529071
southeast-asia-japan-cable-2-sjc2,Southeast Asia-Japan Cable 2 (SJC2),0,14,120.149989,20.269544
southeast-asia-japan-cable-2-sjc2,Southeast Asia-Japan Cable 2 (SJC2),0,15,121.049988,20.375041
southeast-asia-japan-cable-2-sjc2,Southeast Asia-Japan Cable 2 (SJC2),0,16,122.849987,20.90144
southeast-asia-japan-cable-2-sjc2,Southeast Asia-Japan Cable 2 (SJC2),0,17,124.874986,22.052986
southeast-asia-japan-cable-2-sjc2,Southeast Asia-Japan Cable 2 (SJC2),0,18,125.774985,24.122617
southeast-asia-japan-cable-2-sjc2,Southeast Asia-Japan Cable 2 (SJC2),0,19,126.224985,25.551883
southeast-asia-japan-cable-2-sjc2,Southeast Asia-Japan Cable 2 (SJC2),0,20,126.674984,26.159308
southeast-asia-japan-cable-2-sjc2,Southeast Asia-Japan Cable 2 (SJC2),0,21,128.249983,28.359234
southeast-asia-japan-cable-2-sjc2,Southeast Asia-Japan Cable 2 (SJC2),0,22,129.599982,28.754486
southeast-asia-japan-cable-2-sjc2,Southeast Asia-Japan Cable 2 (SJC2),0,23,131.399981,29.049949
southeast-asia-japan-cable-2-sjc2,Southeast Asia-Japan Cable 2 (SJC2),0,24,134.999979,30.12605
southeast-asia-japan-cable-2-sjc2,Southeast Asia-Japan Cable 2 (SJC2),0,25,136.799977,30.901396
southeast-asia-japan-cable-2-sjc2,Southeast Asia-Japan Cable 2 (SJC2),0,26,138.599976,32.052708
southeast-asia-japan-cable-2-sjc2,Southeast Asia-Japan Cable 2 (SJC2),0,27,139.049976,32.433313
southeast-asia-japan-cable-2-sjc2,Southeast Asia-Japan Cable 2 (SJC2),0,28,139.724975,33.93964
southeast-asia-japan-cable-2-sjc2,Southeast Asia-Japan Cable 2 (SJC2),0,29,140.231225,34.405023
southeast-asia-japan-cable-2-sjc2,Southeast Asia-Japan Cable 2 (SJC2),0,30,140.2031,34.690726
southeast-asia-japan-cable-2-sjc2,Southeast Asia-Japan Cable 2 (SJC2),0,31,140.03435,34.852446
southeast-asia-japan-cable-2-sjc2,Southeast Asia-Japan Cable 2 (SJC2),0,32,139.954675,34.976728
southeast-asia-japan-cable-2-sjc2,Southeast Asia-Japan Cable 2 (SJC2),1,0,114.749993,18.251816
southeast-asia-japan-cable-2-sjc2,Southeast Asia-Japan Cable 2 (SJC2),1,1,114.299993,20.796306
southeast-asia-japan-cable-2-sjc2,Southeast Asia-Japan Cable 2 (SJC2),1,2,114.203093,22.22214
southeast-asia-japan-cable-2-sjc2,Southeast Asia-Japan Cable 2 (SJC2),2,0,120.149989,20.269544
southeast-asia-japan-cable-2-sjc2,Southeast Asia-Japan Cable 2 (SJC2),2,1,120.487489,21.635297
southeast-asia-japan-cable-2-sjc2,Southeast Asia-Japan Cable 2 (SJC2),2,2,120.662089,22.249168
southeast-asia-japan-cable-2-sjc2,Southeast Asia-Japan Cable 2 (SJC2),3,0,112.949994,12.615396
southeast-asia-japan-cable-2-sjc2,Southeast Asia-Japan Cable 2 (SJC2),3,1,111.599995,13.273238
southeast-asia-japan-cable-2-sjc2,Southeast Asia-Japan Cable 2 (SJC2),3,2,110.024996,13.710818
southeast-asia-japan-cable-2-sjc2,Southeast Asia-Japan Cable 2 (SJC2),3,3,109.219597,13.78291
southeast-asia-japan-cable-2-sjc2,Southeast Asia-Japan Cable 2 (SJC2),4,0,100.595103,7.198818
southeast-asia-japan-cable-2-sjc2,Southeast Asia-Japan Cable 2 (SJC2),4,1,101.700002,7.410337
southeast-asia-japan-cable-2-sjc2,Southeast Asia-Japan Cable 2 (SJC2),4,2,103.048831,7.563123
southeast-asia-japan-cable-2-sjc2,Southeast Asia-Japan Cable 2 (SJC2),4,3,105.3,6.181557
southeast-asia-japan-cable-2-sjc2,Southeast Asia-Japan Cable 2 (SJC2),4,4,107.099998,4.837826
southeast-asia-japan-cable-2-sjc2,Southeast Asia-Japan Cable 2 (SJC2),5,0,138.599976,32.052708
southeast-asia-japan-cable-2-sjc2,Southeast Asia-Japan Cable 2 (SJC2),5,1,137.699977,33.095517
southeast-asia-japan-cable-2-sjc2,Southeast Asia-Japan Cable 2 (SJC2),5,2,136.873997,34.336828
southeast-asia-japan-cable-2-sjc2,Southeast Asia-Japan Cable 2 (SJC2),6,0,129.599982,28.754486
southeast-asia-japan-cable-2-sjc2,Southeast Asia-Japan Cable 2 (SJC2),6,1,129.374983,30.901396
southeast-asia-japan-cable-2-sjc2,Southeast Asia-Japan Cable 2 (SJC2),6,2,129.149983,31.670513
southeast-asia-japan-cable-2-sjc2,Southeast Asia-Japan Cable 2 (SJC2),6,3,129.262483,32.812319
southeast-asia-japan-cable-2-sjc2,Southeast Asia-Japan Cable 2 (SJC2),6,4,129.374983,34.312152
southeast-asia-japan-cable-2-sjc2,Southeast Asia-Japan Cable 2 (SJC2),6,5,128.999483,35.170302
southeast-asia-japan-cable-2-sjc2,Southeast Asia-Japan Cable 2 (SJC2),7,0,128.249983,28.359234
southeast-asia-japan-cable-2-sjc2,Southeast Asia-Japan Cable 2 (SJC2),7,1,127.124984,29.540508
southeast-asia-japan-cable-2-sjc2,Southeast Asia-Japan Cable 2 (SJC2),7,2,125.774985,30.320465
southeast-asia-japan-cable-2-sjc2,Southeast Asia-Japan Cable 2 (SJC2),7,3,124.649986,30.901396
southeast-asia-japan-cable-2-sjc2,Southeast Asia-Japan Cable 2 (SJC2),7,4,122.849987,31.286739
southeast-asia-japan-cable-2-sjc2,Southeast Asia-Japan Cable 2 (SJC2),7,5,122.174988,31.142419
southeast-asia-japan-cable-2-sjc2,Southeast Asia-Japan Cable 2 (SJC2),7,6,121.896088,30.935662
southeast-asia-japan-cable-2-sjc2,Southeast Asia-Japan Cable 2 (SJC2),8,0,126.224985,25.551883
southeast-asia-japan-cable-2-sjc2,Southeast Asia-Japan Cable 2 (SJC2),8,1,123.749987,25.653337
southeast-asia-japan-cable-2-sjc2,Southeast Asia-Japan Cable 2 (SJC2),8,2,122.849987,25.754704
southeast-asia-japan-cable-2-sjc2,Southeast Asia-Japan Cable 2 (SJC2),8,3,121.949988,25.653337
southeast-asia-japan-cable-2-sjc2,Southeast Asia-Japan Cable 2 (SJC2),8,4,121.487688,25.181626
no-uk,NO-UK,0,0,-1.617778,54.978249
no-uk,NO-UK,0,1,-0.899925,55.334581
no-uk,NO-UK,0,2,0.900074,55.843186
no-uk,NO-UK,0,3,2.534972,56.549192
no-uk,NO-UK,0,4,3.375072,58.051316
no-uk,NO-UK,0,5,4.050071,58.641678
no-uk,NO-UK,0,6,5.175071,58.904132
no-uk,NO-UK,0,7,5.51257,59.020143
no-uk,NO-UK,0,8,5.73077,58.970821
sakhalin-kuril-islands-cable,Sakhalin-Kuril Islands Cable,0,0,143.145534,46.859505
sakhalin-kuril-islands-cable,Sakhalin-Kuril Islands Cable,0,1,143.454022,46.931179
sakhalin-kuril-islands-cable,Sakhalin-Kuril Islands Cable,0,2,145.574971,46.272183
sakhalin-kuril-islands-cable,Sakhalin-Kuril Islands Cable,0,3,147.59997,45.251927
sakhalin-kuril-islands-cable,Sakhalin-Kuril Islands Cable,0,4,147.881512,45.08669
sakhalin-kuril-islands-cable,Sakhalin-Kuril Islands Cable,0,5,147.59997,45.172673
sakhalin-kuril-islands-cable,Sakhalin-Kuril Islands Cable,0,6,147.05997,45.037723
sakhalin-kuril-islands-cable,Sakhalin-Kuril Islands Cable,0,7,146.756345,44.694829
sakhalin-kuril-islands-cable,Sakhalin-Kuril Islands Cable,0,8,146.69997,44.374058
sakhalin-kuril-islands-cable,Sakhalin-Kuril Islands Cable,0,9,146.249971,44.051519
sakhalin-kuril-islands-cable,Sakhalin-Kuril Islands Cable,0,10,145.858565,44.034532
sakhalin-kuril-islands-cable,Sakhalin-Kuril Islands Cable,0,11,146.249971,43.889588
sakhalin-kuril-islands-cable,Sakhalin-Kuril Islands Cable,0,12,146.747236,43.79362
meltingpot-indianoceanic-submarine-system-metiss,Meltingpot Indianoceanic Submarine System (METISS),0,0,30.901552,-30.021618
meltingpot-indianoceanic-submarine-system-metiss,Meltingpot Indianoceanic Submarine System (METISS),0,1,32.400051,-29.920697
meltingpot-indianoceanic-submarine-system-metiss,Meltingpot Indianoceanic Submarine System (METISS),0,2,38.700047,-27.553514
meltingpot-indianoceanic-submarine-system-metiss,Meltingpot Indianoceanic Submarine System (METISS),0,3,45.000042,-26.350175
meltingpot-indianoceanic-submarine-system-metiss,Meltingpot Indianoceanic Submarine System (METISS),0,4,47.70004,-25.540896
meltingpot-indianoceanic-submarine-system-metiss,Meltingpot Indianoceanic Submarine System (METISS),0,5,49.050039,-24.726118
meltingpot-indianoceanic-submarine-system-metiss,Meltingpot Indianoceanic Submarine System (METISS),0,6,51.750038,-23.080584
meltingpot-indianoceanic-submarine-system-metiss,Meltingpot Indianoceanic Submarine System (METISS),0,7,53.550036,-20.995132
meltingpot-indianoceanic-submarine-system-metiss,Meltingpot Indianoceanic Submarine System (METISS),0,8,54.000036,-20.574419
meltingpot-indianoceanic-submarine-system-metiss,Meltingpot Indianoceanic Submarine System (METISS),0,9,54.900035,-20.152544
meltingpot-indianoceanic-submarine-system-metiss,Meltingpot Indianoceanic Submarine System (METISS),0,10,55.800035,-20.152544
meltingpot-indianoceanic-submarine-system-metiss,Meltingpot Indianoceanic Submarine System (METISS),0,11,56.700034,-20.046896
meltingpot-indianoceanic-submarine-system-metiss,Meltingpot Indianoceanic Submarine System (METISS),0,12,57.495134,-20.122124
meltingpot-indianoceanic-submarine-system-metiss,Meltingpot Indianoceanic Submarine System (METISS),1,0,46.985341,-25.02251
meltingpot-indianoceanic-submarine-system-metiss,Meltingpot Indianoceanic Submarine System (METISS),1,1,47.250041,-25.337712
meltingpot-indianoceanic-submarine-system-metiss,Meltingpot Indianoceanic Submarine System (METISS),1,2,47.70004,-25.540896
meltingpot-indianoceanic-submarine-system-metiss,Meltingpot Indianoceanic Submarine System (METISS),2,0,54.000036,-20.574419
meltingpot-indianoceanic-submarine-system-metiss,Meltingpot Indianoceanic Submarine System (METISS),2,1,54.450036,-20.679707
meltingpot-indianoceanic-submarine-system-metiss,Meltingpot Indianoceanic Submarine System (METISS),2,2,54.900035,-20.890063
meltingpot-indianoceanic-submarine-system-metiss,Meltingpot Indianoceanic Submarine System (METISS),2,3,55.303235,-20.944428
java-bali-cable-system-jbcs,Java Bali Cable System (JBCS),0,0,114.310393,-8.448028
java-bali-cable-system-jbcs,Java Bali Cable System (JBCS),0,1,114.470743,-8.345489
java-bali-cable-system-jbcs,Java Bali Cable System (JBCS),0,2,114.527293,-8.29458
jakarta-surabaya-cable-system-jayabaya,Jakarta Surabaya Cable System (JAYABAYA),0,0,107.120998,-5.981154
jakarta-surabaya-cable-system-jayabaya,Jakarta Surabaya Cable System (JAYABAYA),0,1,107.324998,-5.833801
jakarta-surabaya-cable-system-jayabaya,Jakarta Surabaya Cable System (JAYABAYA),0,2,107.549998,-5.833801
jakarta-surabaya-cable-system-jayabaya,Jakarta Surabaya Cable System (JAYABAYA),0,3,108.449997,-6.169451
jakarta-surabaya-cable-system-jayabaya,Jakarta Surabaya Cable System (JAYABAYA),0,4,108.674997,-6.393099
jakarta-surabaya-cable-system-jayabaya,Jakarta Surabaya Cable System (JAYABAYA),0,5,108.674997,-6.560772
jakarta-surabaya-cable-system-jayabaya,Jakarta Surabaya Cable System (JAYABAYA),0,6,108.557344,-6.716653
jakarta-surabaya-cable-system-jayabaya,Jakarta Surabaya Cable System (JAYABAYA),0,7,108.787497,-6.616651
jakarta-surabaya-cable-system-jayabaya,Jakarta Surabaya Cable System (JAYABAYA),0,8,109.799996,-6.616651
jakarta-surabaya-cable-system-jayabaya,Jakarta Surabaya Cable System (JAYABAYA),0,9,110.024996,-6.730871
jakarta-surabaya-cable-system-jayabaya,Jakarta Surabaya Cable System (JAYABAYA),0,10,110.187887,-7.02652
jakarta-surabaya-cable-system-jayabaya,Jakarta Surabaya Cable System (JAYABAYA),0,11,110.249996,-6.730871
jakarta-surabaya-cable-system-jayabaya,Jakarta Surabaya Cable System (JAYABAYA),0,12,110.699996,-6.281287
jakarta-surabaya-cable-system-jayabaya,Jakarta Surabaya Cable System (JAYABAYA),0,13,111.374995,-6.169451
jakarta-surabaya-cable-system-jayabaya,Jakarta Surabaya Cable System (JAYABAYA),0,14,112.162495,-6.393099
jakarta-surabaya-cable-system-jayabaya,Jakarta Surabaya Cable System (JAYABAYA),0,15,112.612494,-6.616651
jakarta-surabaya-cable-system-jayabaya,Jakarta Surabaya Cable System (JAYABAYA),0,16,112.719721,-7.271863
southern-cross-next,Southern Cross NEXT,0,0,151.196257,-33.913572
southern-cross-next,Southern Cross NEXT,0,1,152.092065,-34.206633
southern-cross-next,Southern Cross NEXT,0,2,154.828645,-33.129108
southern-cross-next,Southern Cross NEXT,0,3,160.64996,-31.468437
southern-cross-next,Southern Cross NEXT,0,4,166.499956,-27.951747
southern-cross-next,Southern Cross NEXT,0,5,173.699951,-24.726118
southern-cross-next,Southern Cross NEXT,0,6,178.199948,-20.574419
southern-cross-next,Southern Cross NEXT,0,7,179.099947,-19.729525
southern-cross-next,Southern Cross NEXT,0,8,179.549947,-19.305384
southern-cross-next,Southern Cross NEXT,0,9,179.999947,-18.88014
southern-cross-next,Southern Cross NEXT,1,0,173.699951,-24.726118
southern-cross-next,Southern Cross NEXT,1,1,175.04995,-30.309953
southern-cross-next,Southern Cross NEXT,1,2,175.505712,-33.34802
southern-cross-next,Southern Cross NEXT,1,3,174.93745,-36.140033
southern-cross-next,Southern Cross NEXT,1,4,174.9937,-36.592978
southern-cross-next,Southern Cross NEXT,1,5,174.773241,-36.784138
southern-cross-next,Southern Cross NEXT,2,0,-179.999798,-18.88014
southern-cross-next,Southern Cross NEXT,2,1,-177.2998,-16.73811
southern-cross-next,Southern Cross NEXT,2,2,-175.499801,-14.571726
southern-cross-next,Southern Cross NEXT,2,3,-173.924803,-11.943945
southern-cross-next,Southern Cross NEXT,2,4,-172.799803,-11.062032
southern-cross-next,Southern Cross NEXT,2,5,-171.674804,-10.620065
southern-cross-next,Southern Cross NEXT,2,6,-171.449804,-9.290424
southern-cross-next,Southern Cross NEXT,2,7,-169.199806,-4.825692
southern-cross-next,Southern Cross NEXT,2,8,-162.89981,2.367913
southern-cross-next,Southern Cross NEXT,2,9,-160.199812,5.061987
southern-cross-next,Southern Cross NEXT,2,10,-159.299813,5.957819
southern-cross-next,Southern Cross NEXT,2,11,-138.599828,23.298598
southern-cross-next,Southern Cross NEXT,2,12,-127.799835,28.557045
southern-cross-next,Southern Cross NEXT,2,13,-120.59984,33.095517
southern-cross-next,Southern Cross NEXT,2,14,-118.799842,33.799526
southern-cross-next,Southern Cross NEXT,2,15,-118.399553,33.862234
southern-cross-next,Southern Cross NEXT,3,0,-157.427814,1.872154
southern-cross-next,Southern Cross NEXT,3,1,-157.724814,2.81745
southern-cross-next,Southern Cross NEXT,3,2,-158.849813,4.164913
southern-cross-next,Southern Cross NEXT,3,3,-160.199812,5.061987
southern-cross-next,Southern Cross NEXT,4,0,-171.449804,-9.290424
southern-cross-next,Southern Cross NEXT,4,1,-171.674804,-9.290424
southern-cross-next,Southern Cross NEXT,4,2,-171.811504,-9.174626
southern-cross-next,Southern Cross NEXT,5,0,178.438228,-18.12307
southern-cross-next,Southern Cross NEXT,5,1,178.649948,-18.88014
southern-cross-next,Southern Cross NEXT,5,2,179.099947,-19.729525
southern-cross-next,Southern Cross NEXT,6,0,179.34975,-16.808012
southern-cross-next,Southern Cross NEXT,6,1,179.099947,-17.168553
southern-cross-next,Southern Cross NEXT,6,2,179.099947,-17.705202
southern-cross-next,Southern Cross NEXT,6,3,179.324947,-18.88014
southern-cross-next,Southern Cross NEXT,6,4,179.549947,-19.305384
havfrueaec-2,Havfrue/AEC-2,0,0,-16.199914,55.077801
havfrueaec-2,Havfrue/AEC-2,0,1,-12.599917,54.819362
havfrueaec-2,Havfrue/AEC-2,0,2,-10.799918,54.165972
havfrueaec-2,Havfrue/AEC-2,0,3,-10.349918,53.901685
havfrueaec-2,Havfrue/AEC-2,0,4,-9.696519,53.770802
havfrueaec-2,Havfrue/AEC-2,1,0,-74.062863,40.152834
havfrueaec-2,Havfrue/AEC-2,1,1,-71.099875,40.55848
havfrueaec-2,Havfrue/AEC-2,1,2,-68.399877,41.238752
havfrueaec-2,Havfrue/AEC-2,1,3,-61.199882,42.412355
havfrueaec-2,Havfrue/AEC-2,1,4,-50.39989,44.694829
havfrueaec-2,Havfrue/AEC-2,1,5,-39.599898,47.50229
havfrueaec-2,Havfrue/AEC-2,1,6,-23.399909,52.963398
havfrueaec-2,Havfrue/AEC-2,1,7,-16.199914,55.077801
havfrueaec-2,Havfrue/AEC-2,1,8,-8.999919,58.991177
havfrueaec-2,Havfrue/AEC-2,1,9,-5.399922,59.679664
havfrueaec-2,Havfrue/AEC-2,1,10,-1.799924,59.451717
havfrueaec-2,Havfrue/AEC-2,1,11,1.800073,58.524394
havfrueaec-2,Havfrue/AEC-2,1,12,4.500071,57.57189
havfrueaec-2,Havfrue/AEC-2,1,13,5.40007,56.717468
havfrueaec-2,Havfrue/AEC-2,1,14,6.30007,56.220327
havfrueaec-2,Havfrue/AEC-2,1,15,7.200069,55.843186
havfrueaec-2,Havfrue/AEC-2,1,16,7.650069,55.77997
havfrueaec-2,Havfrue/AEC-2,1,17,8.329168,55.75165
havfrueaec-2,Havfrue/AEC-2,2,0,7.996259,58.151066
havfrueaec-2,Havfrue/AEC-2,2,1,7.987569,57.932057
havfrueaec-2,Havfrue/AEC-2,2,2,6.30007,57.57189
havfrueaec-2,Havfrue/AEC-2,2,3,4.500071,57.57189
damai-cable-system,DAMAI Cable System,0,0,98.675984,3.752031
damai-cable-system,DAMAI Cable System,0,1,98.887504,3.828234
damai-cable-system,DAMAI Cable System,0,2,99.450004,3.641133
damai-cable-system,DAMAI Cable System,0,3,99.787504,3.266815
damai-cable-system,DAMAI Cable System,0,4,100.350003,2.81745
damai-cable-system,DAMAI Cable System,0,5,100.313337,2.452338
damai-cable-system,DAMAI Cable System,0,6,100.462503,2.705081
damai-cable-system,DAMAI Cable System,0,7,100.575003,2.705081
damai-cable-system,DAMAI Cable System,0,8,101.250003,2.425987
damai-cable-system,DAMAI Cable System,0,9,101.758252,2.143087
damai-cable-system,DAMAI Cable System,0,10,101.870752,1.976445
damai-cable-system,DAMAI Cable System,0,11,101.728127,1.805588
damai-cable-system,DAMAI Cable System,0,12,101.447662,1.665523
japan-guam-australia-south-jga-s,Japan-Guam-Australia South (JGA-S),0,0,144.694698,13.464778
japan-guam-australia-south-jga-s,Japan-Guam-Australia South (JGA-S),0,1,144.815647,13.273238
japan-guam-australia-south-jga-s,Japan-Guam-Australia South (JGA-S),0,2,145.349971,12.834869
japan-guam-australia-south-jga-s,Japan-Guam-Australia South (JGA-S),0,3,146.249971,12.175887
japan-guam-australia-south-jga-s,Japan-Guam-Australia South (JGA-S),0,4,147.14997,11.73565
japan-guam-australia-south-jga-s,Japan-Guam-Australia South (JGA-S),0,5,149.399968,10.85309
japan-guam-australia-south-jga-s,Japan-Guam-Australia South (JGA-S),0,6,151.199967,9.524411
japan-guam-australia-south-jga-s,Japan-Guam-Australia South (JGA-S),0,7,152.999966,8.190543
japan-guam-australia-south-jga-s,Japan-Guam-Australia South (JGA-S),0,8,155.249964,4.164913
japan-guam-australia-south-jga-s,Japan-Guam-Australia South (JGA-S),0,9,156.599963,-0.331409
japan-guam-australia-south-jga-s,Japan-Guam-Australia South (JGA-S),0,10,157.724963,-3.029996
japan-guam-australia-south-jga-s,Japan-Guam-Australia South (JGA-S),0,11,159.299961,-4.825692
japan-guam-australia-south-jga-s,Japan-Guam-Australia South (JGA-S),0,12,161.54996,-6.616651
japan-guam-australia-south-jga-s,Japan-Guam-Australia South (JGA-S),0,13,162.449959,-8.401139
japan-guam-australia-south-jga-s,Japan-Guam-Australia South (JGA-S),0,14,162.899959,-10.177457
japan-guam-australia-south-jga-s,Japan-Guam-Australia South (JGA-S),0,15,161.999959,-13.698987
japan-guam-australia-south-jga-s,Japan-Guam-Australia South (JGA-S),0,16,159.299961,-18.88014
japan-guam-australia-south-jga-s,Japan-Guam-Australia South (JGA-S),0,17,157.949962,-25.540896
japan-guam-australia-south-jga-s,Japan-Guam-Australia South (JGA-S),0,18,156.599963,-28.74381
japan-guam-australia-south-jga-s,Japan-Guam-Australia South (JGA-S),0,19,154.609766,-31.851466
japan-guam-australia-south-jga-s,Japan-Guam-Australia South (JGA-S),0,20,152.099966,-33.461541
japan-guam-australia-south-jga-s,Japan-Guam-Australia South (JGA-S),0,21,151.273987,-33.761161
japan-guam-australia-south-jga-s,Japan-Guam-Australia South (JGA-S),1,0,157.949962,-25.540896
japan-guam-australia-south-jga-s,Japan-Guam-Australia South (JGA-S),1,1,153.899965,-26.551621
japan-guam-australia-south-jga-s,Japan-Guam-Australia South (JGA-S),1,2,153.089466,-26.651854
japan-guam-australia-north-jga-n,Japan-Guam-Australia North (JGA-N),0,0,144.694698,13.489136
japan-guam-australia-north-jga-n,Japan-Guam-Australia North (JGA-N),0,1,144.349972,14.042738
japan-guam-australia-north-jga-n,Japan-Guam-Australia North (JGA-N),0,2,143.774972,15.235782
japan-guam-australia-north-jga-n,Japan-Guam-Australia North (JGA-N),0,3,143.099973,16.965103
japan-guam-australia-north-jga-n,Japan-Guam-Australia North (JGA-N),0,4,140.849974,21.635297
japan-guam-australia-north-jga-n,Japan-Guam-Australia North (JGA-N),0,5,139.274976,24.941363
japan-guam-australia-north-jga-n,Japan-Guam-Australia North (JGA-N),0,6,139.049976,27.763589
japan-guam-australia-north-jga-n,Japan-Guam-Australia North (JGA-N),0,7,139.274976,30.901396
japan-guam-australia-north-jga-n,Japan-Guam-Australia North (JGA-N),0,8,139.612475,32.433313
japan-guam-australia-north-jga-n,Japan-Guam-Australia North (JGA-N),0,9,139.612475,33.93964
japan-guam-australia-north-jga-n,Japan-Guam-Australia North (JGA-N),0,10,139.781225,34.405023
japan-guam-australia-north-jga-n,Japan-Guam-Australia North (JGA-N),0,11,139.949975,34.690726
japan-guam-australia-north-jga-n,Japan-Guam-Australia North (JGA-N),0,12,140.006225,34.852446
japan-guam-australia-north-jga-n,Japan-Guam-Australia North (JGA-N),0,13,139.961026,34.97407
tonga-domestic-cable-extension-tdce,Tonga Domestic Cable Extension (TDCE),0,0,-173.983683,-18.647679
tonga-domestic-cable-extension-tdce,Tonga Domestic Cable Extension (TDCE),0,1,-174.262302,-18.88014
tonga-domestic-cable-extension-tdce,Tonga Domestic Cable Extension (TDCE),0,2,-174.937302,-19.729525
tonga-domestic-cable-extension-tdce,Tonga Domestic Cable Extension (TDCE),0,3,-175.162302,-20.574419
tonga-domestic-cable-extension-tdce,Tonga Domestic Cable Extension (TDCE),0,4,-175.200002,-21.133466
tonga-domestic-cable-extension-tdce,Tonga Domestic Cable Extension (TDCE),1,0,-174.937302,-19.729525
tonga-domestic-cable-extension-tdce,Tonga Domestic Cable Extension (TDCE),1,1,-174.599802,-19.729525
tonga-domestic-cable-extension-tdce,Tonga Domestic Cable Extension (TDCE),1,2,-174.352142,-19.813796
paniolo-cable-network,Paniolo Cable Network,0,0,-159.724213,21.970288
paniolo-cable-network,Paniolo Cable Network,0,1,-159.637313,21.844294
paniolo-cable-network,Paniolo Cable Network,0,2,-158.849813,21.321235
paniolo-cable-network,Paniolo Cable Network,0,3,-158.399814,21.321235
paniolo-cable-network,Paniolo Cable Network,0,4,-158.220663,21.463447
paniolo-cable-network,Paniolo Cable Network,1,0,-157.668906,21.272011
paniolo-cable-network,Paniolo Cable Network,1,1,-157.499814,21.111486
paniolo-cable-network,Paniolo Cable Network,1,2,-157.162314,21.0065
paniolo-cable-network,Paniolo Cable Network,1,3,-157.023885,21.093359
paniolo-cable-network,Paniolo Cable Network,1,4,-156.824815,21.0065
paniolo-cable-network,Paniolo Cable Network,1,5,-156.684483,20.900892
paniolo-cable-network,Paniolo Cable Network,2,0,-156.44,20.663598
paniolo-cable-network,Paniolo Cable Network,2,1,-156.262315,20.480466
paniolo-cable-network,Paniolo Cable Network,2,2,-155.981066,20.269544
paniolo-cable-network,Paniolo Cable Network,2,3,-155.831406,20.039988
bodo-rost-cable,Bodo-Rost Cable,0,0,12.070166,67.50256
bodo-rost-cable,Bodo-Rost Cable,0,1,12.150066,67.439493
bodo-rost-cable,Bodo-Rost Cable,0,2,13.950064,67.266219
bodo-rost-cable,Bodo-Rost Cable,0,3,14.400064,67.285998
malta-gozo-cable,Malta-Gozo Cable,0,0,14.271364,36.020483
malta-gozo-cable,Malta-Gozo Cable,0,1,14.307914,35.979588
malta-gozo-cable,Malta-Gozo Cable,0,2,14.344464,35.938671
mauritius-and-rodrigues-submarine-cable-system-mars,Mauritius and Rodrigues Submarine Cable System (MARS),0,0,57.485484,-20.473996
mauritius-and-rodrigues-submarine-cable-system-mars,Mauritius and Rodrigues Submarine Cable System (MARS),0,1,57.712533,-20.679707
mauritius-and-rodrigues-submarine-cable-system-mars,Mauritius and Rodrigues Submarine Cable System (MARS),0,2,58.050033,-20.679707
mauritius-and-rodrigues-submarine-cable-system-mars,Mauritius and Rodrigues Submarine Cable System (MARS),0,3,59.400032,-20.574419
mauritius-and-rodrigues-submarine-cable-system-mars,Mauritius and Rodrigues Submarine Cable System (MARS),0,4,61.650031,-20.152544
mauritius-and-rodrigues-submarine-cable-system-mars,Mauritius and Rodrigues Submarine Cable System (MARS),0,5,62.77503,-19.683017
mauritius-and-rodrigues-submarine-cable-system-mars,Mauritius and Rodrigues Submarine Cable System (MARS),0,6,63.337529,-19.570614
mauritius-and-rodrigues-submarine-cable-system-mars,Mauritius and Rodrigues Submarine Cable System (MARS),0,7,63.448229,-19.674356
palapa-ring-east,Palapa Ring East,0,0,120.253019,-9.645766
palapa-ring-east,Palapa Ring East,0,1,120.599989,-9.623337
palapa-ring-east,Palapa Ring East,0,2,121.612488,-10.288168
palapa-ring-east,Palapa Ring East,0,3,121.879871,-10.45781
palapa-ring-east,Palapa Ring East,0,4,122.062488,-10.39884
palapa-ring-east,Palapa Ring East,0,5,122.849987,-10.620065
palapa-ring-east,Palapa Ring East,0,6,123.035241,-10.733304
palapa-ring-east,Palapa Ring East,0,7,123.074987,-10.509472
palapa-ring-east,Palapa Ring East,0,8,123.299987,-10.343607
palapa-ring-east,Palapa Ring East,0,9,123.583387,-10.18294
palapa-ring-east,Palapa Ring East,1,0,124.453502,-8.160825
palapa-ring-east,Palapa Ring East,1,1,124.649986,-8.067119
palapa-ring-east,Palapa Ring East,1,2,125.324985,-8.067119
palapa-ring-east,Palapa Ring East,1,3,125.662485,-8.085683
palapa-ring-east,Palapa Ring East,1,4,126.449985,-8.122809
palapa-ring-east,Palapa Ring East,1,5,126.899984,-7.955717
palapa-ring-east,Palapa Ring East,1,6,127.349984,-7.955717
palapa-ring-east,Palapa Ring East,1,7,127.691488,-8.158094
palapa-ring-east,Palapa Ring East,1,8,127.787884,-8.150378
palapa-ring-east,Palapa Ring East,1,9,127.912484,-8.011422
palapa-ring-east,Palapa Ring East,1,10,128.924983,-8.011422
palapa-ring-east,Palapa Ring East,1,11,129.599982,-8.17849
palapa-ring-east,Palapa Ring East,1,12,130.049982,-8.17849
palapa-ring-east,Palapa Ring East,1,13,130.837482,-8.067119
palapa-ring-east,Palapa Ring East,1,14,131.213067,-8.052229
palapa-ring-east,Palapa Ring East,1,15,130.837482,-7.844285
palapa-ring-east,Palapa Ring East,1,16,130.724982,-7.621331
palapa-ring-east,Palapa Ring East,1,17,130.837482,-7.175079
palapa-ring-east,Palapa Ring East,1,18,131.624981,-6.281287
palapa-ring-east,Palapa Ring East,1,19,132.299981,-5.77784
palapa-ring-east,Palapa Ring East,1,20,132.752129,-5.626541
palapa-ring-east,Palapa Ring East,1,21,132.69373,-5.385958
palapa-ring-east,Palapa Ring East,1,22,132.86453,-5.128745
palapa-ring-east,Palapa Ring East,1,23,133.20213,-5.128745
palapa-ring-east,Palapa Ring East,1,24,134.099979,-5.945707
palapa-ring-east,Palapa Ring East,1,25,134.268729,-6.05759
palapa-ring-east,Palapa Ring East,1,26,134.550174,-6.194693
palapa-ring-east,Palapa Ring East,1,27,134.774979,-6.169451
palapa-ring-east,Palapa Ring East,1,28,135.224978,-5.833801
palapa-ring-east,Palapa Ring East,1,29,136.012478,-5.609922
palapa-ring-east,Palapa Ring East,1,30,136.462478,-5.385958
palapa-ring-east,Palapa Ring East,1,31,136.687477,-5.049857
palapa-ring-east,Palapa Ring East,1,32,136.889627,-4.550248
palapa-ring-east,Palapa Ring East,2,0,139.39646,-7.102405
palapa-ring-east,Palapa Ring East,2,1,139.049976,-7.175079
palapa-ring-east,Palapa Ring East,2,2,138.599976,-7.063446
palapa-ring-east,Palapa Ring East,2,3,138.262476,-6.616651
palapa-ring-east,Palapa Ring East,2,4,138.149976,-5.945707
palapa-ring-east,Palapa Ring East,2,5,138.121363,-5.535666
palapa-ring-east,Palapa Ring East,2,6,137.812477,-5.497951
palapa-ring-east,Palapa Ring East,2,7,137.249977,-5.273944
palapa-ring-east,Palapa Ring East,2,8,137.024977,-5.049857
palapa-ring-east,Palapa Ring East,2,9,136.889627,-4.550248
palapa-ring-east,Palapa Ring East,2,10,136.743727,-4.377144
palapa-ring-east,Palapa Ring East,2,11,135.787478,-3.591554
palapa-ring-east,Palapa Ring East,2,12,135.501638,-3.372234
palapa-ring-east,Palapa Ring East,3,0,135.501638,-3.372234
palapa-ring-east,Palapa Ring East,3,1,135.562478,-3.029996
palapa-ring-east,Palapa Ring East,3,2,135.899978,-2.580537
palapa-ring-east,Palapa Ring East,3,3,136.124978,-2.130918
palapa-ring-east,Palapa Ring East,3,4,136.157009,-1.756135
palapa-ring-east,Palapa Ring East,3,5,136.349978,-2.018492
palapa-ring-east,Palapa Ring East,3,6,136.799977,-2.018492
palapa-ring-east,Palapa Ring East,3,7,136.968827,-1.906058
palapa-ring-east,Palapa Ring East,3,8,137.025027,-1.681169
palapa-ring-east,Palapa Ring East,3,9,136.799977,-1.456254
palapa-ring-east,Palapa Ring East,3,10,136.349978,-1.456254
palapa-ring-east,Palapa Ring East,3,11,135.899978,-1.343787
palapa-ring-east,Palapa Ring East,3,12,135.674978,-1.175078
palapa-ring-east,Palapa Ring East,3,13,135.618728,-1.006509
palapa-ring-east,Palapa Ring East,3,14,135.638552,-0.729536
palapa-ring-east,Palapa Ring East,3,15,135.449978,-0.837631
palapa-ring-east,Palapa Ring East,3,16,134.999979,-0.837631
palapa-ring-east,Palapa Ring East,3,17,134.324979,-0.781387
palapa-ring-east,Palapa Ring East,3,18,134.061989,-0.861458
palapa-ring-east,Palapa Ring East,3,19,134.212479,-1.006359
palapa-ring-east,Palapa Ring East,3,20,134.324979,-1.231316
palapa-ring-east,Palapa Ring East,3,21,134.324979,-1.681169
palapa-ring-east,Palapa Ring East,3,22,134.662479,-2.130918
palapa-ring-east,Palapa Ring East,3,23,135.112479,-3.029996
palapa-ring-east,Palapa Ring East,3,24,135.501638,-3.372234
palapa-ring-east,Palapa Ring East,4,0,134.324979,-1.681169
palapa-ring-east,Palapa Ring East,4,1,133.874979,-2.018492
palapa-ring-east,Palapa Ring East,4,2,133.482082,-2.202398
palapa-ring-west,Palapa Ring West,0,0,108.987204,0.90605
palapa-ring-west,Palapa Ring West,0,1,108.787497,1.24349
palapa-ring-west,Palapa Ring West,0,2,108.449997,2.967259
palapa-ring-west,Palapa Ring West,0,3,108.449997,3.41656
palapa-ring-west,Palapa Ring West,0,4,108.377497,3.940875
palapa-ring-west,Palapa Ring West,0,5,108.142869,3.945639
palapa-ring-west,Palapa Ring West,0,6,107.999998,3.840706
palapa-ring-west,Palapa Ring West,0,7,107.324998,3.491423
palapa-ring-west,Palapa Ring West,0,8,106.874999,3.266815
palapa-ring-west,Palapa Ring West,0,9,106.211129,3.20714
palapa-ring-west,Palapa Ring West,0,10,105.974999,2.592701
palapa-ring-west,Palapa Ring West,0,11,105.749999,2.143087
palapa-ring-west,Palapa Ring West,0,12,104.867072,1.47696
palapa-ring-west,Palapa Ring West,0,13,104.625,1.299726
palapa-ring-west,Palapa Ring West,0,14,104.2879,1.117267
palapa-ring-west,Palapa Ring West,0,15,104.016637,1.066798
palapa-ring-west,Palapa Ring West,0,16,104.034751,0.90605
palapa-ring-west,Palapa Ring West,0,17,104.060101,0.793563
palapa-ring-west,Palapa Ring West,0,18,104.175,0.341586
palapa-ring-west,Palapa Ring West,0,19,104.4,0.006089
palapa-ring-west,Palapa Ring West,0,20,104.635449,-0.162759
palapa-ring-west,Palapa Ring West,1,0,104.635449,-0.162759
palapa-ring-west,Palapa Ring West,1,1,104.4,-0.218911
palapa-ring-west,Palapa Ring West,1,2,104.11875,-0.331409
palapa-ring-west,Palapa Ring West,1,3,103.466701,-0.816543
palapa-ring-west,Palapa Ring West,2,0,104.016637,1.066798
palapa-ring-west,Palapa Ring West,2,1,103.878131,1.106744
palapa-ring-west,Palapa Ring West,2,2,103.500001,0.962393
palapa-ring-west,Palapa Ring West,2,3,103.404884,0.769834
palapa-ring-west,Palapa Ring West,3,0,103.404884,0.769834
palapa-ring-west,Palapa Ring West,3,1,103.275001,0.962393
palapa-ring-west,Palapa Ring West,3,2,103.050001,1.168507
palapa-ring-west,Palapa Ring West,3,3,102.738926,1.220865
palapa-ring-west,Palapa Ring West,3,4,102.667022,0.932557
palapa-ring-west,Palapa Ring West,4,0,102.667022,0.932557
palapa-ring-west,Palapa Ring West,4,1,102.570302,1.220865
palapa-ring-west,Palapa Ring West,4,2,102.08008,1.489221
palapa-ring-west,Palapa Ring West,5,0,102.08008,1.489221
palapa-ring-west,Palapa Ring West,5,1,101.728127,1.637215
palapa-ring-west,Palapa Ring West,5,2,101.447662,1.665523
palapa-ring-middle,Palapa Ring Middle,0,0,124.839636,1.490779
palapa-ring-middle,Palapa Ring Middle,0,1,124.762486,1.805788
palapa-ring-middle,Palapa Ring Middle,0,2,125.212486,2.592701
palapa-ring-middle,Palapa Ring Middle,0,3,125.372935,2.754634
palapa-ring-middle,Palapa Ring Middle,0,4,125.212486,2.81745
palapa-ring-middle,Palapa Ring Middle,0,5,125.212486,3.266815
palapa-ring-middle,Palapa Ring Middle,0,6,125.485532,3.600935
palapa-ring-middle,Palapa Ring Middle,0,7,125.324985,3.715978
palapa-ring-middle,Palapa Ring Middle,0,8,125.437485,3.940476
palapa-ring-middle,Palapa Ring Middle,0,9,126.449985,4.052702
palapa-ring-middle,Palapa Ring Middle,0,10,126.71727,4.042961
palapa-ring-middle,Palapa Ring Middle,0,11,126.899984,3.940476
palapa-ring-middle,Palapa Ring Middle,0,12,127.124984,3.715978
palapa-ring-middle,Palapa Ring Middle,0,13,127.349984,3.266815
palapa-ring-middle,Palapa Ring Middle,0,14,127.912484,2.367913
palapa-ring-middle,Palapa Ring Middle,0,15,128.137483,2.255504
palapa-ring-middle,Palapa Ring Middle,0,16,128.400765,2.365668
palapa-ring-middle,Palapa Ring Middle,0,17,128.193733,2.143087
palapa-ring-middle,Palapa Ring Middle,0,18,128.137483,1.918229
palapa-ring-middle,Palapa Ring Middle,0,19,127.967855,1.71462
palapa-ring-middle,Palapa Ring Middle,1,0,127.361312,0.795809
palapa-ring-middle,Palapa Ring Middle,1,1,127.378109,0.739318
palapa-ring-middle,Palapa Ring Middle,1,2,127.404086,0.674041
palapa-ring-middle,Palapa Ring Middle,1,3,127.462484,0.681072
palapa-ring-middle,Palapa Ring Middle,1,4,127.561414,0.734978
palapa-ring-middle,Palapa Ring Middle,2,0,122.792757,-0.938789
palapa-ring-middle,Palapa Ring Middle,2,1,123.074987,-1.11884
palapa-ring-middle,Palapa Ring Middle,2,2,123.299987,-1.146959
palapa-ring-middle,Palapa Ring Middle,2,3,123.340221,-1.301025
palapa-ring-middle,Palapa Ring Middle,2,4,123.412487,-1.203172
palapa-ring-middle,Palapa Ring Middle,2,5,123.637487,-1.231316
palapa-ring-middle,Palapa Ring Middle,2,6,123.693737,-1.400021
palapa-ring-middle,Palapa Ring Middle,2,7,123.527526,-1.600245
palapa-ring-middle,Palapa Ring Middle,2,8,123.693787,-1.624992
palapa-ring-middle,Palapa Ring Middle,2,9,124.031286,-1.849889
palapa-ring-middle,Palapa Ring Middle,2,10,124.312486,-2.130918
palapa-ring-middle,Palapa Ring Middle,2,11,124.537486,-2.130918
palapa-ring-middle,Palapa Ring Middle,2,12,124.649986,-2.018492
palapa-ring-middle,Palapa Ring Middle,2,13,124.774009,-1.826804
palapa-ring-middle,Palapa Ring Middle,2,14,124.987486,-2.018492
palapa-ring-middle,Palapa Ring Middle,2,15,125.662485,-2.355746
palapa-ring-middle,Palapa Ring Middle,2,16,125.887485,-2.580537
palapa-ring-middle,Palapa Ring Middle,2,17,126.112485,-2.580537
palapa-ring-middle,Palapa Ring Middle,2,18,126.168735,-2.468146
palapa-ring-middle,Palapa Ring Middle,2,19,126.112485,-2.299542
palapa-ring-middle,Palapa Ring Middle,2,20,125.936995,-2.201478
palapa-ring-middle,Palapa Ring Middle,3,0,122.512977,-3.998469
palapa-ring-middle,Palapa Ring Middle,3,1,122.793787,-3.984543
palapa-ring-middle,Palapa Ring Middle,3,2,122.906237,-4.040605
palapa-ring-middle,Palapa Ring Middle,3,3,122.962487,-4.096713
palapa-ring-middle,Palapa Ring Middle,3,4,123.123913,-4.136112
palapa-ring-middle,Palapa Ring Middle,3,5,122.962487,-4.377144
palapa-ring-middle,Palapa Ring Middle,3,6,122.849987,-4.489308
palapa-ring-middle,Palapa Ring Middle,3,7,122.793737,-4.65752
palapa-ring-middle,Palapa Ring Middle,3,8,122.721081,-4.832407
palapa-ring-middle,Palapa Ring Middle,3,9,122.791737,-4.825692
palapa-ring-middle,Palapa Ring Middle,3,10,122.85611,-4.792242
palapa-ring-middle,Palapa Ring Middle,4,0,122.559948,-5.389069
palapa-ring-middle,Palapa Ring Middle,4,1,122.570737,-5.439966
palapa-ring-middle,Palapa Ring Middle,4,2,122.596862,-5.507088
ulysses-2,Ulysses 2,0,0,1.729273,52.468823
ulysses-2,Ulysses 2,0,1,2.250073,52.554915
ulysses-2,Ulysses 2,0,2,3.825072,52.554915
ulysses-2,Ulysses 2,0,3,4.275071,52.520701
ulysses-2,Ulysses 2,0,4,4.613671,52.458502
natitua,Natitua,0,0,-140.142112,-8.860524
natitua,Natitua,0,1,-139.724827,-9.290424
natitua,Natitua,0,2,-139.387327,-9.845097
natitua,Natitua,0,3,-139.499827,-10.177457
natitua,Natitua,0,4,-140.399826,-11.062032
natitua,Natitua,0,5,-144.899823,-13.698987
natitua,Natitua,0,6,-145.349823,-14.135775
natitua,Natitua,0,7,-145.462323,-14.571726
natitua,Natitua,0,8,-145.912322,-14.789381
natitua,Natitua,0,9,-146.699822,-14.789381
natitua,Natitua,0,10,-147.149822,-15.224032
natitua,Natitua,0,11,-147.149822,-15.549434
natitua,Natitua,0,12,-147.374821,-15.874323
natitua,Natitua,0,13,-148.72482,-17.383402
natitua,Natitua,0,14,-149.308121,-17.723342
natitua,Natitua,1,0,-145.912322,-14.789381
natitua,Natitua,1,1,-145.912322,-14.571726
natitua,Natitua,1,2,-145.958123,-14.402858
natitua,Natitua,2,0,-145.349823,-14.135775
natitua,Natitua,2,1,-145.124823,-14.244843
natitua,Natitua,2,2,-144.972186,-14.449769
natitua,Natitua,3,0,-139.387327,-9.845097
natitua,Natitua,3,1,-139.049827,-9.845097
natitua,Natitua,3,2,-139.021116,-9.75464
natitua,Natitua,4,0,-147.149822,-15.224032
natitua,Natitua,4,1,-147.374821,-15.115452
natitua,Natitua,4,2,-147.651286,-15.116207
natitua,Natitua,5,0,-147.149822,-15.549434
natitua,Natitua,5,1,-146.924822,-15.549434
natitua,Natitua,5,2,-146.587322,-15.549434
natitua,Natitua,5,3,-145.799822,-15.657788
natitua,Natitua,5,4,-145.349823,-15.982504
natitua,Natitua,5,5,-145.124823,-16.306693
natitua,Natitua,5,6,-144.562323,-16.73811
natitua,Natitua,5,7,-143.999824,-16.953455
natitua,Natitua,5,8,-143.774824,-16.845813
natitua,Natitua,5,9,-143.774824,-16.73811
natitua,Natitua,5,10,-143.867207,-16.539561
natitua,Natitua,6,0,-146.587322,-15.549434
natitua,Natitua,6,1,-146.643573,-15.441024
natitua,Natitua,6,2,-146.78615,-15.289888
natitua,Natitua,7,0,-146.924822,-15.549434
natitua,Natitua,7,1,-146.868573,-15.657788
natitua,Natitua,7,2,-146.673845,-15.741366
natitua,Natitua,8,0,-145.799822,-15.657788
natitua,Natitua,8,1,-145.799822,-15.874323
natitua,Natitua,8,2,-145.743573,-16.090626
natitua,Natitua,8,3,-145.624578,-16.310348
natitua,Natitua,9,0,-143.999824,-16.953455
natitua,Natitua,9,1,-143.437324,-17.061035
natitua,Natitua,9,2,-142.424825,-17.490732
natitua,Natitua,9,3,-141.187326,-18.026426
natitua,Natitua,9,4,-140.908126,-18.215746
curie,Curie,0,0,-71.620435,-33.045541
curie,Curie,0,1,-72.674874,-31.851466
curie,Curie,0,2,-79.649869,-18.453814
curie,Curie,0,3,-84.149866,-11.503334
curie,Curie,0,4,-85.499865,-6.616651
curie,Curie,0,5,-85.949865,0.568579
curie,Curie,0,6,-87.064756,5.534179
curie,Curie,0,7,-92.69986,9.524411
curie,Curie,0,8,-98.099856,12.615396
curie,Curie,0,9,-104.399852,16.102326
curie,Curie,0,10,-108.449849,18.678647
curie,Curie,0,11,-114.299845,22.469444
curie,Curie,0,12,-118.799842,27.763589
curie,Curie,0,13,-119.699841,31.286739
curie,Curie,0,14,-119.249841,32.812319
curie,Curie,0,15,-118.799842,33.75277
curie,Curie,0,16,-118.415961,33.91992
curie,Curie,1,0,-85.949865,0.568579
curie,Curie,1,1,-82.349867,2.367913
curie,Curie,1,2,-80.099869,5.061987
curie,Curie,1,3,-79.424869,7.298763
curie,Curie,1,4,-79.649869,8.190543
curie,Curie,1,5,-79.566619,8.950317
venezuelan-festoon,Venezuelan Festoon,0,0,-71.451096,10.395929
venezuelan-festoon,Venezuelan Festoon,0,1,-71.549875,10.468102
venezuelan-festoon,Venezuelan Festoon,0,2,-71.59841,10.688176
venezuelan-festoon,Venezuelan Festoon,0,3,-71.549875,11.073983
venezuelan-festoon,Venezuelan Festoon,0,4,-71.099875,11.405009
venezuelan-festoon,Venezuelan Festoon,0,5,-70.424876,11.62548
venezuelan-festoon,Venezuelan Festoon,0,6,-70.204316,11.708782
venezuelan-festoon,Venezuelan Festoon,0,7,-69.862376,11.62548
venezuelan-festoon,Venezuelan Festoon,0,8,-69.677806,11.402807
venezuelan-festoon,Venezuelan Festoon,0,9,-69.524877,11.515266
venezuelan-festoon,Venezuelan Festoon,0,10,-69.299877,11.62548
venezuelan-festoon,Venezuelan Festoon,0,11,-68.737377,11.570378
venezuelan-festoon,Venezuelan Festoon,0,12,-68.399877,11.294709
venezuelan-festoon,Venezuelan Festoon,0,13,-68.284497,10.928561
venezuelan-festoon,Venezuelan Festoon,0,14,-68.062378,10.742582
venezuelan-festoon,Venezuelan Festoon,0,15,-68.009594,10.478139
venezuelan-festoon,Venezuelan Festoon,0,16,-67.724878,10.632033
venezuelan-festoon,Venezuelan Festoon,0,17,-67.387378,10.742582
venezuelan-festoon,Venezuelan Festoon,0,18,-67.162378,10.742582
venezuelan-festoon,Venezuelan Festoon,0,19,-66.878298,10.606498
venezuelan-festoon,Venezuelan Festoon,0,20,-66.599879,10.742582
venezuelan-festoon,Venezuelan Festoon,0,21,-66.262379,10.742582
venezuelan-festoon,Venezuelan Festoon,0,22,-66.149879,10.632033
venezuelan-festoon,Venezuelan Festoon,0,23,-66.098121,10.480348
venezuelan-festoon,Venezuelan Festoon,0,24,-65.699879,10.410817
venezuelan-festoon,Venezuelan Festoon,0,25,-65.24988,10.410817
venezuelan-festoon,Venezuelan Festoon,0,26,-64.6449,10.202514
venezuelan-festoon,Venezuelan Festoon,0,27,-64.40813,10.410817
venezuelan-festoon,Venezuelan Festoon,0,28,-64.182107,10.454323
venezuelan-festoon,Venezuelan Festoon,0,29,-64.40613,10.632033
venezuelan-festoon,Venezuelan Festoon,0,30,-64.34988,10.797841
venezuelan-festoon,Venezuelan Festoon,0,31,-64.01238,10.742582
venezuelan-festoon,Venezuelan Festoon,0,32,-63.847634,10.955216
venezuelan-festoon,Venezuelan Festoon,0,33,-63.449881,10.85309
venezuelan-festoon,Venezuelan Festoon,0,34,-63.250516,10.666776
fibra-optica-austral,Fibra Optica Austral,0,0,-72.953411,-41.460374
fibra-optica-austral,Fibra Optica Austral,0,1,-73.349874,-41.651267
fibra-optica-austral,Fibra Optica Austral,0,2,-73.799873,-41.735272
fibra-optica-austral,Fibra Optica Austral,0,3,-74.249873,-41.902954
fibra-optica-austral,Fibra Optica Austral,0,4,-75.149873,-43.555576
fibra-optica-austral,Fibra Optica Austral,0,5,-76.049872,-46.728433
fibra-optica-austral,Fibra Optica Austral,0,6,-76.049872,-47.948158
fibra-optica-austral,Fibra Optica Austral,0,7,-75.599872,-51.718874
fibra-optica-austral,Fibra Optica Austral,0,8,-75.149873,-52.27301
fibra-optica-austral,Fibra Optica Austral,0,9,-74.137373,-52.820304
fibra-optica-austral,Fibra Optica Austral,0,10,-72.899874,-53.158904
fibra-optica-austral,Fibra Optica Austral,0,11,-71.549875,-53.360792
fibra-optica-austral,Fibra Optica Austral,0,12,-71.099875,-53.89451
fibra-optica-austral,Fibra Optica Austral,0,13,-70.199876,-54.421497
fibra-optica-austral,Fibra Optica Austral,0,14,-68.849877,-54.941795
fibra-optica-austral,Fibra Optica Austral,0,15,-68.174877,-55.006364
fibra-optica-austral,Fibra Optica Austral,0,16,-67.605861,-54.935201
fibra-optica-austral,Fibra Optica Austral,1,0,-76.049872,-47.948158
fibra-optica-austral,Fibra Optica Austral,1,1,-75.149873,-47.87275
fibra-optica-austral,Fibra Optica Austral,1,2,-74.699873,-47.797233
fibra-optica-austral,Fibra Optica Austral,1,3,-74.249873,-47.797233
fibra-optica-austral,Fibra Optica Austral,1,4,-73.536887,-47.801215
fibra-optica-austral,Fibra Optica Austral,2,0,-71.549875,-53.360792
fibra-optica-austral,Fibra Optica Austral,2,1,-71.212375,-53.293602
fibra-optica-austral,Fibra Optica Austral,2,2,-70.933333,-53.166655
djibouti-africa-regional-express-1-dare-1,Djibouti Africa Regional Express 1 (DARE 1),0,0,39.700144,-4.050297
djibouti-africa-regional-express-1-dare-1,Djibouti Africa Regional Express 1 (DARE 1),0,1,39.999997,-5.506104
djibouti-africa-regional-express-1-dare-1,Djibouti Africa Regional Express 1 (DARE 1),0,2,41.175045,-9.326623
djibouti-africa-regional-express-1-dare-1,Djibouti Africa Regional Express 1 (DARE 1),0,3,42.075044,-14.807438
djibouti-africa-regional-express-1-dare-1,Djibouti Africa Regional Express 1 (DARE 1),0,4,42.075044,-20.519587
djibouti-africa-regional-express-1-dare-1,Djibouti Africa Regional Express 1 (DARE 1),0,5,40.971261,-23.125069
djibouti-africa-regional-express-1-dare-1,Djibouti Africa Regional Express 1 (DARE 1),0,6,35.223462,-26.361157
djibouti-africa-regional-express-1-dare-1,Djibouti Africa Regional Express 1 (DARE 1),0,7,33.300051,-28.515334
djibouti-africa-regional-express-1-dare-1,Djibouti Africa Regional Express 1 (DARE 1),0,8,31.757962,-28.95056
djibouti-africa-regional-express-1-dare-1,Djibouti Africa Regional Express 1 (DARE 1),1,0,32.580621,-25.968268
djibouti-africa-regional-express-1-dare-1,Djibouti Africa Regional Express 1 (DARE 1),1,1,33.791408,-26.192699
djibouti-africa-regional-express-1-dare-1,Djibouti Africa Regional Express 1 (DARE 1),1,2,35.223462,-26.361157
djibouti-africa-regional-express-1-dare-1,Djibouti Africa Regional Express 1 (DARE 1),2,0,43.663143,-23.354725
djibouti-africa-regional-express-1-dare-1,Djibouti Africa Regional Express 1 (DARE 1),2,1,42.726977,-23.420873
djibouti-africa-regional-express-1-dare-1,Djibouti Africa Regional Express 1 (DARE 1),2,2,40.971261,-23.125069
djibouti-africa-regional-express-1-dare-1,Djibouti Africa Regional Express 1 (DARE 1),3,0,46.315441,-15.71373
djibouti-africa-regional-express-1-dare-1,Djibouti Africa Regional Express 1 (DARE 1),3,1,45.043011,-15.039498
djibouti-africa-regional-express-1-dare-1,Djibouti Africa Regional Express 1 (DARE 1),3,2,42.02595,-14.511536
djibouti-africa-regional-express-1-dare-1,Djibouti Africa Regional Express 1 (DARE 1),4,0,40.685397,-14.565583
djibouti-africa-regional-express-1-dare-1,Djibouti Africa Regional Express 1 (DARE 1),4,1,41.537907,-14.456695
djibouti-africa-regional-express-1-dare-1,Djibouti Africa Regional Express 1 (DARE 1),4,2,42.075044,-14.807438
djibouti-africa-regional-express-1-dare-1,Djibouti Africa Regional Express 1 (DARE 1),5,0,40.17485,-10.254887
djibouti-africa-regional-express-1-dare-1,Djibouti Africa Regional Express 1 (DARE 1),5,1,41.289617,-10.030241
djibouti-africa-regional-express-1-dare-1,Djibouti Africa Regional Express 1 (DARE 1),6,0,39.269676,-6.823132
djibouti-africa-regional-express-1-dare-1,Djibouti Africa Regional Express 1 (DARE 1),6,1,39.632571,-6.306132
djibouti-africa-regional-express-1-dare-1,Djibouti Africa Regional Express 1 (DARE 1),6,2,40.129272,-5.927942
djibouti-africa-regional-express-1-dare-1,Djibouti Africa Regional Express 1 (DARE 1),7,0,34.833448,-19.820109
djibouti-africa-regional-express-1-dare-1,Djibouti Africa Regional Express 1 (DARE 1),7,1,42.02595,-19.820109
djibouti-africa-regional-express-1-dare-1,Djibouti Africa Regional Express 1 (DARE 1),0,0,44.550043,11.349865
djibouti-africa-regional-express-1-dare-1,Djibouti Africa Regional Express 1 (DARE 1),0,1,43.650043,11.510285
djibouti-africa-regional-express-1-dare-1,Djibouti Africa Regional Express 1 (DARE 1),0,2,43.147994,11.594869
djibouti-africa-regional-express-1-dare-1,Djibouti Africa Regional Express 1 (DARE 1),1,0,44.550043,11.349865
djibouti-africa-regional-express-1-dare-1,Djibouti Africa Regional Express 1 (DARE 1),1,1,45.450042,11.294709
djibouti-africa-regional-express-1-dare-1,Djibouti Africa Regional Express 1 (DARE 1),1,2,48.60004,12.065895
djibouti-africa-regional-express-1-dare-1,Djibouti Africa Regional Express 1 (DARE 1),1,3,52.650037,13.054151
djibouti-africa-regional-express-1-dare-1,Djibouti Africa Regional Express 1 (DARE 1),1,4,54.000036,13.382708
djibouti-africa-regional-express-1-dare-1,Djibouti Africa Regional Express 1 (DARE 1),1,5,55.125035,12.615396
djibouti-africa-regional-express-1-dare-1,Djibouti Africa Regional Express 1 (DARE 1),1,6,54.450036,9.524411
djibouti-africa-regional-express-1-dare-1,Djibouti Africa Regional Express 1 (DARE 1),1,7,52.650037,5.510072
djibouti-africa-regional-express-1-dare-1,Djibouti Africa Regional Express 1 (DARE 1),1,8,49.500039,1.468427
djibouti-africa-regional-express-1-dare-1,Djibouti Africa Regional Express 1 (DARE 1),1,9,45.675042,-1.456254
djibouti-africa-regional-express-1-dare-1,Djibouti Africa Regional Express 1 (DARE 1),1,10,42.300044,-3.703826
djibouti-africa-regional-express-1-dare-1,Djibouti Africa Regional Express 1 (DARE 1),1,11,39.672896,-4.052924
djibouti-africa-regional-express-1-dare-1,Djibouti Africa Regional Express 1 (DARE 1),2,0,49.187929,11.275557
djibouti-africa-regional-express-1-dare-1,Djibouti Africa Regional Express 1 (DARE 1),2,1,48.82504,11.73565
djibouti-africa-regional-express-1-dare-1,Djibouti Africa Regional Express 1 (DARE 1),2,2,48.60004,12.065895
djibouti-africa-regional-express-1-dare-1,Djibouti Africa Regional Express 1 (DARE 1),3,0,45.344182,2.041205
djibouti-africa-regional-express-1-dare-1,Djibouti Africa Regional Express 1 (DARE 1),3,1,46.800041,2.030662
djibouti-africa-regional-express-1-dare-1,Djibouti Africa Regional Express 1 (DARE 1),3,2,49.500039,1.468427
peace-cable,PEACE Cable,0,0,9.450068,37.500588
peace-cable,PEACE Cable,0,1,9.675067,37.351688
peace-cable,PEACE Cable,0,2,9.867357,37.276816
peace-cable,PEACE Cable,1,0,55.350035,14.147584
peace-cable,PEACE Cable,1,1,48.60004,12.395734
peace-cable,PEACE Cable,1,2,45.450042,11.62548
peace-cable,PEACE Cable,1,3,44.550043,11.680571
peace-cable,PEACE Cable,2,0,67.028547,24.889732
peace-cable,PEACE Cable,2,1,65.250028,22.884654
peace-cable,PEACE Cable,2,2,64.350029,20.375041
peace-cable,PEACE Cable,2,3,60.975031,16.965103
peace-cable,PEACE Cable,2,4,58.950032,14.801154
peace-cable,PEACE Cable,2,5,57.000034,13.248905
peace-cable,PEACE Cable,2,6,55.350035,14.147584
peace-cable,PEACE Cable,3,0,58.000033,12.27362
peace-cable,PEACE Cable,3,1,57.000034,11.294709
peace-cable,PEACE Cable,3,2,54.900035,9.524411
peace-cable,PEACE Cable,3,3,53.550036,5.510072
peace-cable,PEACE Cable,3,4,50.400039,1.468427
peace-cable,PEACE Cable,3,5,45.900042,-1.681169
peace-cable,PEACE Cable,3,6,42.300044,-3.928327
peace-cable,PEACE Cable,3,7,39.672896,-4.052924
peace-cable,PEACE Cable,4,0,29.700933,31.07227
peace-cable,PEACE Cable,4,1,27.900054,31.861809
peace-cable,PEACE Cable,4,2,25.200056,32.575628
peace-cable,PEACE Cable,4,3,22.050059,33.315154
peace-cable,PEACE Cable,4,4,19.350061,33.189715
peace-cable,PEACE Cable,4,5,16.650062,32.812319
peace-cable,PEACE Cable,4,6,14.400064,33.705988
peace-cable,PEACE Cable,4,7,11.981316,35.419781
peace-cable,PEACE Cable,4,8,11.812566,35.785662
peace-cable,PEACE Cable,4,9,11.250066,37.232354
peace-cable,PEACE Cable,4,10,10.348617,37.500588
peace-cable,PEACE Cable,4,11,9.450068,37.500588
peace-cable,PEACE Cable,4,12,9.000068,37.500588
peace-cable,PEACE Cable,4,13,7.200069,37.94551
peace-cable,PEACE Cable,4,14,6.52507,38.651812
peace-cable,PEACE Cable,4,15,5.62507,41.744359
peace-cable,PEACE Cable,4,16,5.37253,43.293628
peace-cable,PEACE Cable,5,0,44.550043,11.680571
peace-cable,PEACE Cable,5,1,43.242231,12.615396
peace-cable,PEACE Cable,5,2,43.157856,12.834869
peace-cable,PEACE Cable,5,3,42.862544,13.054151
peace-cable,PEACE Cable,5,4,42.243794,13.929304
peace-cable,PEACE Cable,5,5,41.737545,14.801154
peace-cable,PEACE Cable,5,6,40.387546,16.534196
peace-cable,PEACE Cable,5,7,39.375046,18.251816
peace-cable,PEACE Cable,5,8,38.025047,20.375041
peace-cable,PEACE Cable,5,9,37.237548,22.052986
peace-cable,PEACE Cable,5,10,36.000049,24.122617
peace-cable,PEACE Cable,5,11,34.987549,25.754704
peace-cable,PEACE Cable,5,12,34.509425,26.562513
peace-cable,PEACE Cable,5,13,33.86255,27.364668
peace-cable,PEACE Cable,5,14,33.370838,28.161052
peace-cable,PEACE Cable,5,15,32.653181,29.113614
peace-cable,PEACE Cable,5,16,31.725052,29.09911
peace-cable,PEACE Cable,5,17,31.050052,29.344567
peace-cable,PEACE Cable,5,18,30.375053,29.711645
peace-cable,PEACE Cable,5,19,29.981303,30.22309
peace-cable,PEACE Cable,5,20,29.700933,31.07227
peace-cable,PEACE Cable,6,0,50.400039,1.468427
peace-cable,PEACE Cable,6,1,52.200037,-2.130918
peace-cable,PEACE Cable,6,2,54.000036,-3.928327
peace-cable,PEACE Cable,6,3,55.445055,-4.617611
peace-cable,PEACE Cable,7,0,27.900054,31.861809
peace-cable,PEACE Cable,7,1,31.500052,34.25018
peace-cable,PEACE Cable,7,2,32.466651,34.766572
peace-cable,PEACE Cable,8,0,11.981316,35.419781
peace-cable,PEACE Cable,8,1,13.668815,35.694348
peace-cable,PEACE Cable,8,2,14.350104,35.952401
peace-cable,PEACE Cable,9,0,73.071522,6.622459
peace-cable,PEACE Cable,9,1,73.112522,6.790134
peace-cable,PEACE Cable,9,2,73.225022,7.013503
peace-cable,PEACE Cable,10,0,57.000034,13.248905
peace-cable,PEACE Cable,10,1,58.000033,12.27362
peace-cable,PEACE Cable,10,2,63.00003,11.73565
peace-cable,PEACE Cable,10,3,67.000027,10.85309
peace-cable,PEACE Cable,10,4,71.319576,9.118188
peace-cable,PEACE Cable,10,5,73.225022,7.013503
peace-cable,PEACE Cable,10,6,73.597087,6.35551
peace-cable,PEACE Cable,10,7,74.250022,5.65936
peace-cable,PEACE Cable,10,8,78.300019,3.042156
peace-cable,PEACE Cable,10,9,79.650018,2.517776
peace-cable,PEACE Cable,10,10,81.000017,2.143087
peace-cable,PEACE Cable,10,11,85.500014,-0.781332
peace-cable,PEACE Cable,10,12,90.00001,0.118643
peace-cable,PEACE Cable,10,13,92.700009,3.940476
peace-cable,PEACE Cable,10,14,94.275007,4.937463
peace-cable,PEACE Cable,10,15,95.453282,5.909675
peace-cable,PEACE Cable,10,16,97.425005,5.28607
peace-cable,PEACE Cable,10,17,97.650005,5.28607
peace-cable,PEACE Cable,10,18,98.212505,4.613592
peace-cable,PEACE Cable,10,19,99.787504,3.266815
peace-cable,PEACE Cable,10,20,101.250003,1.974446
peace-cable,PEACE Cable,10,21,102.150002,1.749565
peace-cable,PEACE Cable,10,22,102.682797,1.502034
peace-cable,PEACE Cable,10,23,103.340651,1.159234
peace-cable,PEACE Cable,10,24,103.646211,1.338646
peace-cable,PEACE Cable,11,0,37.237548,22.052986
peace-cable,PEACE Cable,11,1,39.182756,21.481533
peace-cable,PEACE Cable,12,0,32.653181,29.113614
peace-cable,PEACE Cable,12,1,31.725052,29.197364
peace-cable,PEACE Cable,12,2,31.050052,29.442585
peace-cable,PEACE Cable,12,3,30.375053,29.809307
peace-cable,PEACE Cable,12,4,29.981303,30.320336
peace-cable,PEACE Cable,12,5,29.700933,31.07227
peace-cable,PEACE Cable,13,0,45.450042,11.62548
peace-cable,PEACE Cable,13,1,45.337542,11.073983
peace-cable,PEACE Cable,13,2,45.010882,10.435119
peace-cable,PEACE Cable,14,0,65.250028,22.884654
peace-cable,PEACE Cable,14,1,63.221807,23.917101
peace-cable,PEACE Cable,14,2,60.000007,24.853912
peace-cable,PEACE Cable,14,3,58.71856,25.051483
peace-cable,PEACE Cable,14,4,56.339934,25.051483
jupiter,JUPITER,0,0,-118.399553,33.862234
jupiter,JUPITER,0,1,-120.59984,33.705988
jupiter,JUPITER,0,2,-122.399839,33.93964
jupiter,JUPITER,0,3,-129.599834,37.589787
jupiter,JUPITER,0,4,-138.487239,41.407726
jupiter,JUPITER,0,5,-151.199834,44.048716
jupiter,JUPITER,0,6,-179.999814,44.048716
jupiter,JUPITER,1,0,179.999927,44.051502
jupiter,JUPITER,1,1,172.799921,44.051502
jupiter,JUPITER,1,2,160.199961,40.729204
jupiter,JUPITER,1,3,149.399968,35.785662
jupiter,JUPITER,1,4,143.099973,34.590456
jupiter,JUPITER,1,5,141.974974,34.405023
jupiter,JUPITER,1,6,140.849974,34.405023
jupiter,JUPITER,1,7,140.399975,34.690726
jupiter,JUPITER,1,8,140.189037,34.898593
jupiter,JUPITER,1,9,139.975467,35.005433
jupiter,JUPITER,2,0,140.849974,34.405023
jupiter,JUPITER,2,1,138.599976,33.75277
jupiter,JUPITER,2,2,137.699977,33.846256
jupiter,JUPITER,2,3,136.873997,34.336828
jupiter,JUPITER,3,0,141.974974,34.405023
jupiter,JUPITER,3,1,141.074974,32.052708
jupiter,JUPITER,3,2,140.624975,30.901396
jupiter,JUPITER,3,3,138.824976,27.763589
jupiter,JUPITER,3,4,137.249977,26.159308
jupiter,JUPITER,3,5,133.19998,22.469444
jupiter,JUPITER,3,6,127.799984,17.395023
jupiter,JUPITER,3,7,124.649986,15.235782
jupiter,JUPITER,3,8,123.524987,14.256645
jupiter,JUPITER,3,9,122.950087,14.116523
jupiter,JUPITER,4,0,-123.956338,45.231085
jupiter,JUPITER,4,1,-125.099837,44.694829
jupiter,JUPITER,4,2,-129.599834,43.401145
jupiter,JUPITER,4,3,-138.487239,41.407726
crosslake-fibre,Crosslake Fibre,0,0,-79.38532,43.644625
crosslake-fibre,Crosslake Fibre,0,1,-79.08737,43.482828
crosslake-fibre,Crosslake Fibre,0,2,-78.91862,43.237448
crosslake-fibre,Crosslake Fibre,0,3,-78.86237,43.073311
crosslake-fibre,Crosslake Fibre,0,4,-78.878461,42.885436
gtmo-pr,GTMO-PR,0,0,-66.185751,18.472994
gtmo-pr,GTMO-PR,0,1,-66.487379,18.731926
gtmo-pr,GTMO-PR,0,2,-67.049878,18.891662
gtmo-pr,GTMO-PR,0,3,-67.724878,18.465364
gtmo-pr,GTMO-PR,0,4,-68.062378,18.251816
gtmo-pr,GTMO-PR,0,5,-68.512377,17.823934
gtmo-pr,GTMO-PR,0,6,-69.299877,17.716802
gtmo-pr,GTMO-PR,0,7,-70.649876,17.287636
gtmo-pr,GTMO-PR,0,8,-71.999875,17.180187
gtmo-pr,GTMO-PR,0,9,-74.699873,17.395023
gtmo-pr,GTMO-PR,0,10,-75.149873,18.251816
gtmo-pr,GTMO-PR,0,11,-75.262372,19.67038
gtmo-pr,GTMO-PR,0,12,-75.158166,19.939616
gtmo-1,GTMO-1,0,0,-80.143941,26.052316
gtmo-1,GTMO-1,0,1,-79.649869,25.95718
gtmo-1,GTMO-1,0,2,-78.41237,26.159308
gtmo-1,GTMO-1,0,3,-77.512371,25.653337
gtmo-1,GTMO-1,0,4,-76.831171,25.813359
gtmo-1,GTMO-1,0,5,-76.240642,25.599112
gtmo-1,GTMO-1,0,6,-75.599872,25.14512
gtmo-1,GTMO-1,0,7,-74.924873,24.430272
gtmo-1,GTMO-1,0,8,-74.699873,24.0199
gtmo-1,GTMO-1,0,9,-74.587373,23.711258
gtmo-1,GTMO-1,0,10,-74.587373,23.298598
gtmo-1,GTMO-1,0,11,-74.699873,22.884654
gtmo-1,GTMO-1,0,12,-74.474873,22.052986
gtmo-1,GTMO-1,0,13,-74.024873,21.216398
gtmo-1,GTMO-1,0,14,-73.912373,20.796306
gtmo-1,GTMO-1,0,15,-74.024823,20.375041
gtmo-1,GTMO-1,0,16,-74.091323,20.183175
gtmo-1,GTMO-1,0,17,-74.306123,19.952623
gtmo-1,GTMO-1,0,18,-74.699873,19.740987
gtmo-1,GTMO-1,0,19,-74.924873,19.793829
gtmo-1,GTMO-1,0,20,-75.158166,19.939616
havhingstennorth-sea-connect-nsc,Havhingsten/North Sea Connect (NSC),0,0,8.193168,55.764615
havhingstennorth-sea-connect-nsc,Havhingsten/North Sea Connect (NSC),0,1,7.650069,55.52608
havhingstennorth-sea-connect-nsc,Havhingsten/North Sea Connect (NSC),0,2,7.200069,55.52608
havhingstennorth-sea-connect-nsc,Havhingsten/North Sea Connect (NSC),0,3,5.40007,55.547301
havhingstennorth-sea-connect-nsc,Havhingsten/North Sea Connect (NSC),0,4,3.150072,55.46235
havhingstennorth-sea-connect-nsc,Havhingsten/North Sea Connect (NSC),0,5,-0.899925,55.077801
havhingstennorth-sea-connect-nsc,Havhingsten/North Sea Connect (NSC),0,6,-1.617778,54.978249
havhingstenceltixconnect-2-cc-2,Havhingsten/CeltixConnect-2 (CC-2),0,0,-6.085471,53.54969
havhingstenceltixconnect-2-cc-2,Havhingsten/CeltixConnect-2 (CC-2),0,1,-5.624922,53.605365
havhingstenceltixconnect-2-cc-2,Havhingsten/CeltixConnect-2 (CC-2),0,2,-4.949922,53.802144
havhingstenceltixconnect-2-cc-2,Havhingsten/CeltixConnect-2 (CC-2),0,3,-4.499923,53.83535
havhingstenceltixconnect-2-cc-2,Havhingsten/CeltixConnect-2 (CC-2),0,4,-3.599923,53.83535
havhingstenceltixconnect-2-cc-2,Havhingsten/CeltixConnect-2 (CC-2),0,5,-3.050754,53.808976
havhingstenceltixconnect-2-cc-2,Havhingsten/CeltixConnect-2 (CC-2),1,0,-4.949922,53.802144
havhingstenceltixconnect-2-cc-2,Havhingsten/CeltixConnect-2 (CC-2),1,1,-4.949922,53.967914
havhingstenceltixconnect-2-cc-2,Havhingsten/CeltixConnect-2 (CC-2),1,2,-4.760422,54.087214
havhingstenceltixconnect-2-cc-2,Havhingsten/CeltixConnect-2 (CC-2),2,0,-4.499923,53.83535
havhingstenceltixconnect-2-cc-2,Havhingsten/CeltixConnect-2 (CC-2),2,1,-4.499723,53.967914
havhingstenceltixconnect-2-cc-2,Havhingsten/CeltixConnect-2 (CC-2),2,2,-4.566623,54.100286
cobracable,COBRAcable,0,0,8.718389,55.523118
cobracable,COBRAcable,0,1,8.383735,55.373632
cobracable,COBRAcable,0,2,7.644798,55.324586
cobracable,COBRAcable,0,3,6.975069,54.034038
cobracable,COBRAcable,0,4,6.816022,53.442805
kanawa,Kanawa,0,0,-61.112138,14.629
kanawa,Kanawa,0,1,-61.199832,14.474609
kanawa,Kanawa,0,2,-61.087382,14.365654
kanawa,Kanawa,0,3,-60.974883,14.365654
kanawa,Kanawa,0,4,-59.849883,13.929304
kanawa,Kanawa,0,5,-58.049885,12.615396
kanawa,Kanawa,0,6,-54.899887,9.524411
kanawa,Kanawa,0,7,-52.874888,5.957819
kanawa,Kanawa,0,8,-52.645555,5.168299
fly-lion3,FLY-LION3,0,0,43.243304,-11.700589
fly-lion3,FLY-LION3,0,1,43.143794,-11.943945
fly-lion3,FLY-LION3,0,2,43.312544,-12.163984
fly-lion3,FLY-LION3,0,3,43.537543,-12.163984
fly-lion3,FLY-LION3,0,4,43.875043,-12.163984
fly-lion3,FLY-LION3,0,5,44.550043,-12.603512
fly-lion3,FLY-LION3,0,6,45.000042,-12.822996
fly-lion3,FLY-LION3,0,7,45.165762,-12.817096
nelson-levin,Nelson-Levin,0,0,173.28395,-41.272264
nelson-levin,Nelson-Levin,0,1,173.474951,-40.890286
nelson-levin,Nelson-Levin,0,2,173.924951,-40.549228
nelson-levin,Nelson-Levin,0,3,174.82495,-40.549228
nelson-levin,Nelson-Levin,0,4,175.285316,-40.625275
png-lng,PNG LNG,0,0,144.240206,-7.413516
png-lng,PNG LNG,0,1,144.603869,-7.965739
png-lng,PNG LNG,0,2,145.805114,-8.831047
png-lng,PNG LNG,0,3,146.623354,-9.42818
png-lng,PNG LNG,0,4,147.18852,-9.479589
kumul-domestic-submarine-cable-system,Kumul Domestic Submarine Cable System,0,0,143.209934,-9.078142
kumul-domestic-submarine-cable-system,Kumul Domestic Submarine Cable System,0,1,143.999972,-8.84605
kumul-domestic-submarine-cable-system,Kumul Domestic Submarine Cable System,0,2,144.725735,-8.332314
kumul-domestic-submarine-cable-system,Kumul Domestic Submarine Cable System,0,3,145.574971,-8.401139
kumul-domestic-submarine-cable-system,Kumul Domestic Submarine Cable System,0,4,146.69997,-9.290424
kumul-domestic-submarine-cable-system,Kumul Domestic Submarine Cable System,0,5,147.18852,-9.479589
kumul-domestic-submarine-cable-system,Kumul Domestic Submarine Cable System,1,0,145.771748,-7.963744
kumul-domestic-submarine-cable-system,Kumul Domestic Submarine Cable System,1,1,145.574971,-8.401139
kumul-domestic-submarine-cable-system,Kumul Domestic Submarine Cable System,2,0,147.18852,-9.479589
kumul-domestic-submarine-cable-system,Kumul Domestic Submarine Cable System,2,1,147.37497,-10.177457
kumul-domestic-submarine-cable-system,Kumul Domestic Submarine Cable System,2,2,149.399968,-11.062032
kumul-domestic-submarine-cable-system,Kumul Domestic Submarine Cable System,2,3,150.749967,-11.062032
kumul-domestic-submarine-cable-system,Kumul Domestic Submarine Cable System,2,4,151.199967,-10.84113
kumul-domestic-submarine-cable-system,Kumul Domestic Submarine Cable System,2,5,151.199967,-10.39884
kumul-domestic-submarine-cable-system,Kumul Domestic Submarine Cable System,2,6,150.974967,-10.177457
kumul-domestic-submarine-cable-system,Kumul Domestic Submarine Cable System,2,7,150.299968,-9.734235
kumul-domestic-submarine-cable-system,Kumul Domestic Submarine Cable System,2,8,149.849968,-9.290424
kumul-domestic-submarine-cable-system,Kumul Domestic Submarine Cable System,2,9,149.399968,-8.84605
kumul-domestic-submarine-cable-system,Kumul Domestic Submarine Cable System,2,10,149.399968,-8.401139
kumul-domestic-submarine-cable-system,Kumul Domestic Submarine Cable System,2,11,148.049969,-7.063446
kumul-domestic-submarine-cable-system,Kumul Domestic Submarine Cable System,2,12,148.049969,-6.393099
kumul-domestic-submarine-cable-system,Kumul Domestic Submarine Cable System,2,13,147.59997,-5.945707
kumul-domestic-submarine-cable-system,Kumul Domestic Submarine Cable System,2,14,146.906305,-5.585376
kumul-domestic-submarine-cable-system,Kumul Domestic Submarine Cable System,2,15,146.024971,-5.273944
kumul-domestic-submarine-cable-system,Kumul Domestic Submarine Cable System,2,16,145.784741,-5.233684
kumul-domestic-submarine-cable-system,Kumul Domestic Submarine Cable System,3,0,150.458757,-10.315743
kumul-domestic-submarine-cable-system,Kumul Domestic Submarine Cable System,3,1,150.749967,-10.39884
kumul-domestic-submarine-cable-system,Kumul Domestic Submarine Cable System,3,2,151.199967,-10.39884
kumul-domestic-submarine-cable-system,Kumul Domestic Submarine Cable System,4,0,148.293524,-8.604446
kumul-domestic-submarine-cable-system,Kumul Domestic Submarine Cable System,4,1,148.949969,-8.401139
kumul-domestic-submarine-cable-system,Kumul Domestic Submarine Cable System,4,2,149.399968,-8.401139
kumul-domestic-submarine-cable-system,Kumul Domestic Submarine Cable System,5,0,146.992939,-6.739376
kumul-domestic-submarine-cable-system,Kumul Domestic Submarine Cable System,5,1,147.37497,-7.063446
kumul-domestic-submarine-cable-system,Kumul Domestic Submarine Cable System,5,2,148.049969,-7.062898
kumul-domestic-submarine-cable-system,Kumul Domestic Submarine Cable System,6,0,145.784741,-5.233684
kumul-domestic-submarine-cable-system,Kumul Domestic Submarine Cable System,6,1,146.024971,-5.049857
kumul-domestic-submarine-cable-system,Kumul Domestic Submarine Cable System,6,2,146.249971,-4.825692
kumul-domestic-submarine-cable-system,Kumul Domestic Submarine Cable System,6,3,146.249971,-4.377144
kumul-domestic-submarine-cable-system,Kumul Domestic Submarine Cable System,6,4,145.349971,-3.479269
kumul-domestic-submarine-cable-system,Kumul Domestic Submarine Cable System,6,5,144.449972,-2.580537
kumul-domestic-submarine-cable-system,Kumul Domestic Submarine Cable System,6,6,142.199974,-2.130918
kumul-domestic-submarine-cable-system,Kumul Domestic Submarine Cable System,6,7,141.299974,-2.130918
kumul-domestic-submarine-cable-system,Kumul Domestic Submarine Cable System,6,8,140.849974,-2.355746
kumul-domestic-submarine-cable-system,Kumul Domestic Submarine Cable System,6,9,140.669115,-2.591565
kumul-domestic-submarine-cable-system,Kumul Domestic Submarine Cable System,7,0,141.299974,-2.130918
kumul-domestic-submarine-cable-system,Kumul Domestic Submarine Cable System,7,1,141.299876,-2.689698
kumul-domestic-submarine-cable-system,Kumul Domestic Submarine Cable System,8,0,143.658371,-3.580054
kumul-domestic-submarine-cable-system,Kumul Domestic Submarine Cable System,8,1,143.999972,-3.479269
kumul-domestic-submarine-cable-system,Kumul Domestic Submarine Cable System,8,2,144.449972,-3.029996
kumul-domestic-submarine-cable-system,Kumul Domestic Submarine Cable System,8,3,144.449972,-2.580537
kumul-domestic-submarine-cable-system,Kumul Domestic Submarine Cable System,9,0,146.249971,-4.825692
kumul-domestic-submarine-cable-system,Kumul Domestic Submarine Cable System,9,1,146.69997,-4.601454
kumul-domestic-submarine-cable-system,Kumul Domestic Submarine Cable System,9,2,149.399968,-4.601454
kumul-domestic-submarine-cable-system,Kumul Domestic Submarine Cable System,9,3,150.524968,-4.825692
kumul-domestic-submarine-cable-system,Kumul Domestic Submarine Cable System,9,4,151.199967,-3.928327
kumul-domestic-submarine-cable-system,Kumul Domestic Submarine Cable System,9,5,149.849968,-2.580537
kumul-domestic-submarine-cable-system,Kumul Domestic Submarine Cable System,9,6,149.849968,-2.130918
kumul-domestic-submarine-cable-system,Kumul Domestic Submarine Cable System,9,7,150.524968,-2.130918
kumul-domestic-submarine-cable-system,Kumul Domestic Submarine Cable System,9,8,150.808561,-2.578139
kumul-domestic-submarine-cable-system,Kumul Domestic Submarine Cable System,10,0,150.524968,-4.825692
kumul-domestic-submarine-cable-system,Kumul Domestic Submarine Cable System,10,1,150.412468,-5.273944
kumul-domestic-submarine-cable-system,Kumul Domestic Submarine Cable System,10,2,150.138737,-5.55112
kumul-domestic-submarine-cable-system,Kumul Domestic Submarine Cable System,11,0,151.199967,-3.928327
kumul-domestic-submarine-cable-system,Kumul Domestic Submarine Cable System,11,1,152.212466,-3.928327
kumul-domestic-submarine-cable-system,Kumul Domestic Submarine Cable System,11,2,152.437466,-4.152768
kumul-domestic-submarine-cable-system,Kumul Domestic Submarine Cable System,11,3,152.549966,-4.377144
kumul-domestic-submarine-cable-system,Kumul Domestic Submarine Cable System,11,4,152.662466,-4.825692
kumul-domestic-submarine-cable-system,Kumul Domestic Submarine Cable System,11,5,152.999966,-5.049857
kumul-domestic-submarine-cable-system,Kumul Domestic Submarine Cable System,11,6,153.899965,-4.825692
kumul-domestic-submarine-cable-system,Kumul Domestic Submarine Cable System,11,7,154.799965,-4.825692
kumul-domestic-submarine-cable-system,Kumul Domestic Submarine Cable System,11,8,155.249964,-5.273944
kumul-domestic-submarine-cable-system,Kumul Domestic Submarine Cable System,11,9,155.474964,-5.721873
kumul-domestic-submarine-cable-system,Kumul Domestic Submarine Cable System,11,10,155.567835,-6.225663
kumul-domestic-submarine-cable-system,Kumul Domestic Submarine Cable System,12,0,152.212466,-3.928327
kumul-domestic-submarine-cable-system,Kumul Domestic Submarine Cable System,12,1,152.212466,-4.040555
kumul-domestic-submarine-cable-system,Kumul Domestic Submarine Cable System,12,2,152.274576,-4.342382
kumul-domestic-submarine-cable-system,Kumul Domestic Submarine Cable System,13,0,145.349971,-3.479269
kumul-domestic-submarine-cable-system,Kumul Domestic Submarine Cable System,13,1,145.799971,-2.130918
kumul-domestic-submarine-cable-system,Kumul Domestic Submarine Cable System,13,2,146.69997,-1.681169
kumul-domestic-submarine-cable-system,Kumul Domestic Submarine Cable System,13,3,147.14997,-1.793617
kumul-domestic-submarine-cable-system,Kumul Domestic Submarine Cable System,13,4,147.279071,-2.034986
strategic-evolution-underwater-link-seul,Strategic Evolution Underwater Link (SEUL),0,0,-88.294455,17.925607
strategic-evolution-underwater-link-seul,Strategic Evolution Underwater Link (SEUL),0,1,-88.090863,17.911032
strategic-evolution-underwater-link-seul,Strategic Evolution Underwater Link (SEUL),0,2,-87.978342,17.911032
labuan-brunei-submarine-cable,Labuan-Brunei Submarine Cable,0,0,114.885633,4.926762
labuan-brunei-submarine-cable,Labuan-Brunei Submarine Cable,0,1,114.974993,5.120007
labuan-brunei-submarine-cable,Labuan-Brunei Submarine Cable,0,2,115.168943,5.25534
marea,MAREA,0,0,-76.059202,36.755005
marea,MAREA,0,1,-74.699873,36.813199
marea,MAREA,0,2,-72.449874,37.411284
marea,MAREA,0,3,-61.199882,37.94551
marea,MAREA,0,4,-50.39989,37.94551
marea,MAREA,0,5,-39.599898,40.38732
marea,MAREA,0,6,-23.399909,44.694829
marea,MAREA,0,7,-16.199914,45.646541
marea,MAREA,0,8,-9.899919,46.582355
marea,MAREA,0,9,-5.849922,45.646541
marea,MAREA,0,10,-4.499923,44.694829
marea,MAREA,0,11,-2.949194,43.27422
brazilian-festoon,Brazilian Festoon,0,0,-35.211181,-5.794843
brazilian-festoon,Brazilian Festoon,0,1,-34.874901,-6.169451
brazilian-festoon,Brazilian Festoon,0,2,-34.762401,-6.616651
brazilian-festoon,Brazilian Festoon,0,3,-34.861031,-7.115297
brazilian-festoon,Brazilian Festoon,0,4,-34.649901,-7.398261
brazilian-festoon,Brazilian Festoon,0,5,-34.649901,-7.732823
brazilian-festoon,Brazilian Festoon,0,6,-34.871971,-8.055327
brazilian-festoon,Brazilian Festoon,0,7,-34.762401,-8.401139
brazilian-festoon,Brazilian Festoon,0,8,-35.099901,-9.290424
brazilian-festoon,Brazilian Festoon,0,9,-35.73496,-9.652223
brazilian-festoon,Brazilian Festoon,0,10,-35.8874,-10.177457
brazilian-festoon,Brazilian Festoon,0,11,-36.4499,-10.730618
brazilian-festoon,Brazilian Festoon,0,12,-37.074799,-10.909608
brazilian-festoon,Brazilian Festoon,0,13,-37.0124,-11.172421
brazilian-festoon,Brazilian Festoon,0,14,-37.181149,-11.558449
brazilian-festoon,Brazilian Festoon,0,15,-37.570509,-11.84667
brazilian-festoon,Brazilian Festoon,0,16,-37.687399,-12.273935
brazilian-festoon,Brazilian Festoon,0,17,-38.024899,-12.822996
brazilian-festoon,Brazilian Festoon,0,18,-38.504488,-12.969972
brazilian-festoon,Brazilian Festoon,0,19,-38.474899,-13.480287
brazilian-festoon,Brazilian Festoon,0,20,-38.699898,-14.244843
brazilian-festoon,Brazilian Festoon,0,21,-39.047698,-14.787969
brazilian-festoon,Brazilian Festoon,0,22,-38.812398,-15.224032
brazilian-festoon,Brazilian Festoon,0,23,-38.699898,-15.874323
brazilian-festoon,Brazilian Festoon,0,24,-38.812398,-16.306693
brazilian-festoon,Brazilian Festoon,0,25,-39.064688,-16.451076
brazilian-festoon,Brazilian Festoon,0,26,-38.924898,-16.953455
brazilian-festoon,Brazilian Festoon,0,27,-38.924898,-17.597999
brazilian-festoon,Brazilian Festoon,0,28,-39.374898,-18.453814
brazilian-festoon,Brazilian Festoon,0,29,-39.859128,-18.71669
brazilian-festoon,Brazilian Festoon,0,30,-39.599898,-18.986553
brazilian-festoon,Brazilian Festoon,0,31,-39.599898,-19.729525
brazilian-festoon,Brazilian Festoon,0,32,-39.824898,-20.152544
brazilian-festoon,Brazilian Festoon,0,33,-40.301657,-20.294028
brazilian-festoon,Brazilian Festoon,0,34,-40.499897,-20.995132
brazilian-festoon,Brazilian Festoon,0,35,-41.027237,-21.631145
brazilian-festoon,Brazilian Festoon,0,36,-40.949897,-21.832991
brazilian-festoon,Brazilian Festoon,0,37,-41.174897,-22.2501
brazilian-festoon,Brazilian Festoon,0,38,-41.399896,-22.354184
brazilian-festoon,Brazilian Festoon,0,39,-41.785636,-22.371792
brazilian-festoon,Brazilian Festoon,0,40,-41.849896,-22.66597
brazilian-festoon,Brazilian Festoon,0,41,-42.299896,-23.080584
brazilian-festoon,Brazilian Festoon,0,42,-42.749895,-23.080584
brazilian-festoon,Brazilian Festoon,0,43,-43.209565,-22.903487
nationwide-submarine-cable-ooredoo-maldives-nascom,Nationwide Submarine Cable Ooredoo Maldives (NaSCOM),0,0,73.089182,-0.60552
nationwide-submarine-cable-ooredoo-maldives-nascom,Nationwide Submarine Cable Ooredoo Maldives (NaSCOM),0,1,72.997683,0.281087
nationwide-submarine-cable-ooredoo-maldives-nascom,Nationwide Submarine Cable Ooredoo Maldives (NaSCOM),0,2,72.997683,0.531081
nationwide-submarine-cable-ooredoo-maldives-nascom,Nationwide Submarine Cable Ooredoo Maldives (NaSCOM),0,3,72.997683,0.781064
nationwide-submarine-cable-ooredoo-maldives-nascom,Nationwide Submarine Cable Ooredoo Maldives (NaSCOM),0,4,73.424632,2.776779
nationwide-submarine-cable-ooredoo-maldives-nascom,Nationwide Submarine Cable Ooredoo Maldives (NaSCOM),0,5,73.539572,3.27608
nationwide-submarine-cable-ooredoo-maldives-nascom,Nationwide Submarine Cable Ooredoo Maldives (NaSCOM),0,6,73.540352,3.962982
nationwide-submarine-cable-ooredoo-maldives-nascom,Nationwide Submarine Cable Ooredoo Maldives (NaSCOM),0,7,73.540352,4.212346
nationwide-submarine-cable-ooredoo-maldives-nascom,Nationwide Submarine Cable Ooredoo Maldives (NaSCOM),0,8,73.490352,4.46163
nationwide-submarine-cable-ooredoo-maldives-nascom,Nationwide Submarine Cable Ooredoo Maldives (NaSCOM),0,9,73.270822,4.854566
nationwide-submarine-cable-ooredoo-maldives-nascom,Nationwide Submarine Cable Ooredoo Maldives (NaSCOM),0,10,73.070822,5.103623
nationwide-submarine-cable-ooredoo-maldives-nascom,Nationwide Submarine Cable Ooredoo Maldives (NaSCOM),0,11,73.181272,5.211384
nationwide-submarine-cable-ooredoo-maldives-nascom,Nationwide Submarine Cable Ooredoo Maldives (NaSCOM),0,12,73.181272,5.435414
nationwide-submarine-cable-ooredoo-maldives-nascom,Nationwide Submarine Cable Ooredoo Maldives (NaSCOM),0,13,73.170822,5.60144
nationwide-submarine-cable-ooredoo-maldives-nascom,Nationwide Submarine Cable Ooredoo Maldives (NaSCOM),0,14,73.171502,6.12583
nationwide-submarine-cable-ooredoo-maldives-nascom,Nationwide Submarine Cable Ooredoo Maldives (NaSCOM),0,15,73.071502,6.622826
saba-statia-cable-system-sscs,"Saba, Statia Cable System (SSCS)",0,0,-62.729761,17.298636
saba-statia-cable-system-sscs,"Saba, Statia Cable System (SSCS)",0,1,-62.829761,17.298636
saba-statia-cable-system-sscs,"Saba, Statia Cable System (SSCS)",0,2,-62.987041,17.386453
saba-statia-cable-system-sscs,"Saba, Statia Cable System (SSCS)",0,3,-62.985526,17.475894
saba-statia-cable-system-sscs,"Saba, Statia Cable System (SSCS)",0,4,-63.087091,17.481859
saba-statia-cable-system-sscs,"Saba, Statia Cable System (SSCS)",0,5,-63.251641,17.521162
saba-statia-cable-system-sscs,"Saba, Statia Cable System (SSCS)",0,6,-63.244217,17.615098
saba-statia-cable-system-sscs,"Saba, Statia Cable System (SSCS)",0,7,-63.351691,17.616497
saba-statia-cable-system-sscs,"Saba, Statia Cable System (SSCS)",0,8,-63.351691,17.711782
saba-statia-cable-system-sscs,"Saba, Statia Cable System (SSCS)",0,9,-63.155061,17.929328
saba-statia-cable-system-sscs,"Saba, Statia Cable System (SSCS)",0,10,-63.055057,18.024448
saba-statia-cable-system-sscs,"Saba, Statia Cable System (SSCS)",0,11,-62.943631,17.984512
saba-statia-cable-system-sscs,"Saba, Statia Cable System (SSCS)",0,12,-62.850549,17.897916
east-west-submarine-cable-system,East-West Submarine Cable System,0,0,103.850681,2.295702
east-west-submarine-cable-system,East-West Submarine Cable System,0,1,104.4,2.480312
east-west-submarine-cable-system,East-West Submarine Cable System,0,2,105.749999,2.592701
east-west-submarine-cable-system,East-West Submarine Cable System,0,3,105.974999,2.81745
east-west-submarine-cable-system,East-West Submarine Cable System,0,4,106.211129,3.20714
east-west-submarine-cable-system,East-West Submarine Cable System,0,5,106.874999,3.154491
east-west-submarine-cable-system,East-West Submarine Cable System,0,6,107.324998,3.266815
east-west-submarine-cable-system,East-West Submarine Cable System,0,7,107.999998,3.491423
east-west-submarine-cable-system,East-West Submarine Cable System,0,8,108.290228,3.66676
east-west-submarine-cable-system,East-West Submarine Cable System,0,9,108.899997,3.266815
east-west-submarine-cable-system,East-West Submarine Cable System,0,10,109.799996,2.592701
east-west-submarine-cable-system,East-West Submarine Cable System,0,11,110.249996,1.918229
east-west-submarine-cable-system,East-West Submarine Cable System,0,12,110.353706,1.520169
smpcs-packet-1,SMPCS Packet-1,0,0,124.839636,1.490779
smpcs-packet-1,SMPCS Packet-1,0,1,125.099986,1.24349
smpcs-packet-1,SMPCS Packet-1,0,2,125.999985,1.018534
smpcs-packet-1,SMPCS Packet-1,0,3,126.899984,1.018534
smpcs-packet-1,SMPCS Packet-1,0,4,126.899984,0.568579
smpcs-packet-1,SMPCS Packet-1,0,5,126.899984,0.118588
smpcs-packet-1,SMPCS Packet-1,0,6,126.674984,-1.231316
smpcs-packet-1,SMPCS Packet-1,0,7,126.686994,-2.201478
smpcs-packet-1,SMPCS Packet-1,0,8,127.124984,-2.580537
smpcs-packet-1,SMPCS Packet-1,0,9,127.349984,-3.254657
smpcs-packet-1,SMPCS Packet-1,0,10,127.574984,-3.703826
smpcs-packet-1,SMPCS Packet-1,0,11,127.799984,-3.928327
smpcs-packet-1,SMPCS Packet-1,0,12,128.024984,-3.928327
smpcs-packet-1,SMPCS Packet-1,0,13,128.190703,-3.645746
smpcs-packet-1,SMPCS Packet-1,0,14,128.474983,-3.816084
smpcs-packet-1,SMPCS Packet-1,0,15,129.149983,-3.928327
smpcs-packet-1,SMPCS Packet-1,0,16,129.824982,-4.152768
smpcs-packet-1,SMPCS Packet-1,0,17,130.499982,-4.152768
smpcs-packet-1,SMPCS Packet-1,0,18,131.399981,-3.928327
smpcs-packet-1,SMPCS Packet-1,0,19,132.299981,-3.479269
smpcs-packet-1,SMPCS Packet-1,0,20,132.74998,-3.366969
smpcs-packet-1,SMPCS Packet-1,0,21,133.00857,-3.111419
smpcs-packet-1,SMPCS Packet-1,1,0,129.872052,-4.520172
smpcs-packet-1,SMPCS Packet-1,1,1,129.824982,-4.152768
smpcs-packet-1,SMPCS Packet-1,2,0,129.149983,-3.928327
smpcs-packet-1,SMPCS Packet-1,2,1,129.149983,-3.703826
smpcs-packet-1,SMPCS Packet-1,2,2,128.955253,-3.297847
smpcs-packet-1,SMPCS Packet-1,3,0,127.349984,-3.254657
smpcs-packet-1,SMPCS Packet-1,3,1,127.085824,-3.233401
smpcs-packet-1,SMPCS Packet-1,4,0,126.686994,-2.201478
smpcs-packet-1,SMPCS Packet-1,4,1,125.936995,-2.201478
smpcs-packet-1,SMPCS Packet-1,5,0,126.674984,-1.231316
smpcs-packet-1,SMPCS Packet-1,5,1,127.349984,-1.006359
smpcs-packet-1,SMPCS Packet-1,5,2,127.799984,-1.006359
smpcs-packet-1,SMPCS Packet-1,5,3,128.249983,-1.231316
smpcs-packet-1,SMPCS Packet-1,5,4,129.149983,-1.231316
smpcs-packet-1,SMPCS Packet-1,5,5,129.599982,-0.781387
smpcs-packet-1,SMPCS Packet-1,5,6,130.390022,-0.590191
smpcs-packet-1,SMPCS Packet-1,5,7,130.890122,-0.590191
smpcs-packet-1,SMPCS Packet-1,5,8,131.295391,-0.882056
smpcs-packet-1,SMPCS Packet-1,6,0,127.480454,-0.626808
smpcs-packet-1,SMPCS Packet-1,6,1,127.349984,-0.781387
smpcs-packet-1,SMPCS Packet-1,6,2,127.349984,-1.006359
smpcs-packet-1,SMPCS Packet-1,7,0,128.190703,-3.645746
smpcs-packet-1,SMPCS Packet-1,7,1,128.024984,-4.040555
smpcs-packet-1,SMPCS Packet-1,7,2,127.799984,-4.152768
smpcs-packet-1,SMPCS Packet-1,7,3,126.449985,-4.152768
smpcs-packet-1,SMPCS Packet-1,7,4,125.099986,-3.816084
smpcs-packet-1,SMPCS Packet-1,7,5,123.074987,-3.816084
smpcs-packet-1,SMPCS Packet-1,7,6,122.512977,-3.998469
smpcs-packet-1,SMPCS Packet-1,8,0,127.349984,1.018534
smpcs-packet-1,SMPCS Packet-1,8,1,127.349984,0.90605
smpcs-packet-1,SMPCS Packet-1,8,2,127.375374,0.789853
smpcs-packet-1,SMPCS Packet-1,9,0,126.899984,1.018534
smpcs-packet-1,SMPCS Packet-1,9,1,127.349984,1.018534
smpcs-packet-1,SMPCS Packet-1,9,2,127.462484,0.90605
smpcs-packet-1,SMPCS Packet-1,9,3,127.561414,0.734978
smpcs-packet-2,SMPCS Packet-2,0,0,130.857602,-0.383358
smpcs-packet-2,SMPCS Packet-2,0,1,130.890122,-0.490195
smpcs-packet-2,SMPCS Packet-2,0,2,131.295391,-0.882056
smpcs-packet-2,SMPCS Packet-2,1,0,140.669115,-2.591565
smpcs-packet-2,SMPCS Packet-2,1,1,140.399975,-2.130918
smpcs-packet-2,SMPCS Packet-2,1,2,139.499975,-1.681169
smpcs-packet-2,SMPCS Packet-2,1,3,137.699977,-1.231316
smpcs-packet-2,SMPCS Packet-2,1,4,136.799977,-1.231316
smpcs-packet-2,SMPCS Packet-2,1,5,136.349978,-1.400021
smpcs-packet-2,SMPCS Packet-2,1,6,135.899978,-1.400021
smpcs-packet-2,SMPCS Packet-2,1,7,135.449978,-1.175078
smpcs-packet-2,SMPCS Packet-2,1,8,134.999979,-0.781387
smpcs-packet-2,SMPCS Packet-2,1,9,134.549979,-0.556402
smpcs-packet-2,SMPCS Packet-2,1,10,133.64998,-0.331409
smpcs-packet-2,SMPCS Packet-2,1,11,132.299981,-0.106411
smpcs-packet-2,SMPCS Packet-2,1,12,131.624981,-0.331409
smpcs-packet-2,SMPCS Packet-2,1,13,131.295391,-0.882056
smpcs-packet-2,SMPCS Packet-2,1,14,131.045391,-0.757069
smpcs-packet-2,SMPCS Packet-2,1,15,130.890122,-0.690184
smpcs-packet-2,SMPCS Packet-2,1,16,130.390022,-0.690184
smpcs-packet-2,SMPCS Packet-2,1,17,130.274982,-1.231316
smpcs-packet-2,SMPCS Packet-2,1,18,130.724982,-1.681169
smpcs-packet-2,SMPCS Packet-2,1,19,131.399981,-2.580537
smpcs-packet-2,SMPCS Packet-2,1,20,131.849981,-3.029996
smpcs-packet-2,SMPCS Packet-2,1,21,132.299981,-3.254657
smpcs-packet-2,SMPCS Packet-2,1,22,132.74998,-3.254657
smpcs-packet-2,SMPCS Packet-2,1,23,133.00857,-3.111419
smpcs-packet-2,SMPCS Packet-2,1,24,132.74998,-3.479269
smpcs-packet-2,SMPCS Packet-2,1,25,132.60535,-3.679268
smpcs-packet-2,SMPCS Packet-2,1,26,132.60535,-4.178091
smpcs-packet-2,SMPCS Packet-2,1,27,132.85535,-4.427386
smpcs-packet-2,SMPCS Packet-2,1,28,133.64998,-4.377144
smpcs-packet-2,SMPCS Packet-2,1,29,134.099979,-4.152768
smpcs-packet-2,SMPCS Packet-2,1,30,134.999979,-4.713582
smpcs-packet-2,SMPCS Packet-2,1,31,135.899978,-4.825692
smpcs-packet-2,SMPCS Packet-2,1,32,136.574977,-5.049857
smpcs-packet-2,SMPCS Packet-2,1,33,136.799977,-6.169451
smpcs-packet-2,SMPCS Packet-2,1,34,136.799977,-8.401139
smpcs-packet-2,SMPCS Packet-2,1,35,137.249977,-8.84605
smpcs-packet-2,SMPCS Packet-2,1,36,138.599976,-9.068306
smpcs-packet-2,SMPCS Packet-2,1,37,139.949975,-8.84605
smpcs-packet-2,SMPCS Packet-2,1,38,140.405055,-8.499084
smpcs-packet-2,SMPCS Packet-2,2,0,139.499975,-1.681169
smpcs-packet-2,SMPCS Packet-2,2,1,139.353296,-2.175227
smpcs-packet-2,SMPCS Packet-2,3,0,136.053298,-1.187186
smpcs-packet-2,SMPCS Packet-2,3,1,135.899978,-1.400021
smpcs-packet-2,SMPCS Packet-2,4,0,134.061989,-0.861458
smpcs-packet-2,SMPCS Packet-2,4,1,134.324979,-0.725142
smpcs-packet-2,SMPCS Packet-2,4,2,134.549979,-0.556402
smpcs-packet-2,SMPCS Packet-2,5,0,132.75203,-5.635389
smpcs-packet-2,SMPCS Packet-2,5,1,132.63753,-5.385958
smpcs-packet-2,SMPCS Packet-2,5,2,132.63963,-5.128745
smpcs-packet-2,SMPCS Packet-2,5,3,132.85535,-4.427386
smpcs-packet-2,SMPCS Packet-2,6,0,134.099979,-4.152768
smpcs-packet-2,SMPCS Packet-2,6,1,133.791479,-3.679367
smpcs-packet-2,SMPCS Packet-2,7,0,136.574977,-5.049857
smpcs-packet-2,SMPCS Packet-2,7,1,136.889627,-4.550248
luwuk-tutuyan-cable-system-ltcs,Luwuk Tutuyan Cable System (LTCS),0,0,124.574986,0.761436
luwuk-tutuyan-cable-system-ltcs,Luwuk Tutuyan Cable System (LTCS),0,1,124.649986,0.568579
luwuk-tutuyan-cable-system-ltcs,Luwuk Tutuyan Cable System (LTCS),0,2,124.649986,0.118588
luwuk-tutuyan-cable-system-ltcs,Luwuk Tutuyan Cable System (LTCS),0,3,123.749987,-1.006359
luwuk-tutuyan-cable-system-ltcs,Luwuk Tutuyan Cable System (LTCS),0,4,123.299987,-1.09072
luwuk-tutuyan-cable-system-ltcs,Luwuk Tutuyan Cable System (LTCS),0,5,123.074987,-1.0626
luwuk-tutuyan-cable-system-ltcs,Luwuk Tutuyan Cable System (LTCS),0,6,122.792757,-0.938789
tarakan-selor-cable-system-tscs,Tarakan Selor Cable System (TSCS),0,0,117.578511,3.327354
tarakan-selor-cable-system-tscs,Tarakan Selor Cable System (TSCS),0,1,117.618741,3.154491
tarakan-selor-cable-system-tscs,Tarakan Selor Cable System (TSCS),0,2,117.899991,3.042156
tarakan-selor-cable-system-tscs,Tarakan Selor Cable System (TSCS),0,3,117.899991,2.81745
tarakan-selor-cable-system-tscs,Tarakan Selor Cable System (TSCS),0,4,117.819421,2.572023
sumatera-bangka-cable-system-sbcs,Sumatera Bangka Cable System (SBCS),0,0,105.16426,-2.065143
sumatera-bangka-cable-system-sbcs,Sumatera Bangka Cable System (SBCS),0,1,104.9625,-2.130918
sumatera-bangka-cable-system-sbcs,Sumatera Bangka Cable System (SBCS),0,2,104.85,-2.243336
sumatera-bangka-cable-system-sbcs,Sumatera Bangka Cable System (SBCS),0,3,104.7375,-2.468146
sumatera-bangka-cable-system-sbcs,Sumatera Bangka Cable System (SBCS),0,4,104.625,-2.636728
sumatera-bangka-cable-system-sbcs,Sumatera Bangka Cable System (SBCS),0,5,104.625,-2.805288
sumatera-bangka-cable-system-sbcs,Sumatera Bangka Cable System (SBCS),0,6,104.75732,-2.99099
s-u-b-cable-system,S-U-B Cable System,0,0,114.603993,-3.327587
s-u-b-cable-system,S-U-B Cable System,0,1,114.187493,-3.703826
s-u-b-cable-system,S-U-B Cable System,0,2,113.962494,-4.377144
s-u-b-cable-system,S-U-B Cable System,0,3,113.737494,-4.825692
s-u-b-cable-system,S-U-B Cable System,0,4,113.174994,-5.721873
s-u-b-cable-system,S-U-B Cable System,0,5,112.724994,-6.393099
s-u-b-cable-system,S-U-B Cable System,0,6,112.724994,-6.616651
s-u-b-cable-system,S-U-B Cable System,0,7,112.746674,-7.258592
s-u-b-cable-system,S-U-B Cable System,0,8,112.893744,-6.616651
s-u-b-cable-system,S-U-B Cable System,0,9,113.062494,-6.393099
s-u-b-cable-system,S-U-B Cable System,0,10,114.469706,-6.169451
s-u-b-cable-system,S-U-B Cable System,0,11,116.070814,-6.321672
s-u-b-cable-system,S-U-B Cable System,0,12,117.379919,-6.393099
s-u-b-cable-system,S-U-B Cable System,0,13,118.79999,-5.385958
s-u-b-cable-system,S-U-B Cable System,0,14,119.41239,-5.15218
s-u-b-cable-system,S-U-B Cable System,0,15,118.79999,-5.161911
s-u-b-cable-system,S-U-B Cable System,0,16,116.583102,-4.628705
s-u-b-cable-system,S-U-B Cable System,0,17,114.749993,-4.601454
s-u-b-cable-system,S-U-B Cable System,0,18,114.412493,-4.377144
s-u-b-cable-system,S-U-B Cable System,0,19,114.299993,-3.703826
s-u-b-cable-system,S-U-B Cable System,0,20,114.603993,-3.327587
indigo-west,INDIGO-West,0,0,106.649999,-5.17436
indigo-west,INDIGO-West,0,1,106.403941,-5.525635
indigo-west,INDIGO-West,0,2,105.749999,-6.001652
indigo-west,INDIGO-West,0,3,105.3,-6.05759
indigo-west,INDIGO-West,0,4,104.85,-6.616651
indigo-west,INDIGO-West,0,5,104.85,-7.509811
indigo-west,INDIGO-West,0,6,105.3,-11.943945
indigo-west,INDIGO-West,0,7,106.999998,-15.441024
indigo-west,INDIGO-West,0,8,108.899997,-20.433922
indigo-west,INDIGO-West,0,9,111.149995,-27.153831
indigo-west,INDIGO-West,0,10,112.949994,-30.309953
indigo-west,INDIGO-West,0,11,113.849994,-31.083835
indigo-west,INDIGO-West,0,12,115.857312,-31.953441
indigo-west,INDIGO-West,1,0,103.646091,1.338586
indigo-west,INDIGO-West,1,1,103.837501,1.018534
indigo-west,INDIGO-West,1,2,103.837501,0.793563
indigo-west,INDIGO-West,1,3,104.175,0.627826
indigo-west,INDIGO-West,1,4,104.85,0.512331
indigo-west,INDIGO-West,1,5,105.524999,0.118588
indigo-west,INDIGO-West,1,6,106.199999,-0.781387
indigo-west,INDIGO-West,1,7,106.985498,-2.130918
indigo-west,INDIGO-West,1,8,107.099998,-3.029996
indigo-west,INDIGO-West,1,9,107.099998,-4.601454
indigo-west,INDIGO-West,1,10,106.649999,-5.17436
indigo-west,INDIGO-West,1,11,106.827829,-6.171876
junior,Junior,0,0,-46.328063,-23.961843
junior,Junior,0,1,-44.999894,-24.111503
junior,Junior,0,2,-43.649895,-23.493922
junior,Junior,0,3,-43.209565,-22.903487
skagerrak-4,Skagerrak 4,0,0,7.996259,58.151066
skagerrak-4,Skagerrak 4,0,1,8.437568,57.932057
skagerrak-4,Skagerrak 4,0,2,8.775068,57.57189
skagerrak-4,Skagerrak 4,0,3,9.112568,57.147146
skagerrak-4,Skagerrak 4,0,4,9.112568,56.840739
skagerrak-4,Skagerrak 4,0,5,9.225068,56.717468
skagerrak-4,Skagerrak 4,0,6,9.281318,56.593793
skagerrak-4,Skagerrak 4,0,7,9.337568,56.562811
skagerrak-4,Skagerrak 4,0,8,9.611687,56.510792
atisa,Atisa,0,0,144.694702,13.464773
atisa,Atisa,0,1,144.674972,13.929304
atisa,Atisa,0,2,144.787472,14.365654
atisa,Atisa,0,3,145.124971,14.909894
atisa,Atisa,0,4,145.349971,15.127208
atisa,Atisa,0,5,145.699581,15.151813
atisa,Atisa,1,0,144.787472,14.365654
atisa,Atisa,1,1,145.012472,14.365654
atisa,Atisa,1,2,145.134351,14.144936
atisa,Atisa,2,0,145.629271,14.958775
atisa,Atisa,2,1,145.462471,14.909894
atisa,Atisa,2,2,145.124971,14.909894
tui-samoa,Tui-Samoa,0,0,178.437448,-18.123811
tui-samoa,Tui-Samoa,0,1,178.874961,-18.134559
tui-samoa,Tui-Samoa,0,2,179.999933,-17.597999
tui-samoa,Tui-Samoa,1,0,-171.899804,-13.480287
tui-samoa,Tui-Samoa,1,1,-172.012304,-13.589662
tui-samoa,Tui-Samoa,1,2,-172.178161,-13.670594
tui-samoa,Tui-Samoa,2,0,-171.766694,-13.833489
tui-samoa,Tui-Samoa,2,1,-171.899804,-13.480287
tui-samoa,Tui-Samoa,2,2,-172.237304,-13.261386
tui-samoa,Tui-Samoa,2,3,-172.799803,-13.261386
tui-samoa,Tui-Samoa,2,4,-175.499801,-14.135775
tui-samoa,Tui-Samoa,2,5,-177.2998,-15.006817
tui-samoa,Tui-Samoa,2,6,-179.549799,-17.168553
tui-samoa,Tui-Samoa,2,7,-179.999798,-17.597999
tui-samoa,Tui-Samoa,3,0,179.34975,-16.808012
tui-samoa,Tui-Samoa,3,1,179.549947,-17.168553
tui-samoa,Tui-Samoa,3,2,179.999933,-17.597999
tui-samoa,Tui-Samoa,4,0,-178.158108,-14.296838
tui-samoa,Tui-Samoa,4,1,-177.7498,-14.571726
tui-samoa,Tui-Samoa,4,2,-177.2998,-15.006817
tui-samoa,Tui-Samoa,5,0,-176.175,-13.282001
tui-samoa,Tui-Samoa,5,1,-175.724801,-13.698987
tui-samoa,Tui-Samoa,5,2,-175.499801,-14.135775
bugio,BUGIO,0,0,-9.331559,38.690162
bugio,BUGIO,0,1,-9.431509,38.612066
bugio,BUGIO,0,2,-9.352749,38.442696
bugio,BUGIO,0,3,-9.202699,38.364714
bugio,BUGIO,0,4,-9.102749,38.443079
quintillion-subsea-cable-network,Quintillion Subsea Cable Network,0,0,-148.456766,70.294046
quintillion-subsea-cable-network,Quintillion Subsea Cable Network,0,1,-148.387321,70.502277
quintillion-subsea-cable-network,Quintillion Subsea Cable Network,0,2,-148.499821,70.800454
quintillion-subsea-cable-network,Quintillion Subsea Cable Network,0,3,-155.249816,71.668872
quintillion-subsea-cable-network,Quintillion Subsea Cable Network,0,4,-158.399814,71.668872
quintillion-subsea-cable-network,Quintillion Subsea Cable Network,0,5,-161.118562,71.245629
quintillion-subsea-cable-network,Quintillion Subsea Cable Network,0,6,-162.89981,70.800454
quintillion-subsea-cable-network,Quintillion Subsea Cable Network,0,7,-166.949807,69.104595
quintillion-subsea-cable-network,Quintillion Subsea Cable Network,0,8,-167.849807,68.617768
quintillion-subsea-cable-network,Quintillion Subsea Cable Network,0,9,-168.299807,68.120141
quintillion-subsea-cable-network,Quintillion Subsea Cable Network,0,10,-168.524806,66.017609
quintillion-subsea-cable-network,Quintillion Subsea Cable Network,0,11,-168.074807,64.896282
quintillion-subsea-cable-network,Quintillion Subsea Cable Network,0,12,-166.949807,64.31739
quintillion-subsea-cable-network,Quintillion Subsea Cable Network,0,13,-166.049808,64.31739
quintillion-subsea-cable-network,Quintillion Subsea Cable Network,0,14,-165.406399,64.501111
quintillion-subsea-cable-network,Quintillion Subsea Cable Network,1,0,-156.788635,71.290557
quintillion-subsea-cable-network,Quintillion Subsea Cable Network,1,1,-156.599815,71.383695
quintillion-subsea-cable-network,Quintillion Subsea Cable Network,1,2,-156.599815,71.668872
quintillion-subsea-cable-network,Quintillion Subsea Cable Network,2,0,-167.849807,68.617768
quintillion-subsea-cable-network,Quintillion Subsea Cable Network,2,1,-167.399807,68.453102
quintillion-subsea-cable-network,Quintillion Subsea Cable Network,2,2,-166.808058,68.347773
quintillion-subsea-cable-network,Quintillion Subsea Cable Network,3,0,-168.299807,68.120141
quintillion-subsea-cable-network,Quintillion Subsea Cable Network,3,1,-166.949807,67.439493
quintillion-subsea-cable-network,Quintillion Subsea Cable Network,3,2,-165.599808,67.091686
quintillion-subsea-cable-network,Quintillion Subsea Cable Network,3,3,-163.79981,66.915885
quintillion-subsea-cable-network,Quintillion Subsea Cable Network,3,4,-162.596681,66.898341
quintillion-subsea-cable-network,Quintillion Subsea Cable Network,4,0,-161.118562,71.245629
quintillion-subsea-cable-network,Quintillion Subsea Cable Network,4,1,-160.649812,70.800454
quintillion-subsea-cable-network,Quintillion Subsea Cable Network,4,2,-160.038343,70.636947
arsat-submarine-fiber-optic-cable,ARSAT Submarine Fiber Optic Cable,0,0,-68.419747,-52.390217
arsat-submarine-fiber-optic-cable,ARSAT Submarine Fiber Optic Cable,0,1,-68.458127,-52.54751
arsat-submarine-fiber-optic-cable,ARSAT Submarine Fiber Optic Cable,0,2,-68.605787,-52.658895
balok,BALOK,0,0,115.746672,-8.38626
balok,BALOK,0,1,115.933242,-8.401139
balok,BALOK,0,2,116.047262,-8.485465
pencan-9,Pencan-9,0,0,-6.428881,36.731294
pencan-9,Pencan-9,0,1,-7.199921,36.421916
pencan-9,Pencan-9,0,2,-8.77492,35.419781
pencan-9,Pencan-9,0,3,-10.799918,33.93964
pencan-9,Pencan-9,0,4,-14.399916,29.736069
pencan-9,Pencan-9,0,5,-14.849915,28.951555
pencan-9,Pencan-9,0,6,-15.450745,28.096374
taba-aqaba,Taba-Aqaba,0,0,34.89487,29.492576
taba-aqaba,Taba-Aqaba,0,1,34.950974,29.512255
taba-aqaba,Taba-Aqaba,0,2,35.005095,29.581033
tannat,Tannat,0,0,-53.549888,-35.226267
tannat,Tannat,0,1,-53.999888,-35.593029
tannat,Tannat,0,2,-56.695442,-36.470979
tannat,Tannat,1,0,-46.328063,-23.961843
tannat,Tannat,1,1,-45.899893,-25.134187
tannat,Tannat,1,2,-45.449894,-27.951747
tannat,Tannat,1,3,-47.699892,-32.61276
tannat,Tannat,1,4,-50.84989,-34.487754
tannat,Tannat,1,5,-53.549888,-35.226267
tannat,Tannat,1,6,-54.950187,-34.900416
south-atlantic-inter-link-sail,South Atlantic Inter Link (SAIL),0,0,-38.542968,-3.718735
south-atlantic-inter-link-sail,South Atlantic Inter Link (SAIL),0,1,-35.9999,-2.580537
south-atlantic-inter-link-sail,South Atlantic Inter Link (SAIL),0,2,-34.199902,-2.130918
south-atlantic-inter-link-sail,South Atlantic Inter Link (SAIL),0,3,-25.199908,-1.906058
south-atlantic-inter-link-sail,South Atlantic Inter Link (SAIL),0,4,-10.799918,-2.805288
south-atlantic-inter-link-sail,South Atlantic Inter Link (SAIL),0,5,-3.599923,-2.805288
south-atlantic-inter-link-sail,South Atlantic Inter Link (SAIL),0,6,0.450074,-1.081346
south-atlantic-inter-link-sail,South Atlantic Inter Link (SAIL),0,7,6.30007,1.918229
south-atlantic-inter-link-sail,South Atlantic Inter Link (SAIL),0,8,8.100068,2.480312
south-atlantic-inter-link-sail,South Atlantic Inter Link (SAIL),0,9,9.000068,2.592701
south-atlantic-inter-link-sail,South Atlantic Inter Link (SAIL),0,10,9.910227,2.933125
brusa,BRUSA,0,0,-43.209563,-22.903495
brusa,BRUSA,0,1,-42.299896,-23.905969
brusa,BRUSA,0,2,-40.949897,-24.316707
brusa,BRUSA,0,3,-37.349899,-23.493922
brusa,BRUSA,0,4,-32.849902,-18.026426
brusa,BRUSA,0,5,-31.049904,-13.698987
brusa,BRUSA,0,6,-29.924905,-9.290424
brusa,BRUSA,0,7,-31.499903,-4.825692
brusa,BRUSA,0,8,-35.549901,0.568579
brusa,BRUSA,0,9,-41.399896,7.744889
brusa,BRUSA,0,10,-48.599891,14.801154
brusa,BRUSA,0,11,-57.599885,21.216398
brusa,BRUSA,0,12,-63.449881,24.941363
brusa,BRUSA,0,13,-69.299877,29.736069
brusa,BRUSA,0,14,-73.349874,33.565491
brusa,BRUSA,0,15,-75.599872,35.785662
brusa,BRUSA,0,16,-75.824872,36.149867
brusa,BRUSA,0,17,-76.059198,36.755008
brusa,BRUSA,1,0,-35.549901,0.568579
brusa,BRUSA,1,1,-36.8999,-0.781387
brusa,BRUSA,1,2,-38.542965,-3.718737
brusa,BRUSA,2,0,-63.449881,24.941363
brusa,BRUSA,2,1,-65.699879,20.375041
brusa,BRUSA,2,2,-66.149879,19.104405
brusa,BRUSA,2,3,-66.106666,18.466105
ellalink,EllaLink,0,0,-35.099901,0.568579
ellalink,EllaLink,0,1,-37.349899,1.468427
ellalink,EllaLink,0,2,-46.799893,4.164913
ellalink,EllaLink,0,3,-51.299889,5.061987
ellalink,EllaLink,0,4,-52.320929,4.941547
ellalink,EllaLink,0,0,-16.087414,32.433313
ellalink,EllaLink,0,1,-16.649914,32.528215
ellalink,EllaLink,0,2,-16.908898,32.647277
ellalink,EllaLink,1,0,-23.521209,14.923036
ellalink,EllaLink,1,1,-23.849909,14.801154
ellalink,EllaLink,1,2,-24.074909,14.801154
ellalink,EllaLink,2,0,-38.542965,-3.718737
ellalink,EllaLink,2,1,-36.4499,-0.781387
ellalink,EllaLink,2,2,-35.099901,0.568579
ellalink,EllaLink,2,3,-31.049904,3.715978
ellalink,EllaLink,2,4,-27.859501,7.716633
ellalink,EllaLink,2,5,-25.649908,11.294709
ellalink,EllaLink,2,6,-24.299909,14.365654
ellalink,EllaLink,2,7,-24.074909,14.801154
ellalink,EllaLink,2,8,-23.399909,16.102326
ellalink,EllaLink,2,9,-21.59991,19.952623
ellalink,EllaLink,2,10,-19.599912,22.884654
ellalink,EllaLink,2,11,-18.449913,24.941363
ellalink,EllaLink,2,12,-17.662413,27.763589
ellalink,EllaLink,2,13,-17.470385,28.275606
ellalink,EllaLink,2,14,-17.099914,28.951555
ellalink,EllaLink,2,15,-17.198549,29.690264
ellalink,EllaLink,2,16,-16.649914,31.670513
ellalink,EllaLink,2,17,-16.087414,32.433313
ellalink,EllaLink,2,18,-13.724916,33.93964
ellalink,EllaLink,2,19,-11.474918,36.512388
ellalink,EllaLink,2,20,-9.449919,37.678878
ellalink,EllaLink,2,21,-9.112419,37.853582
ellalink,EllaLink,2,22,-8.869597,37.957215
ellalink,EllaLink,3,0,-13.724916,33.93964
ellalink,EllaLink,3,1,-12.374917,33.93964
ellalink,EllaLink,3,2,-9.899919,33.93964
ellalink,EllaLink,3,3,-7.63192,33.605395
ellalink,EllaLink,4,0,-20.430337,21.674407
ellalink,EllaLink,4,1,-17.035704,20.947172
gulf2africa-g2a,Gulf2Africa (G2A),0,0,54.148086,17.095827
gulf2africa-g2a,Gulf2Africa (G2A),0,1,53.923864,16.534196
gulf2africa-g2a,Gulf2Africa (G2A),0,2,52.650037,15.561166
gulf2africa-g2a,Gulf2Africa (G2A),0,3,48.60004,13.601498
gulf2africa-g2a,Gulf2Africa (G2A),0,4,45.450042,12.834869
gulf2africa-g2a,Gulf2Africa (G2A),0,5,45.123342,10.815964
gulf2africa-g2a,Gulf2Africa (G2A),0,6,45.010882,10.435119
gulf2africa-g2a,Gulf2Africa (G2A),1,0,49.187929,11.275557
gulf2africa-g2a,Gulf2Africa (G2A),1,1,48.60004,13.601498
nigeria-cameroon-submarine-cable-system-ncscs,Nigeria Cameroon Submarine Cable System (NCSCS),0,0,3.423512,6.439067
nigeria-cameroon-submarine-cable-system-ncscs,Nigeria Cameroon Submarine Cable System (NCSCS),0,1,4.050071,4.164913
nigeria-cameroon-submarine-cable-system-ncscs,Nigeria Cameroon Submarine Cable System (NCSCS),0,2,5.40007,3.042156
nigeria-cameroon-submarine-cable-system-ncscs,Nigeria Cameroon Submarine Cable System (NCSCS),0,3,6.30007,2.81745
nigeria-cameroon-submarine-cable-system-ncscs,Nigeria Cameroon Submarine Cable System (NCSCS),0,4,8.100068,2.705081
nigeria-cameroon-submarine-cable-system-ncscs,Nigeria Cameroon Submarine Cable System (NCSCS),0,5,9.000068,2.81745
nigeria-cameroon-submarine-cable-system-ncscs,Nigeria Cameroon Submarine Cable System (NCSCS),0,6,9.910227,2.933125
san-andres-isla-tolu-submarine-cable-sait,San Andres Isla Tolu Submarine Cable (SAIT),0,0,-81.70055,12.584703
san-andres-isla-tolu-submarine-cable-sait,San Andres Isla Tolu Submarine Cable (SAIT),0,1,-78.29987,10.410817
san-andres-isla-tolu-submarine-cable-sait,San Andres Isla Tolu Submarine Cable (SAIT),0,2,-76.499872,9.967915
san-andres-isla-tolu-submarine-cable-sait,San Andres Isla Tolu Submarine Cable (SAIT),0,3,-75.558662,9.496382
lynn-canal-fiber,Lynn Canal Fiber,0,0,-135.313891,59.458344
lynn-canal-fiber,Lynn Canal Fiber,0,1,-135.385081,59.300415
lynn-canal-fiber,Lynn Canal Fiber,0,2,-135.445001,59.235838
lynn-canal-fiber,Lynn Canal Fiber,0,3,-135.349981,59.082616
lynn-canal-fiber,Lynn Canal Fiber,0,4,-135.251541,58.961408
lynn-canal-fiber,Lynn Canal Fiber,0,5,-135.201691,58.808826
lynn-canal-fiber,Lynn Canal Fiber,0,6,-135.070291,58.684516
lynn-canal-fiber,Lynn Canal Fiber,0,7,-135.023901,58.592018
lynn-canal-fiber,Lynn Canal Fiber,0,8,-134.747291,58.551049
hawaii-island-fibre-network-hifn,Hawaii Island Fibre Network (HIFN),0,0,-159.368563,21.974943
hawaii-island-fibre-network-hifn,Hawaii Island Fibre Network (HIFN),0,1,-159.179604,21.924672
hawaii-island-fibre-network-hifn,Hawaii Island Fibre Network (HIFN),0,2,-158.849813,21.635297
hawaii-island-fibre-network-hifn,Hawaii Island Fibre Network (HIFN),0,3,-158.456064,21.460269
hawaii-island-fibre-network-hifn,Hawaii Island Fibre Network (HIFN),0,4,-158.220663,21.463447
hawaii-island-fibre-network-hifn,Hawaii Island Fibre Network (HIFN),1,0,-157.696005,21.277557
hawaii-island-fibre-network-hifn,Hawaii Island Fibre Network (HIFN),1,1,-157.746005,21.173966
hawaii-island-fibre-network-hifn,Hawaii Island Fibre Network (HIFN),1,2,-157.746005,20.893863
hawaii-island-fibre-network-hifn,Hawaii Island Fibre Network (HIFN),1,3,-157.552205,20.732751
hawaii-island-fibre-network-hifn,Hawaii Island Fibre Network (HIFN),1,4,-157.347325,20.56232
hawaii-island-fibre-network-hifn,Hawaii Island Fibre Network (HIFN),1,5,-156.896885,20.56232
hawaii-island-fibre-network-hifn,Hawaii Island Fibre Network (HIFN),1,6,-156.759725,20.636456
hawaii-island-fibre-network-hifn,Hawaii Island Fibre Network (HIFN),1,7,-156.463096,20.782152
hawaii-island-fibre-network-hifn,Hawaii Island Fibre Network (HIFN),1,8,-156.487315,20.585819
hawaii-island-fibre-network-hifn,Hawaii Island Fibre Network (HIFN),1,9,-156.374815,20.480466
hawaii-island-fibre-network-hifn,Hawaii Island Fibre Network (HIFN),1,10,-156.093565,20.269544
hawaii-island-fibre-network-hifn,Hawaii Island Fibre Network (HIFN),1,11,-155.831406,20.039988
hawaii-island-fibre-network-hifn,Hawaii Island Fibre Network (HIFN),2,0,-156.759725,20.636456
hawaii-island-fibre-network-hifn,Hawaii Island Fibre Network (HIFN),2,1,-156.896885,20.746452
hawaii-island-fibre-network-hifn,Hawaii Island Fibre Network (HIFN),3,0,-157.552205,20.732751
hawaii-island-fibre-network-hifn,Hawaii Island Fibre Network (HIFN),3,1,-157.162314,20.90144
hawaii-island-fibre-network-hifn,Hawaii Island Fibre Network (HIFN),3,2,-157.023885,21.093359
hawaii-inter-island-cable-system-hics,Hawaii Inter-Island Cable System (HICS),0,0,-159.368563,21.974943
hawaii-inter-island-cable-system-hics,Hawaii Inter-Island Cable System (HICS),0,1,-159.268463,21.882085
hawaii-inter-island-cable-system-hics,Hawaii Inter-Island Cable System (HICS),0,2,-158.849813,21.530685
hawaii-inter-island-cable-system-hics,Hawaii Inter-Island Cable System (HICS),0,3,-158.399814,21.321235
hawaii-inter-island-cable-system-hics,Hawaii Inter-Island Cable System (HICS),0,4,-158.119494,21.339698
hawaii-inter-island-cable-system-hics,Hawaii Inter-Island Cable System (HICS),1,0,-157.696005,21.277557
hawaii-inter-island-cable-system-hics,Hawaii Inter-Island Cable System (HICS),1,1,-157.696005,21.173966
hawaii-inter-island-cable-system-hics,Hawaii Inter-Island Cable System (HICS),1,2,-157.499814,21.053169
hawaii-inter-island-cable-system-hics,Hawaii Inter-Island Cable System (HICS),1,3,-157.162314,20.953979
hawaii-inter-island-cable-system-hics,Hawaii Inter-Island Cable System (HICS),1,4,-157.007335,21.011513
hawaii-inter-island-cable-system-hics,Hawaii Inter-Island Cable System (HICS),1,5,-156.824815,20.953979
hawaii-inter-island-cable-system-hics,Hawaii Inter-Island Cable System (HICS),1,6,-156.753575,20.880185
hawaii-inter-island-cable-system-hics,Hawaii Inter-Island Cable System (HICS),1,7,-156.713095,20.782152
hawaii-inter-island-cable-system-hics,Hawaii Inter-Island Cable System (HICS),1,8,-156.463096,20.782152
hawaii-inter-island-cable-system-hics,Hawaii Inter-Island Cable System (HICS),1,9,-156.431066,20.585819
hawaii-inter-island-cable-system-hics,Hawaii Inter-Island Cable System (HICS),1,10,-156.318566,20.480466
hawaii-inter-island-cable-system-hics,Hawaii Inter-Island Cable System (HICS),1,11,-156.037315,20.269544
hawaii-inter-island-cable-system-hics,Hawaii Inter-Island Cable System (HICS),1,12,-155.831406,20.039988
unisur,Unisur,0,0,-54.950187,-34.900416
unisur,Unisur,0,1,-55.349887,-35.593029
unisur,Unisur,0,2,-55.799886,-35.958118
unisur,Unisur,0,3,-56.695446,-36.470955
transcan-3,TRANSCAN-3,0,0,-15.699965,27.999761
transcan-3,TRANSCAN-3,0,1,-15.637415,28.194108
transcan-3,TRANSCAN-3,0,2,-15.524915,28.293214
transcan-3,TRANSCAN-3,0,3,-14.399916,28.688714
transcan-3,TRANSCAN-3,0,4,-13.827316,28.863419
northern-lights,Northern Lights,0,0,-3.354958,59.051457
northern-lights,Northern Lights,0,1,-3.599923,58.991177
northern-lights,Northern Lights,0,2,-3.599923,58.758569
northern-lights,Northern Lights,0,3,-3.376583,58.670329
jambi-batam-cable-system-jiba,Jambi-Batam Cable System (JIBA),0,0,104.013737,1.065588
jambi-batam-cable-system-jiba,Jambi-Batam Cable System (JIBA),0,1,104.006576,0.90605
jambi-batam-cable-system-jiba,Jambi-Batam Cable System (JIBA),0,2,104.034626,0.793563
jambi-batam-cable-system-jiba,Jambi-Batam Cable System (JIBA),0,3,104.034376,0.627826
jambi-batam-cable-system-jiba,Jambi-Batam Cable System (JIBA),0,4,104.006251,0.118588
jambi-batam-cable-system-jiba,Jambi-Batam Cable System (JIBA),0,5,104.006251,-0.331409
jambi-batam-cable-system-jiba,Jambi-Batam Cable System (JIBA),0,6,103.466701,-0.816543
segunda-fos-canal-de-chacao,Segunda FOS Canal de Chacao,0,0,-73.155294,-41.806938
segunda-fos-canal-de-chacao,Segunda FOS Canal de Chacao,0,1,-73.252654,-41.872417
segunda-fos-canal-de-chacao,Segunda FOS Canal de Chacao,0,2,-73.504464,-41.991127
sistem-kabel-rakyat-1malaysia-skr1m,Sistem Kabel Rakyat 1Malaysia (SKR1M),0,0,103.850681,2.295702
sistem-kabel-rakyat-1malaysia-skr1m,Sistem Kabel Rakyat 1Malaysia (SKR1M),0,1,104.4,2.536508
sistem-kabel-rakyat-1malaysia-skr1m,Sistem Kabel Rakyat 1Malaysia (SKR1M),0,2,105.749999,3.210655
sistem-kabel-rakyat-1malaysia-skr1m,Sistem Kabel Rakyat 1Malaysia (SKR1M),0,3,106.323583,3.381151
sistem-kabel-rakyat-1malaysia-skr1m,Sistem Kabel Rakyat 1Malaysia (SKR1M),0,4,108.177732,4.302952
sistem-kabel-rakyat-1malaysia-skr1m,Sistem Kabel Rakyat 1Malaysia (SKR1M),0,5,108.552369,4.421745
sistem-kabel-rakyat-1malaysia-skr1m,Sistem Kabel Rakyat 1Malaysia (SKR1M),0,6,108.968649,4.245004
sistem-kabel-rakyat-1malaysia-skr1m,Sistem Kabel Rakyat 1Malaysia (SKR1M),0,7,109.799996,2.367913
sistem-kabel-rakyat-1malaysia-skr1m,Sistem Kabel Rakyat 1Malaysia (SKR1M),0,8,110.137496,1.918229
sistem-kabel-rakyat-1malaysia-skr1m,Sistem Kabel Rakyat 1Malaysia (SKR1M),0,9,110.353706,1.520169
sistem-kabel-rakyat-1malaysia-skr1m,Sistem Kabel Rakyat 1Malaysia (SKR1M),0,10,110.474996,1.918229
sistem-kabel-rakyat-1malaysia-skr1m,Sistem Kabel Rakyat 1Malaysia (SKR1M),0,11,110.699996,2.367913
sistem-kabel-rakyat-1malaysia-skr1m,Sistem Kabel Rakyat 1Malaysia (SKR1M),0,12,111.599995,3.042156
sistem-kabel-rakyat-1malaysia-skr1m,Sistem Kabel Rakyat 1Malaysia (SKR1M),0,13,112.499995,3.266815
sistem-kabel-rakyat-1malaysia-skr1m,Sistem Kabel Rakyat 1Malaysia (SKR1M),0,14,113.068354,3.197006
sistem-kabel-rakyat-1malaysia-skr1m,Sistem Kabel Rakyat 1Malaysia (SKR1M),0,15,113.174994,3.715978
sistem-kabel-rakyat-1malaysia-skr1m,Sistem Kabel Rakyat 1Malaysia (SKR1M),0,16,113.399994,4.164913
sistem-kabel-rakyat-1malaysia-skr1m,Sistem Kabel Rakyat 1Malaysia (SKR1M),0,17,114.007413,4.425309
sistem-kabel-rakyat-1malaysia-skr1m,Sistem Kabel Rakyat 1Malaysia (SKR1M),0,18,114.074993,5.061987
sistem-kabel-rakyat-1malaysia-skr1m,Sistem Kabel Rakyat 1Malaysia (SKR1M),0,19,115.649992,5.957819
sistem-kabel-rakyat-1malaysia-skr1m,Sistem Kabel Rakyat 1Malaysia (SKR1M),0,20,116.074312,5.981321
sistem-kabel-rakyat-1malaysia-skr1m,Sistem Kabel Rakyat 1Malaysia (SKR1M),0,21,115.649992,6.069699
sistem-kabel-rakyat-1malaysia-skr1m,Sistem Kabel Rakyat 1Malaysia (SKR1M),0,22,110.699996,5.510072
sistem-kabel-rakyat-1malaysia-skr1m,Sistem Kabel Rakyat 1Malaysia (SKR1M),0,23,107.999998,5.398081
sistem-kabel-rakyat-1malaysia-skr1m,Sistem Kabel Rakyat 1Malaysia (SKR1M),0,24,105.3,4.613592
sistem-kabel-rakyat-1malaysia-skr1m,Sistem Kabel Rakyat 1Malaysia (SKR1M),0,25,103.725001,4.389286
sistem-kabel-rakyat-1malaysia-skr1m,Sistem Kabel Rakyat 1Malaysia (SKR1M),0,26,103.395211,4.11631
aqualink,Aqualink,0,0,174.083331,-39.066666
aqualink,Aqualink,0,1,174.149951,-38.817824
aqualink,Aqualink,0,2,174.262451,-38.466348
aqualink,Aqualink,0,3,174.599951,-37.935907
aqualink,Aqualink,0,4,174.87183,-37.801382
aqualink,Aqualink,0,5,174.599951,-37.66924
aqualink,Aqualink,0,6,174.487451,-37.401611
aqualink,Aqualink,0,7,174.599951,-37.04328
aqualink,Aqualink,0,8,174.77046,-36.884181
aqualink,Aqualink,1,0,175.049999,-39.933335
aqualink,Aqualink,1,1,174.82495,-40.091769
aqualink,Aqualink,1,2,174.82495,-40.606193
aqualink,Aqualink,1,3,175.05196,-40.862786
aqualink,Aqualink,2,0,174.99747,-40.919112
aqualink,Aqualink,2,1,174.82495,-40.946959
aqualink,Aqualink,2,2,174.838,-41.105799
aqualink,Aqualink,3,0,173.506131,-42.516062
aqualink,Aqualink,3,1,173.699951,-42.789833
aqualink,Aqualink,3,2,173.249952,-43.446772
aqualink,Aqualink,3,3,172.636222,-43.532055
aqualink,Aqualink,4,0,173.683001,-42.402699
aqualink,Aqualink,4,1,174.149951,-42.292503
aqualink,Aqualink,4,2,174.71245,-41.623241
aqualink,Aqualink,4,3,174.76712,-41.280513
bt-highlands-and-islands-submarine-cable-system,BT Highlands and Islands Submarine Cable System,0,0,-6.310761,58.209069
bt-highlands-and-islands-submarine-cable-system,BT Highlands and Islands Submarine Cable System,0,1,-6.119061,58.136377
bt-highlands-and-islands-submarine-cable-system,BT Highlands and Islands Submarine Cable System,0,2,-5.475072,57.976955
bt-highlands-and-islands-submarine-cable-system,BT Highlands and Islands Submarine Cable System,0,3,-5.196212,57.934079
bt-highlands-and-islands-submarine-cable-system,BT Highlands and Islands Submarine Cable System,1,0,-7.008371,57.769407
bt-highlands-and-islands-submarine-cable-system,BT Highlands and Islands Submarine Cable System,1,1,-6.914621,57.678954
bt-highlands-and-islands-submarine-cable-system,BT Highlands and Islands Submarine Cable System,1,2,-7.022331,57.585685
bt-highlands-and-islands-submarine-cable-system,BT Highlands and Islands Submarine Cable System,1,3,-7.163351,57.599373
bt-highlands-and-islands-submarine-cable-system,BT Highlands and Islands Submarine Cable System,2,0,-7.274141,57.36669
bt-highlands-and-islands-submarine-cable-system,BT Highlands and Islands Submarine Cable System,2,1,-7.038201,57.36669
bt-highlands-and-islands-submarine-cable-system,BT Highlands and Islands Submarine Cable System,2,2,-6.792991,57.544832
bt-highlands-and-islands-submarine-cable-system,BT Highlands and Islands Submarine Cable System,2,3,-6.692891,57.544832
bt-highlands-and-islands-submarine-cable-system,BT Highlands and Islands Submarine Cable System,2,4,-6.581661,57.436324
bt-highlands-and-islands-submarine-cable-system,BT Highlands and Islands Submarine Cable System,3,0,-7.328141,57.105536
bt-highlands-and-islands-submarine-cable-system,BT Highlands and Islands Submarine Cable System,3,1,-7.320161,57.093534
bt-highlands-and-islands-submarine-cable-system,BT Highlands and Islands Submarine Cable System,3,2,-7.312181,57.081528
bt-highlands-and-islands-submarine-cable-system,BT Highlands and Islands Submarine Cable System,3,3,-7.307196,57.077575
bt-highlands-and-islands-submarine-cable-system,BT Highlands and Islands Submarine Cable System,3,4,-7.302211,57.073621
bt-highlands-and-islands-submarine-cable-system,BT Highlands and Islands Submarine Cable System,3,5,-7.316691,57.04946
bt-highlands-and-islands-submarine-cable-system,BT Highlands and Islands Submarine Cable System,3,6,-7.331171,57.025283
bt-highlands-and-islands-submarine-cable-system,BT Highlands and Islands Submarine Cable System,3,7,-7.390326,57.025283
bt-highlands-and-islands-submarine-cable-system,BT Highlands and Islands Submarine Cable System,3,8,-7.44948,57.025283
bt-highlands-and-islands-submarine-cable-system,BT Highlands and Islands Submarine Cable System,4,0,-5.906462,57.059208
bt-highlands-and-islands-submarine-cable-system,BT Highlands and Islands Submarine Cable System,4,1,-5.850172,57.028614
bt-highlands-and-islands-submarine-cable-system,BT Highlands and Islands Submarine Cable System,4,2,-5.820432,57.008483
bt-highlands-and-islands-submarine-cable-system,BT Highlands and Islands Submarine Cable System,5,0,-5.245382,56.722533
bt-highlands-and-islands-submarine-cable-system,BT Highlands and Islands Submarine Cable System,5,1,-5.239522,56.72205
bt-highlands-and-islands-submarine-cable-system,BT Highlands and Islands Submarine Cable System,5,2,-5.233662,56.721568
bt-highlands-and-islands-submarine-cable-system,BT Highlands and Islands Submarine Cable System,6,0,-6.808511,56.503789
bt-highlands-and-islands-submarine-cable-system,BT Highlands and Islands Submarine Cable System,6,1,-6.715941,56.466099
bt-highlands-and-islands-submarine-cable-system,BT Highlands and Islands Submarine Cable System,6,2,-6.356171,56.582125
bt-highlands-and-islands-submarine-cable-system,BT Highlands and Islands Submarine Cable System,6,3,-6.272381,56.582125
bt-highlands-and-islands-submarine-cable-system,BT Highlands and Islands Submarine Cable System,7,0,-6.093961,56.68857
bt-highlands-and-islands-submarine-cable-system,BT Highlands and Islands Submarine Cable System,7,1,-6.070281,56.652799
bt-highlands-and-islands-submarine-cable-system,BT Highlands and Islands Submarine Cable System,7,2,-6.070281,56.621851
bt-highlands-and-islands-submarine-cable-system,BT Highlands and Islands Submarine Cable System,8,0,-5.669352,56.455844
bt-highlands-and-islands-submarine-cable-system,BT Highlands and Islands Submarine Cable System,8,1,-5.556822,56.455844
bt-highlands-and-islands-submarine-cable-system,BT Highlands and Islands Submarine Cable System,8,2,-5.475802,56.437765
bt-highlands-and-islands-submarine-cable-system,BT Highlands and Islands Submarine Cable System,9,0,-5.365792,56.01942
bt-highlands-and-islands-submarine-cable-system,BT Highlands and Islands Submarine Cable System,9,1,-5.343502,56.013853
bt-highlands-and-islands-submarine-cable-system,BT Highlands and Islands Submarine Cable System,9,2,-5.321212,56.008285
bt-highlands-and-islands-submarine-cable-system,BT Highlands and Islands Submarine Cable System,10,0,-5.614572,55.891682
bt-highlands-and-islands-submarine-cable-system,BT Highlands and Islands Submarine Cable System,10,1,-5.858222,55.833674
bt-highlands-and-islands-submarine-cable-system,BT Highlands and Islands Submarine Cable System,10,2,-5.953832,55.833674
bt-highlands-and-islands-submarine-cable-system,BT Highlands and Islands Submarine Cable System,11,0,-6.089911,55.846751
bt-highlands-and-islands-submarine-cable-system,BT Highlands and Islands Submarine Cable System,11,1,-6.098116,55.847245
bt-highlands-and-islands-submarine-cable-system,BT Highlands and Islands Submarine Cable System,11,2,-6.106321,55.847739
bt-highlands-and-islands-submarine-cable-system,BT Highlands and Islands Submarine Cable System,12,0,-6.125411,55.636121
bt-highlands-and-islands-submarine-cable-system,BT Highlands and Islands Submarine Cable System,12,1,-5.962422,55.589707
bt-highlands-and-islands-submarine-cable-system,BT Highlands and Islands Submarine Cable System,12,2,-5.697582,55.565501
bt-highlands-and-islands-submarine-cable-system,BT Highlands and Islands Submarine Cable System,13,0,-5.533422,55.47655
bt-highlands-and-islands-submarine-cable-system,BT Highlands and Islands Submarine Cable System,13,1,-5.420922,55.47655
bt-highlands-and-islands-submarine-cable-system,BT Highlands and Islands Submarine Cable System,13,2,-5.332102,55.501943
bt-highlands-and-islands-submarine-cable-system,BT Highlands and Islands Submarine Cable System,14,0,-5.019992,55.869414
bt-highlands-and-islands-submarine-cable-system,BT Highlands and Islands Submarine Cable System,14,1,-5.041792,55.864002
bt-highlands-and-islands-submarine-cable-system,BT Highlands and Islands Submarine Cable System,14,2,-5.063592,55.858589
bt-highlands-and-islands-submarine-cable-system,BT Highlands and Islands Submarine Cable System,15,0,-5.141422,55.643559
bt-highlands-and-islands-submarine-cable-system,BT Highlands and Islands Submarine Cable System,15,1,-5.000747,55.659423
bt-highlands-and-islands-submarine-cable-system,BT Highlands and Islands Submarine Cable System,15,2,-4.889372,55.693049
bt-highlands-and-islands-submarine-cable-system,BT Highlands and Islands Submarine Cable System,16,0,-4.867302,55.793341
bt-highlands-and-islands-submarine-cable-system,BT Highlands and Islands Submarine Cable System,16,1,-4.883882,55.786752
bt-highlands-and-islands-submarine-cable-system,BT Highlands and Islands Submarine Cable System,16,2,-4.900462,55.780162
bt-highlands-and-islands-submarine-cable-system,BT Highlands and Islands Submarine Cable System,17,0,-5.028092,55.751842
bt-highlands-and-islands-submarine-cable-system,BT Highlands and Islands Submarine Cable System,17,1,-4.985982,55.747308
bt-highlands-and-islands-submarine-cable-system,BT Highlands and Islands Submarine Cable System,17,2,-4.943872,55.742774
bt-highlands-and-islands-submarine-cable-system,BT Highlands and Islands Submarine Cable System,18,0,-2.939524,59.279768
bt-highlands-and-islands-submarine-cable-system,BT Highlands and Islands Submarine Cable System,18,1,-3.093674,59.241408
bt-highlands-and-islands-submarine-cable-system,BT Highlands and Islands Submarine Cable System,18,2,-3.149924,59.183824
bt-highlands-and-islands-submarine-cable-system,BT Highlands and Islands Submarine Cable System,18,3,-3.095074,59.11804
c-lion1,C-Lion1,0,0,23.175058,59.451717
c-lion1,C-Lion1,0,1,22.950058,59.736409
c-lion1,C-Lion1,0,2,22.966758,59.823409
c-lion1,C-Lion1,1,0,24.932477,60.171163
c-lion1,C-Lion1,1,1,24.412557,59.736409
c-lion1,C-Lion1,1,2,23.850057,59.622822
c-lion1,C-Lion1,1,3,23.175058,59.451717
c-lion1,C-Lion1,1,4,22.275058,59.222224
c-lion1,C-Lion1,1,5,21.150059,58.641678
c-lion1,C-Lion1,1,6,20.25006,57.57189
c-lion1,C-Lion1,1,7,19.125061,56.469711
c-lion1,C-Lion1,1,8,17.325062,55.843186
c-lion1,C-Lion1,1,9,15.300063,55.589707
c-lion1,C-Lion1,1,10,14.400064,55.334581
c-lion1,C-Lion1,1,11,13.500065,54.948789
c-lion1,C-Lion1,1,12,12.600065,54.689519
c-lion1,C-Lion1,1,13,12.150066,54.297486
c-lion1,C-Lion1,1,14,12.037566,54.165972
c-lion1,C-Lion1,1,15,12.132486,54.079177
far-east-submarine-cable-system,Far East Submarine Cable System,0,0,151.283367,59.58334
far-east-submarine-cable-system,Far East Submarine Cable System,0,1,151.199967,59.337164
far-east-submarine-cable-system,Far East Submarine Cable System,0,2,150.862467,58.991177
far-east-submarine-cable-system,Far East Submarine Cable System,0,3,147.59997,56.095023
far-east-submarine-cable-system,Far East Submarine Cable System,0,4,143.549973,53.768911
far-east-submarine-cable-system,Far East Submarine Cable System,0,5,142.942453,53.57754
far-east-submarine-cable-system,Far East Submarine Cable System,0,6,143.549973,53.635715
far-east-submarine-cable-system,Far East Submarine Cable System,0,7,154.799965,52.963398
far-east-submarine-cable-system,Far East Submarine Cable System,0,8,156.287074,52.81241
isles-of-scilly-cable,Isles of Scilly Cable,0,0,-6.308171,49.919911
isles-of-scilly-cable,Isles of Scilly Cable,0,1,-6.074921,50.02292
isles-of-scilly-cable,Isles of Scilly Cable,0,2,-5.654512,50.043148
new-cross-pacific-ncp-cable-system,New Cross Pacific (NCP) Cable System,0,0,-123.962538,45.202232
new-cross-pacific-ncp-cable-system,New Cross Pacific (NCP) Cable System,0,1,-125.099837,45.646541
new-cross-pacific-ncp-cable-system,New Cross Pacific (NCP) Cable System,0,2,-129.599834,45.960245
new-cross-pacific-ncp-cable-system,New Cross Pacific (NCP) Cable System,0,3,-138.599828,46.582355
new-cross-pacific-ncp-cable-system,New Cross Pacific (NCP) Cable System,0,4,-151.199819,47.197407
new-cross-pacific-ncp-cable-system,New Cross Pacific (NCP) Cable System,0,5,-179.999798,47.197407
new-cross-pacific-ncp-cable-system,New Cross Pacific (NCP) Cable System,1,0,179.999958,47.197407
new-cross-pacific-ncp-cable-system,New Cross Pacific (NCP) Cable System,1,1,172.799952,47.197407
new-cross-pacific-ncp-cable-system,New Cross Pacific (NCP) Cable System,1,2,160.199961,44.051519
new-cross-pacific-ncp-cable-system,New Cross Pacific (NCP) Cable System,1,3,149.399968,38.651812
new-cross-pacific-ncp-cable-system,New Cross Pacific (NCP) Cable System,1,4,143.099973,34.683018
new-cross-pacific-ncp-cable-system,New Cross Pacific (NCP) Cable System,1,5,140.399975,33.565491
new-cross-pacific-ncp-cable-system,New Cross Pacific (NCP) Cable System,1,6,138.599976,32.812319
new-cross-pacific-ncp-cable-system,New Cross Pacific (NCP) Cable System,1,7,136.799977,31.670513
new-cross-pacific-ncp-cable-system,New Cross Pacific (NCP) Cable System,1,8,134.999979,30.901396
new-cross-pacific-ncp-cable-system,New Cross Pacific (NCP) Cable System,1,9,132.74998,30.514496
new-cross-pacific-ncp-cable-system,New Cross Pacific (NCP) Cable System,1,10,131.399981,29.148249
new-cross-pacific-ncp-cable-system,New Cross Pacific (NCP) Cable System,1,11,130.499982,29.344567
new-cross-pacific-ncp-cable-system,New Cross Pacific (NCP) Cable System,1,12,128.249983,30.514496
new-cross-pacific-ncp-cable-system,New Cross Pacific (NCP) Cable System,1,13,125.999985,30.901396
new-cross-pacific-ncp-cable-system,New Cross Pacific (NCP) Cable System,1,14,122.174988,30.853119
new-cross-pacific-ncp-cable-system,New Cross Pacific (NCP) Cable System,1,15,121.925088,30.86475
new-cross-pacific-ncp-cable-system,New Cross Pacific (NCP) Cable System,1,16,121.893938,30.899508
new-cross-pacific-ncp-cable-system,New Cross Pacific (NCP) Cable System,1,17,121.896078,30.935661
new-cross-pacific-ncp-cable-system,New Cross Pacific (NCP) Cable System,2,0,125.999985,30.901396
new-cross-pacific-ncp-cable-system,New Cross Pacific (NCP) Cable System,2,1,124.199986,31.670513
new-cross-pacific-ncp-cable-system,New Cross Pacific (NCP) Cable System,2,2,122.849987,31.861809
new-cross-pacific-ncp-cable-system,New Cross Pacific (NCP) Cable System,2,3,121.949988,31.718374
new-cross-pacific-ncp-cable-system,New Cross Pacific (NCP) Cable System,2,4,121.395298,31.6198
new-cross-pacific-ncp-cable-system,New Cross Pacific (NCP) Cable System,3,0,128.249983,30.514496
new-cross-pacific-ncp-cable-system,New Cross Pacific (NCP) Cable System,3,1,128.249983,31.670513
new-cross-pacific-ncp-cable-system,New Cross Pacific (NCP) Cable System,3,2,128.474983,32.812319
new-cross-pacific-ncp-cable-system,New Cross Pacific (NCP) Cable System,3,3,128.924983,34.312152
new-cross-pacific-ncp-cable-system,New Cross Pacific (NCP) Cable System,3,4,128.999493,35.170379
new-cross-pacific-ncp-cable-system,New Cross Pacific (NCP) Cable System,4,0,140.399975,33.565491
new-cross-pacific-ncp-cable-system,New Cross Pacific (NCP) Cable System,4,1,140.174975,33.93964
new-cross-pacific-ncp-cable-system,New Cross Pacific (NCP) Cable System,4,2,140.118725,34.405023
new-cross-pacific-ncp-cable-system,New Cross Pacific (NCP) Cable System,4,3,140.14685,34.690726
new-cross-pacific-ncp-cable-system,New Cross Pacific (NCP) Cable System,4,4,140.14685,34.898593
new-cross-pacific-ncp-cable-system,New Cross Pacific (NCP) Cable System,4,5,139.975467,35.005433
new-cross-pacific-ncp-cable-system,New Cross Pacific (NCP) Cable System,5,0,131.399981,29.148249
new-cross-pacific-ncp-cable-system,New Cross Pacific (NCP) Cable System,5,1,128.699983,26.159308
new-cross-pacific-ncp-cable-system,New Cross Pacific (NCP) Cable System,5,2,127.349984,25.551883
new-cross-pacific-ncp-cable-system,New Cross Pacific (NCP) Cable System,5,3,125.999985,25.348717
new-cross-pacific-ncp-cable-system,New Cross Pacific (NCP) Cable System,5,4,124.199986,24.941363
new-cross-pacific-ncp-cable-system,New Cross Pacific (NCP) Cable System,5,5,122.849987,25.043329
new-cross-pacific-ncp-cable-system,New Cross Pacific (NCP) Cable System,5,6,122.174988,24.992357
new-cross-pacific-ncp-cable-system,New Cross Pacific (NCP) Cable System,5,7,121.801448,24.863504
new-cross-pacific-ncp-cable-system,New Cross Pacific (NCP) Cable System,6,0,121.896078,30.935661
new-cross-pacific-ncp-cable-system,New Cross Pacific (NCP) Cable System,6,1,121.612488,30.933568
new-cross-pacific-ncp-cable-system,New Cross Pacific (NCP) Cable System,6,2,121.274988,31.126369
new-cross-pacific-ncp-cable-system,New Cross Pacific (NCP) Cable System,6,3,121.274988,31.510798
new-cross-pacific-ncp-cable-system,New Cross Pacific (NCP) Cable System,6,4,121.395298,31.6198
monet,Monet,0,0,-46.328063,-23.961843
monet,Monet,0,1,-44.549894,-25.179444
monet,Monet,0,2,-41.399896,-25.337712
monet,Monet,0,3,-37.0124,-23.80308
monet,Monet,0,4,-31.949728,-18.025284
monet,Monet,0,5,-30.14973,-13.69782
monet,Monet,0,6,-29.249905,-9.290424
monet,Monet,0,7,-31.162404,-4.489308
monet,Monet,0,8,-34.649901,0.568579
monet,Monet,0,9,-40.499897,7.744889
monet,Monet,0,10,-48.599891,15.669513
monet,Monet,0,11,-57.599885,20.796306
monet,Monet,0,12,-69.299877,25.754704
monet,Monet,0,13,-73.349874,27.763589
monet,Monet,0,14,-76.949871,27.962503
monet,Monet,0,15,-77.849871,27.763589
monet,Monet,0,16,-78.74987,27.264712
monet,Monet,0,17,-79.649869,26.763587
monet,Monet,0,18,-80.088932,26.350585
monet,Monet,1,0,-34.649901,0.568579
monet,Monet,1,1,-35.9999,-0.781387
monet,Monet,1,2,-38.542968,-3.718735
sea-us,SEA-US,0,0,-118.399453,33.862475
sea-us,SEA-US,0,1,-120.59984,33.189715
sea-us,SEA-US,0,2,-122.399839,33.189715
sea-us,SEA-US,0,3,-127.799835,32.812319
sea-us,SEA-US,0,4,-138.603105,30.516426
sea-us,SEA-US,0,5,-147.603098,28.953515
sea-us,SEA-US,0,6,-152.999817,25.754704
sea-us,SEA-US,0,7,-157.949814,22.677206
sea-us,SEA-US,0,8,-158.399814,22.052986
sea-us,SEA-US,0,9,-158.456063,21.739834
sea-us,SEA-US,0,10,-158.456064,21.635297
sea-us,SEA-US,0,11,-158.220663,21.463447
sea-us,SEA-US,0,12,-158.399814,21.268826
sea-us,SEA-US,0,13,-158.849813,21.0065
sea-us,SEA-US,0,14,-163.79981,19.952623
sea-us,SEA-US,0,15,-172.799803,19.952623
sea-us,SEA-US,0,16,-179.999798,18.251816
sea-us,SEA-US,1,0,137.249977,10.85309
sea-us,SEA-US,1,1,137.699977,9.967915
sea-us,SEA-US,1,2,138.0615,9.443923
sea-us,SEA-US,2,0,133.19998,9.080331
sea-us,SEA-US,2,1,133.64998,8.190543
sea-us,SEA-US,2,2,134.560941,7.531746
sea-us,SEA-US,3,0,125.612876,7.079989
sea-us,SEA-US,3,1,125.999985,5.957819
sea-us,SEA-US,3,2,126.449985,5.061987
sea-us,SEA-US,4,0,125.065611,1.378623
sea-us,SEA-US,4,1,125.999985,1.918229
sea-us,SEA-US,4,2,126.449985,3.266815
sea-us,SEA-US,4,3,126.449985,5.061987
sea-us,SEA-US,4,4,133.19998,9.080331
sea-us,SEA-US,4,5,137.249977,10.85309
sea-us,SEA-US,4,6,143.999972,13.054151
sea-us,SEA-US,4,7,144.694698,13.464778
sea-us,SEA-US,5,0,144.694702,13.464773
sea-us,SEA-US,5,1,144.899972,13.273238
sea-us,SEA-US,5,2,145.349971,13.492128
sea-us,SEA-US,5,3,146.249971,14.03847
sea-us,SEA-US,5,4,147.14997,14.147584
sea-us,SEA-US,5,5,151.199967,14.365654
sea-us,SEA-US,5,6,160.199961,15.669513
sea-us,SEA-US,5,7,179.999927,18.251816
faster,FASTER,0,0,136.873997,34.336828
faster,FASTER,0,1,137.699977,33.189715
faster,FASTER,0,2,138.599976,32.24321
faster,FASTER,1,0,138.599976,32.24321
faster,FASTER,1,1,140.399975,33.001219
faster,FASTER,1,2,143.099973,34.312152
faster,FASTER,1,3,149.399968,37.589787
faster,FASTER,1,4,160.199961,42.743713
faster,FASTER,1,5,172.799952,45.960245
faster,FASTER,1,6,179.999958,45.960245
faster,FASTER,2,0,140.399975,33.001219
faster,FASTER,2,1,140.062475,33.93964
faster,FASTER,2,2,140.399975,34.405023
faster,FASTER,2,3,140.287475,34.690726
faster,FASTER,2,4,140.076538,34.852446
faster,FASTER,2,5,139.954855,34.97657
faster,FASTER,3,0,-124.408338,43.118664
faster,FASTER,3,1,-125.999837,43.073311
faster,FASTER,3,2,-129.599834,43.727215
faster,FASTER,3,3,-138.599828,45.013834
faster,FASTER,3,4,-151.199819,45.960245
faster,FASTER,3,5,-179.999798,45.960245
faster,FASTER,4,0,138.599976,32.24321
faster,FASTER,4,1,136.799977,31.094263
faster,FASTER,4,2,134.999979,30.320465
faster,FASTER,4,3,131.399981,29.246455
faster,FASTER,4,4,129.599982,28.951555
faster,FASTER,4,5,128.249983,28.557045
faster,FASTER,4,6,122.849987,26.461844
faster,FASTER,4,7,121.949988,25.754704
faster,FASTER,4,8,121.462588,25.181713
kerch-strait-cable,Kerch Strait Cable,0,0,36.477388,45.356985
kerch-strait-cable,Kerch Strait Cable,0,1,36.675048,45.372007
kerch-strait-cable,Kerch Strait Cable,0,2,36.770848,45.42361
north-west-cable-system,North-West Cable System,0,0,118.57724,-20.313442
north-west-cable-system,North-West Cable System,0,1,118.57499,-18.88014
north-west-cable-system,North-West Cable System,0,2,118.124991,-18.240251
north-west-cable-system,North-West Cable System,0,3,118.23749,-17.597999
north-west-cable-system,North-West Cable System,0,4,120.599989,-15.224032
north-west-cable-system,North-West Cable System,0,5,121.612488,-14.898126
north-west-cable-system,North-West Cable System,0,6,122.287488,-14.026656
north-west-cable-system,North-West Cable System,0,7,123.299987,-13.917484
north-west-cable-system,North-West Cable System,0,8,124.424986,-13.589662
north-west-cable-system,North-West Cable System,0,9,126.449985,-11.552325
north-west-cable-system,North-West Cable System,0,10,127.349984,-11.552325
north-west-cable-system,North-West Cable System,0,11,129.037483,-11.723727
north-west-cable-system,North-West Cable System,0,12,129.206233,-11.778847
north-west-cable-system,North-West Cable System,0,13,129.937582,-11.998972
north-west-cable-system,North-West Cable System,0,14,130.500007,-12.109123
north-west-cable-system,North-West Cable System,0,15,130.843142,-12.467474
north-west-cable-system,North-West Cable System,1,0,130.500007,-12.109123
north-west-cable-system,North-West Cable System,1,1,130.500132,-11.999143
north-west-cable-system,North-West Cable System,1,2,130.632082,-11.762596
terra-sw,TERRA SW,0,0,-151.544249,59.646566
terra-sw,TERRA SW,0,1,-152.099818,59.622822
terra-sw,TERRA SW,0,2,-152.999817,59.565883
terra-sw,TERRA SW,0,3,-153.545128,59.618078
terra-sw,TERRA SW,0,4,-153.591078,59.635537
terra-sw,TERRA SW,0,5,-153.632138,59.682375
terra-sw,TERRA SW,1,0,-153.880477,59.776104
terra-sw,TERRA SW,1,1,-153.952947,59.779688
terra-sw,TERRA SW,1,2,-154.043567,59.756875
terra-sw,TERRA SW,1,3,-154.093567,59.767108
terra-sw,TERRA SW,1,4,-154.106117,59.787212
terra-sw,TERRA SW,1,5,-154.120127,59.766317
terra-sw,TERRA SW,1,6,-154.168667,59.747384
terra-sw,TERRA SW,1,7,-154.315437,59.760813
terra-sw,TERRA SW,1,8,-154.473257,59.755303
terra-sw,TERRA SW,1,9,-154.646447,59.706893
terra-sw,TERRA SW,1,10,-154.821687,59.716718
terra-sw,TERRA SW,1,11,-154.906116,59.754714
terra-sw,TERRA SW,2,0,-154.846687,59.708049
terra-sw,TERRA SW,2,1,-154.906116,59.754714
terra-sw,TERRA SW,3,0,-153.880477,59.776104
terra-sw,TERRA SW,3,1,-153.956067,59.763961
terra-sw,TERRA SW,3,2,-154.035757,59.734046
terra-sw,TERRA SW,3,3,-154.123257,59.711988
terra-sw,TERRA SW,3,4,-154.245127,59.701743
terra-sw,TERRA SW,3,5,-154.392007,59.697803
terra-sw,TERRA SW,3,6,-154.647377,59.653599
terra-sw,TERRA SW,3,7,-154.695127,59.618078
terra-sw,TERRA SW,3,8,-154.754507,59.521531
terra-sw,TERRA SW,3,9,-154.752747,59.442186
terra-sw,TERRA SW,4,0,-154.858847,59.949184
terra-sw,TERRA SW,4,1,-154.852566,59.962412
terra-sw,TERRA SW,4,2,-154.847716,59.972622
terra-sw,TERRA SW,4,3,-154.708116,60.060323
terra-sw,TERRA SW,4,4,-154.558116,60.128876
terra-sw,TERRA SW,4,5,-154.517637,60.141982
terra-sw,TERRA SW,4,6,-154.429507,60.179151
terra-sw,TERRA SW,4,7,-154.390437,60.194687
terra-sw,TERRA SW,4,8,-154.336927,60.200368
terra-sw,TERRA SW,5,0,-154.846687,59.708049
terra-sw,TERRA SW,5,1,-154.792007,59.527871
terra-sw,TERRA SW,5,2,-154.752747,59.442186
terra-sw,TERRA SW,6,0,-154.899767,59.71812
terra-sw,TERRA SW,6,1,-154.876377,59.695436
terra-sw,TERRA SW,6,2,-154.943567,59.633091
terra-sw,TERRA SW,6,3,-155.045127,59.597528
terra-sw,TERRA SW,6,4,-155.793566,59.400853
terra-sw,TERRA SW,6,5,-155.894736,59.327774
terra-sw,TERRA SW,6,6,-155.759186,59.373802
terra-sw,TERRA SW,6,7,-155.264956,59.462364
terra-sw,TERRA SW,6,8,-154.793567,59.469979
terra-sw,TERRA SW,6,9,-154.752747,59.442186
alaska-united-turnagain-arm-auta,Alaska United Turnagain Arm (AUTA),0,0,-149.73219,61.015692
alaska-united-turnagain-arm-auta,Alaska United Turnagain Arm (AUTA),0,1,-149.631411,60.969639
alaska-united-turnagain-arm-auta,Alaska United Turnagain Arm (AUTA),0,2,-149.483711,60.953616
alaska-united-turnagain-arm-auta,Alaska United Turnagain Arm (AUTA),0,3,-149.351381,60.920458
alaska-united-turnagain-arm-auta,Alaska United Turnagain Arm (AUTA),0,4,-149.195131,60.921974
alaska-united-turnagain-arm-auta,Alaska United Turnagain Arm (AUTA),0,5,-149.08732,60.889303
alaska-united-turnagain-arm-auta,Alaska United Turnagain Arm (AUTA),0,6,-148.989811,60.828291
acs-alaska-oregon-network-akorn,ACS Alaska-Oregon Network (AKORN),0,0,-151.291669,60.689929
acs-alaska-oregon-network-akorn,ACS Alaska-Oregon Network (AKORN),0,1,-151.291669,60.848421
acs-alaska-oregon-network-akorn,ACS Alaska-Oregon Network (AKORN),0,2,-150.23341,61.157291
acs-alaska-oregon-network-akorn,ACS Alaska-Oregon Network (AKORN),0,3,-149.85841,61.217558
acs-alaska-oregon-network-akorn,ACS Alaska-Oregon Network (AKORN),1,0,-151.291669,60.689929
acs-alaska-oregon-network-akorn,ACS Alaska-Oregon Network (AKORN),1,1,-151.041619,60.567312
acs-alaska-oregon-network-akorn,ACS Alaska-Oregon Network (AKORN),1,2,-150.916619,60.444228
acs-alaska-oregon-network-akorn,ACS Alaska-Oregon Network (AKORN),1,3,-151.041619,60.258725
acs-alaska-oregon-network-akorn,ACS Alaska-Oregon Network (AKORN),1,4,-151.419199,60.02343
acs-alaska-oregon-network-akorn,ACS Alaska-Oregon Network (AKORN),1,5,-151.544249,59.835531
acs-alaska-oregon-network-akorn,ACS Alaska-Oregon Network (AKORN),1,6,-151.544249,59.646566
acs-alaska-oregon-network-akorn,ACS Alaska-Oregon Network (AKORN),1,7,-152.099818,59.508849
acs-alaska-oregon-network-akorn,ACS Alaska-Oregon Network (AKORN),1,8,-152.099818,59.106895
acs-alaska-oregon-network-akorn,ACS Alaska-Oregon Network (AKORN),1,9,-151.199819,58.875068
acs-alaska-oregon-network-akorn,ACS Alaska-Oregon Network (AKORN),1,10,-146.249822,58.524394
acs-alaska-oregon-network-akorn,ACS Alaska-Oregon Network (AKORN),1,11,-139.949827,56.840739
acs-alaska-oregon-network-akorn,ACS Alaska-Oregon Network (AKORN),1,12,-139.049827,55.843186
acs-alaska-oregon-network-akorn,ACS Alaska-Oregon Network (AKORN),1,13,-137.249829,54.034038
acs-alaska-oregon-network-akorn,ACS Alaska-Oregon Network (AKORN),1,14,-134.099831,50.740282
acs-alaska-oregon-network-akorn,ACS Alaska-Oregon Network (AKORN),1,15,-127.799835,45.331071
acs-alaska-oregon-network-akorn,ACS Alaska-Oregon Network (AKORN),1,16,-125.099837,44.051519
acs-alaska-oregon-network-akorn,ACS Alaska-Oregon Network (AKORN),1,17,-124.099938,43.982202
adria-1,Adria-1,0,0,19.91959,39.619536
adria-1,Adria-1,0,1,19.57506,39.784829
adria-1,Adria-1,0,2,19.012561,40.043692
adria-1,Adria-1,0,3,18.900061,40.38732
adria-1,Adria-1,0,4,19.125061,41.06934
adria-1,Adria-1,0,5,19.45006,41.31691
adria-1,Adria-1,0,6,19.125061,41.407726
adria-1,Adria-1,0,7,18.112561,42.412355
adria-1,Adria-1,0,8,18.106511,42.642078
africa-coast-to-europe-ace,Africa Coast to Europe (ACE),0,0,-16.518014,28.059088
africa-coast-to-europe-ace,Africa Coast to Europe (ACE),0,1,-16.199914,27.564309
africa-coast-to-europe-ace,Africa Coast to Europe (ACE),0,2,-15.299915,26.964305
africa-coast-to-europe-ace,Africa Coast to Europe (ACE),0,3,-17.099914,22.884654
africa-coast-to-europe-ace,Africa Coast to Europe (ACE),0,4,-18.449913,19.952623
africa-coast-to-europe-ace,Africa Coast to Europe (ACE),0,5,-18.449913,16.534196
africa-coast-to-europe-ace,Africa Coast to Europe (ACE),0,6,-17.999913,15.235782
africa-coast-to-europe-ace,Africa Coast to Europe (ACE),0,7,-17.445713,14.686595
africa-coast-to-europe-ace,Africa Coast to Europe (ACE),0,8,-17.999913,13.929304
africa-coast-to-europe-ace,Africa Coast to Europe (ACE),0,9,-17.999913,13.492128
africa-coast-to-europe-ace,Africa Coast to Europe (ACE),0,10,-18.449913,11.73565
africa-coast-to-europe-ace,Africa Coast to Europe (ACE),0,11,-17.099914,8.635699
africa-coast-to-europe-ace,Africa Coast to Europe (ACE),0,12,-15.749915,7.744889
africa-coast-to-europe-ace,Africa Coast to Europe (ACE),0,13,-14.849915,6.852191
africa-coast-to-europe-ace,Africa Coast to Europe (ACE),0,14,-12.599917,4.613592
africa-coast-to-europe-ace,Africa Coast to Europe (ACE),0,15,-10.799918,2.81745
africa-coast-to-europe-ace,Africa Coast to Europe (ACE),0,16,-5.399922,2.81745
africa-coast-to-europe-ace,Africa Coast to Europe (ACE),0,17,-4.387423,3.266815
africa-coast-to-europe-ace,Africa Coast to Europe (ACE),0,18,-4.026243,5.323509
africa-coast-to-europe-ace,Africa Coast to Europe (ACE),0,19,-3.824923,3.266815
africa-coast-to-europe-ace,Africa Coast to Europe (ACE),0,20,-3.149924,2.81745
africa-coast-to-europe-ace,Africa Coast to Europe (ACE),0,21,-0.674925,2.830478
africa-coast-to-europe-ace,Africa Coast to Europe (ACE),0,22,1.575073,3.828234
africa-coast-to-europe-ace,Africa Coast to Europe (ACE),0,23,2.250073,3.828234
africa-coast-to-europe-ace,Africa Coast to Europe (ACE),1,0,2.475072,4.164913
africa-coast-to-europe-ace,Africa Coast to Europe (ACE),1,1,5.40007,2.592701
africa-coast-to-europe-ace,Africa Coast to Europe (ACE),1,2,6.30007,2.367913
africa-coast-to-europe-ace,Africa Coast to Europe (ACE),1,3,7.200069,1.468427
africa-coast-to-europe-ace,Africa Coast to Europe (ACE),1,4,7.200069,1.018534
africa-coast-to-europe-ace,Africa Coast to Europe (ACE),1,5,6.733269,0.333286
africa-coast-to-europe-ace,Africa Coast to Europe (ACE),2,0,-9.331559,38.690162
africa-coast-to-europe-ace,Africa Coast to Europe (ACE),2,1,-9.899919,38.299521
africa-coast-to-europe-ace,Africa Coast to Europe (ACE),3,0,-4.338543,47.81102
africa-coast-to-europe-ace,Africa Coast to Europe (ACE),3,1,-5.849922,47.654071
africa-coast-to-europe-ace,Africa Coast to Europe (ACE),3,2,-7.64992,46.890763
africa-coast-to-europe-ace,Africa Coast to Europe (ACE),3,3,-10.799918,43.401145
africa-coast-to-europe-ace,Africa Coast to Europe (ACE),3,4,-10.799918,39.698323
africa-coast-to-europe-ace,Africa Coast to Europe (ACE),3,5,-10.349918,39.002379
africa-coast-to-europe-ace,Africa Coast to Europe (ACE),3,6,-9.899919,38.299521
africa-coast-to-europe-ace,Africa Coast to Europe (ACE),3,7,-11.249918,36.512388
africa-coast-to-europe-ace,Africa Coast to Europe (ACE),3,8,-11.699917,35.419781
africa-coast-to-europe-ace,Africa Coast to Europe (ACE),3,9,-13.274916,32.052708
africa-coast-to-europe-ace,Africa Coast to Europe (ACE),3,10,-14.174916,29.736069
africa-coast-to-europe-ace,Africa Coast to Europe (ACE),3,11,-14.737415,28.161052
africa-coast-to-europe-ace,Africa Coast to Europe (ACE),3,12,-15.299915,26.964305
africa-coast-to-europe-ace,Africa Coast to Europe (ACE),4,0,-15.978284,18.083868
africa-coast-to-europe-ace,Africa Coast to Europe (ACE),4,1,-17.099914,18.251816
africa-coast-to-europe-ace,Africa Coast to Europe (ACE),4,2,-18.449913,18.251816
africa-coast-to-europe-ace,Africa Coast to Europe (ACE),5,0,-17.999913,13.492128
africa-coast-to-europe-ace,Africa Coast to Europe (ACE),5,1,-17.099914,13.492128
africa-coast-to-europe-ace,Africa Coast to Europe (ACE),5,2,-16.581364,13.456137
africa-coast-to-europe-ace,Africa Coast to Europe (ACE),6,0,-15.749915,7.744889
africa-coast-to-europe-ace,Africa Coast to Europe (ACE),6,1,-13.703826,9.513435
africa-coast-to-europe-ace,Africa Coast to Europe (ACE),7,0,-13.238096,8.485442
africa-coast-to-europe-ace,Africa Coast to Europe (ACE),7,1,-14.849915,6.852191
africa-coast-to-europe-ace,Africa Coast to Europe (ACE),8,0,-10.797188,6.300379
africa-coast-to-europe-ace,Africa Coast to Europe (ACE),8,1,-12.599917,4.613592
africa-coast-to-europe-ace,Africa Coast to Europe (ACE),9,0,-0.204316,5.558286
africa-coast-to-europe-ace,Africa Coast to Europe (ACE),9,1,-0.674925,3.279837
africa-coast-to-europe-ace,Africa Coast to Europe (ACE),9,2,-0.674925,2.830478
africa-coast-to-europe-ace,Africa Coast to Europe (ACE),10,0,2.440113,6.356673
africa-coast-to-europe-ace,Africa Coast to Europe (ACE),10,1,1.800073,5.061987
africa-coast-to-europe-ace,Africa Coast to Europe (ACE),10,2,1.800073,3.828234
africa-coast-to-europe-ace,Africa Coast to Europe (ACE),11,0,3.423512,6.439067
africa-coast-to-europe-ace,Africa Coast to Europe (ACE),11,1,2.475072,4.164913
africa-coast-to-europe-ace,Africa Coast to Europe (ACE),11,2,2.250073,3.828234
africa-coast-to-europe-ace,Africa Coast to Europe (ACE),12,0,7.200069,1.468427
africa-coast-to-europe-ace,Africa Coast to Europe (ACE),12,1,9.000068,1.468427
africa-coast-to-europe-ace,Africa Coast to Europe (ACE),12,2,9.768227,1.86015
africa-coast-to-europe-ace,Africa Coast to Europe (ACE),13,0,7.200069,1.018534
africa-coast-to-europe-ace,Africa Coast to Europe (ACE),13,1,8.550068,0.793563
africa-coast-to-europe-ace,Africa Coast to Europe (ACE),13,2,9.454268,0.394465
africa-coast-to-europe-ace,Africa Coast to Europe (ACE),14,0,18.449961,-33.69332
africa-coast-to-europe-ace,Africa Coast to Europe (ACE),14,1,17.550062,-33.555344
africa-coast-to-europe-ace,Africa Coast to Europe (ACE),14,2,16.200063,-32.61276
africa-coast-to-europe-ace,Africa Coast to Europe (ACE),14,3,14.850064,-30.309953
africa-coast-to-europe-ace,Africa Coast to Europe (ACE),14,4,11.700066,-23.493922
africa-coast-to-europe-ace,Africa Coast to Europe (ACE),14,5,10.350067,-18.026426
africa-coast-to-europe-ace,Africa Coast to Europe (ACE),14,6,10.350067,-10.620065
africa-coast-to-europe-ace,Africa Coast to Europe (ACE),14,7,9.000068,-6.616651
africa-coast-to-europe-ace,Africa Coast to Europe (ACE),14,8,8.550068,-4.825692
africa-coast-to-europe-ace,Africa Coast to Europe (ACE),14,9,6.987569,0.118588
africa-coast-to-europe-ace,Africa Coast to Europe (ACE),14,10,6.733269,0.333286
africa-coast-to-europe-ace,Africa Coast to Europe (ACE),15,0,-17.445713,14.686595
africa-coast-to-europe-ace,Africa Coast to Europe (ACE),15,1,-17.549913,13.929304
africa-coast-to-europe-ace,Africa Coast to Europe (ACE),15,2,-17.099914,12.175887
africa-coast-to-europe-ace,Africa Coast to Europe (ACE),15,3,-16.649914,11.73565
africa-coast-to-europe-ace,Africa Coast to Europe (ACE),15,4,-16.199914,11.680571
africa-coast-to-europe-ace,Africa Coast to Europe (ACE),15,5,-15.791146,11.774132
alaska-united-east-au-east,Alaska United East (AU-East),0,0,-122.315761,47.824101
alaska-united-east-au-east,Alaska United East (AU-East),0,1,-122.441054,47.874779
alaska-united-east-au-east,Alaska United East (AU-East),0,2,-122.469184,47.92193
alaska-united-east-au-east,Alaska United East (AU-East),0,3,-122.567616,47.959608
alaska-united-east-au-east,Alaska United East (AU-East),0,4,-122.623871,48.03489
alaska-united-east-au-east,Alaska United East (AU-East),0,5,-122.651991,48.110061
alaska-united-east-au-east,Alaska United East (AU-East),0,6,-122.849839,48.23807
alaska-united-east-au-east,Alaska United East (AU-East),0,7,-123.749838,48.294236
alaska-united-east-au-east,Alaska United East (AU-East),0,8,-124.649837,48.555528
alaska-united-east-au-east,Alaska United East (AU-East),0,9,-125.099837,48.555528
alaska-united-east-au-east,Alaska United East (AU-East),0,10,-131.399833,50.740282
alaska-united-east-au-east,Alaska United East (AU-East),0,11,-134.54983,54.034038
alaska-united-east-au-east,Alaska United East (AU-East),0,12,-135.899829,55.843186
alaska-united-east-au-east,Alaska United East (AU-East),0,13,-138.149828,57.086066
alaska-united-east-au-east,Alaska United East (AU-East),0,14,-144.899823,58.524394
alaska-united-east-au-east,Alaska United East (AU-East),0,15,-147.599821,59.451717
alaska-united-east-au-east,Alaska United East (AU-East),0,16,-147.980042,59.849492
alaska-united-east-au-east,Alaska United East (AU-East),0,17,-147.860712,59.9573
alaska-united-east-au-east,Alaska United East (AU-East),0,18,-147.761342,60.015889
alaska-united-east-au-east,Alaska United East (AU-East),0,19,-147.729262,60.10214
alaska-united-east-au-east,Alaska United East (AU-East),0,20,-147.615202,60.237669
alaska-united-east-au-east,Alaska United East (AU-East),0,21,-147.533321,60.304476
alaska-united-east-au-east,Alaska United East (AU-East),0,22,-147.459052,60.47899
alaska-united-east-au-east,Alaska United East (AU-East),0,23,-147.476921,60.590316
alaska-united-east-au-east,Alaska United East (AU-East),0,24,-147.633762,60.620197
alaska-united-east-au-east,Alaska United East (AU-East),0,25,-147.864421,60.620776
alaska-united-east-au-east,Alaska United East (AU-East),0,26,-148.036102,60.665012
alaska-united-east-au-east,Alaska United East (AU-East),0,27,-148.036102,60.699395
alaska-united-east-au-east,Alaska United East (AU-East),0,28,-148.086392,60.758195
alaska-united-east-au-east,Alaska United East (AU-East),0,29,-148.195821,60.782108
alaska-united-east-au-east,Alaska United East (AU-East),0,30,-148.325801,60.780942
alaska-united-east-au-east,Alaska United East (AU-East),0,31,-148.413541,60.786208
alaska-united-east-au-east,Alaska United East (AU-East),0,32,-148.518181,60.772242
alaska-united-east-au-east,Alaska United East (AU-East),0,33,-148.684731,60.773028
alaska-united-east-au-east,Alaska United East (AU-East),1,0,-135.899829,55.843186
alaska-united-east-au-east,Alaska United East (AU-East),1,1,-134.466531,56.03358
alaska-united-east-au-east,Alaska United East (AU-East),1,2,-134.415452,56.466474
alaska-united-east-au-east,Alaska United East (AU-East),1,3,-134.52473,56.8495
alaska-united-east-au-east,Alaska United East (AU-East),1,4,-134.613792,57.010072
alaska-united-east-au-east,Alaska United East (AU-East),1,5,-134.744959,57.237737
alaska-united-east-au-east,Alaska United East (AU-East),1,6,-134.763709,57.495569
alaska-united-east-au-east,Alaska United East (AU-East),1,7,-134.809015,57.594609
alaska-united-east-au-east,Alaska United East (AU-East),1,8,-134.859115,57.734649
alaska-united-east-au-east,Alaska United East (AU-East),1,9,-134.880985,58.012979
alaska-united-east-au-east,Alaska United East (AU-East),1,10,-134.959791,58.10721
alaska-united-east-au-east,Alaska United East (AU-East),1,11,-134.967021,58.197824
alaska-united-east-au-east,Alaska United East (AU-East),1,12,-134.98333,58.289828
alaska-united-east-au-east,Alaska United East (AU-East),1,13,-135.001095,58.36551
alaska-united-east-au-east,Alaska United East (AU-East),1,14,-135.000321,58.428991
alaska-united-east-au-east,Alaska United East (AU-East),1,15,-134.923271,58.450764
alaska-united-east-au-east,Alaska United East (AU-East),1,16,-134.843191,58.412191
alaska-united-east-au-east,Alaska United East (AU-East),1,17,-134.760471,58.346166
alaska-united-east-au-east,Alaska United East (AU-East),1,18,-134.701391,58.339527
alaska-united-east-au-east,Alaska United East (AU-East),1,19,-134.603152,58.35644
alaska-united-east-au-east,Alaska United East (AU-East),1,20,-134.542212,58.348423
alaska-united-east-au-east,Alaska United East (AU-East),1,21,-134.406862,58.299577
alaska-united-east-au-east,Alaska United East (AU-East),2,0,-146.353433,61.130356
alaska-united-east-au-east,Alaska United East (AU-East),2,1,-146.565543,61.121162
alaska-united-east-au-east,Alaska United East (AU-East),2,2,-146.673943,61.073511
alaska-united-east-au-east,Alaska United East (AU-East),2,3,-146.829073,60.976059
alaska-united-east-au-east,Alaska United East (AU-East),2,4,-146.899233,60.867943
alaska-united-east-au-east,Alaska United East (AU-East),2,5,-147.083172,60.811007
alaska-united-east-au-east,Alaska United East (AU-East),2,6,-147.521602,60.788258
alaska-united-east-au-east,Alaska United East (AU-East),2,7,-147.889962,60.779653
alaska-united-east-au-east,Alaska United East (AU-East),2,8,-148.031662,60.770381
alaska-united-east-au-east,Alaska United East (AU-East),2,9,-148.211782,60.793738
alaska-united-east-au-east,Alaska United East (AU-East),2,10,-148.328431,60.793738
alaska-united-east-au-east,Alaska United East (AU-East),2,11,-148.398551,60.796763
alaska-united-east-au-east,Alaska United East (AU-East),2,12,-148.521551,60.781322
alaska-united-east-au-east,Alaska United East (AU-East),2,13,-148.684731,60.773028
alaska-united-west-au-west,Alaska United West (AU-West),0,0,-149.447671,60.110049
alaska-united-west-au-west,Alaska United West (AU-West),0,1,-149.371695,59.90607
alaska-united-west-au-west,Alaska United West (AU-West),0,2,-148.049821,59.451717
alaska-united-west-au-west,Alaska United West (AU-West),0,3,-145.799822,58.524394
alaska-united-west-au-west,Alaska United West (AU-West),0,4,-139.499827,56.840739
alaska-united-west-au-west,Alaska United West (AU-West),0,5,-138.599828,55.843186
alaska-united-west-au-west,Alaska United West (AU-West),0,6,-136.349829,54.034038
alaska-united-west-au-west,Alaska United West (AU-West),0,7,-133.199831,50.740282
alaska-united-west-au-west,Alaska United West (AU-West),0,8,-127.799835,47.50229
alaska-united-west-au-west,Alaska United West (AU-West),0,9,-125.099837,46.42749
alaska-united-west-au-west,Alaska United West (AU-West),0,10,-123.923769,46.165221
alaska-united-west-au-west,Alaska United West (AU-West),1,0,-131.647884,55.341968
alaska-united-west-au-west,Alaska United West (AU-West),1,1,-131.627864,55.180534
alaska-united-west-au-west,Alaska United West (AU-West),1,2,-131.747584,54.993629
alaska-united-west-au-west,Alaska United West (AU-West),1,3,-131.624833,54.819362
alaska-united-west-au-west,Alaska United West (AU-West),1,4,-131.849832,54.559259
alaska-united-west-au-west,Alaska United West (AU-West),1,5,-133.199831,54.559259
alaska-united-west-au-west,Alaska United West (AU-West),1,6,-134.99983,54.428581
alaska-united-west-au-west,Alaska United West (AU-West),1,7,-136.349829,54.034038
alba-1,ALBA-1,0,0,-75.712372,19.963733
alba-1,ALBA-1,0,1,-75.599872,19.104405
alba-1,ALBA-1,0,2,-75.149873,18.251816
alba-1,ALBA-1,0,3,-71.099875,15.669513
alba-1,ALBA-1,0,4,-67.949878,12.615396
alba-1,ALBA-1,0,5,-67.049878,11.294709
alba-1,ALBA-1,0,6,-66.889628,10.60353
alba-1,ALBA-1,1,0,-75.828922,20.029344
alba-1,ALBA-1,1,1,-76.049872,19.529071
alba-1,ALBA-1,1,2,-76.724871,18.678647
alba-1,ALBA-1,1,3,-77.103241,18.398661
aletar,Aletar,0,0,29.893513,31.191465
aletar,Aletar,0,1,30.150053,31.670513
aletar,Aletar,0,2,35.550049,34.775476
aletar,Aletar,0,3,35.897799,34.891703
alonso-de-ojeda,Alonso de Ojeda,0,0,-69.878586,12.414622
alonso-de-ojeda,Alonso de Ojeda,0,1,-69.749876,12.285834
alonso-de-ojeda,Alonso de Ojeda,0,2,-69.074877,12.010882
alonso-de-ojeda,Alonso de Ojeda,0,3,-68.892647,12.09044
alpal-2,Alpal-2,0,0,2.901442,36.80022
alpal-2,Alpal-2,0,1,2.700072,37.232354
alpal-2,Alpal-2,0,2,2.700072,38.651812
alpal-2,Alpal-2,0,3,2.970972,39.354844
americas-i-north,Americas-I North,0,0,-64.93709,18.372992
americas-i-north,Americas-I North,0,1,-64.79988,18.891662
americas-i-north,Americas-I North,0,2,-65.02488,20.796306
americas-i-north,Americas-I North,0,3,-66.824878,23.711258
americas-i-north,Americas-I North,0,4,-69.299877,26.763587
americas-i-north,Americas-I North,0,5,-73.349874,28.754486
americas-i-north,Americas-I North,0,6,-76.049872,28.557045
americas-i-north,Americas-I North,0,7,-77.399871,28.359234
americas-i-north,Americas-I North,0,8,-79.649869,27.763589
americas-i-north,Americas-I North,0,9,-80.394251,27.638732
amerigo-vespucci,Amerigo Vespucci,0,0,-68.276637,12.151067
amerigo-vespucci,Amerigo Vespucci,0,1,-68.512377,12.065895
amerigo-vespucci,Amerigo Vespucci,0,2,-68.892647,12.09044
antillas-1,Antillas 1,0,0,-70.161786,18.699364
antillas-1,Antillas 1,0,1,-69.693626,18.144944
antillas-1,Antillas 1,0,2,-69.299877,17.931002
antillas-1,Antillas 1,0,3,-68.512377,17.931002
antillas-1,Antillas 1,0,4,-68.287377,18.251816
antillas-1,Antillas 1,0,5,-68.438157,18.621371
antillas-1,Antillas 1,0,6,-68.174877,18.785188
antillas-1,Antillas 1,0,7,-67.499878,19.104405
antillas-1,Antillas 1,0,8,-67.049878,18.998068
antillas-1,Antillas 1,0,9,-66.487379,18.785188
antillas-1,Antillas 1,0,10,-66.016869,18.442039
seax-1,SEAX-1,0,0,104.016635,1.066799
seax-1,SEAX-1,0,1,104.015626,1.223182
seax-1,SEAX-1,0,2,104.137818,1.263407
seax-1,SEAX-1,1,0,103.946485,1.327258
seax-1,SEAX-1,1,1,104.137818,1.263407
seax-1,SEAX-1,2,0,103.850684,2.295707
seax-1,SEAX-1,2,1,104.328891,2.140106
seax-1,SEAX-1,2,2,104.4,1.918229
seax-1,SEAX-1,2,3,104.2881,1.468427
seax-1,SEAX-1,2,4,104.17793,1.263407
seax-1,SEAX-1,2,5,104.137818,1.263407
apollo,Apollo,0,0,-74.047093,40.123493
apollo,Apollo,0,1,-71.099875,39.698323
apollo,Apollo,0,2,-68.399877,39.351218
apollo,Apollo,0,3,-61.199882,38.299521
apollo,Apollo,0,4,-50.39989,38.475881
apollo,Apollo,0,5,-39.599898,41.06934
apollo,Apollo,0,6,-23.399909,45.331071
apollo,Apollo,0,7,-16.199914,45.960245
apollo,Apollo,0,8,-5.399922,49.147728
apollo,Apollo,0,9,-4.499923,49.000334
apollo,Apollo,0,10,-3.459883,48.730553
apollo,Apollo,1,0,-72.872184,40.800581
apollo,Apollo,1,1,-71.099875,40.215724
apollo,Apollo,1,2,-68.399877,40.55848
apollo,Apollo,1,3,-61.199882,40.729204
apollo,Apollo,1,4,-50.39989,42.079236
apollo,Apollo,1,5,-39.599898,45.013834
apollo,Apollo,1,6,-23.399909,49.000334
apollo,Apollo,1,7,-16.199914,49.587287
apollo,Apollo,1,8,-10.799918,50.167261
apollo,Apollo,1,9,-8.09992,50.454639
apollo,Apollo,1,10,-5.399922,50.882454
apollo,Apollo,1,11,-4.544403,50.828201
arcos,ARCOS,0,0,-83.776819,15.26131
arcos,ARCOS,0,1,-83.699866,15.669513
arcos,ARCOS,0,2,-84.149866,16.102326
arcos,ARCOS,0,3,-85.049866,16.102326
arcos,ARCOS,0,4,-85.954697,15.915244
arcos,ARCOS,0,5,-86.399865,16.102326
arcos,ARCOS,0,6,-86.849864,16.102326
arcos,ARCOS,0,7,-87.946156,15.844982
arcos,ARCOS,0,8,-88.199863,15.886036
arcos,ARCOS,0,9,-88.597135,15.727237
arcos,ARCOS,0,10,-88.424863,16.102326
arcos,ARCOS,0,11,-88.087363,16.534196
arcos,ARCOS,0,12,-87.974863,16.965103
arcos,ARCOS,0,13,-88.182186,17.496385
arcos,ARCOS,0,14,-87.749864,17.823934
arcos,ARCOS,0,15,-87.524864,18.251816
arcos,ARCOS,0,16,-87.299864,19.529071
arcos,ARCOS,0,17,-87.299864,19.952623
arcos,ARCOS,0,18,-87.463536,20.212733
arcos,ARCOS,0,19,-87.187364,20.058335
arcos,ARCOS,0,20,-86.849864,20.163975
arcos,ARCOS,0,21,-86.624864,20.375041
arcos,ARCOS,0,22,-86.624864,20.796306
arcos,ARCOS,0,23,-86.767587,21.095729
arcos,ARCOS,0,24,-86.512364,21.216398
arcos,ARCOS,0,25,-86.174865,21.425998
arcos,ARCOS,0,26,-85.837365,21.635297
arcos,ARCOS,0,27,-84.824866,23.298598
arcos,ARCOS,0,28,-83.249867,24.327803
arcos,ARCOS,0,29,-80.999868,24.327803
arcos,ARCOS,0,30,-80.549869,24.737178
arcos,ARCOS,0,31,-79.987369,25.348717
arcos,ARCOS,0,32,-80.162221,25.933207
arcos,ARCOS,1,0,-72.119405,21.851088
arcos,ARCOS,1,1,-71.999875,21.635297
arcos,ARCOS,1,2,-70.762376,20.375041
arcos,ARCOS,1,3,-70.691186,19.799436
arcos,ARCOS,1,4,-70.199876,19.952623
arcos,ARCOS,1,5,-69.299877,19.740987
arcos,ARCOS,1,6,-68.624877,19.104405
arcos,ARCOS,1,7,-68.512377,18.891662
arcos,ARCOS,1,8,-68.438157,18.621371
arcos,ARCOS,1,9,-68.174877,18.891662
arcos,ARCOS,1,10,-67.499878,19.210675
arcos,ARCOS,1,11,-67.049878,19.104405
arcos,ARCOS,1,12,-66.487379,18.838433
arcos,ARCOS,1,13,-66.016869,18.44184
arcos,ARCOS,2,0,-66.016869,18.44184
arcos,ARCOS,2,1,-66.487379,18.625351
arcos,ARCOS,2,2,-67.049878,18.678647
arcos,ARCOS,2,3,-67.387378,18.465364
arcos,ARCOS,2,4,-67.612378,17.823934
arcos,ARCOS,2,5,-68.399877,13.929304
arcos,ARCOS,2,6,-68.892647,12.09044
arcos,ARCOS,2,7,-69.074877,11.955858
arcos,ARCOS,2,8,-69.749876,12.175887
arcos,ARCOS,2,9,-70.128196,12.355003
arcos,ARCOS,2,10,-70.424876,12.175887
arcos,ARCOS,2,11,-70.204316,11.708782
arcos,ARCOS,2,12,-70.424876,11.73565
arcos,ARCOS,2,13,-70.649876,12.175887
arcos,ARCOS,2,14,-71.324875,12.615396
arcos,ARCOS,2,15,-71.999875,12.615396
arcos,ARCOS,2,16,-72.674874,12.175887
arcos,ARCOS,2,17,-72.899874,11.73565
arcos,ARCOS,2,18,-72.952704,11.483115
arcos,ARCOS,2,19,-73.349874,11.73565
arcos,ARCOS,2,20,-73.799873,11.73565
arcos,ARCOS,2,21,-74.699873,11.515266
arcos,ARCOS,2,22,-75.374872,11.073983
arcos,ARCOS,2,23,-75.505732,10.386807
arcos,ARCOS,2,24,-76.049872,10.410817
arcos,ARCOS,2,25,-77.419871,9.672311
arcos,ARCOS,2,26,-77.933461,9.125435
arcos,ARCOS,2,27,-78.29987,9.672311
arcos,ARCOS,2,28,-79.08737,9.746237
arcos,ARCOS,2,29,-79.753529,9.437623
arcos,ARCOS,2,30,-80.099869,9.746237
arcos,ARCOS,2,31,-82.349867,9.967915
arcos,ARCOS,2,32,-83.037659,9.988598
arcos,ARCOS,2,33,-83.249867,11.294709
arcos,ARCOS,2,34,-83.474867,11.73565
arcos,ARCOS,2,35,-83.771549,11.991681
arcos,ARCOS,2,36,-83.474867,12.175887
arcos,ARCOS,2,37,-83.249867,12.615396
arcos,ARCOS,2,38,-83.249867,13.492128
arcos,ARCOS,2,39,-83.396449,14.016107
arcos,ARCOS,2,40,-83.024867,14.365654
arcos,ARCOS,2,41,-82.912367,15.018579
arcos,ARCOS,2,42,-83.249867,15.452761
arcos,ARCOS,2,43,-83.474867,15.452761
arcos,ARCOS,2,44,-83.776819,15.26131
arcos,ARCOS,3,0,-72.119405,21.851088
arcos,ARCOS,3,1,-72.449874,22.469444
arcos,ARCOS,3,2,-73.349874,22.884654
arcos,ARCOS,3,3,-73.799873,22.884654
arcos,ARCOS,3,4,-74.195043,22.629892
arcos,ARCOS,4,0,-74.195043,22.629892
arcos,ARCOS,4,1,-74.474873,22.677206
arcos,ARCOS,4,2,-74.587373,22.884654
arcos,ARCOS,4,3,-74.474873,23.298598
arcos,ARCOS,4,4,-74.474873,23.711258
arcos,ARCOS,4,5,-74.924873,24.225251
arcos,ARCOS,4,6,-75.525902,24.403328
arcos,ARCOS,4,7,-75.778891,24.410331
arcos,ARCOS,4,8,-76.499872,24.532658
arcos,ARCOS,4,9,-76.949871,24.941363
arcos,ARCOS,4,10,-77.340201,25.067218
arcos,ARCOS,4,11,-77.849871,25.14521
arcos,ARCOS,4,12,-79.19987,25.754704
arcos,ARCOS,4,13,-79.649869,25.754704
arcos,ARCOS,4,14,-80.162221,25.933207
asia-america-gateway-aag-cable-system,Asia-America Gateway (AAG) Cable System,0,0,107.079198,10.342138
asia-america-gateway-aag-cable-system,Asia-America Gateway (AAG) Cable System,0,1,107.774998,9.746237
asia-america-gateway-aag-cable-system,Asia-America Gateway (AAG) Cable System,0,2,108.674997,9.524411
asia-america-gateway-aag-cable-system,Asia-America Gateway (AAG) Cable System,0,3,110.249996,9.746237
asia-america-gateway-aag-cable-system,Asia-America Gateway (AAG) Cable System,0,4,110.699996,9.967915
asia-america-gateway-aag-cable-system,Asia-America Gateway (AAG) Cable System,1,0,109.349997,7.298763
asia-america-gateway-aag-cable-system,Asia-America Gateway (AAG) Cable System,1,1,112.949994,5.65936
asia-america-gateway-aag-cable-system,Asia-America Gateway (AAG) Cable System,1,2,114.299993,5.061987
asia-america-gateway-aag-cable-system,Asia-America Gateway (AAG) Cable System,1,3,114.885633,4.926762
asia-america-gateway-aag-cable-system,Asia-America Gateway (AAG) Cable System,2,0,179.999927,19.104405
asia-america-gateway-aag-cable-system,Asia-America Gateway (AAG) Cable System,2,1,160.199961,16.534196
asia-america-gateway-aag-cable-system,Asia-America Gateway (AAG) Cable System,2,2,151.199967,15.235782
asia-america-gateway-aag-cable-system,Asia-America Gateway (AAG) Cable System,2,3,147.14997,14.365654
asia-america-gateway-aag-cable-system,Asia-America Gateway (AAG) Cable System,2,4,146.249971,14.147584
asia-america-gateway-aag-cable-system,Asia-America Gateway (AAG) Cable System,2,5,145.349971,13.546819
asia-america-gateway-aag-cable-system,Asia-America Gateway (AAG) Cable System,2,6,144.899972,13.327979
asia-america-gateway-aag-cable-system,Asia-America Gateway (AAG) Cable System,2,7,144.809542,13.549094
asia-america-gateway-aag-cable-system,Asia-America Gateway (AAG) Cable System,2,8,143.999972,13.492128
asia-america-gateway-aag-cable-system,Asia-America Gateway (AAG) Cable System,2,9,143.099973,13.710818
asia-america-gateway-aag-cable-system,Asia-America Gateway (AAG) Cable System,2,10,138.599976,14.801154
asia-america-gateway-aag-cable-system,Asia-America Gateway (AAG) Cable System,2,11,131.399981,16.534196
asia-america-gateway-aag-cable-system,Asia-America Gateway (AAG) Cable System,2,12,125.999985,18.251816
asia-america-gateway-aag-cable-system,Asia-America Gateway (AAG) Cable System,2,13,122.399988,18.891662
asia-america-gateway-aag-cable-system,Asia-America Gateway (AAG) Cable System,2,14,121.095745,19.019149
asia-america-gateway-aag-cable-system,Asia-America Gateway (AAG) Cable System,2,15,120.420746,18.593174
asia-america-gateway-aag-cable-system,Asia-America Gateway (AAG) Cable System,2,16,120.149989,16.965103
asia-america-gateway-aag-cable-system,Asia-America Gateway (AAG) Cable System,2,17,120.389739,16.582592
asia-america-gateway-aag-cable-system,Asia-America Gateway (AAG) Cable System,2,18,119.924989,16.965103
asia-america-gateway-aag-cable-system,Asia-America Gateway (AAG) Cable System,2,19,116.999991,18.251816
asia-america-gateway-aag-cable-system,Asia-America Gateway (AAG) Cable System,2,20,115.312493,19.529071
asia-america-gateway-aag-cable-system,Asia-America Gateway (AAG) Cable System,2,21,114.524993,20.375041
asia-america-gateway-aag-cable-system,Asia-America Gateway (AAG) Cable System,2,22,113.793744,21.635297
asia-america-gateway-aag-cable-system,Asia-America Gateway (AAG) Cable System,2,23,113.949114,22.271494
asia-america-gateway-aag-cable-system,Asia-America Gateway (AAG) Cable System,2,24,113.737494,21.635297
asia-america-gateway-aag-cable-system,Asia-America Gateway (AAG) Cable System,2,25,113.512494,20.796306
asia-america-gateway-aag-cable-system,Asia-America Gateway (AAG) Cable System,2,26,113.399994,18.251816
asia-america-gateway-aag-cable-system,Asia-America Gateway (AAG) Cable System,2,27,111.149995,12.615396
asia-america-gateway-aag-cable-system,Asia-America Gateway (AAG) Cable System,2,28,110.699996,9.967915
asia-america-gateway-aag-cable-system,Asia-America Gateway (AAG) Cable System,2,29,109.349997,7.298763
asia-america-gateway-aag-cable-system,Asia-America Gateway (AAG) Cable System,2,30,107.999998,5.957819
asia-america-gateway-aag-cable-system,Asia-America Gateway (AAG) Cable System,2,31,106.649999,5.061987
asia-america-gateway-aag-cable-system,Asia-America Gateway (AAG) Cable System,2,32,105.749999,4.613592
asia-america-gateway-aag-cable-system,Asia-America Gateway (AAG) Cable System,2,33,103.850681,2.295702
asia-america-gateway-aag-cable-system,Asia-America Gateway (AAG) Cable System,2,34,104.4,2.255504
asia-america-gateway-aag-cable-system,Asia-America Gateway (AAG) Cable System,2,35,104.773062,1.961481
asia-america-gateway-aag-cable-system,Asia-America Gateway (AAG) Cable System,2,36,104.68115,1.468427
asia-america-gateway-aag-cable-system,Asia-America Gateway (AAG) Cable System,2,37,104.2879,1.215622
asia-america-gateway-aag-cable-system,Asia-America Gateway (AAG) Cable System,2,38,104.15439,1.1978
asia-america-gateway-aag-cable-system,Asia-America Gateway (AAG) Cable System,2,39,103.987011,1.389451
asia-america-gateway-aag-cable-system,Asia-America Gateway (AAG) Cable System,3,0,100.930573,13.174371
asia-america-gateway-aag-cable-system,Asia-America Gateway (AAG) Cable System,3,1,100.687503,12.834869
asia-america-gateway-aag-cable-system,Asia-America Gateway (AAG) Cable System,3,2,100.462503,12.175887
asia-america-gateway-aag-cable-system,Asia-America Gateway (AAG) Cable System,3,3,100.350003,11.294709
asia-america-gateway-aag-cable-system,Asia-America Gateway (AAG) Cable System,3,4,101.025003,9.524411
asia-america-gateway-aag-cable-system,Asia-America Gateway (AAG) Cable System,3,5,103.275001,7.967777
asia-america-gateway-aag-cable-system,Asia-America Gateway (AAG) Cable System,3,6,105.3,6.628747
asia-america-gateway-aag-cable-system,Asia-America Gateway (AAG) Cable System,3,7,107.999998,5.957819
asia-america-gateway-aag-cable-system,Asia-America Gateway (AAG) Cable System,4,0,-179.999798,19.104405
asia-america-gateway-aag-cable-system,Asia-America Gateway (AAG) Cable System,4,1,-172.799803,20.796306
asia-america-gateway-aag-cable-system,Asia-America Gateway (AAG) Cable System,4,2,-163.79981,20.796306
asia-america-gateway-aag-cable-system,Asia-America Gateway (AAG) Cable System,4,3,-158.849813,21.111486
asia-america-gateway-aag-cable-system,Asia-America Gateway (AAG) Cable System,4,4,-158.399814,21.478351
asia-america-gateway-aag-cable-system,Asia-America Gateway (AAG) Cable System,4,5,-158.24205,21.548762
asia-america-gateway-aag-cable-system,Asia-America Gateway (AAG) Cable System,4,6,-158.343562,21.739834
asia-america-gateway-aag-cable-system,Asia-America Gateway (AAG) Cable System,4,7,-158.287314,22.052986
asia-america-gateway-aag-cable-system,Asia-America Gateway (AAG) Cable System,4,8,-157.949814,22.469444
asia-america-gateway-aag-cable-system,Asia-America Gateway (AAG) Cable System,4,9,-152.999817,24.941363
asia-america-gateway-aag-cable-system,Asia-America Gateway (AAG) Cable System,4,10,-147.603098,28.163027
asia-america-gateway-aag-cable-system,Asia-America Gateway (AAG) Cable System,4,11,-138.603105,29.738014
asia-america-gateway-aag-cable-system,Asia-America Gateway (AAG) Cable System,4,12,-127.799835,32.433313
asia-america-gateway-aag-cable-system,Asia-America Gateway (AAG) Cable System,4,13,-122.399839,34.867831
asia-america-gateway-aag-cable-system,Asia-America Gateway (AAG) Cable System,4,14,-120.847202,35.367078
atlantic-crossing-1-ac-1,Atlantic Crossing-1 (AC-1),0,0,8.383368,54.898419
atlantic-crossing-1-ac-1,Atlantic Crossing-1 (AC-1),0,1,8.100068,54.819362
atlantic-crossing-1-ac-1,Atlantic Crossing-1 (AC-1),0,2,7.200069,54.559259
atlantic-crossing-1-ac-1,Atlantic Crossing-1 (AC-1),0,3,5.40007,53.768911
atlantic-crossing-1-ac-1,Atlantic Crossing-1 (AC-1),0,4,4.500071,53.233595
atlantic-crossing-1-ac-1,Atlantic Crossing-1 (AC-1),0,5,4.275071,52.827663
atlantic-crossing-1-ac-1,Atlantic Crossing-1 (AC-1),0,6,4.387571,52.623261
atlantic-crossing-1-ac-1,Atlantic Crossing-1 (AC-1),0,7,4.656811,52.4864
atlantic-crossing-1-ac-1,Atlantic Crossing-1 (AC-1),0,8,4.275071,52.486461
atlantic-crossing-1-ac-1,Atlantic Crossing-1 (AC-1),0,9,3.600072,52.356869
atlantic-crossing-1-ac-1,Atlantic Crossing-1 (AC-1),0,10,3.150072,52.142593
atlantic-crossing-1-ac-1,Atlantic Crossing-1 (AC-1),0,11,2.475072,51.586834
atlantic-crossing-1-ac-1,Atlantic Crossing-1 (AC-1),0,12,1.461473,50.981024
atlantic-crossing-1-ac-1,Atlantic Crossing-1 (AC-1),0,13,0.900074,50.526212
atlantic-crossing-1-ac-1,Atlantic Crossing-1 (AC-1),0,14,7.4e-05,50.167261
atlantic-crossing-1-ac-1,Atlantic Crossing-1 (AC-1),0,15,-2.249924,50.02292
atlantic-crossing-1-ac-1,Atlantic Crossing-1 (AC-1),0,16,-3.599923,49.878145
atlantic-crossing-1-ac-1,Atlantic Crossing-1 (AC-1),0,17,-4.499923,49.805594
atlantic-crossing-1-ac-1,Atlantic Crossing-1 (AC-1),0,18,-5.399922,49.878145
atlantic-crossing-1-ac-1,Atlantic Crossing-1 (AC-1),0,19,-5.698462,50.0787
atlantic-crossing-1-ac-1,Atlantic Crossing-1 (AC-1),1,0,-5.698462,50.0787
atlantic-crossing-1-ac-1,Atlantic Crossing-1 (AC-1),1,1,-6.299921,50.167261
atlantic-crossing-1-ac-1,Atlantic Crossing-1 (AC-1),1,2,-8.09992,50.167261
atlantic-crossing-1-ac-1,Atlantic Crossing-1 (AC-1),1,3,-10.799918,49.878145
atlantic-crossing-1-ac-1,Atlantic Crossing-1 (AC-1),1,4,-16.199914,49.000334
atlantic-crossing-1-ac-1,Atlantic Crossing-1 (AC-1),1,5,-23.399909,47.805412
atlantic-crossing-1-ac-1,Atlantic Crossing-1 (AC-1),1,6,-39.599898,43.727215
atlantic-crossing-1-ac-1,Atlantic Crossing-1 (AC-1),1,7,-50.39989,41.06934
atlantic-crossing-1-ac-1,Atlantic Crossing-1 (AC-1),1,8,-61.199882,40.043692
atlantic-crossing-1-ac-1,Atlantic Crossing-1 (AC-1),1,9,-68.399877,40.215724
atlantic-crossing-1-ac-1,Atlantic Crossing-1 (AC-1),1,10,-71.099875,40.043692
atlantic-crossing-1-ac-1,Atlantic Crossing-1 (AC-1),1,11,-72.912274,40.773521
atlantic-crossing-1-ac-1,Atlantic Crossing-1 (AC-1),2,0,-72.912274,40.773521
atlantic-crossing-1-ac-1,Atlantic Crossing-1 (AC-1),2,1,-71.099875,40.643897
atlantic-crossing-1-ac-1,Atlantic Crossing-1 (AC-1),2,2,-68.399877,41.407726
atlantic-crossing-1-ac-1,Atlantic Crossing-1 (AC-1),2,3,-61.199882,42.743713
atlantic-crossing-1-ac-1,Atlantic Crossing-1 (AC-1),2,4,-50.39989,45.172673
atlantic-crossing-1-ac-1,Atlantic Crossing-1 (AC-1),2,5,-39.599898,48.106776
atlantic-crossing-1-ac-1,Atlantic Crossing-1 (AC-1),2,6,-23.399909,53.502098
atlantic-crossing-1-ac-1,Atlantic Crossing-1 (AC-1),2,7,-16.199914,55.589707
atlantic-crossing-1-ac-1,Atlantic Crossing-1 (AC-1),2,8,-8.999919,59.222224
atlantic-crossing-1-ac-1,Atlantic Crossing-1 (AC-1),2,9,-5.399922,59.793059
atlantic-crossing-1-ac-1,Atlantic Crossing-1 (AC-1),2,10,-1.799924,59.565883
atlantic-crossing-1-ac-1,Atlantic Crossing-1 (AC-1),2,11,1.800073,58.641678
atlantic-crossing-1-ac-1,Atlantic Crossing-1 (AC-1),2,12,5.40007,56.469711
atlantic-crossing-1-ac-1,Atlantic Crossing-1 (AC-1),2,13,7.650069,55.077801
atlantic-crossing-1-ac-1,Atlantic Crossing-1 (AC-1),2,14,8.100068,54.948789
atlantic-crossing-1-ac-1,Atlantic Crossing-1 (AC-1),2,15,8.383368,54.898419
atlas-offshore,Atlas Offshore,0,0,-6.035761,35.470616
atlas-offshore,Atlas Offshore,0,1,-5.849922,35.785662
atlas-offshore,Atlas Offshore,0,2,-5.624922,35.831279
atlas-offshore,Atlas Offshore,0,3,-4.499923,36.149867
atlas-offshore,Atlas Offshore,0,4,-2.249924,36.240655
atlas-offshore,Atlas Offshore,0,5,2.250073,38.12273
atlas-offshore,Atlas Offshore,0,6,4.050071,39.002379
atlas-offshore,Atlas Offshore,0,7,5.062571,40.043692
atlas-offshore,Atlas Offshore,0,8,5.175071,41.744359
atlas-offshore,Atlas Offshore,0,9,5.37253,43.293628
australia-japan-cable-ajc,Australia-Japan Cable (AJC),0,0,139.975467,35.005433
australia-japan-cable-ajc,Australia-Japan Cable (AJC),0,1,140.160912,34.898593
australia-japan-cable-ajc,Australia-Japan Cable (AJC),0,2,140.174975,34.690726
australia-japan-cable-ajc,Australia-Japan Cable (AJC),0,3,140.174975,34.405023
australia-japan-cable-ajc,Australia-Japan Cable (AJC),0,4,140.287475,33.93964
australia-japan-cable-ajc,Australia-Japan Cable (AJC),0,5,142.199974,32.812319
australia-japan-cable-ajc,Australia-Japan Cable (AJC),0,6,143.549973,30.901396
australia-japan-cable-ajc,Australia-Japan Cable (AJC),0,7,147.59997,23.298598
australia-japan-cable-ajc,Australia-Japan Cable (AJC),0,8,148.949969,16.534196
australia-japan-cable-ajc,Australia-Japan Cable (AJC),0,9,148.499969,13.710818
australia-japan-cable-ajc,Australia-Japan Cable (AJC),0,10,148.499969,13.273238
australia-japan-cable-ajc,Australia-Japan Cable (AJC),0,11,151.199967,9.967915
australia-japan-cable-ajc,Australia-Japan Cable (AJC),0,12,153.449966,8.190543
australia-japan-cable-ajc,Australia-Japan Cable (AJC),0,13,156.149964,4.164913
australia-japan-cable-ajc,Australia-Japan Cable (AJC),0,14,157.499963,-0.331409
australia-japan-cable-ajc,Australia-Japan Cable (AJC),0,15,158.399962,-3.029996
australia-japan-cable-ajc,Australia-Japan Cable (AJC),0,16,159.974961,-4.825692
australia-japan-cable-ajc,Australia-Japan Cable (AJC),0,17,161.999959,-6.616651
australia-japan-cable-ajc,Australia-Japan Cable (AJC),0,18,162.899959,-8.401139
australia-japan-cable-ajc,Australia-Japan Cable (AJC),0,19,163.349959,-10.177457
australia-japan-cable-ajc,Australia-Japan Cable (AJC),0,20,162.899959,-13.698987
australia-japan-cable-ajc,Australia-Japan Cable (AJC),0,21,160.199961,-18.88014
australia-japan-cable-ajc,Australia-Japan Cable (AJC),0,22,158.399962,-25.540896
australia-japan-cable-ajc,Australia-Japan Cable (AJC),0,23,157.049963,-28.74381
australia-japan-cable-ajc,Australia-Japan Cable (AJC),0,24,154.869567,-31.851466
australia-japan-cable-ajc,Australia-Japan Cable (AJC),0,25,151.979267,-33.691323
australia-japan-cable-ajc,Australia-Japan Cable (AJC),0,26,151.228487,-33.882039
australia-japan-cable-ajc,Australia-Japan Cable (AJC),1,0,136.873997,34.336828
australia-japan-cable-ajc,Australia-Japan Cable (AJC),1,1,137.699977,33.283811
australia-japan-cable-ajc,Australia-Japan Cable (AJC),1,2,138.599976,32.623017
australia-japan-cable-ajc,Australia-Japan Cable (AJC),1,3,140.849974,31.670513
australia-japan-cable-ajc,Australia-Japan Cable (AJC),1,4,143.549973,30.901396
australia-japan-cable-ajc,Australia-Japan Cable (AJC),2,0,148.499969,13.710818
australia-japan-cable-ajc,Australia-Japan Cable (AJC),2,1,147.14997,13.929304
australia-japan-cable-ajc,Australia-Japan Cable (AJC),2,2,146.249971,13.929304
australia-japan-cable-ajc,Australia-Japan Cable (AJC),2,3,145.349971,13.710818
australia-japan-cable-ajc,Australia-Japan Cable (AJC),2,4,144.808126,13.543636
australia-japan-cable-ajc,Australia-Japan Cable (AJC),2,5,144.808126,13.543636
australia-japan-cable-ajc,Australia-Japan Cable (AJC),2,6,144.808126,13.543636
australia-japan-cable-ajc,Australia-Japan Cable (AJC),2,7,145.349971,13.054151
australia-japan-cable-ajc,Australia-Japan Cable (AJC),2,8,146.249971,12.615396
australia-japan-cable-ajc,Australia-Japan Cable (AJC),2,9,147.14997,12.615396
australia-japan-cable-ajc,Australia-Japan Cable (AJC),2,10,148.499969,13.273238
australia-japan-cable-ajc,Australia-Japan Cable (AJC),3,0,151.228487,-33.882039
australia-japan-cable-ajc,Australia-Japan Cable (AJC),3,1,151.245087,-33.808914
australia-japan-cable-ajc,Australia-Japan Cable (AJC),3,2,151.245087,-33.737123
australia-japan-cable-ajc,Australia-Japan Cable (AJC),3,3,151.944937,-33.624649
australia-japan-cable-ajc,Australia-Japan Cable (AJC),3,4,154.869567,-31.851466
australia-japan-cable-ajc,Australia-Japan Cable (AJC),4,0,136.873997,34.336828
australia-japan-cable-ajc,Australia-Japan Cable (AJC),4,1,137.699977,34.126101
australia-japan-cable-ajc,Australia-Japan Cable (AJC),4,2,138.599976,34.219178
australia-japan-cable-ajc,Australia-Japan Cable (AJC),4,3,139.499975,34.575019
australia-japan-cable-ajc,Australia-Japan Cable (AJC),4,4,139.92185,34.760074
australia-japan-cable-ajc,Australia-Japan Cable (AJC),4,5,140.062475,34.898593
australia-japan-cable-ajc,Australia-Japan Cable (AJC),4,6,140.108232,34.9678
australia-japan-cable-ajc,Australia-Japan Cable (AJC),4,7,140.062475,35.013848
australia-japan-cable-ajc,Australia-Japan Cable (AJC),4,8,139.975467,35.005433
apcn-2,APCN-2,0,0,114.749993,14.801154
apcn-2,APCN-2,0,1,116.999991,13.929304
apcn-2,APCN-2,0,2,118.79999,13.710818
apcn-2,APCN-2,0,3,120.149989,13.601498
apcn-2,APCN-2,0,4,121.066008,13.762418
apcn-2,APCN-2,0,5,120.149989,13.382708
apcn-2,APCN-2,0,6,118.79999,13.273238
apcn-2,APCN-2,0,7,116.999991,13.054151
apcn-2,APCN-2,0,8,115.649992,12.944534
apcn-2,APCN-2,0,9,114.749993,12.944534
apcn-2,APCN-2,0,10,114.299993,13.054151
apcn-2,APCN-2,1,0,128.582793,31.157626
apcn-2,APCN-2,1,1,128.474983,31.670513
apcn-2,APCN-2,1,2,128.699983,32.812319
apcn-2,APCN-2,1,3,129.037483,34.312152
apcn-2,APCN-2,1,4,128.999493,35.170379
apcn-2,APCN-2,1,5,129.262483,34.312152
apcn-2,APCN-2,1,6,129.149983,32.812319
apcn-2,APCN-2,1,7,128.924983,31.670513
apcn-2,APCN-2,1,8,129.149983,30.901396
apcn-2,APCN-2,2,0,103.895021,1.309494
apcn-2,APCN-2,2,1,104.19697,1.315742
apcn-2,APCN-2,2,2,104.2879,1.369995
apcn-2,APCN-2,2,3,104.34425,1.468427
apcn-2,APCN-2,2,4,104.625,2.367913
apcn-2,APCN-2,2,5,103.950001,3.491423
apcn-2,APCN-2,2,6,103.387892,4.128193
apcn-2,APCN-2,2,7,103.950001,4.052702
apcn-2,APCN-2,2,8,107.999998,7.075531
apcn-2,APCN-2,2,9,108.449997,7.744889
apcn-2,APCN-2,2,10,109.799996,9.967915
apcn-2,APCN-2,2,11,110.699996,12.615396
apcn-2,APCN-2,2,12,113.174994,18.251816
apcn-2,APCN-2,2,13,113.399994,20.796306
apcn-2,APCN-2,2,14,113.681244,21.635297
apcn-2,APCN-2,2,15,113.949114,22.271494
apcn-2,APCN-2,2,16,114.243793,21.844294
apcn-2,APCN-2,2,17,115.199993,21.321235
apcn-2,APCN-2,2,18,116.549992,21.111486
apcn-2,APCN-2,2,19,118.79999,21.425998
apcn-2,APCN-2,2,20,121.027756,21.247997
apcn-2,APCN-2,2,21,122.849987,21.425998
apcn-2,APCN-2,2,22,123.749987,22.052986
apcn-2,APCN-2,2,23,124.649986,24.122617
apcn-2,APCN-2,2,24,124.818736,25.551883
apcn-2,APCN-2,2,25,124.987486,26.159308
apcn-2,APCN-2,2,26,124.649986,30.514496
apcn-2,APCN-2,2,27,122.849987,31.670513
apcn-2,APCN-2,2,28,121.949988,31.622627
apcn-2,APCN-2,2,29,121.395298,31.6198
apcn-2,APCN-2,2,30,121.949988,31.814022
apcn-2,APCN-2,2,31,122.849987,32.052708
apcn-2,APCN-2,2,32,124.199986,32.052708
apcn-2,APCN-2,2,33,128.582793,31.157626
apcn-2,APCN-2,2,34,129.149983,30.901396
apcn-2,APCN-2,2,35,130.499982,29.736069
apcn-2,APCN-2,2,36,132.74998,29.540508
apcn-2,APCN-2,2,37,134.999979,29.540508
apcn-2,APCN-2,2,38,137.699977,30.320465
apcn-2,APCN-2,2,39,139.049976,31.094263
apcn-2,APCN-2,2,40,140.399975,32.433313
apcn-2,APCN-2,2,41,142.424973,35.05223
apcn-2,APCN-2,2,42,142.424973,35.785662
apcn-2,APCN-2,2,43,141.974974,36.512388
apcn-2,APCN-2,2,44,140.750955,36.801861
apcn-2,APCN-2,3,0,140.750955,36.790601
apcn-2,APCN-2,3,1,141.187474,35.774253
apcn-2,APCN-2,3,2,141.074974,35.40832
apcn-2,APCN-2,3,3,140.962474,35.163436
apcn-2,APCN-2,3,4,140.343725,34.971606
apcn-2,APCN-2,3,5,140.062475,34.967765
apcn-2,APCN-2,3,6,139.954855,34.965047
apcn-2,APCN-2,3,7,140.048413,34.840905
apcn-2,APCN-2,3,8,140.231225,34.679163
apcn-2,APCN-2,3,9,140.287475,34.393419
apcn-2,APCN-2,3,10,139.837475,33.927973
apcn-2,APCN-2,3,11,139.724975,32.421444
apcn-2,APCN-2,3,12,139.049976,30.889329
apcn-2,APCN-2,3,13,137.699977,29.919063
apcn-2,APCN-2,3,14,134.999979,29.135966
apcn-2,APCN-2,3,15,128.699983,25.944535
apcn-2,APCN-2,3,16,127.349984,25.336008
apcn-2,APCN-2,3,17,125.999985,25.13248
apcn-2,APCN-2,3,18,125.099986,25.13248
apcn-2,APCN-2,3,19,123.749987,25.437644
apcn-2,APCN-2,3,20,122.849987,25.64066
apcn-2,APCN-2,3,21,121.949988,25.539195
apcn-2,APCN-2,3,22,121.462588,25.168986
apcn-2,APCN-2,3,23,121.949988,25.234287
apcn-2,APCN-2,3,24,122.287488,24.928611
apcn-2,APCN-2,3,25,122.624987,24.007055
apcn-2,APCN-2,3,26,122.174988,22.456448
apcn-2,APCN-2,3,27,121.027756,21.758259
apcn-2,APCN-2,3,28,120.127888,21.758259
apcn-2,APCN-2,3,29,118.79999,22.196283
apcn-2,APCN-2,3,30,118.34999,22.404454
apcn-2,APCN-2,3,31,117.281241,22.871698
apcn-2,APCN-2,3,32,116.677532,23.342096
apcn-2,APCN-2,3,33,116.774992,22.456448
apcn-2,APCN-2,3,34,116.549992,20.783159
apcn-2,APCN-2,3,35,115.649992,18.238461
apcn-2,APCN-2,3,36,114.749993,14.787558
apcn-2,APCN-2,3,37,114.299993,13.040451
apcn-2,APCN-2,3,38,113.399994,9.954065
apcn-2,APCN-2,3,39,111.599995,7.730955
apcn-2,APCN-2,3,40,109.124997,5.943832
apcn-2,APCN-2,3,41,108.449997,5.496074
apcn-2,APCN-2,3,42,107.999998,5.160033
apcn-2,APCN-2,3,43,107.099998,4.599575
apcn-2,APCN-2,3,44,105.749999,3.814203
apcn-2,APCN-2,3,45,104.9625,2.803405
apcn-2,APCN-2,3,46,104.484625,1.454369
apcn-2,APCN-2,3,47,104.2879,1.285767
apcn-2,APCN-2,3,48,104.15918,1.197018
apcn-2,APCN-2,3,49,103.895021,1.295435
australia-singapore-cable-asc,Australia-Singapore Cable (ASC),0,0,103.946481,1.327259
australia-singapore-cable-asc,Australia-Singapore Cable (ASC),0,1,103.781251,1.018534
australia-singapore-cable-asc,Australia-Singapore Cable (ASC),0,2,103.781251,0.793563
australia-singapore-cable-asc,Australia-Singapore Cable (ASC),0,3,104.175,0.513331
australia-singapore-cable-asc,Australia-Singapore Cable (ASC),0,4,104.85,0.400835
australia-singapore-cable-asc,Australia-Singapore Cable (ASC),0,5,105.3,0.118588
australia-singapore-cable-asc,Australia-Singapore Cable (ASC),0,6,105.974999,-0.781387
australia-singapore-cable-asc,Australia-Singapore Cable (ASC),0,7,106.764499,-2.130918
australia-singapore-cable-asc,Australia-Singapore Cable (ASC),0,8,107.015623,-3.029996
australia-singapore-cable-asc,Australia-Singapore Cable (ASC),0,9,106.987498,-4.601454
australia-singapore-cable-asc,Australia-Singapore Cable (ASC),0,10,106.537499,-5.161911
australia-singapore-cable-asc,Australia-Singapore Cable (ASC),0,11,106.312499,-5.497951
australia-singapore-cable-asc,Australia-Singapore Cable (ASC),0,12,105.749999,-5.945707
australia-singapore-cable-asc,Australia-Singapore Cable (ASC),0,13,105.3,-6.169451
australia-singapore-cable-asc,Australia-Singapore Cable (ASC),0,14,105.075,-6.616651
australia-singapore-cable-asc,Australia-Singapore Cable (ASC),0,15,105.3,-7.509811
australia-singapore-cable-asc,Australia-Singapore Cable (ASC),0,16,105.974999,-10.39884
australia-singapore-cable-asc,Australia-Singapore Cable (ASC),0,17,106.199999,-11.943945
australia-singapore-cable-asc,Australia-Singapore Cable (ASC),0,18,107.999998,-15.441024
australia-singapore-cable-asc,Australia-Singapore Cable (ASC),0,19,109.799996,-20.433922
australia-singapore-cable-asc,Australia-Singapore Cable (ASC),0,20,112.049995,-27.153831
australia-singapore-cable-asc,Australia-Singapore Cable (ASC),0,21,113.399994,-30.309953
australia-singapore-cable-asc,Australia-Singapore Cable (ASC),0,22,113.849994,-30.890947
australia-singapore-cable-asc,Australia-Singapore Cable (ASC),0,23,115.857312,-31.953441
australia-singapore-cable-asc,Australia-Singapore Cable (ASC),1,0,105.749999,-5.945707
australia-singapore-cable-asc,Australia-Singapore Cable (ASC),1,1,105.883909,-6.073699
australia-singapore-cable-asc,Australia-Singapore Cable (ASC),2,0,105.974999,-10.39884
australia-singapore-cable-asc,Australia-Singapore Cable (ASC),2,1,105.862499,-10.39884
australia-singapore-cable-asc,Australia-Singapore Cable (ASC),2,2,105.69707,-10.437359
azores-fiber-optic-system-afos,Azores Fiber Optic System (AFOS),0,0,-27.963386,39.011408
azores-fiber-optic-system-afos,Azores Fiber Optic System (AFOS),0,1,-28.124906,38.827311
azores-fiber-optic-system-afos,Azores Fiber Optic System (AFOS),0,2,-28.349906,38.827311
azores-fiber-optic-system-afos,Azores Fiber Optic System (AFOS),0,3,-28.349906,38.739615
azores-fiber-optic-system-afos,Azores Fiber Optic System (AFOS),0,4,-28.213136,38.684292
azores-fiber-optic-system-afos,Azores Fiber Optic System (AFOS),0,5,-28.462406,38.651812
azores-fiber-optic-system-afos,Azores Fiber Optic System (AFOS),0,6,-28.647515,38.525404
azores-fiber-optic-system-afos,Azores Fiber Optic System (AFOS),0,7,-28.574906,38.475881
azores-fiber-optic-system-afos,Azores Fiber Optic System (AFOS),0,8,-28.461236,38.43267
azores-fiber-optic-system-afos,Azores Fiber Optic System (AFOS),0,9,-28.349906,38.299521
azores-fiber-optic-system-afos,Azores Fiber Optic System (AFOS),0,10,-25.296928,36.902509
azores-fiber-optic-system-afos,Azores Fiber Optic System (AFOS),0,11,-25.141218,36.957154
azores-fiber-optic-system-afos,Azores Fiber Optic System (AFOS),0,12,-25.072268,36.875955
azores-fiber-optic-system-afos,Azores Fiber Optic System (AFOS),0,13,-24.918608,36.956842
azores-fiber-optic-system-afos,Azores Fiber Optic System (AFOS),0,14,-24.974908,37.232354
azores-fiber-optic-system-afos,Azores Fiber Optic System (AFOS),0,15,-25.537408,37.589787
azores-fiber-optic-system-afos,Azores Fiber Optic System (AFOS),0,16,-25.668708,37.739605
azores-fiber-optic-system-afos,Azores Fiber Optic System (AFOS),0,17,-25.874907,37.678878
azores-fiber-optic-system-afos,Azores Fiber Optic System (AFOS),0,18,-26.774907,38.034174
azores-fiber-optic-system-afos,Azores Fiber Optic System (AFOS),0,19,-27.112407,38.475881
azores-fiber-optic-system-afos,Azores Fiber Optic System (AFOS),0,20,-27.215776,38.658902
azores-fiber-optic-system-afos,Azores Fiber Optic System (AFOS),0,21,-27.449906,38.651812
azores-fiber-optic-system-afos,Azores Fiber Optic System (AFOS),0,22,-27.674906,38.651812
azores-fiber-optic-system-afos,Azores Fiber Optic System (AFOS),0,23,-27.963386,39.011408
bahamas-2,Bahamas 2,0,0,-80.394251,27.638732
bahamas-2,Bahamas 2,0,1,-79.649869,27.364668
bahamas-2,Bahamas 2,0,2,-78.915361,26.360123
bahamas-2,Bahamas 2,0,3,-78.52487,26.159308
bahamas-2,Bahamas 2,0,4,-77.737371,25.348717
bahamas-2,Bahamas 2,0,5,-77.340201,25.067218
bahamas-2,Bahamas 2,1,0,-78.915361,26.360123
bahamas-2,Bahamas 2,1,1,-78.81193,26.53626
bahamas-domestic-submarine-network-bdsni,Bahamas Domestic Submarine Network (BDSNi),0,0,-73.682984,20.950514
bahamas-domestic-submarine-network-bdsni,Bahamas Domestic Submarine Network (BDSNi),0,1,-73.845923,20.144773
bahamas-domestic-submarine-network-bdsni,Bahamas Domestic Submarine Network (BDSNi),0,2,-73.912373,19.952623
bahamas-domestic-submarine-network-bdsni,Bahamas Domestic Submarine Network (BDSNi),0,3,-73.687374,19.104405
bahamas-domestic-submarine-network-bdsni,Bahamas Domestic Submarine Network (BDSNi),0,4,-72.834344,18.611932
bahamas-domestic-submarine-network-bdsni,Bahamas Domestic Submarine Network (BDSNi),0,5,-72.510274,18.611932
bahamas-domestic-submarine-network-bdsni,Bahamas Domestic Submarine Network (BDSNi),0,6,-72.343135,18.542878
bahamas-domestic-submarine-network-bdsni,Bahamas Domestic Submarine Network (BDSNi),1,0,-73.682984,20.950514
bahamas-domestic-submarine-network-bdsni,Bahamas Domestic Submarine Network (BDSNi),1,1,-73.574874,21.425998
bahamas-domestic-submarine-network-bdsni,Bahamas Domestic Submarine Network (BDSNi),1,2,-73.349874,22.052986
bahamas-domestic-submarine-network-bdsni,Bahamas Domestic Submarine Network (BDSNi),1,3,-73.064134,22.401748
bahamas-domestic-submarine-network-bdsni,Bahamas Domestic Submarine Network (BDSNi),2,0,-73.064134,22.401748
bahamas-domestic-submarine-network-bdsni,Bahamas Domestic Submarine Network (BDSNi),2,1,-73.349874,22.78097
bahamas-domestic-submarine-network-bdsni,Bahamas Domestic Submarine Network (BDSNi),2,2,-73.799873,22.78097
bahamas-domestic-submarine-network-bdsni,Bahamas Domestic Submarine Network (BDSNi),3,0,-74.525703,24.052632
bahamas-domestic-submarine-network-bdsni,Bahamas Domestic Submarine Network (BDSNi),3,1,-74.924873,24.327803
bahamas-domestic-submarine-network-bdsni,Bahamas Domestic Submarine Network (BDSNi),3,2,-75.525902,24.403328
bahamas-domestic-submarine-network-bdsni,Bahamas Domestic Submarine Network (BDSNi),4,0,-74.525703,24.052632
bahamas-domestic-submarine-network-bdsni,Bahamas Domestic Submarine Network (BDSNi),4,1,-74.812373,23.298598
bahamas-domestic-submarine-network-bdsni,Bahamas Domestic Submarine Network (BDSNi),4,2,-74.966183,23.098344
bahamas-domestic-submarine-network-bdsni,Bahamas Domestic Submarine Network (BDSNi),5,0,-74.966183,23.098344
bahamas-domestic-submarine-network-bdsni,Bahamas Domestic Submarine Network (BDSNi),5,1,-74.866623,23.298598
bahamas-domestic-submarine-network-bdsni,Bahamas Domestic Submarine Network (BDSNi),5,2,-74.840493,23.652235
bahamas-domestic-submarine-network-bdsni,Bahamas Domestic Submarine Network (BDSNi),6,0,-73.682984,20.950514
bahamas-domestic-submarine-network-bdsni,Bahamas Domestic Submarine Network (BDSNi),6,1,-73.799873,21.216398
bahamas-domestic-submarine-network-bdsni,Bahamas Domestic Submarine Network (BDSNi),6,2,-75.149873,21.844294
bahamas-domestic-submarine-network-bdsni,Bahamas Domestic Submarine Network (BDSNi),6,3,-75.733372,22.183257
bahamas-domestic-submarine-network-bdsni,Bahamas Domestic Submarine Network (BDSNi),7,0,-75.733372,22.183257
bahamas-domestic-submarine-network-bdsni,Bahamas Domestic Submarine Network (BDSNi),7,1,-75.599872,22.469444
bahamas-domestic-submarine-network-bdsni,Bahamas Domestic Submarine Network (BDSNi),7,2,-75.599872,23.298598
bahamas-domestic-submarine-network-bdsni,Bahamas Domestic Submarine Network (BDSNi),7,3,-75.149873,23.711258
bahamas-domestic-submarine-network-bdsni,Bahamas Domestic Submarine Network (BDSNi),7,4,-74.840493,23.652235
bahamas-domestic-submarine-network-bdsni,Bahamas Domestic Submarine Network (BDSNi),8,0,-75.525902,24.403328
bahamas-domestic-submarine-network-bdsni,Bahamas Domestic Submarine Network (BDSNi),8,1,-75.824872,24.532658
bahamas-domestic-submarine-network-bdsni,Bahamas Domestic Submarine Network (BDSNi),8,2,-75.824872,24.941363
bahamas-domestic-submarine-network-bdsni,Bahamas Domestic Submarine Network (BDSNi),8,3,-76.240642,25.196209
bahamas-domestic-submarine-network-bdsni,Bahamas Domestic Submarine Network (BDSNi),9,0,-75.780142,23.516552
bahamas-domestic-submarine-network-bdsni,Bahamas Domestic Submarine Network (BDSNi),9,1,-75.712372,23.711258
bahamas-domestic-submarine-network-bdsni,Bahamas Domestic Submarine Network (BDSNi),9,2,-76.049872,24.259444
bahamas-domestic-submarine-network-bdsni,Bahamas Domestic Submarine Network (BDSNi),9,3,-76.574452,24.424991
bahamas-domestic-submarine-network-bdsni,Bahamas Domestic Submarine Network (BDSNi),9,4,-76.049872,24.532658
bahamas-domestic-submarine-network-bdsni,Bahamas Domestic Submarine Network (BDSNi),9,5,-75.937372,24.941363
bahamas-domestic-submarine-network-bdsni,Bahamas Domestic Submarine Network (BDSNi),9,6,-76.240642,25.196209
bahamas-domestic-submarine-network-bdsni,Bahamas Domestic Submarine Network (BDSNi),10,0,-76.240642,25.196209
bahamas-domestic-submarine-network-bdsni,Bahamas Domestic Submarine Network (BDSNi),10,1,-76.949871,25.043329
bahamas-domestic-submarine-network-bdsni,Bahamas Domestic Submarine Network (BDSNi),10,2,-77.340201,25.067218
bahamas-domestic-submarine-network-bdsni,Bahamas Domestic Submarine Network (BDSNi),11,0,-76.240642,25.196209
bahamas-domestic-submarine-network-bdsni,Bahamas Domestic Submarine Network (BDSNi),11,1,-76.240642,25.294428
bahamas-domestic-submarine-network-bdsni,Bahamas Domestic Submarine Network (BDSNi),11,2,-76.831171,25.712041
bahamas-domestic-submarine-network-bdsni,Bahamas Domestic Submarine Network (BDSNi),11,3,-77.287371,25.754704
bahamas-domestic-submarine-network-bdsni,Bahamas Domestic Submarine Network (BDSNi),11,4,-77.399531,26.025296
bahamas-domestic-submarine-network-bdsni,Bahamas Domestic Submarine Network (BDSNi),12,0,-77.340201,25.067218
bahamas-domestic-submarine-network-bdsni,Bahamas Domestic Submarine Network (BDSNi),12,1,-77.399871,24.941363
bahamas-domestic-submarine-network-bdsni,Bahamas Domestic Submarine Network (BDSNi),12,2,-77.844601,24.689714
bahamas-domestic-submarine-network-bdsni,Bahamas Domestic Submarine Network (BDSNi),13,0,-77.340201,25.067218
bahamas-domestic-submarine-network-bdsni,Bahamas Domestic Submarine Network (BDSNi),13,1,-77.399871,25.348717
bahamas-domestic-submarine-network-bdsni,Bahamas Domestic Submarine Network (BDSNi),13,2,-78.18737,26.159308
bahamas-domestic-submarine-network-bdsni,Bahamas Domestic Submarine Network (BDSNi),13,3,-78.73674,26.516995
bahamas-domestic-submarine-network-bdsni,Bahamas Domestic Submarine Network (BDSNi),14,0,-77.399531,26.025296
bahamas-domestic-submarine-network-bdsni,Bahamas Domestic Submarine Network (BDSNi),14,1,-77.962371,26.159308
bahamas-domestic-submarine-network-bdsni,Bahamas Domestic Submarine Network (BDSNi),14,2,-78.73674,26.516995
bahamas-domestic-submarine-network-bdsni,Bahamas Domestic Submarine Network (BDSNi),15,0,-73.799873,22.78097
bahamas-domestic-submarine-network-bdsni,Bahamas Domestic Submarine Network (BDSNi),15,1,-74.024873,22.884654
bahamas-domestic-submarine-network-bdsni,Bahamas Domestic Submarine Network (BDSNi),15,2,-74.362373,23.298598
bahamas-domestic-submarine-network-bdsni,Bahamas Domestic Submarine Network (BDSNi),15,3,-74.362373,23.711258
bahamas-domestic-submarine-network-bdsni,Bahamas Domestic Submarine Network (BDSNi),15,4,-74.525703,24.052632
bahamas-domestic-submarine-network-bdsni,Bahamas Domestic Submarine Network (BDSNi),16,0,-75.780142,23.516552
bahamas-domestic-submarine-network-bdsni,Bahamas Domestic Submarine Network (BDSNi),16,1,-75.599872,23.711258
bahamas-domestic-submarine-network-bdsni,Bahamas Domestic Submarine Network (BDSNi),16,2,-75.149873,23.814221
bahamas-domestic-submarine-network-bdsni,Bahamas Domestic Submarine Network (BDSNi),16,3,-74.840493,23.652235
bahamas-internet-cable-system-bics,Bahamas Internet Cable System (BICS),0,0,-78.73674,26.516995
bahamas-internet-cable-system-bics,Bahamas Internet Cable System (BICS),0,1,-78.29987,26.159308
bahamas-internet-cable-system-bics,Bahamas Internet Cable System (BICS),0,2,-77.512371,25.348717
bahamas-internet-cable-system-bics,Bahamas Internet Cable System (BICS),0,3,-77.452991,25.06845
bahamas-internet-cable-system-bics,Bahamas Internet Cable System (BICS),0,4,-77.399871,25.348717
bahamas-internet-cable-system-bics,Bahamas Internet Cable System (BICS),0,5,-77.174871,25.450343
bahamas-internet-cable-system-bics,Bahamas Internet Cable System (BICS),0,6,-76.787661,25.407833
bahamas-internet-cable-system-bics,Bahamas Internet Cable System (BICS),1,0,-76.787661,25.407833
bahamas-internet-cable-system-bics,Bahamas Internet Cable System (BICS),1,1,-77.174871,25.551883
bahamas-internet-cable-system-bics,Bahamas Internet Cable System (BICS),1,2,-77.399871,25.754704
bahamas-internet-cable-system-bics,Bahamas Internet Cable System (BICS),1,3,-77.399531,26.025296
bahamas-internet-cable-system-bics,Bahamas Internet Cable System (BICS),1,4,-77.399871,26.159308
bahamas-internet-cable-system-bics,Bahamas Internet Cable System (BICS),1,5,-77.174871,26.260241
bahamas-internet-cable-system-bics,Bahamas Internet Cable System (BICS),1,6,-77.174871,26.562513
bahamas-internet-cable-system-bics,Bahamas Internet Cable System (BICS),1,7,-77.399871,26.86399
bahamas-internet-cable-system-bics,Bahamas Internet Cable System (BICS),1,8,-77.821941,26.9125
bahamas-internet-cable-system-bics,Bahamas Internet Cable System (BICS),1,9,-77.962371,26.847151
bahamas-internet-cable-system-bics,Bahamas Internet Cable System (BICS),1,10,-78.07487,26.797064
bahamas-internet-cable-system-bics,Bahamas Internet Cable System (BICS),1,11,-78.15172,26.703096
bahamas-internet-cable-system-bics,Bahamas Internet Cable System (BICS),1,12,-78.29987,26.671579
bahamas-internet-cable-system-bics,Bahamas Internet Cable System (BICS),1,13,-78.52487,26.596274
bahamas-internet-cable-system-bics,Bahamas Internet Cable System (BICS),1,14,-78.73674,26.516995
bahamas-internet-cable-system-bics,Bahamas Internet Cable System (BICS),2,0,-78.73674,26.516995
bahamas-internet-cable-system-bics,Bahamas Internet Cable System (BICS),2,1,-79.19987,26.361086
bahamas-internet-cable-system-bics,Bahamas Internet Cable System (BICS),2,2,-79.649869,26.361086
bahamas-internet-cable-system-bics,Bahamas Internet Cable System (BICS),2,3,-80.088932,26.350585
balalink,Balalink,0,0,-0.376975,39.459647
balalink,Balalink,0,1,0.450074,39.351218
balalink,Balalink,0,2,2.250073,39.351218
balalink,Balalink,0,3,2.605252,39.552326
baltica,Baltica,0,0,13.828284,55.431332
baltica,Baltica,0,1,13.950064,55.334581
baltica,Baltica,0,2,14.400064,55.013347
baltica,Baltica,0,3,14.850064,55.013347
baltica,Baltica,0,4,14.992154,55.031146
baltica,Baltica,0,5,15.075064,54.884127
baltica,Baltica,0,6,15.412563,54.559259
baltica,Baltica,0,7,15.575063,54.172634
baltica,Baltica,1,0,11.940006,54.577236
baltica,Baltica,1,1,12.600065,54.624441
baltica,Baltica,1,2,13.500065,54.884127
baltica,Baltica,1,3,14.400064,54.948789
baltica,Baltica,1,4,14.850064,54.948789
baltica,Baltica,1,5,14.992154,55.031146
bass-strait-1,Bass Strait-1,0,0,146.119701,-38.819881
bass-strait-1,Bass Strait-1,0,1,146.024971,-39.167574
bass-strait-1,Bass Strait-1,0,2,145.799971,-40.549228
bass-strait-1,Bass Strait-1,0,3,145.623801,-40.950501
bass-strait-2,Bass Strait-2,0,0,145.729661,-38.633303
bass-strait-2,Bass Strait-2,0,1,145.574971,-39.167574
bass-strait-2,Bass Strait-2,0,2,145.349971,-40.549228
bass-strait-2,Bass Strait-2,0,3,145.294111,-40.760231
basslink,Basslink,0,0,147.07126,-38.443403
basslink,Basslink,0,1,147.03747,-38.817824
basslink,Basslink,0,2,146.92497,-40.549228
basslink,Basslink,0,3,146.85017,-41.033054
batam-singapore-cable-system-bscs,Batam Singapore Cable System (BSCS),0,0,103.987011,1.389451
batam-singapore-cable-system-bscs,Batam Singapore Cable System (BSCS),0,1,103.950026,1.185378
batam-singapore-cable-system-bscs,Batam Singapore Cable System (BSCS),0,2,104.016637,1.066798
sweden-latvia,Sweden-Latvia,0,0,21.570079,57.38972
sweden-latvia,Sweden-Latvia,0,1,21.150059,57.390459
sweden-latvia,Sweden-Latvia,0,2,19.350061,57.752422
sweden-latvia,Sweden-Latvia,0,3,19.041861,57.862981
sweden-latvia,Sweden-Latvia,0,4,18.900061,58.051316
sweden-latvia,Sweden-Latvia,0,5,18.562561,58.641678
sweden-latvia,Sweden-Latvia,0,6,18.562561,59.106895
sweden-latvia,Sweden-Latvia,0,7,18.337561,59.279743
sweden-latvia,Sweden-Latvia,0,8,18.062761,59.332309
bcs-east-west-interlink,BCS East-West Interlink,0,0,21.082679,56.028507
bcs-east-west-interlink,BCS East-West Interlink,0,1,20.70006,56.157726
bcs-east-west-interlink,BCS East-West Interlink,0,2,19.125061,57.329781
bcs-east-west-interlink,BCS East-West Interlink,0,3,18.829451,57.439736
bcs-north---phase-1,BCS North - Phase 1,0,0,24.932477,60.171163
bcs-north---phase-1,BCS North - Phase 1,0,1,24.412557,59.90607
bcs-north---phase-1,BCS North - Phase 1,0,2,23.850057,59.793059
bcs-north---phase-1,BCS North - Phase 1,0,3,22.966758,59.823409
bcs-north---phase-1,BCS North - Phase 1,0,4,22.612558,59.90607
bcs-north---phase-1,BCS North - Phase 1,0,5,22.275058,60.018698
bcs-north---phase-1,BCS North - Phase 1,0,6,22.298598,60.305754
bcs-north---phase-1,BCS North - Phase 1,0,7,22.050059,60.074868
bcs-north---phase-1,BCS North - Phase 1,0,8,21.375059,59.849612
bcs-north---phase-1,BCS North - Phase 1,0,9,20.25006,59.736409
bcs-north---phase-1,BCS North - Phase 1,0,10,19.91256,59.962432
bcs-north---phase-1,BCS North - Phase 1,0,11,19.93776,60.114036
bcs-north---phase-1,BCS North - Phase 1,0,12,19.68756,59.962432
bcs-north---phase-1,BCS North - Phase 1,0,13,19.125061,59.622822
bcs-north---phase-1,BCS North - Phase 1,0,14,18.688361,59.292767
bcs-north---phase-2,BCS North - Phase 2,0,0,26.883645,60.501141
bcs-north---phase-2,BCS North - Phase 2,0,1,26.775055,60.354289
bcs-north---phase-2,BCS North - Phase 2,0,2,26.100056,60.130943
bcs-north---phase-2,BCS North - Phase 2,0,3,25.200056,60.130943
bcs-north---phase-2,BCS North - Phase 2,0,4,24.932477,60.171163
bcs-north---phase-2,BCS North - Phase 2,1,0,26.883645,60.501141
bcs-north---phase-2,BCS North - Phase 2,1,1,27.000055,60.354289
bcs-north---phase-2,BCS North - Phase 2,1,2,27.168805,60.130943
bcs-north---phase-2,BCS North - Phase 2,1,3,27.450055,59.962432
bcs-north---phase-2,BCS North - Phase 2,1,4,28.125054,59.849612
bcs-north---phase-2,BCS North - Phase 2,1,5,28.499954,59.799986
berytar,BERYTAR,0,0,35.897799,34.891703
berytar,BERYTAR,0,1,35.775049,34.683018
berytar,BERYTAR,0,2,35.859229,34.439742
berytar,BERYTAR,0,3,35.550049,34.312152
berytar,BERYTAR,0,4,35.485109,33.892637
berytar,BERYTAR,0,5,35.325049,33.565491
berytar,BERYTAR,0,6,35.386379,33.450192
bharat-lanka-cable-system,Bharat Lanka Cable System,0,0,78.145229,8.802499
bharat-lanka-cable-system,Bharat Lanka Cable System,0,1,78.300019,8.190543
bharat-lanka-cable-system,Bharat Lanka Cable System,0,2,79.200018,6.852191
bharat-lanka-cable-system,Bharat Lanka Cable System,0,3,79.866818,6.833088
bicentenario,Bicentenario,0,0,-54.950187,-34.900416
bicentenario,Bicentenario,0,1,-55.574886,-35.593029
bicentenario,Bicentenario,0,2,-56.024886,-35.958118
bicentenario,Bicentenario,0,3,-56.695446,-36.470955
botnia,Botnia,0,0,21.616369,63.095389
botnia,Botnia,0,1,21.375059,63.096692
botnia,Botnia,0,2,21.150059,63.096692
botnia,Botnia,0,3,20.70006,63.274313
botnia,Botnia,0,4,20.47506,63.526173
botnia,Botnia,0,5,20.394303,63.702516
botnia,Botnia,0,6,20.26305,63.825953
bt-mt-1,BT-MT-1,0,0,-3.357053,54.210915
bt-mt-1,BT-MT-1,0,1,-3.599923,54.165972
bt-mt-1,BT-MT-1,0,2,-4.274923,54.165972
bt-mt-1,BT-MT-1,0,3,-4.423853,54.167289
cadmos,CADMOS,0,0,33.6106,34.827281
cadmos,CADMOS,0,1,33.97505,34.683018
cadmos,CADMOS,0,2,35.100049,34.157138
cadmos,CADMOS,0,3,35.485109,33.892637
cadmos,CADMOS,1,0,35.485109,33.892637
cadmos,CADMOS,1,1,35.521924,33.900743
cadmos,CADMOS,1,2,35.563039,33.891898
cam-ring,CAM Ring,0,0,-16.347664,33.047316
cam-ring,CAM Ring,0,1,-16.424914,32.812319
cam-ring,CAM Ring,0,2,-16.649914,32.623017
cam-ring,CAM Ring,0,3,-16.908894,32.647278
cam-ring,CAM Ring,0,4,-17.125114,32.5589
cam-ring,CAM Ring,0,5,-18.449913,32.812319
cam-ring,CAM Ring,0,6,-24.749908,36.149867
cam-ring,CAM Ring,0,7,-25.424908,36.78317
cam-ring,CAM Ring,0,8,-25.706158,37.589787
cam-ring,CAM Ring,0,9,-25.668708,37.739605
canalink,Canalink,0,0,-6.363011,36.626273
canalink,Canalink,0,1,-7.199921,36.512388
canalink,Canalink,0,2,-8.999919,35.419781
canalink,Canalink,0,3,-11.024918,33.93964
canalink,Canalink,0,4,-14.624915,29.736069
canalink,Canalink,0,5,-15.074915,28.951555
canalink,Canalink,0,6,-15.412415,28.557045
canalink,Canalink,0,7,-15.524915,28.359234
canalink,Canalink,0,8,-16.031164,28.292959
canalink,Canalink,0,9,-16.518014,28.059088
canalink,Canalink,1,0,-15.412415,28.557045
canalink,Canalink,1,1,-15.299915,28.458186
canalink,Canalink,1,2,-15.243665,28.161052
canalink,Canalink,1,3,-15.299915,28.061824
canalink,Canalink,1,4,-15.398745,27.959394
canalink,Canalink,2,0,-16.518014,28.059088
canalink,Canalink,2,1,-16.424914,27.962503
canalink,Canalink,2,2,-16.537414,27.863092
canalink,Canalink,2,3,-16.762414,27.863092
canalink,Canalink,2,4,-16.981214,28.159243
canalink,Canalink,2,5,-17.099914,28.359234
canalink,Canalink,2,6,-17.364803,28.663271
canalink,Canalink,2,7,-17.589823,28.712616
canalink,Canalink,2,8,-17.765193,28.663271
canalink,Canalink,3,0,-15.412415,28.557045
canalink,Canalink,3,1,-15.749915,28.507627
canalink,Canalink,3,2,-16.031164,28.342468
canalink,Canalink,3,3,-16.412564,28.310586
canalink,Canalink,4,0,-15.524915,28.359234
canalink,Canalink,4,1,-15.487705,28.134362
canalink,Canalink,5,0,-7.199921,36.512388
canalink,Canalink,5,1,-6.299921,35.60293
canalink,Canalink,5,2,-6.035761,35.470616
canalink,Canalink,6,0,-16.412574,28.310603
canalink,Canalink,6,1,-16.031164,28.391964
canalink,Canalink,6,2,-15.749915,28.557045
canalink,Canalink,6,3,-14.962415,28.951555
canalink,Canalink,6,4,-13.724916,29.736069
canalink,Canalink,6,5,-10.124919,33.93964
canalink,Canalink,6,6,-8.32492,35.419781
canalink,Canalink,6,7,-6.749921,36.149867
canalink,Canalink,6,8,-6.087131,36.276723
cantat-3,CANTAT-3,0,0,7.200069,55.589707
cantat-3,CANTAT-3,0,1,6.30007,55.843186
cantat-3,CANTAT-3,0,2,4.950071,56.095023
cantat-3,CANTAT-3,1,0,4.228491,56.078513
cantat-3,CANTAT-3,1,1,4.500071,55.969309
cantat-3,CANTAT-3,1,2,4.564331,55.804291
cantat-3,CANTAT-3,1,3,4.612571,55.747269
cantat-3,CANTAT-3,1,4,4.748511,55.715909
cantat-3,CANTAT-3,2,0,4.500071,55.969309
cantat-3,CANTAT-3,2,1,4.950071,56.095023
cantat-3,CANTAT-3,3,0,7.199969,55.58982
cantat-3,CANTAT-3,3,1,7.650069,55.589707
cantat-3,CANTAT-3,3,2,8.329168,55.75165
caribbean-bermuda-u-s-cbus,Caribbean-Bermuda U.S. (CBUS),0,0,-64.767409,32.312235
caribbean-bermuda-u-s-cbus,Caribbean-Bermuda U.S. (CBUS),0,1,-64.57488,31.286739
caribbean-bermuda-u-s-cbus,Caribbean-Bermuda U.S. (CBUS),0,2,-64.34988,28.161052
caribbean-bermuda-u-s-cbus,Caribbean-Bermuda U.S. (CBUS),0,3,-64.34988,24.941363
caribbean-bermuda-u-s-cbus,Caribbean-Bermuda U.S. (CBUS),0,4,-64.34988,20.796306
caribbean-bermuda-u-s-cbus,Caribbean-Bermuda U.S. (CBUS),0,5,-64.34988,18.891662
caribbean-bermuda-u-s-cbus,Caribbean-Bermuda U.S. (CBUS),0,6,-64.59715,18.414412
caucasus-cable-system,Caucasus Cable System,0,0,41.667525,42.146756
caucasus-cable-system,Caucasus Cable System,0,1,41.400045,42.079236
caucasus-cable-system,Caucasus Cable System,0,2,35.550049,42.412355
caucasus-cable-system,Caucasus Cable System,0,3,28.575054,43.237448
caucasus-cable-system,Caucasus Cable System,0,4,28.167434,43.414621
cayman-jamaica-fiber-system-cjfs,Cayman-Jamaica Fiber System (CJFS),0,0,-77.062371,18.607582
cayman-jamaica-fiber-system-cjfs,Cayman-Jamaica Fiber System (CJFS),0,1,-77.737371,18.607582
cayman-jamaica-fiber-system-cjfs,Cayman-Jamaica Fiber System (CJFS),0,2,-77.921381,18.469358
cayman-jamaica-fiber-system-cjfs,Cayman-Jamaica Fiber System (CJFS),0,3,-78.18737,18.660884
cayman-jamaica-fiber-system-cjfs,Cayman-Jamaica Fiber System (CJFS),0,4,-79.424869,19.529071
cayman-jamaica-fiber-system-cjfs,Cayman-Jamaica Fiber System (CJFS),0,5,-79.877649,19.690426
cayman-jamaica-fiber-system-cjfs,Cayman-Jamaica Fiber System (CJFS),0,6,-80.099869,19.529071
cayman-jamaica-fiber-system-cjfs,Cayman-Jamaica Fiber System (CJFS),0,7,-80.549869,19.316876
cayman-jamaica-fiber-system-cjfs,Cayman-Jamaica Fiber System (CJFS),0,8,-81.166761,19.282956
cayman-jamaica-fiber-system-cjfs,Cayman-Jamaica Fiber System (CJFS),1,0,-77.103241,18.398661
cayman-jamaica-fiber-system-cjfs,Cayman-Jamaica Fiber System (CJFS),1,1,-77.062371,18.607582
cayman-jamaica-fiber-system-cjfs,Cayman-Jamaica Fiber System (CJFS),2,0,-76.499872,18.572039
cayman-jamaica-fiber-system-cjfs,Cayman-Jamaica Fiber System (CJFS),2,1,-77.062371,18.607582
cayman-jamaica-fiber-system-cjfs,Cayman-Jamaica Fiber System (CJFS),3,0,-76.446082,18.176328
cayman-jamaica-fiber-system-cjfs,Cayman-Jamaica Fiber System (CJFS),3,1,-76.499872,18.572039
cayman-jamaica-fiber-system-cjfs,Cayman-Jamaica Fiber System (CJFS),4,0,-76.666621,17.949773
cayman-jamaica-fiber-system-cjfs,Cayman-Jamaica Fiber System (CJFS),4,1,-76.387372,17.966677
cayman-jamaica-fiber-system-cjfs,Cayman-Jamaica Fiber System (CJFS),4,2,-76.162372,18.180575
cayman-jamaica-fiber-system-cjfs,Cayman-Jamaica Fiber System (CJFS),4,3,-76.204096,18.462886
cayman-jamaica-fiber-system-cjfs,Cayman-Jamaica Fiber System (CJFS),4,4,-76.499872,18.572039
ceiba-2,Ceiba-2,0,0,9.768227,1.86015
ceiba-2,Ceiba-2,0,1,9.250948,3.002761
ceiba-2,Ceiba-2,0,2,9.052798,3.809526
ceiba-2,Ceiba-2,0,3,8.832298,3.809526
ceiba-2,Ceiba-2,0,4,8.782298,3.750864
ceiba-2,Ceiba-2,1,0,9.250948,3.002761
ceiba-2,Ceiba-2,1,1,9.910227,2.933125
ceiba-1,Ceiba-1,0,0,9.768227,1.86015
ceiba-1,Ceiba-1,0,1,9.425068,2.967159
ceiba-1,Ceiba-1,0,2,9.052798,3.859514
ceiba-1,Ceiba-1,0,3,8.782298,3.859514
ceiba-1,Ceiba-1,0,4,8.782298,3.750864
celtixconnect-1-cc-1,CeltixConnect-1 (CC-1),0,0,-6.248311,53.348125
celtixconnect-1-cc-1,CeltixConnect-1 (CC-1),0,1,-5.624922,53.30088
celtixconnect-1-cc-1,CeltixConnect-1 (CC-1),0,2,-4.630392,53.306336
columbus-ii-b,Columbus-II b,0,0,-64.93709,18.372992
columbus-ii-b,Columbus-II b,0,1,-64.91238,18.891662
columbus-ii-b,Columbus-II b,0,2,-65.24988,20.796306
columbus-ii-b,Columbus-II b,0,3,-67.274878,23.711258
columbus-ii-b,Columbus-II b,0,4,-69.299877,25.95718
columbus-ii-b,Columbus-II b,0,5,-73.349874,27.962503
columbus-ii-b,Columbus-II b,0,6,-76.949871,28.061824
columbus-ii-b,Columbus-II b,0,7,-77.849871,27.863092
columbus-ii-b,Columbus-II b,0,8,-79.649869,26.964305
columbus-ii-b,Columbus-II b,0,9,-80.053342,26.715272
columbus-iii-azores-portugal,Columbus-III Azores-Portugal,0,0,-9.331559,38.690162
columbus-iii-azores-portugal,Columbus-III Azores-Portugal,0,1,-10.349918,38.211179
columbus-iii-azores-portugal,Columbus-III Azores-Portugal,0,2,-13.949916,36.99312
columbus-iii-azores-portugal,Columbus-III Azores-Portugal,0,3,-23.399909,36.99312
columbus-iii-azores-portugal,Columbus-III Azores-Portugal,0,4,-24.749908,37.232354
columbus-iii-azores-portugal,Columbus-III Azores-Portugal,0,5,-25.424908,37.589787
columbus-iii-azores-portugal,Columbus-III Azores-Portugal,0,6,-25.668708,37.739605
comoros-domestic-cable-system,Comoros Domestic Cable System,0,0,43.489203,-11.923115
comoros-domestic-cable-system,Comoros Domestic Cable System,0,1,44.029043,-11.808811
comoros-domestic-cable-system,Comoros Domestic Cable System,0,2,44.400043,-12.166271
comoros-domestic-cable-system,Comoros Domestic Cable System,0,3,44.029043,-12.019796
comoros-domestic-cable-system,Comoros Domestic Cable System,0,4,43.739693,-12.287869
comoros-domestic-cable-system,Comoros Domestic Cable System,0,5,43.547493,-12.04538
comoros-domestic-cable-system,Comoros Domestic Cable System,0,6,43.489203,-11.923115
corse-continent-4-cc4,Corse-Continent 4 (CC4),0,0,7.017449,43.553009
corse-continent-4-cc4,Corse-Continent 4 (CC4),0,1,7.200069,43.401145
corse-continent-4-cc4,Corse-Continent 4 (CC4),0,2,8.550068,42.743713
corse-continent-4-cc4,Corse-Continent 4 (CC4),0,3,8.937178,42.636686
corse-continent-5-cc5,Corse-Continent 5 (CC5),0,0,5.8782,43.103195
corse-continent-5-cc5,Corse-Continent 5 (CC5),0,1,6.07507,42.743713
corse-continent-5-cc5,Corse-Continent 5 (CC5),0,2,6.30007,42.578254
corse-continent-5-cc5,Corse-Continent 5 (CC5),0,3,7.425069,42.16268
corse-continent-5-cc5,Corse-Continent 5 (CC5),0,4,8.414618,41.835738
corse-continent-5-cc5,Corse-Continent 5 (CC5),0,5,8.738738,41.919503
danica-north,Danica North,0,0,12.955535,55.770578
danica-north,Danica North,0,1,12.716565,55.77997
danica-north,Danica North,0,2,12.545575,55.720775
danice,DANICE,0,0,-20.141851,63.642367
danice,DANICE,0,1,-20.699911,63.324862
danice,DANICE,0,2,-20.699911,62.986189
danice,DANICE,0,3,-19.799912,62.505365
danice,DANICE,0,4,-14.399916,62.296891
danice,DANICE,0,5,-10.799918,62.712392
danice,DANICE,0,6,-7.424921,62.815365
danice,DANICE,0,7,-2.249924,62.505365
danice,DANICE,0,8,0.450074,62.086962
danice,DANICE,0,9,2.025073,61.232553
danice,DANICE,0,10,2.925072,60.354289
danice,DANICE,0,11,3.825072,58.051316
danice,DANICE,0,12,5.175071,56.220327
danice,DANICE,0,13,6.30007,55.969309
danice,DANICE,0,14,7.200069,55.716652
danice,DANICE,0,15,7.650069,55.653231
danice,DANICE,0,16,8.329168,55.75165
denmark-sweden-17,Denmark-Sweden 17,0,0,12.536885,56.075081
denmark-sweden-17,Denmark-Sweden 17,0,1,12.56276,56.105017
denmark-sweden-17,Denmark-Sweden 17,0,2,12.588635,56.13493
denmark-sweden-18,Denmark-Sweden 18,0,0,12.592155,56.030636
denmark-sweden-18,Denmark-Sweden 18,0,1,12.64396,56.037279
denmark-sweden-18,Denmark-Sweden 18,0,2,12.695765,56.043921
dhiraagu-cable-network,Dhiraagu Cable Network,0,0,73.071502,6.622826
dhiraagu-cable-network,Dhiraagu Cable Network,0,1,72.971503,6.12583
dhiraagu-cable-network,Dhiraagu Cable Network,0,2,72.970823,5.60144
dhiraagu-cable-network,Dhiraagu Cable Network,0,3,73.070822,5.103623
dhiraagu-cable-network,Dhiraagu Cable Network,0,4,73.070822,4.854566
dhiraagu-cable-network,Dhiraagu Cable Network,0,5,73.290352,4.46163
dhiraagu-cable-network,Dhiraagu Cable Network,0,6,73.540352,4.212346
dhiraagu-cable-network,Dhiraagu Cable Network,0,7,73.125022,3.828234
dhiraagu-cable-network,Dhiraagu Cable Network,0,8,72.955683,3.608488
dhiraagu-cable-network,Dhiraagu Cable Network,0,9,72.977323,3.27608
dhiraagu-cable-network,Dhiraagu Cable Network,0,10,73.544752,1.918908
dhiraagu-cable-network,Dhiraagu Cable Network,0,11,73.575022,1.018534
dhiraagu-cable-network,Dhiraagu Cable Network,0,12,73.455592,0.289287
dhiraagu-cable-network,Dhiraagu Cable Network,0,13,73.466522,0.060339
dhiraagu-cable-network,Dhiraagu Cable Network,0,14,73.426882,-0.29791
dhiraagu-cable-network,Dhiraagu Cable Network,0,15,73.350022,-0.443907
dhiraagu-cable-network,Dhiraagu Cable Network,0,16,73.089182,-0.60552
dhiraagu-slt-submarine-cable-network,Dhiraagu-SLT Submarine Cable Network,0,0,79.872088,6.927037
dhiraagu-slt-submarine-cable-network,Dhiraagu-SLT Submarine Cable Network,0,1,79.200018,6.181557
dhiraagu-slt-submarine-cable-network,Dhiraagu-SLT Submarine Cable Network,0,2,74.250022,4.164913
dhiraagu-slt-submarine-cable-network,Dhiraagu-SLT Submarine Cable Network,0,3,73.500022,4.166668
east-west-cable-ewc,East-West Cable (EWC),0,0,-70.161786,18.699364
east-west-cable-ewc,East-West Cable (EWC),0,1,-69.918626,18.144944
east-west-cable-ewc,East-West Cable (EWC),0,2,-69.862376,17.823934
east-west-cable-ewc,East-West Cable (EWC),1,0,-76.716761,17.949954
east-west-cable-ewc,East-West Cable (EWC),1,1,-76.274872,17.395023
east-west-cable-ewc,East-West Cable (EWC),1,2,-75.374872,17.180187
east-west-cable-ewc,East-West Cable (EWC),1,3,-74.699873,16.965103
east-west-cable-ewc,East-West Cable (EWC),1,4,-71.999875,16.965103
east-west-cable-ewc,East-West Cable (EWC),1,5,-70.649876,17.395023
east-west-cable-ewc,East-West Cable (EWC),1,6,-69.862376,17.823934
east-west-cable-ewc,East-West Cable (EWC),1,7,-69.299877,17.716802
east-west-cable-ewc,East-West Cable (EWC),1,8,-67.499878,17.395023
east-west-cable-ewc,East-West Cable (EWC),1,9,-66.149879,17.609606
east-west-cable-ewc,East-West Cable (EWC),1,10,-64.59715,18.414412
eastern-caribbean-fiber-system-ecfs,Eastern Caribbean Fiber System (ECFS),0,0,-61.537382,15.235782
eastern-caribbean-fiber-system-ecfs,Eastern Caribbean Fiber System (ECFS),0,1,-61.370682,15.252077
eastern-caribbean-fiber-system-ecfs,Eastern Caribbean Fiber System (ECFS),1,0,-61.650812,10.686261
eastern-caribbean-fiber-system-ecfs,Eastern Caribbean Fiber System (ECFS),1,1,-61.537382,11.073983
eastern-caribbean-fiber-system-ecfs,Eastern Caribbean Fiber System (ECFS),1,2,-61.537382,11.294709
eastern-caribbean-fiber-system-ecfs,Eastern Caribbean Fiber System (ECFS),1,3,-61.537382,11.62548
eastern-caribbean-fiber-system-ecfs,Eastern Caribbean Fiber System (ECFS),1,4,-61.649882,11.845776
eastern-caribbean-fiber-system-ecfs,Eastern Caribbean Fiber System (ECFS),1,5,-61.790582,12.008779
eastern-caribbean-fiber-system-ecfs,Eastern Caribbean Fiber System (ECFS),1,6,-61.873072,12.191527
eastern-caribbean-fiber-system-ecfs,Eastern Caribbean Fiber System (ECFS),1,7,-61.818532,12.395734
eastern-caribbean-fiber-system-ecfs,Eastern Caribbean Fiber System (ECFS),1,8,-61.481032,13.054151
eastern-caribbean-fiber-system-ecfs,Eastern Caribbean Fiber System (ECFS),1,9,-61.208282,13.145461
eastern-caribbean-fiber-system-ecfs,Eastern Caribbean Fiber System (ECFS),1,10,-61.199882,13.054151
eastern-caribbean-fiber-system-ecfs,Eastern Caribbean Fiber System (ECFS),1,11,-59.849883,13.054151
eastern-caribbean-fiber-system-ecfs,Eastern Caribbean Fiber System (ECFS),1,12,-59.607404,13.084494
eastern-caribbean-fiber-system-ecfs,Eastern Caribbean Fiber System (ECFS),1,13,-59.849883,13.163719
eastern-caribbean-fiber-system-ecfs,Eastern Caribbean Fiber System (ECFS),1,14,-60.749883,14.03847
eastern-caribbean-fiber-system-ecfs,Eastern Caribbean Fiber System (ECFS),1,15,-60.974883,14.147584
eastern-caribbean-fiber-system-ecfs,Eastern Caribbean Fiber System (ECFS),1,16,-61.006813,13.994509
eastern-caribbean-fiber-system-ecfs,Eastern Caribbean Fiber System (ECFS),1,17,-61.199882,14.147584
eastern-caribbean-fiber-system-ecfs,Eastern Caribbean Fiber System (ECFS),1,18,-61.199882,14.365654
eastern-caribbean-fiber-system-ecfs,Eastern Caribbean Fiber System (ECFS),1,19,-61.094172,14.615456
eastern-caribbean-fiber-system-ecfs,Eastern Caribbean Fiber System (ECFS),1,20,-61.368632,14.801154
eastern-caribbean-fiber-system-ecfs,Eastern Caribbean Fiber System (ECFS),1,21,-61.537382,15.018579
eastern-caribbean-fiber-system-ecfs,Eastern Caribbean Fiber System (ECFS),1,22,-61.537382,15.235782
eastern-caribbean-fiber-system-ecfs,Eastern Caribbean Fiber System (ECFS),1,23,-61.649882,15.452761
eastern-caribbean-fiber-system-ecfs,Eastern Caribbean Fiber System (ECFS),1,24,-61.607792,15.676205
eastern-caribbean-fiber-system-ecfs,Eastern Caribbean Fiber System (ECFS),1,25,-61.439157,15.892797
eastern-caribbean-fiber-system-ecfs,Eastern Caribbean Fiber System (ECFS),1,26,-61.413872,15.988769
eastern-caribbean-fiber-system-ecfs,Eastern Caribbean Fiber System (ECFS),1,27,-61.533032,16.241329
eastern-caribbean-fiber-system-ecfs,Eastern Caribbean Fiber System (ECFS),1,28,-61.762382,16.590029
eastern-caribbean-fiber-system-ecfs,Eastern Caribbean Fiber System (ECFS),1,29,-61.857942,17.051482
eastern-caribbean-fiber-system-ecfs,Eastern Caribbean Fiber System (ECFS),1,30,-62.099882,16.965103
eastern-caribbean-fiber-system-ecfs,Eastern Caribbean Fiber System (ECFS),1,31,-62.549881,16.965103
eastern-caribbean-fiber-system-ecfs,Eastern Caribbean Fiber System (ECFS),1,32,-62.729761,17.090876
eastern-caribbean-fiber-system-ecfs,Eastern Caribbean Fiber System (ECFS),1,33,-62.668747,17.290434
eastern-caribbean-fiber-system-ecfs,Eastern Caribbean Fiber System (ECFS),1,34,-62.729761,17.40238
eastern-caribbean-fiber-system-ecfs,Eastern Caribbean Fiber System (ECFS),1,35,-63.073661,18.031045
eastern-caribbean-fiber-system-ecfs,Eastern Caribbean Fiber System (ECFS),1,36,-63.058131,18.144944
eastern-caribbean-fiber-system-ecfs,Eastern Caribbean Fiber System (ECFS),1,37,-63.057161,18.217681
eastern-caribbean-fiber-system-ecfs,Eastern Caribbean Fiber System (ECFS),1,38,-63.224881,18.305228
eastern-caribbean-fiber-system-ecfs,Eastern Caribbean Fiber System (ECFS),1,39,-63.449881,18.358623
eastern-caribbean-fiber-system-ecfs,Eastern Caribbean Fiber System (ECFS),1,40,-64.12488,18.358623
eastern-caribbean-fiber-system-ecfs,Eastern Caribbean Fiber System (ECFS),1,41,-64.34988,18.358623
eastern-caribbean-fiber-system-ecfs,Eastern Caribbean Fiber System (ECFS),1,42,-64.59715,18.414412
ec-link,EC Link,0,0,-61.649292,10.687696
ec-link,EC Link,0,1,-62.099882,11.294709
ec-link,EC Link,0,2,-63.89988,11.515266
ec-link,EC Link,0,3,-65.699879,11.184367
ec-link,EC Link,0,4,-68.399877,11.73565
ec-link,EC Link,0,5,-68.892647,12.09044
elektra-globalconnect-1-gc1,Elektra-GlobalConnect 1 (GC1),0,0,11.940006,54.577236
elektra-globalconnect-1-gc1,Elektra-GlobalConnect 1 (GC1),0,1,11.925066,54.493972
elektra-globalconnect-1-gc1,Elektra-GlobalConnect 1 (GC1),0,2,11.925066,54.297486
elektra-globalconnect-1-gc1,Elektra-GlobalConnect 1 (GC1),0,3,12.132486,54.079177
emerald-bridge-fibres,Emerald Bridge Fibres,0,0,-6.197971,53.410139
emerald-bridge-fibres,Emerald Bridge Fibres,0,1,-5.624922,53.54158
emerald-bridge-fibres,Emerald Bridge Fibres,0,2,-5.090742,53.541865
emerald-bridge-fibres,Emerald Bridge Fibres,0,3,-4.630392,53.306336
aec-1,AEC-1,0,0,-9.232149,54.207114
aec-1,AEC-1,0,1,-9.562419,54.559259
aec-1,AEC-1,0,2,-10.799918,55.077801
aec-1,AEC-1,0,3,-12.599917,55.077801
aec-1,AEC-1,0,4,-16.199914,54.297486
aec-1,AEC-1,0,5,-23.399909,52.417901
aec-1,AEC-1,0,6,-39.599898,46.890763
aec-1,AEC-1,0,7,-50.39989,44.213009
aec-1,AEC-1,0,8,-61.199882,42.079236
aec-1,AEC-1,0,9,-68.399877,41.06934
aec-1,AEC-1,0,10,-71.099875,40.472955
aec-1,AEC-1,0,11,-72.872184,40.800581
esat-2,ESAT-2,0,0,-6.215401,53.331711
esat-2,ESAT-2,0,1,-5.624922,53.435131
esat-2,ESAT-2,0,2,-3.599923,53.635715
esat-2,ESAT-2,0,3,-3.006374,53.647933
est-tet,Est-Tet,0,0,-5.391812,35.565919
est-tet,Est-Tet,0,1,-5.174922,35.785662
est-tet,Est-Tet,0,2,-5.174922,36.240655
est-tet,Est-Tet,0,3,-5.145872,36.42742
farice-1,FARICE-1,0,0,-3.346213,58.61542
farice-1,FARICE-1,0,1,-3.824923,58.758569
farice-1,FARICE-1,0,2,-3.824923,59.451717
farice-1,FARICE-1,0,3,-3.149924,60.354289
farice-1,FARICE-1,0,4,-2.699924,61.875571
farice-1,FARICE-1,0,5,-2.699924,62.086962
farice-1,FARICE-1,0,6,-5.399922,62.917979
farice-1,FARICE-1,0,7,-7.199921,63.324862
farice-1,FARICE-1,0,8,-10.799918,64.704686
farice-1,FARICE-1,0,9,-10.799918,65.086521
farice-1,FARICE-1,0,10,-12.149917,65.275409
farice-1,FARICE-1,0,11,-13.499916,65.275409
farice-1,FARICE-1,0,12,-14.018076,65.25085
farice-1,FARICE-1,1,0,-6.927951,62.244112
farice-1,FARICE-1,1,1,-6.897248,62.405946
farice-1,FARICE-1,1,2,-7.199921,62.712392
farice-1,FARICE-1,1,3,-7.199921,63.324862
fehmarn-blt,Fehmarn Bält,0,0,11.212566,54.496185
fehmarn-blt,Fehmarn Bält,0,1,11.250066,54.593022
fehmarn-blt,Fehmarn Bält,0,2,11.358566,54.663066
fiber-optic-gulf-fog,Fiber Optic Gulf (FOG),0,0,47.97484,29.374104
fiber-optic-gulf-fog,Fiber Optic Gulf (FOG),0,1,48.60004,28.951555
fiber-optic-gulf-fog,Fiber Optic Gulf (FOG),0,2,49.162539,28.557045
fiber-optic-gulf-fog,Fiber Optic Gulf (FOG),0,3,50.175039,27.863092
fiber-optic-gulf-fog,Fiber Optic Gulf (FOG),0,4,51.300038,27.364668
fiber-optic-gulf-fog,Fiber Optic Gulf (FOG),0,5,51.975037,26.964305
fiber-optic-gulf-fog,Fiber Optic Gulf (FOG),0,6,52.650037,26.562513
fiber-optic-gulf-fog,Fiber Optic Gulf (FOG),0,7,53.550036,25.754704
fiber-optic-gulf-fog,Fiber Optic Gulf (FOG),0,8,54.900035,25.551883
fiber-optic-gulf-fog,Fiber Optic Gulf (FOG),0,9,55.308535,25.269354
fiber-optic-gulf-fog,Fiber Optic Gulf (FOG),1,0,52.650037,26.562513
fiber-optic-gulf-fog,Fiber Optic Gulf (FOG),1,1,52.087537,26.058288
fiber-optic-gulf-fog,Fiber Optic Gulf (FOG),1,2,51.519278,25.294609
fiber-optic-gulf-fog,Fiber Optic Gulf (FOG),2,0,51.300038,27.364668
fiber-optic-gulf-fog,Fiber Optic Gulf (FOG),2,1,50.850038,26.562513
fiber-optic-gulf-fog,Fiber Optic Gulf (FOG),2,2,50.576018,26.229495
fibralink,Fibralink,0,0,-73.799873,19.952623
fibralink,Fibralink,0,1,-73.349874,20.375041
fibralink,Fibralink,0,2,-71.549875,20.375041
fibralink,Fibralink,0,3,-70.987375,20.163975
fibralink,Fibralink,0,4,-70.691186,19.799436
fibralink,Fibralink,1,0,-76.666621,17.949773
fibralink,Fibralink,1,1,-76.274872,17.609606
fibralink,Fibralink,1,2,-75.374872,17.609606
fibralink,Fibralink,1,3,-74.812373,18.251816
fibralink,Fibralink,1,4,-74.362373,19.316876
fibralink,Fibralink,1,5,-73.799873,19.952623
fibralink,Fibralink,2,0,-73.799873,19.952623
fibralink,Fibralink,2,1,-73.574874,19.104405
fibralink,Fibralink,2,2,-72.802654,18.86477
fibralink,Fibralink,2,3,-72.608664,18.865045
fibralink,Fibralink,3,0,-77.921381,18.469358
fibralink,Fibralink,3,1,-77.737371,18.50093
fibralink,Fibralink,3,2,-77.287371,18.50093
fibralink,Fibralink,3,3,-77.103241,18.398661
finland-estonia-2-eesf-2,Finland-Estonia 2 (EESF-2),0,0,24.752497,59.4364
finland-estonia-2-eesf-2,Finland-Estonia 2 (EESF-2),0,1,25.087556,59.679664
finland-estonia-2-eesf-2,Finland-Estonia 2 (EESF-2),0,2,25.200056,59.962432
finland-estonia-2-eesf-2,Finland-Estonia 2 (EESF-2),0,3,25.087556,60.074868
finland-estonia-2-eesf-2,Finland-Estonia 2 (EESF-2),0,4,24.932477,60.171163
flag-atlantic-1-fa-1,FLAG Atlantic-1 (FA-1),0,0,-73.655974,40.600686
flag-atlantic-1-fa-1,FLAG Atlantic-1 (FA-1),0,1,-71.099875,39.871225
flag-atlantic-1-fa-1,FLAG Atlantic-1 (FA-1),0,2,-68.399877,39.698323
flag-atlantic-1-fa-1,FLAG Atlantic-1 (FA-1),0,3,-61.199882,39.002379
flag-atlantic-1-fa-1,FLAG Atlantic-1 (FA-1),0,4,-50.39989,39.524987
flag-atlantic-1-fa-1,FLAG Atlantic-1 (FA-1),0,5,-39.599898,42.412355
flag-atlantic-1-fa-1,FLAG Atlantic-1 (FA-1),0,6,-23.399909,46.582355
flag-atlantic-1-fa-1,FLAG Atlantic-1 (FA-1),0,7,-16.199914,46.582355
flag-atlantic-1-fa-1,FLAG Atlantic-1 (FA-1),0,8,-5.399922,49.294684
flag-atlantic-1-fa-1,FLAG Atlantic-1 (FA-1),0,9,-4.499923,49.294684
flag-atlantic-1-fa-1,FLAG Atlantic-1 (FA-1),0,10,-3.599923,49.147728
flag-atlantic-1-fa-1,FLAG Atlantic-1 (FA-1),0,11,-2.812424,48.852503
flag-atlantic-1-fa-1,FLAG Atlantic-1 (FA-1),0,12,-2.767794,48.534939
flag-atlantic-1-fa-1,FLAG Atlantic-1 (FA-1),1,0,-5.674922,50.063938
flag-atlantic-1-fa-1,FLAG Atlantic-1 (FA-1),1,1,-6.299921,50.095145
flag-atlantic-1-fa-1,FLAG Atlantic-1 (FA-1),1,2,-8.09992,49.878145
flag-atlantic-1-fa-1,FLAG Atlantic-1 (FA-1),1,3,-10.799918,49.587287
flag-atlantic-1-fa-1,FLAG Atlantic-1 (FA-1),1,4,-16.199914,48.406382
flag-atlantic-1-fa-1,FLAG Atlantic-1 (FA-1),1,5,-23.399909,47.197407
flag-atlantic-1-fa-1,FLAG Atlantic-1 (FA-1),1,6,-39.599898,43.073311
flag-atlantic-1-fa-1,FLAG Atlantic-1 (FA-1),1,7,-50.39989,40.043692
flag-atlantic-1-fa-1,FLAG Atlantic-1 (FA-1),1,8,-61.199882,39.351218
flag-atlantic-1-fa-1,FLAG Atlantic-1 (FA-1),1,9,-68.399877,39.871225
flag-atlantic-1-fa-1,FLAG Atlantic-1 (FA-1),1,10,-71.678685,41.097018
flag-atlantic-1-fa-1,FLAG Atlantic-1 (FA-1),1,11,-72.165645,41.217596
flag-atlantic-1-fa-1,FLAG Atlantic-1 (FA-1),1,12,-72.365844,41.217596
flag-atlantic-1-fa-1,FLAG Atlantic-1 (FA-1),1,13,-72.820774,41.146383
flag-atlantic-1-fa-1,FLAG Atlantic-1 (FA-1),1,14,-73.194404,41.022498
flag-atlantic-1-fa-1,FLAG Atlantic-1 (FA-1),1,15,-73.344114,40.909452
flag-north-asia-loopreach-north-asia-loop,FLAG North Asia Loop/REACH North Asia Loop,0,0,121.027756,20.933106
flag-north-asia-loopreach-north-asia-loop,FLAG North Asia Loop/REACH North Asia Loop,0,1,118.79999,21.111486
flag-north-asia-loopreach-north-asia-loop,FLAG North Asia Loop/REACH North Asia Loop,0,2,116.549992,20.90144
flag-north-asia-loopreach-north-asia-loop,FLAG North Asia Loop/REACH North Asia Loop,0,3,115.199993,21.111486
flag-north-asia-loopreach-north-asia-loop,FLAG North Asia Loop/REACH North Asia Loop,0,4,114.131293,21.844294
flag-north-asia-loopreach-north-asia-loop,FLAG North Asia Loop/REACH North Asia Loop,0,5,113.932024,22.227651
flag-north-asia-loopreach-north-asia-loop,FLAG North Asia Loop/REACH North Asia Loop,0,6,114.300043,21.844294
flag-north-asia-loopreach-north-asia-loop,FLAG North Asia Loop/REACH North Asia Loop,0,7,115.199993,21.425951
flag-north-asia-loopreach-north-asia-loop,FLAG North Asia Loop/REACH North Asia Loop,0,8,116.549992,21.216398
flag-north-asia-loopreach-north-asia-loop,FLAG North Asia Loop/REACH North Asia Loop,0,9,118.79999,21.635297
flag-north-asia-loopreach-north-asia-loop,FLAG North Asia Loop/REACH North Asia Loop,0,10,120.127888,21.666806
flag-north-asia-loopreach-north-asia-loop,FLAG North Asia Loop/REACH North Asia Loop,0,11,121.027756,21.666806
flag-north-asia-loopreach-north-asia-loop,FLAG North Asia Loop/REACH North Asia Loop,0,12,121.949988,22.469444
flag-north-asia-loopreach-north-asia-loop,FLAG North Asia Loop/REACH North Asia Loop,0,13,122.399988,24.0199
flag-north-asia-loopreach-north-asia-loop,FLAG North Asia Loop/REACH North Asia Loop,0,14,122.174988,24.532658
flag-north-asia-loopreach-north-asia-loop,FLAG North Asia Loop/REACH North Asia Loop,0,15,121.801448,24.863504
flag-north-asia-loopreach-north-asia-loop,FLAG North Asia Loop/REACH North Asia Loop,0,16,122.174988,24.941363
flag-north-asia-loopreach-north-asia-loop,FLAG North Asia Loop/REACH North Asia Loop,0,17,122.849987,24.941363
flag-north-asia-loopreach-north-asia-loop,FLAG North Asia Loop/REACH North Asia Loop,0,18,125.999985,24.327803
flag-north-asia-loopreach-north-asia-loop,FLAG North Asia Loop/REACH North Asia Loop,0,19,128.699983,24.122617
flag-north-asia-loopreach-north-asia-loop,FLAG North Asia Loop/REACH North Asia Loop,0,20,132.74998,24.532658
flag-north-asia-loopreach-north-asia-loop,FLAG North Asia Loop/REACH North Asia Loop,0,21,137.249977,27.763589
flag-north-asia-loopreach-north-asia-loop,FLAG North Asia Loop/REACH North Asia Loop,0,22,138.824976,29.344567
flag-north-asia-loopreach-north-asia-loop,FLAG North Asia Loop/REACH North Asia Loop,0,23,139.724975,30.901396
flag-north-asia-loopreach-north-asia-loop,FLAG North Asia Loop/REACH North Asia Loop,0,24,140.174975,32.433313
flag-north-asia-loopreach-north-asia-loop,FLAG North Asia Loop/REACH North Asia Loop,0,25,140.624975,33.93964
flag-north-asia-loopreach-north-asia-loop,FLAG North Asia Loop/REACH North Asia Loop,0,26,140.456225,34.690726
flag-north-asia-loopreach-north-asia-loop,FLAG North Asia Loop/REACH North Asia Loop,0,27,140.178544,34.9678
flag-north-asia-loopreach-north-asia-loop,FLAG North Asia Loop/REACH North Asia Loop,0,28,140.0906,35.013848
flag-north-asia-loopreach-north-asia-loop,FLAG North Asia Loop/REACH North Asia Loop,0,29,140.016775,35.036003
flag-north-asia-loopreach-north-asia-loop,FLAG North Asia Loop/REACH North Asia Loop,0,30,140.076538,35.013848
flag-north-asia-loopreach-north-asia-loop,FLAG North Asia Loop/REACH North Asia Loop,0,31,140.164482,34.9678
flag-north-asia-loopreach-north-asia-loop,FLAG North Asia Loop/REACH North Asia Loop,0,32,140.4281,34.690726
flag-north-asia-loopreach-north-asia-loop,FLAG North Asia Loop/REACH North Asia Loop,0,33,140.512475,33.93964
flag-north-asia-loopreach-north-asia-loop,FLAG North Asia Loop/REACH North Asia Loop,0,34,139.949975,32.433313
flag-north-asia-loopreach-north-asia-loop,FLAG North Asia Loop/REACH North Asia Loop,0,35,139.049976,31.478823
flag-north-asia-loopreach-north-asia-loop,FLAG North Asia Loop/REACH North Asia Loop,0,36,137.699977,30.70814
flag-north-asia-loopreach-north-asia-loop,FLAG North Asia Loop/REACH North Asia Loop,0,37,134.999979,29.931251
flag-north-asia-loopreach-north-asia-loop,FLAG North Asia Loop/REACH North Asia Loop,0,38,132.74998,29.931251
flag-north-asia-loopreach-north-asia-loop,FLAG North Asia Loop/REACH North Asia Loop,0,39,130.499982,30.12605
flag-north-asia-loopreach-north-asia-loop,FLAG North Asia Loop/REACH North Asia Loop,0,40,129.599982,30.901396
flag-north-asia-loopreach-north-asia-loop,FLAG North Asia Loop/REACH North Asia Loop,0,41,129.374983,31.670513
flag-north-asia-loopreach-north-asia-loop,FLAG North Asia Loop/REACH North Asia Loop,0,42,129.374983,32.812319
flag-north-asia-loopreach-north-asia-loop,FLAG North Asia Loop/REACH North Asia Loop,0,43,129.487483,34.312152
flag-north-asia-loopreach-north-asia-loop,FLAG North Asia Loop/REACH North Asia Loop,0,44,128.999493,35.170379
flag-north-asia-loopreach-north-asia-loop,FLAG North Asia Loop/REACH North Asia Loop,0,45,128.812483,34.312152
flag-north-asia-loopreach-north-asia-loop,FLAG North Asia Loop/REACH North Asia Loop,0,46,128.249983,32.812319
flag-north-asia-loopreach-north-asia-loop,FLAG North Asia Loop/REACH North Asia Loop,0,47,128.024984,31.670513
flag-north-asia-loopreach-north-asia-loop,FLAG North Asia Loop/REACH North Asia Loop,0,48,127.349984,29.540508
flag-north-asia-loopreach-north-asia-loop,FLAG North Asia Loop/REACH North Asia Loop,0,49,127.124984,28.557045
flag-north-asia-loopreach-north-asia-loop,FLAG North Asia Loop/REACH North Asia Loop,0,50,125.999985,26.159308
flag-north-asia-loopreach-north-asia-loop,FLAG North Asia Loop/REACH North Asia Loop,0,51,125.662485,25.551883
flag-north-asia-loopreach-north-asia-loop,FLAG North Asia Loop/REACH North Asia Loop,0,52,125.324985,24.122617
flag-north-asia-loopreach-north-asia-loop,FLAG North Asia Loop/REACH North Asia Loop,0,53,124.424986,22.052986
flag-north-asia-loopreach-north-asia-loop,FLAG North Asia Loop/REACH North Asia Loop,0,54,122.849987,21.111486
flag-north-asia-loopreach-north-asia-loop,FLAG North Asia Loop/REACH North Asia Loop,0,55,121.027756,20.933106
flores-corvo-cable-system,Flores-Corvo Cable System,0,0,-28.647515,38.525404
flores-corvo-cable-system,Flores-Corvo Cable System,0,1,-28.799905,38.387755
flores-corvo-cable-system,Flores-Corvo Cable System,0,2,-29.699905,38.651812
flores-corvo-cable-system,Flores-Corvo Cable System,0,3,-30.599904,39.351218
flores-corvo-cable-system,Flores-Corvo Cable System,0,4,-31.128424,39.462511
flores-corvo-cable-system,Flores-Corvo Cable System,0,5,-31.108154,39.56682
flores-corvo-cable-system,Flores-Corvo Cable System,0,6,-31.110504,39.672243
flores-corvo-cable-system,Flores-Corvo Cable System,0,7,-30.599904,39.524987
flores-corvo-cable-system,Flores-Corvo Cable System,0,8,-28.799905,39.002379
flores-corvo-cable-system,Flores-Corvo Cable System,0,9,-28.124906,38.914899
flores-corvo-cable-system,Flores-Corvo Cable System,0,10,-27.963386,39.011408
gemini-bermuda,Gemini Bermuda,0,0,-74.047093,40.123493
gemini-bermuda,Gemini Bermuda,0,1,-71.099875,39.524987
gemini-bermuda,Gemini Bermuda,0,2,-67.416545,37.589787
gemini-bermuda,Gemini Bermuda,0,3,-64.79988,34.683018
gemini-bermuda,Gemini Bermuda,0,4,-64.12488,33.565491
gemini-bermuda,Gemini Bermuda,0,5,-63.89988,32.812319
gemini-bermuda,Gemini Bermuda,0,6,-64.23738,32.433313
gemini-bermuda,Gemini Bermuda,0,7,-64.767409,32.312235
geo-eirgrid,Geo-Eirgrid,0,0,-6.165841,53.526543
geo-eirgrid,Geo-Eirgrid,0,1,-5.624922,53.702366
geo-eirgrid,Geo-Eirgrid,0,2,-3.330833,53.451939
geo-eirgrid,Geo-Eirgrid,0,3,-3.027564,53.201728
georgia-russia,Georgia-Russia,0,0,38.660832,44.325205
georgia-russia,Georgia-Russia,0,1,38.677879,43.882775
georgia-russia,Georgia-Russia,0,2,39.375046,43.5644
georgia-russia,Georgia-Russia,0,3,39.726116,43.615507
georgia-russia,Georgia-Russia,0,4,39.825046,43.401145
georgia-russia,Georgia-Russia,0,5,40.500046,42.743713
georgia-russia,Georgia-Russia,0,6,41.400045,42.246015
georgia-russia,Georgia-Russia,0,7,41.667525,42.146756
germany-denmark-3,Germany-Denmark 3,0,0,11.940006,54.577236
germany-denmark-3,Germany-Denmark 3,0,1,12.037566,54.493972
germany-denmark-3,Germany-Denmark 3,0,2,12.037566,54.297486
germany-denmark-3,Germany-Denmark 3,0,3,12.149576,54.191577
glo-1,Glo-1,0,0,-4.544403,50.828201
glo-1,Glo-1,0,1,-6.074881,50.382957
glo-1,Glo-1,0,2,-7.64992,49.732934
glo-1,Glo-1,0,3,-9.899919,48.704235
glo-1,Glo-1,0,4,-14.399916,44.051519
glo-1,Glo-1,0,5,-14.399916,39.698323
glo-1,Glo-1,0,6,-13.499916,35.785662
glo-1,Glo-1,0,7,-12.824917,33.189715
glo-1,Glo-1,0,8,-12.599917,30.12605
glo-1,Glo-1,0,9,-13.247832,28.161052
glo-1,Glo-1,0,10,-14.624915,26.964305
glo-1,Glo-1,0,11,-17.549913,22.884654
glo-1,Glo-1,0,12,-18.899912,19.952623
glo-1,Glo-1,0,13,-18.899912,14.801154
glo-1,Glo-1,0,14,-18.899912,11.73565
glo-1,Glo-1,0,15,-17.549913,8.635699
glo-1,Glo-1,0,16,-13.049917,4.164913
glo-1,Glo-1,0,17,-10.799918,1.918229
glo-1,Glo-1,0,18,-3.599923,1.918229
glo-1,Glo-1,0,19,-0.449925,2.156121
glo-1,Glo-1,0,20,1.575073,3.266815
glo-1,Glo-1,0,21,2.250073,3.379126
glo-1,Glo-1,0,22,2.700072,4.164913
glo-1,Glo-1,0,23,3.423512,6.439067
glo-1,Glo-1,1,0,-0.204316,5.558286
glo-1,Glo-1,1,1,-0.449925,3.279837
glo-1,Glo-1,1,2,-0.449925,2.156121
southern-caribbean-fiber,Southern Caribbean Fiber,0,0,-61.790582,12.008779
southern-caribbean-fiber,Southern Caribbean Fiber,0,1,-61.814832,11.861435
southern-caribbean-fiber,Southern Caribbean Fiber,0,2,-61.649882,11.294709
southern-caribbean-fiber,Southern Caribbean Fiber,0,3,-61.593632,11.073983
southern-caribbean-fiber,Southern Caribbean Fiber,0,4,-61.649292,10.687696
southern-caribbean-fiber,Southern Caribbean Fiber,1,0,-61.094172,14.615456
southern-caribbean-fiber,Southern Caribbean Fiber,1,1,-61.143632,14.365654
southern-caribbean-fiber,Southern Caribbean Fiber,1,2,-61.143632,14.147584
southern-caribbean-fiber,Southern Caribbean Fiber,1,3,-60.986603,14.032406
southern-caribbean-fiber,Southern Caribbean Fiber,2,0,-62.729761,17.298636
southern-caribbean-fiber,Southern Caribbean Fiber,2,1,-63.056131,17.180187
southern-caribbean-fiber,Southern Caribbean Fiber,3,0,-61.715942,16.028938
southern-caribbean-fiber,Southern Caribbean Fiber,3,1,-61.874882,15.994221
southern-caribbean-fiber,Southern Caribbean Fiber,3,2,-62.099882,16.534196
southern-caribbean-fiber,Southern Caribbean Fiber,3,3,-62.043632,16.803627
southern-caribbean-fiber,Southern Caribbean Fiber,3,4,-61.987382,16.965103
southern-caribbean-fiber,Southern Caribbean Fiber,3,5,-61.846882,17.15955
southern-caribbean-fiber,Southern Caribbean Fiber,4,0,-61.094172,14.615456
southern-caribbean-fiber,Southern Caribbean Fiber,4,1,-61.312382,14.801154
southern-caribbean-fiber,Southern Caribbean Fiber,4,2,-61.424882,15.018579
southern-caribbean-fiber,Southern Caribbean Fiber,4,3,-61.392512,15.308037
southern-caribbean-fiber,Southern Caribbean Fiber,4,4,-61.537382,15.452761
southern-caribbean-fiber,Southern Caribbean Fiber,4,5,-61.720282,15.838661
southern-caribbean-fiber,Southern Caribbean Fiber,4,6,-61.715942,16.028938
southern-caribbean-fiber,Southern Caribbean Fiber,5,0,-61.312382,14.147584
southern-caribbean-fiber,Southern Caribbean Fiber,5,1,-60.974883,14.256645
southern-caribbean-fiber,Southern Caribbean Fiber,5,2,-60.749883,14.147584
southern-caribbean-fiber,Southern Caribbean Fiber,5,3,-59.849883,13.273238
southern-caribbean-fiber,Southern Caribbean Fiber,5,4,-59.607404,13.084494
southern-caribbean-fiber,Southern Caribbean Fiber,6,0,-61.312382,14.147584
southern-caribbean-fiber,Southern Caribbean Fiber,6,1,-61.199882,14.03847
southern-caribbean-fiber,Southern Caribbean Fiber,6,2,-60.986603,14.032406
southern-caribbean-fiber,Southern Caribbean Fiber,7,0,-64.81926,17.773909
southern-caribbean-fiber,Southern Caribbean Fiber,7,1,-64.68738,18.091435
southern-caribbean-fiber,Southern Caribbean Fiber,8,0,-60.986603,14.032406
southern-caribbean-fiber,Southern Caribbean Fiber,8,1,-61.199882,13.929304
southern-caribbean-fiber,Southern Caribbean Fiber,8,2,-61.424882,13.492128
southern-caribbean-fiber,Southern Caribbean Fiber,8,3,-61.424882,13.273238
southern-caribbean-fiber,Southern Caribbean Fiber,8,4,-61.208282,13.145461
southern-caribbean-fiber,Southern Caribbean Fiber,9,0,-61.208282,13.145461
southern-caribbean-fiber,Southern Caribbean Fiber,9,1,-61.593432,13.054151
southern-caribbean-fiber,Southern Caribbean Fiber,9,2,-61.930932,12.395734
southern-caribbean-fiber,Southern Caribbean Fiber,9,3,-61.931332,12.191527
southern-caribbean-fiber,Southern Caribbean Fiber,9,4,-61.790582,12.008779
southern-caribbean-fiber,Southern Caribbean Fiber,10,0,-61.571682,16.24448
southern-caribbean-fiber,Southern Caribbean Fiber,10,1,-61.470132,15.988769
southern-caribbean-fiber,Southern Caribbean Fiber,10,2,-61.495272,15.892797
southern-caribbean-fiber,Southern Caribbean Fiber,10,3,-61.607792,15.838661
southern-caribbean-fiber,Southern Caribbean Fiber,10,4,-61.715942,16.028938
southern-caribbean-fiber,Southern Caribbean Fiber,11,0,-66.106669,18.466104
southern-caribbean-fiber,Southern Caribbean Fiber,11,1,-65.699879,18.51871
southern-caribbean-fiber,Southern Caribbean Fiber,11,2,-65.362379,18.465364
southern-caribbean-fiber,Southern Caribbean Fiber,11,3,-65.08113,18.251816
southern-caribbean-fiber,Southern Caribbean Fiber,11,4,-64.68738,18.091435
southern-caribbean-fiber,Southern Caribbean Fiber,11,5,-64.12488,18.144944
southern-caribbean-fiber,Southern Caribbean Fiber,11,6,-63.449881,18.251816
southern-caribbean-fiber,Southern Caribbean Fiber,11,7,-63.224881,18.198341
southern-caribbean-fiber,Southern Caribbean Fiber,11,8,-63.078145,18.089929
southern-caribbean-fiber,Southern Caribbean Fiber,12,0,-61.715942,16.028938
southern-caribbean-fiber,Southern Caribbean Fiber,12,1,-61.874882,15.886036
southern-caribbean-fiber,Southern Caribbean Fiber,12,2,-61.987382,15.94013
southern-caribbean-fiber,Southern Caribbean Fiber,12,3,-63.056131,17.180187
southern-caribbean-fiber,Southern Caribbean Fiber,12,4,-63.170714,17.422853
southern-caribbean-fiber,Southern Caribbean Fiber,12,5,-63.112381,17.770329
southern-caribbean-fiber,Southern Caribbean Fiber,12,6,-63.224881,17.877429
southern-caribbean-fiber,Southern Caribbean Fiber,12,7,-63.224881,18.037958
southern-caribbean-fiber,Southern Caribbean Fiber,12,8,-63.078145,18.089929
southern-caribbean-fiber,Southern Caribbean Fiber,13,0,-64.81926,17.773909
southern-caribbean-fiber,Southern Caribbean Fiber,13,1,-64.57488,17.984512
southern-caribbean-fiber,Southern Caribbean Fiber,13,2,-64.12488,17.931002
southern-caribbean-fiber,Southern Caribbean Fiber,13,3,-63.92488,17.180187
southern-caribbean-fiber,Southern Caribbean Fiber,13,4,-62.374882,15.452761
southern-caribbean-fiber,Southern Caribbean Fiber,13,5,-61.762382,14.69236
southern-caribbean-fiber,Southern Caribbean Fiber,13,6,-61.312382,14.147584
southern-caribbean-fiber,Southern Caribbean Fiber,14,0,-62.850549,17.897916
southern-caribbean-fiber,Southern Caribbean Fiber,14,1,-63.056031,17.877381
southern-caribbean-fiber,Southern Caribbean Fiber,14,2,-63.168631,17.930955
southern-caribbean-fiber,Southern Caribbean Fiber,14,3,-63.168631,18.037958
southern-caribbean-fiber,Southern Caribbean Fiber,14,4,-63.078145,18.089929
southern-caribbean-fiber,Southern Caribbean Fiber,15,0,-62.221757,16.770717
southern-caribbean-fiber,Southern Caribbean Fiber,15,1,-62.212332,16.830454
southern-caribbean-fiber,Southern Caribbean Fiber,15,2,-62.156082,16.85742
southern-caribbean-fiber,Southern Caribbean Fiber,15,3,-62.043632,16.803627
globalconnect-2-gc2,GlobalConnect 2 (GC2),0,0,10.516667,57.331044
globalconnect-2-gc2,GlobalConnect 2 (GC2),0,1,10.800067,57.451036
globalconnect-2-gc2,GlobalConnect 2 (GC2),0,2,11.700066,57.511513
globalconnect-2-gc2,GlobalConnect 2 (GC2),0,3,12.076236,57.487689
globalconnect-3-gc3,GlobalConnect 3 (GC3),0,0,11.149386,55.326054
globalconnect-3-gc3,GlobalConnect 3 (GC3),0,1,11.025066,55.334581
globalconnect-3-gc3,GlobalConnect 3 (GC3),0,2,10.799577,55.324415
globalconnect-kpn,GlobalConnect-KPN,0,0,11.940006,54.577236
globalconnect-kpn,GlobalConnect-KPN,0,1,11.812566,54.493972
globalconnect-kpn,GlobalConnect-KPN,0,2,11.812566,54.297486
globalconnect-kpn,GlobalConnect-KPN,0,3,12.132486,54.079177
globenet,GlobeNet,0,0,-68.399877,15.235782
globenet,GlobeNet,0,1,-70.199876,14.801154
globenet,GlobeNet,0,2,-71.549875,14.147584
globenet,GlobeNet,0,3,-74.249873,12.834869
globenet,GlobeNet,0,4,-74.924873,11.73565
globenet,GlobeNet,0,5,-74.779753,10.940446
globenet,GlobeNet,1,0,-80.088932,26.350585
globenet,GlobeNet,1,1,-79.649869,26.663094
globenet,GlobeNet,1,2,-77.849871,27.364668
globenet,GlobeNet,1,3,-76.949871,27.164666
globenet,GlobeNet,1,4,-73.349874,24.532658
globenet,GlobeNet,1,5,-69.299877,22.469444
globenet,GlobeNet,1,6,-67.949878,20.585819
globenet,GlobeNet,1,7,-67.837378,18.678647
globenet,GlobeNet,1,8,-68.174877,17.823934
globenet,GlobeNet,1,9,-68.399877,15.235782
globenet,GlobeNet,1,10,-67.499878,12.615396
globenet,GlobeNet,1,11,-67.274878,11.294709
globenet,GlobeNet,1,12,-66.960428,10.599588
globenet,GlobeNet,1,13,-66.712379,10.85309
globenet,GlobeNet,1,14,-65.699879,11.405009
globenet,GlobeNet,1,15,-63.89988,11.73565
globenet,GlobeNet,1,16,-62.999881,11.73565
globenet,GlobeNet,1,17,-61.199882,11.73565
globenet,GlobeNet,1,18,-59.399884,11.294709
globenet,GlobeNet,1,19,-54.899887,9.080331
globenet,GlobeNet,1,20,-51.299889,6.852191
globenet,GlobeNet,1,21,-46.799893,5.061987
globenet,GlobeNet,1,22,-40.949897,1.468427
globenet,GlobeNet,1,23,-39.149898,-1.231316
globenet,GlobeNet,1,24,-38.542968,-3.718735
globenet,GlobeNet,2,0,-80.088932,26.350585
globenet,GlobeNet,2,1,-79.649869,26.813799
globenet,GlobeNet,2,2,-77.849871,28.951555
globenet,GlobeNet,2,3,-76.499872,30.901396
globenet,GlobeNet,2,4,-75.149873,33.565491
globenet,GlobeNet,2,5,-74.474873,35.541927
globenet,GlobeNet,2,6,-73.912373,39.002379
globenet,GlobeNet,2,7,-74.337813,39.603882
globenet,GlobeNet,2,8,-73.349874,39.351218
globenet,GlobeNet,2,9,-71.099875,39.002379
globenet,GlobeNet,2,10,-68.316544,37.589787
globenet,GlobeNet,2,11,-65.699879,34.683018
globenet,GlobeNet,2,12,-64.57488,33.565491
globenet,GlobeNet,2,13,-64.12488,32.812319
globenet,GlobeNet,2,14,-64.23738,32.528215
globenet,GlobeNet,2,15,-64.767409,32.312235
globenet,GlobeNet,2,16,-64.34988,31.286739
globenet,GlobeNet,2,17,-57.599885,22.052986
globenet,GlobeNet,2,18,-52.199889,15.669513
globenet,GlobeNet,2,19,-46.799893,10.410817
globenet,GlobeNet,2,20,-38.699898,1.468427
globenet,GlobeNet,2,21,-38.024899,-1.231316
globenet,GlobeNet,2,22,-38.542968,-3.718735
globenet,GlobeNet,2,23,-35.9999,-3.479269
globenet,GlobeNet,2,24,-34.199902,-4.152768
globenet,GlobeNet,2,25,-32.174903,-5.497951
globenet,GlobeNet,2,26,-31.274904,-9.290424
globenet,GlobeNet,2,27,-32.849902,-13.698987
globenet,GlobeNet,2,28,-34.649901,-18.026426
globenet,GlobeNet,2,29,-38.024899,-22.873435
globenet,GlobeNet,2,30,-40.949897,-23.905969
globenet,GlobeNet,2,31,-42.299896,-23.700175
globenet,GlobeNet,2,32,-43.209565,-22.903487
globenet,GlobeNet,2,33,-42.299896,-23.597157
globenet,GlobeNet,2,34,-40.949897,-23.700108
globenet,GlobeNet,2,35,-38.362399,-22.56212
globenet,GlobeNet,2,36,-35.549901,-18.026426
globenet,GlobeNet,2,37,-33.749902,-13.698987
globenet,GlobeNet,2,38,-31.949903,-9.290424
globenet,GlobeNet,2,39,-32.512403,-5.833801
globenet,GlobeNet,2,40,-34.199902,-4.489308
globenet,GlobeNet,2,41,-35.9999,-3.703826
globenet,GlobeNet,2,42,-38.542968,-3.718735
go-1-mediterranean-cable-system,GO-1 Mediterranean Cable System,0,0,12.591375,37.650586
go-1-mediterranean-cable-system,GO-1 Mediterranean Cable System,0,1,12.712565,37.232354
go-1-mediterranean-cable-system,GO-1 Mediterranean Cable System,0,2,13.050065,36.87322
go-1-mediterranean-cable-system,GO-1 Mediterranean Cable System,0,3,14.062564,36.058973
go-1-mediterranean-cable-system,GO-1 Mediterranean Cable System,0,4,14.411884,35.950588
gondwana-1,Gondwana-1,0,0,151.206997,-33.869552
gondwana-1,Gondwana-1,0,1,152.013597,-33.761157
gondwana-1,Gondwana-1,0,2,154.799965,-32.23291
gondwana-1,Gondwana-1,0,3,157.499963,-28.74381
gondwana-1,Gondwana-1,0,4,165.599957,-22.66597
gondwana-1,Gondwana-1,0,5,166.439256,-22.303308
oteglobe-kokkini-bari,OTEGLOBE Kokkini-Bari,0,0,16.868812,41.125709
oteglobe-kokkini-bari,OTEGLOBE Kokkini-Bari,0,1,18.000061,41.154101
oteglobe-kokkini-bari,OTEGLOBE Kokkini-Bari,0,2,18.675061,40.899491
oteglobe-kokkini-bari,OTEGLOBE Kokkini-Bari,0,3,19.125061,40.38732
oteglobe-kokkini-bari,OTEGLOBE Kokkini-Bari,0,4,19.237561,40.043692
oteglobe-kokkini-bari,OTEGLOBE Kokkini-Bari,0,5,19.92399,39.754053
oteglobe-kokkini-bari,OTEGLOBE Kokkini-Bari,0,6,19.125061,40.043692
oteglobe-kokkini-bari,OTEGLOBE Kokkini-Bari,0,7,19.012561,40.38732
oteglobe-kokkini-bari,OTEGLOBE Kokkini-Bari,0,8,18.562561,40.814402
oteglobe-kokkini-bari,OTEGLOBE Kokkini-Bari,0,9,18.000061,41.06934
oteglobe-kokkini-bari,OTEGLOBE Kokkini-Bari,0,10,16.868812,41.125709
greenland-connect-north,Greenland Connect North,0,0,-51.729969,64.181219
greenland-connect-north,Greenland Connect North,0,1,-52.199889,64.121675
greenland-connect-north,Greenland Connect North,0,2,-52.874888,64.31739
greenland-connect-north,Greenland Connect North,0,3,-53.099888,64.704686
greenland-connect-north,Greenland Connect North,0,4,-53.099888,65.086521
greenland-connect-north,Greenland Connect North,0,5,-52.905722,65.407675
greenland-connect-north,Greenland Connect North,0,6,-53.549888,65.556226
greenland-connect-north,Greenland Connect North,0,7,-53.999888,65.834047
greenland-connect-north,Greenland Connect North,0,8,-53.999888,66.380804
greenland-connect-north,Greenland Connect North,0,9,-53.999888,66.560452
greenland-connect-north,Greenland Connect North,0,10,-53.673385,66.939472
greenland-connect-north,Greenland Connect North,0,11,-54.224887,67.003945
greenland-connect-north,Greenland Connect North,0,12,-54.449887,67.266219
greenland-connect-north,Greenland Connect North,0,13,-54.449887,68.120141
greenland-connect-north,Greenland Connect North,0,14,-53.549888,68.617768
greenland-connect-north,Greenland Connect North,0,15,-52.859116,68.706976
greenland-connect,Greenland Connect,0,0,-46.035393,60.719028
greenland-connect,Greenland Connect,0,1,-46.349893,60.354289
greenland-connect,Greenland Connect,0,2,-46.799893,59.679664
greenland-connect,Greenland Connect,1,0,-53.960278,48.207553
greenland-connect,Greenland Connect,1,1,-53.549888,48.069201
greenland-connect,Greenland Connect,1,2,-53.099888,48.256799
greenland-connect,Greenland Connect,1,3,-52.199889,48.704235
greenland-connect,Greenland Connect,1,4,-49.499891,50.740282
greenland-connect,Greenland Connect,1,5,-49.049891,51.865572
greenland-connect,Greenland Connect,1,6,-50.84989,60.130943
greenland-connect,Greenland Connect,1,7,-51.749889,61.232553
greenland-connect,Greenland Connect,1,8,-52.649888,62.712392
greenland-connect,Greenland Connect,1,9,-52.649888,63.526173
greenland-connect,Greenland Connect,1,10,-51.974889,63.825498
greenland-connect,Greenland Connect,1,11,-51.729969,64.181219
greenland-connect,Greenland Connect,1,12,-51.862389,63.825498
greenland-connect,Greenland Connect,1,13,-52.424889,63.526173
greenland-connect,Greenland Connect,1,14,-52.199889,62.712392
greenland-connect,Greenland Connect,1,15,-50.39989,61.232553
greenland-connect,Greenland Connect,1,16,-48.599891,60.354289
greenland-connect,Greenland Connect,1,17,-46.799893,59.679664
greenland-connect,Greenland Connect,1,18,-45.899893,59.451717
greenland-connect,Greenland Connect,1,19,-43.199895,59.222224
greenland-connect,Greenland Connect,1,20,-27.899906,61.015241
greenland-connect,Greenland Connect,1,21,-22.49991,62.086962
greenland-connect,Greenland Connect,1,22,-20.924911,63.324862
greenland-connect,Greenland Connect,1,23,-20.141851,63.642367
guam-okinawa-kyushu-incheon-goki,Guam Okinawa Kyushu Incheon (GOKI),0,0,127.124984,25.95718
guam-okinawa-kyushu-incheon-goki,Guam Okinawa Kyushu Incheon (GOKI),0,1,127.462484,26.159308
guam-okinawa-kyushu-incheon-goki,Guam Okinawa Kyushu Incheon (GOKI),0,2,127.680844,26.212414
guam-okinawa-kyushu-incheon-goki,Guam Okinawa Kyushu Incheon (GOKI),1,0,144.800362,13.513685
guam-okinawa-kyushu-incheon-goki,Guam Okinawa Kyushu Incheon (GOKI),1,1,144.449972,13.929304
guam-okinawa-kyushu-incheon-goki,Guam Okinawa Kyushu Incheon (GOKI),1,2,138.599976,17.395023
guam-okinawa-kyushu-incheon-goki,Guam Okinawa Kyushu Incheon (GOKI),1,3,131.849981,21.635297
guam-okinawa-kyushu-incheon-goki,Guam Okinawa Kyushu Incheon (GOKI),1,4,128.699983,23.711258
guam-okinawa-kyushu-incheon-goki,Guam Okinawa Kyushu Incheon (GOKI),1,5,127.574984,24.941363
guam-okinawa-kyushu-incheon-goki,Guam Okinawa Kyushu Incheon (GOKI),1,6,127.124984,25.95718
guam-okinawa-kyushu-incheon-goki,Guam Okinawa Kyushu Incheon (GOKI),1,7,127.124984,26.562513
guam-okinawa-kyushu-incheon-goki,Guam Okinawa Kyushu Incheon (GOKI),1,8,128.024984,28.557045
guam-okinawa-kyushu-incheon-goki,Guam Okinawa Kyushu Incheon (GOKI),1,9,128.249983,29.540508
guam-okinawa-kyushu-incheon-goki,Guam Okinawa Kyushu Incheon (GOKI),1,10,128.924983,30.514496
guam-okinawa-kyushu-incheon-goki,Guam Okinawa Kyushu Incheon (GOKI),1,11,129.037483,31.670513
guam-okinawa-kyushu-incheon-goki,Guam Okinawa Kyushu Incheon (GOKI),1,12,129.599982,33.565491
guam-okinawa-kyushu-incheon-goki,Guam Okinawa Kyushu Incheon (GOKI),1,13,130.049982,33.93964
guam-okinawa-kyushu-incheon-goki,Guam Okinawa Kyushu Incheon (GOKI),1,14,130.457212,34.033162
guam-okinawa-kyushu-incheon-goki,Guam Okinawa Kyushu Incheon (GOKI),1,15,131.031911,33.83952
guernsey-jersey-4,Guernsey-Jersey-4,0,0,-2.201384,49.248045
guernsey-jersey-4,Guernsey-Jersey-4,0,1,-2.362424,49.294684
guernsey-jersey-4,Guernsey-Jersey-4,0,2,-2.558074,49.423326
gulf-bridge-international-cable-systemmiddle-east-north-africa-cable-system-gbicsmena,Gulf Bridge International Cable System/Middle East North Africa Cable System (GBICS/MENA),0,0,56.333724,25.12169
gulf-bridge-international-cable-systemmiddle-east-north-africa-cable-system-gbicsmena,Gulf Bridge International Cable System/Middle East North Africa Cable System (GBICS/MENA),0,1,56.925034,24.76272
gulf-bridge-international-cable-systemmiddle-east-north-africa-cable-system-gbicsmena,Gulf Bridge International Cable System/Middle East North Africa Cable System (GBICS/MENA),0,2,58.500033,24.122617
gulf-bridge-international-cable-systemmiddle-east-north-africa-cable-system-gbicsmena,Gulf Bridge International Cable System/Middle East North Africa Cable System (GBICS/MENA),0,3,59.850033,24.737174
gulf-bridge-international-cable-systemmiddle-east-north-africa-cable-system-gbicsmena,Gulf Bridge International Cable System/Middle East North Africa Cable System (GBICS/MENA),0,4,63.900029,22.469444
gulf-bridge-international-cable-systemmiddle-east-north-africa-cable-system-gbicsmena,Gulf Bridge International Cable System/Middle East North Africa Cable System (GBICS/MENA),0,5,66.600027,20.585819
gulf-bridge-international-cable-systemmiddle-east-north-africa-cable-system-gbicsmena,Gulf Bridge International Cable System/Middle East North Africa Cable System (GBICS/MENA),0,6,70.200025,19.84684
gulf-bridge-international-cable-systemmiddle-east-north-africa-cable-system-gbicsmena,Gulf Bridge International Cable System/Middle East North Africa Cable System (GBICS/MENA),0,7,72.875903,19.076074
gulf-bridge-international-cable-systemmiddle-east-north-africa-cable-system-gbicsmena,Gulf Bridge International Cable System/Middle East North Africa Cable System (GBICS/MENA),1,0,50.842718,28.970349
gulf-bridge-international-cable-systemmiddle-east-north-africa-cable-system-gbicsmena,Gulf Bridge International Cable System/Middle East North Africa Cable System (GBICS/MENA),1,1,50.400039,28.557045
gulf-bridge-international-cable-systemmiddle-east-north-africa-cable-system-gbicsmena,Gulf Bridge International Cable System/Middle East North Africa Cable System (GBICS/MENA),2,0,50.214199,26.285375
gulf-bridge-international-cable-systemmiddle-east-north-africa-cable-system-gbicsmena,Gulf Bridge International Cable System/Middle East North Africa Cable System (GBICS/MENA),2,1,50.231289,26.461844
gulf-bridge-international-cable-systemmiddle-east-north-africa-cable-system-gbicsmena,Gulf Bridge International Cable System/Middle East North Africa Cable System (GBICS/MENA),2,2,50.400039,26.964305
gulf-bridge-international-cable-systemmiddle-east-north-africa-cable-system-gbicsmena,Gulf Bridge International Cable System/Middle East North Africa Cable System (GBICS/MENA),2,3,50.850038,27.364668
gulf-bridge-international-cable-systemmiddle-east-north-africa-cable-system-gbicsmena,Gulf Bridge International Cable System/Middle East North Africa Cable System (GBICS/MENA),3,0,50.656188,26.241586
gulf-bridge-international-cable-systemmiddle-east-north-africa-cable-system-gbicsmena,Gulf Bridge International Cable System/Middle East North Africa Cable System (GBICS/MENA),3,1,51.075038,26.562513
gulf-bridge-international-cable-systemmiddle-east-north-africa-cable-system-gbicsmena,Gulf Bridge International Cable System/Middle East North Africa Cable System (GBICS/MENA),3,2,51.525038,26.964305
gulf-bridge-international-cable-systemmiddle-east-north-africa-cable-system-gbicsmena,Gulf Bridge International Cable System/Middle East North Africa Cable System (GBICS/MENA),4,0,58.176203,23.684878
gulf-bridge-international-cable-systemmiddle-east-north-africa-cable-system-gbicsmena,Gulf Bridge International Cable System/Middle East North Africa Cable System (GBICS/MENA),4,1,58.331283,23.917101
gulf-bridge-international-cable-systemmiddle-east-north-africa-cable-system-gbicsmena,Gulf Bridge International Cable System/Middle East North Africa Cable System (GBICS/MENA),4,2,58.500033,24.122617
gulf-bridge-international-cable-systemmiddle-east-north-africa-cable-system-gbicsmena,Gulf Bridge International Cable System/Middle East North Africa Cable System (GBICS/MENA),5,0,56.333724,25.12169
gulf-bridge-international-cable-systemmiddle-east-north-africa-cable-system-gbicsmena,Gulf Bridge International Cable System/Middle East North Africa Cable System (GBICS/MENA),5,1,57.093784,25.348717
gulf-bridge-international-cable-systemmiddle-east-north-africa-cable-system-gbicsmena,Gulf Bridge International Cable System/Middle East North Africa Cable System (GBICS/MENA),5,2,57.093784,26.159308
gulf-bridge-international-cable-systemmiddle-east-north-africa-cable-system-gbicsmena,Gulf Bridge International Cable System/Middle East North Africa Cable System (GBICS/MENA),5,3,56.925034,26.562513
gulf-bridge-international-cable-systemmiddle-east-north-africa-cable-system-gbicsmena,Gulf Bridge International Cable System/Middle East North Africa Cable System (GBICS/MENA),5,4,56.250034,26.763587
gulf-bridge-international-cable-systemmiddle-east-north-africa-cable-system-gbicsmena,Gulf Bridge International Cable System/Middle East North Africa Cable System (GBICS/MENA),5,5,55.800035,26.51219
gulf-bridge-international-cable-systemmiddle-east-north-africa-cable-system-gbicsmena,Gulf Bridge International Cable System/Middle East North Africa Cable System (GBICS/MENA),5,6,55.350035,26.51219
gulf-bridge-international-cable-systemmiddle-east-north-africa-cable-system-gbicsmena,Gulf Bridge International Cable System/Middle East North Africa Cable System (GBICS/MENA),5,7,53.550036,26.461844
gulf-bridge-international-cable-systemmiddle-east-north-africa-cable-system-gbicsmena,Gulf Bridge International Cable System/Middle East North Africa Cable System (GBICS/MENA),5,8,53.100037,26.562513
gulf-bridge-international-cable-systemmiddle-east-north-africa-cable-system-gbicsmena,Gulf Bridge International Cable System/Middle East North Africa Cable System (GBICS/MENA),5,9,52.425037,26.964305
gulf-bridge-international-cable-systemmiddle-east-north-africa-cable-system-gbicsmena,Gulf Bridge International Cable System/Middle East North Africa Cable System (GBICS/MENA),5,10,51.750038,27.364668
gulf-bridge-international-cable-systemmiddle-east-north-africa-cable-system-gbicsmena,Gulf Bridge International Cable System/Middle East North Africa Cable System (GBICS/MENA),5,11,50.400039,28.557045
gulf-bridge-international-cable-systemmiddle-east-north-africa-cable-system-gbicsmena,Gulf Bridge International Cable System/Middle East North Africa Cable System (GBICS/MENA),5,12,49.275039,28.951555
gulf-bridge-international-cable-systemmiddle-east-north-africa-cable-system-gbicsmena,Gulf Bridge International Cable System/Middle East North Africa Cable System (GBICS/MENA),5,13,48.82504,29.540508
gulf-bridge-international-cable-systemmiddle-east-north-africa-cable-system-gbicsmena,Gulf Bridge International Cable System/Middle East North Africa Cable System (GBICS/MENA),5,14,48.53178,29.923633
gulf-bridge-international-cable-systemmiddle-east-north-africa-cable-system-gbicsmena,Gulf Bridge International Cable System/Middle East North Africa Cable System (GBICS/MENA),6,0,56.333724,25.12169
gulf-bridge-international-cable-systemmiddle-east-north-africa-cable-system-gbicsmena,Gulf Bridge International Cable System/Middle East North Africa Cable System (GBICS/MENA),6,1,56.700034,25.348717
gulf-bridge-international-cable-systemmiddle-east-north-africa-cable-system-gbicsmena,Gulf Bridge International Cable System/Middle East North Africa Cable System (GBICS/MENA),6,2,56.868784,26.159308
gulf-bridge-international-cable-systemmiddle-east-north-africa-cable-system-gbicsmena,Gulf Bridge International Cable System/Middle East North Africa Cable System (GBICS/MENA),6,3,56.700034,26.562513
gulf-bridge-international-cable-systemmiddle-east-north-africa-cable-system-gbicsmena,Gulf Bridge International Cable System/Middle East North Africa Cable System (GBICS/MENA),6,4,56.250034,26.562513
gulf-bridge-international-cable-systemmiddle-east-north-africa-cable-system-gbicsmena,Gulf Bridge International Cable System/Middle East North Africa Cable System (GBICS/MENA),6,5,55.800035,26.209785
gulf-bridge-international-cable-systemmiddle-east-north-africa-cable-system-gbicsmena,Gulf Bridge International Cable System/Middle East North Africa Cable System (GBICS/MENA),6,6,55.350035,25.95718
gulf-bridge-international-cable-systemmiddle-east-north-africa-cable-system-gbicsmena,Gulf Bridge International Cable System/Middle East North Africa Cable System (GBICS/MENA),6,7,53.550036,25.95718
gulf-bridge-international-cable-systemmiddle-east-north-africa-cable-system-gbicsmena,Gulf Bridge International Cable System/Middle East North Africa Cable System (GBICS/MENA),6,8,52.200037,25.855985
gulf-bridge-international-cable-systemmiddle-east-north-africa-cable-system-gbicsmena,Gulf Bridge International Cable System/Middle East North Africa Cable System (GBICS/MENA),6,9,51.451988,25.538927
gulf-bridge-international-cable-systemmiddle-east-north-africa-cable-system-gbicsmena,Gulf Bridge International Cable System/Middle East North Africa Cable System (GBICS/MENA),6,10,51.750038,26.159308
gulf-bridge-international-cable-systemmiddle-east-north-africa-cable-system-gbicsmena,Gulf Bridge International Cable System/Middle East North Africa Cable System (GBICS/MENA),6,11,51.750038,26.562513
gulf-bridge-international-cable-systemmiddle-east-north-africa-cable-system-gbicsmena,Gulf Bridge International Cable System/Middle East North Africa Cable System (GBICS/MENA),6,12,51.525038,26.964305
gulf-bridge-international-cable-systemmiddle-east-north-africa-cable-system-gbicsmena,Gulf Bridge International Cable System/Middle East North Africa Cable System (GBICS/MENA),6,13,50.850038,27.364668
gulf-bridge-international-cable-systemmiddle-east-north-africa-cable-system-gbicsmena,Gulf Bridge International Cable System/Middle East North Africa Cable System (GBICS/MENA),6,14,50.175039,28.161052
gulf-bridge-international-cable-systemmiddle-east-north-africa-cable-system-gbicsmena,Gulf Bridge International Cable System/Middle East North Africa Cable System (GBICS/MENA),6,15,49.162539,28.853067
gulf-bridge-international-cable-systemmiddle-east-north-africa-cable-system-gbicsmena,Gulf Bridge International Cable System/Middle East North Africa Cable System (GBICS/MENA),6,16,48.60004,29.049949
gulf-bridge-international-cable-systemmiddle-east-north-africa-cable-system-gbicsmena,Gulf Bridge International Cable System/Middle East North Africa Cable System (GBICS/MENA),6,17,47.97484,29.374104
gulf-bridge-international-cable-systemmiddle-east-north-africa-cable-system-gbicsmena,Gulf Bridge International Cable System/Middle East North Africa Cable System (GBICS/MENA),7,0,49.275039,28.951555
gulf-bridge-international-cable-systemmiddle-east-north-africa-cable-system-gbicsmena,Gulf Bridge International Cable System/Middle East North Africa Cable System (GBICS/MENA),7,1,49.162539,28.853067
hantru1-cable-system,HANTRU1 Cable System,0,0,144.694702,13.464773
hantru1-cable-system,HANTRU1 Cable System,0,1,144.843722,13.273238
hantru1-cable-system,HANTRU1 Cable System,0,2,145.349971,12.944534
hantru1-cable-system,HANTRU1 Cable System,0,3,146.249971,12.395734
hantru1-cable-system,HANTRU1 Cable System,0,4,147.14997,11.955858
hantru1-cable-system,HANTRU1 Cable System,0,5,149.399968,11.294709
hantru1-cable-system,HANTRU1 Cable System,0,6,151.199967,10.410817
hantru1-cable-system,HANTRU1 Cable System,0,7,158.849962,9.524411
hantru1-cable-system,HANTRU1 Cable System,0,8,163.799958,9.080331
hantru1-cable-system,HANTRU1 Cable System,0,9,167.399956,8.635699
hantru1-cable-system,HANTRU1 Cable System,0,10,167.405816,9.186487
hantru1-cable-system,HANTRU1 Cable System,1,0,167.399956,8.635699
hantru1-cable-system,HANTRU1 Cable System,1,1,169.649954,7.744889
hantru1-cable-system,HANTRU1 Cable System,1,2,171.196243,7.077764
hantru1-cable-system,HANTRU1 Cable System,2,0,159.070262,7.786405
hantru1-cable-system,HANTRU1 Cable System,2,1,158.849962,8.635699
hantru1-cable-system,HANTRU1 Cable System,2,2,158.849962,9.524411
hawaiki,Hawaiki,0,0,174.574461,-36.12615
hawaiki,Hawaiki,0,1,174.599951,-35.593029
hawaiki,Hawaiki,0,2,174.149951,-34.857839
hawaiki,Hawaiki,0,3,172.799952,-34.11602
hawaiki,Hawaiki,0,4,165.599957,-34.11602
hawaiki,Hawaiki,0,5,159.299961,-35.042261
hawaiki,Hawaiki,0,6,155.699964,-34.857839
hawaiki,Hawaiki,0,7,152.099966,-34.302093
hawaiki,Hawaiki,0,8,151.206997,-33.869552
hawaiki,Hawaiki,1,0,-158.056894,21.335422
hawaiki,Hawaiki,1,1,-158.287314,20.796306
hawaiki,Hawaiki,1,2,-159.074813,18.678647
hawaiki,Hawaiki,1,3,-161.999811,13.054151
hawaiki,Hawaiki,1,4,-167.399807,2.367913
hawaiki,Hawaiki,1,5,-171.449804,-4.825692
hawaiki,Hawaiki,1,6,-172.799803,-10.177457
hawaiki,Hawaiki,1,7,-173.699803,-11.943945
hawaiki,Hawaiki,1,8,-176.399801,-18.453814
hawaiki,Hawaiki,1,9,-179.999798,-23.905969
hawaiki,Hawaiki,2,0,-158.056894,21.335422
hawaiki,Hawaiki,2,1,-157.837314,21.134806
hawaiki,Hawaiki,2,2,-157.612314,21.134806
hawaiki,Hawaiki,2,3,-157.499814,21.16978
hawaiki,Hawaiki,2,4,-157.387314,21.356164
hawaiki,Hawaiki,2,5,-152.999817,25.348717
hawaiki,Hawaiki,2,6,-147.603098,30.516426
hawaiki,Hawaiki,2,7,-138.603105,35.054063
hawaiki,Hawaiki,2,8,-128.249835,42.743713
hawaiki,Hawaiki,2,9,-125.099837,45.172673
hawaiki,Hawaiki,2,10,-124.199838,45.803614
hawaiki,Hawaiki,2,11,-123.524838,45.803614
hawaiki,Hawaiki,2,12,-122.989801,45.522899
hawaiki,Hawaiki,3,0,-173.699803,-11.943945
hawaiki,Hawaiki,3,1,-172.078224,-12.894214
hawaiki,Hawaiki,3,2,-170.999805,-13.698987
hawaiki,Hawaiki,3,3,-170.695705,-14.276545
hawaiki,Hawaiki,4,0,179.999947,-23.905969
hawaiki,Hawaiki,4,1,173.699951,-28.150316
hawaiki,Hawaiki,4,2,170.999953,-29.137613
hawaiki,Hawaiki,4,3,166.949956,-32.61276
hawaiki,Hawaiki,4,4,165.599957,-34.11602
hawaiki,Hawaiki,0,0,-176.399801,-18.453814
hawaiki,Hawaiki,0,1,-174.824802,-18.560496
hawaiki,Hawaiki,0,2,-173.983683,-18.647679
hawk,Hawk,0,0,5.37253,43.293628
hawk,Hawk,0,1,5.85007,41.744359
hawk,Hawk,0,2,6.975069,38.651812
hawk,Hawk,0,3,7.650069,37.94551
hawk,Hawk,0,4,9.000068,37.678878
hawk,Hawk,0,5,10.348617,37.678878
hawk,Hawk,0,6,10.912567,37.321872
hawk,Hawk,0,7,11.475066,37.232354
hawk,Hawk,0,8,12.262566,36.240655
hawk,Hawk,0,9,12.600065,35.785662
hawk,Hawk,0,10,13.162565,35.419781
hawk,Hawk,0,11,14.400064,34.683018
hawk,Hawk,0,12,16.650062,34.126101
hawk,Hawk,0,13,19.350061,34.497791
hawk,Hawk,0,14,22.050059,34.296663
hawk,Hawk,0,15,25.200056,33.565491
hawk,Hawk,0,16,28.800054,32.338312
hawk,Hawk,0,17,29.893513,31.191465
hawk,Hawk,1,0,32.466651,34.766572
hawk,Hawk,1,1,31.500052,34.157138
hawk,Hawk,1,2,29.645663,32.841864
hawk,Hawk,1,3,28.800054,32.338312
exa-north-and-south,EXA North and South,0,0,-6.676191,55.13093
exa-north-and-south,EXA North and South,0,1,-6.676191,55.415759
exa-north-and-south,EXA North and South,1,0,-70.950276,42.463646
exa-north-and-south,EXA North and South,1,1,-69.299877,42.578254
exa-north-and-south,EXA North and South,1,2,-65.699879,42.743713
exa-north-and-south,EXA North and South,1,3,-63.89988,44.051519
exa-north-and-south,EXA North and South,1,4,-63.572491,44.653229
exa-north-and-south,EXA North and South,1,5,-61.199882,44.534664
exa-north-and-south,EXA North and South,1,6,-50.39989,46.736779
exa-north-and-south,EXA North and South,1,7,-39.599898,49.878145
exa-north-and-south,EXA North and South,1,8,-23.399909,54.034038
exa-north-and-south,EXA North and South,1,9,-16.199914,54.819362
exa-north-and-south,EXA North and South,1,10,-12.599917,55.334581
exa-north-and-south,EXA North and South,1,11,-8.999919,55.589707
exa-north-and-south,EXA North and South,1,12,-6.676191,55.415759
exa-north-and-south,EXA North and South,1,13,-6.074921,55.334581
exa-north-and-south,EXA North and South,1,14,-4.949922,54.363086
exa-north-and-south,EXA North and South,1,15,-4.949922,54.100057
exa-north-and-south,EXA North and South,1,16,-4.837372,53.967914
exa-north-and-south,EXA North and South,1,17,-3.599923,53.702366
exa-north-and-south,EXA North and South,1,18,-3.006374,53.647933
exa-north-and-south,EXA North and South,1,19,-3.599923,53.568959
exa-north-and-south,EXA North and South,1,20,-5.624922,53.368058
exa-north-and-south,EXA North and South,1,21,-6.248311,53.348125
exa-north-and-south,EXA North and South,1,22,-5.624922,53.233595
exa-north-and-south,EXA North and South,1,23,-5.399922,52.691502
exa-north-and-south,EXA North and South,1,24,-5.624922,52.142593
exa-north-and-south,EXA North and South,1,25,-7.199921,51.44682
exa-north-and-south,EXA North and South,1,26,-10.799918,50.740282
exa-north-and-south,EXA North and South,1,27,-16.199914,50.740282
exa-north-and-south,EXA North and South,1,28,-23.399909,51.306376
exa-north-and-south,EXA North and South,1,29,-39.599898,49.294684
exa-north-and-south,EXA North and South,1,30,-50.39989,46.116435
exa-north-and-south,EXA North and South,1,31,-61.199882,44.374058
exa-north-and-south,EXA North and South,1,32,-63.572491,44.653229
exa-express,EXA Express,0,0,-8.47272,51.898609
exa-express,EXA Express,0,1,-7.64992,51.586834
exa-express,EXA Express,0,2,-7.199921,51.306376
exa-express,EXA Express,1,0,-3.010864,51.293646
exa-express,EXA Express,1,1,-4.049923,51.44682
exa-express,EXA Express,1,2,-5.399922,51.306376
exa-express,EXA Express,1,3,-7.199921,51.306376
exa-express,EXA Express,1,4,-10.799918,50.597677
exa-express,EXA Express,1,5,-16.199914,50.454639
exa-express,EXA Express,1,6,-23.399909,50.740282
exa-express,EXA Express,1,7,-39.595003,48.965331
exa-express,EXA Express,1,8,-50.394995,45.766421
exa-express,EXA Express,1,9,-61.199882,44.213009
exa-express,EXA Express,1,10,-63.575811,44.646179
high-capacity-undersea-guernsey-optical-fibre-hugo,High-capacity Undersea Guernsey Optical-fibre (HUGO),0,0,-2.558224,49.426851
high-capacity-undersea-guernsey-optical-fibre-hugo,High-capacity Undersea Guernsey Optical-fibre (HUGO),0,1,-2.924924,49.294684
high-capacity-undersea-guernsey-optical-fibre-hugo,High-capacity Undersea Guernsey Optical-fibre (HUGO),0,2,-3.459883,48.873417
high-capacity-undersea-guernsey-optical-fibre-hugo,High-capacity Undersea Guernsey Optical-fibre (HUGO),0,3,-3.459883,48.730553
high-capacity-undersea-guernsey-optical-fibre-hugo,High-capacity Undersea Guernsey Optical-fibre (HUGO),1,0,-2.537574,49.509547
high-capacity-undersea-guernsey-optical-fibre-hugo,High-capacity Undersea Guernsey Optical-fibre (HUGO),1,1,-3.599923,49.587287
high-capacity-undersea-guernsey-optical-fibre-hugo,High-capacity Undersea Guernsey Optical-fibre (HUGO),1,2,-4.499923,49.732934
high-capacity-undersea-guernsey-optical-fibre-hugo,High-capacity Undersea Guernsey Optical-fibre (HUGO),1,3,-5.399922,49.805594
high-capacity-undersea-guernsey-optical-fibre-hugo,High-capacity Undersea Guernsey Optical-fibre (HUGO),1,4,-5.654512,50.043148
hokkaido-sakhalin-cable-system-hscs,Hokkaido-Sakhalin Cable System (HSCS),0,0,141.315404,43.171175
hokkaido-sakhalin-cable-system-hscs,Hokkaido-Sakhalin Cable System (HSCS),0,1,141.074974,43.5644
hokkaido-sakhalin-cable-system-hscs,Hokkaido-Sakhalin Cable System (HSCS),0,2,141.074974,44.051519
hokkaido-sakhalin-cable-system-hscs,Hokkaido-Sakhalin Cable System (HSCS),0,3,141.299974,45.331071
hokkaido-sakhalin-cable-system-hscs,Hokkaido-Sakhalin Cable System (HSCS),0,4,141.637474,46.272183
hokkaido-sakhalin-cable-system-hscs,Hokkaido-Sakhalin Cable System (HSCS),0,5,141.859354,46.684853
honotua,Honotua,0,0,-151.368569,-16.68232
honotua,Honotua,0,1,-151.481069,-16.520605
honotua,Honotua,0,2,-151.649818,-16.466669
honotua,Honotua,0,3,-151.749479,-16.505859
honotua,Honotua,1,0,-151.03107,-16.845813
honotua,Honotua,1,1,-151.199819,-16.736195
honotua,Honotua,1,2,-151.368569,-16.68232
honotua,Honotua,1,3,-151.442979,-16.730535
honotua,Honotua,2,0,-149.73732,-17.379585
honotua,Honotua,2,1,-150.074819,-17.276009
honotua,Honotua,2,2,-150.749819,-16.953455
honotua,Honotua,2,3,-151.03107,-16.845813
honotua,Honotua,2,4,-150.99997,-16.729597
honotua,Honotua,3,0,-155.856356,20.00374
honotua,Honotua,3,1,-156.262315,19.740987
honotua,Honotua,3,2,-156.599815,19.104405
honotua,Honotua,3,3,-156.599815,18.251816
honotua,Honotua,3,4,-154.799816,5.957819
honotua,Honotua,3,5,-150.299819,-13.698987
honotua,Honotua,3,6,-149.39982,-17.168553
honotua,Honotua,3,7,-149.441081,-17.512152
honotua,Honotua,3,8,-149.568571,-17.433259
honotua,Honotua,3,9,-149.73732,-17.379585
honotua,Honotua,3,10,-149.82951,-17.538319
i2i-cable-network-i2icn,i2i Cable Network (i2icn),0,0,80.242987,13.063853
i2i-cable-network-i2icn,i2i Cable Network (i2icn),0,1,81.450017,12.395734
i2i-cable-network-i2icn,i2i Cable Network (i2icn),0,2,83.700015,11.294709
i2i-cable-network-i2icn,i2i Cable Network (i2icn),0,3,89.100011,9.967915
i2i-cable-network-i2icn,i2i Cable Network (i2icn),0,4,93.150008,8.740829
i2i-cable-network-i2icn,i2i Cable Network (i2icn),0,5,95.400007,7.744889
i2i-cable-network-i2icn,i2i Cable Network (i2icn),0,6,97.425005,6.740482
i2i-cable-network-i2icn,i2i Cable Network (i2icn),0,7,99.450004,5.28607
i2i-cable-network-i2icn,i2i Cable Network (i2icn),0,8,100.237503,4.613592
i2i-cable-network-i2icn,i2i Cable Network (i2icn),0,9,100.687503,3.266815
i2i-cable-network-i2icn,i2i Cable Network (i2icn),0,10,101.250003,2.705081
i2i-cable-network-i2icn,i2i Cable Network (i2icn),0,11,102.150002,2.143087
i2i-cable-network-i2icn,i2i Cable Network (i2icn),0,12,102.682797,1.755007
i2i-cable-network-i2icn,i2i Cable Network (i2icn),0,13,103.340651,1.355886
i2i-cable-network-i2icn,i2i Cable Network (i2icn),0,14,103.500001,1.257299
i2i-cable-network-i2icn,i2i Cable Network (i2icn),0,15,103.646091,1.338586
ingrid,INGRID,0,0,-2.529414,49.451047
ingrid,INGRID,0,1,-2.304174,49.294684
ingrid,INGRID,0,2,-2.201384,49.248045
ingrid,INGRID,1,0,-2.021314,49.225277
ingrid,INGRID,1,1,-1.916424,49.256681
ingrid,INGRID,1,2,-1.650025,49.283283
interchange-cable-network-1-icn1,Interchange Cable Network 1 (ICN1),0,0,168.323005,-17.730502
interchange-cable-network-1-icn1,Interchange Cable Network 1 (ICN1),0,1,168.637455,-17.919416
interchange-cable-network-1-icn1,Interchange Cable Network 1 (ICN1),0,2,169.199954,-18.133372
interchange-cable-network-1-icn1,Interchange Cable Network 1 (ICN1),0,3,177.299949,-18.560496
interchange-cable-network-1-icn1,Interchange Cable Network 1 (ICN1),0,4,178.087448,-18.560496
interchange-cable-network-1-icn1,Interchange Cable Network 1 (ICN1),0,5,178.437448,-18.123811
globalconnect-denmark-sweden,GlobalConnect Denmark-Sweden,0,0,12.415005,55.647555
globalconnect-denmark-sweden,GlobalConnect Denmark-Sweden,0,1,12.487565,55.557907
globalconnect-denmark-sweden,GlobalConnect Denmark-Sweden,0,2,12.600065,55.52608
globalconnect-denmark-sweden,GlobalConnect Denmark-Sweden,0,3,12.712565,55.52608
globalconnect-denmark-sweden,GlobalConnect Denmark-Sweden,0,4,12.916665,55.533568
italy-albania,Italy-Albania,0,0,16.868812,41.125709
italy-albania,Italy-Albania,0,1,18.000061,41.238752
italy-albania,Italy-Albania,0,2,19.125061,41.238752
italy-albania,Italy-Albania,0,3,19.45006,41.31691
italy-croatia,Italy-Croatia,0,0,12.257409,45.496082
italy-croatia,Italy-Croatia,0,1,12.376065,45.331071
italy-croatia,Italy-Croatia,0,2,13.275065,45.331071
italy-croatia,Italy-Croatia,0,3,13.533478,45.433277
italy-greece-1-ig-1,Italy-Greece 1 (IG-1),0,0,18.485701,40.148202
italy-greece-1-ig-1,Italy-Greece 1 (IG-1),0,1,18.675061,40.043692
italy-greece-1-ig-1,Italy-Greece 1 (IG-1),0,2,19.80006,39.871225
italy-greece-1-ig-1,Italy-Greece 1 (IG-1),0,3,19.96881,39.78479
italy-greece-1-ig-1,Italy-Greece 1 (IG-1),0,4,19.96881,39.74159
italy-greece-1-ig-1,Italy-Greece 1 (IG-1),0,5,20.01546,39.683626
italy-libya,Italy-Libya,0,0,12.591375,37.650586
italy-libya,Italy-Libya,0,1,12.543815,37.232354
italy-libya,Italy-Libya,0,2,12.600065,36.87322
italy-libya,Italy-Libya,0,3,12.825065,35.419781
italy-libya,Italy-Libya,0,4,13.162565,33.189715
italy-libya,Italy-Libya,0,5,13.187365,32.877623
italy-monaco,Italy-Monaco,0,0,7.426729,43.738256
italy-monaco,Italy-Monaco,0,1,7.875069,43.727215
italy-monaco,Italy-Monaco,0,2,8.325068,43.889588
italy-monaco,Italy-Monaco,0,3,8.483758,44.305748
jaka2ladema,JaKa2LaDeMa,0,0,116.081532,-8.585999
jaka2ladema,JaKa2LaDeMa,0,1,115.874992,-8.566064
jaka2ladema,JaKa2LaDeMa,0,2,115.537492,-8.595852
jaka2ladema,JaKa2LaDeMa,0,3,115.331443,-8.536714
jaka2ladema,JaKa2LaDeMa,1,0,114.097163,-8.615167
jaka2ladema,JaKa2LaDeMa,1,1,114.412493,-8.893723
jaka2ladema,JaKa2LaDeMa,1,2,114.974993,-8.893723
jaka2ladema,JaKa2LaDeMa,1,3,115.221523,-8.656661
jaka2ladema,JaKa2LaDeMa,2,0,109.335547,-0.027021
jaka2ladema,JaKa2LaDeMa,2,1,108.899997,-0.443907
jaka2ladema,JaKa2LaDeMa,2,2,109.124997,-1.681169
jaka2ladema,JaKa2LaDeMa,2,3,109.349997,-2.130918
jaka2ladema,JaKa2LaDeMa,2,4,109.799996,-3.029996
jaka2ladema,JaKa2LaDeMa,2,5,110.474996,-3.479269
jaka2ladema,JaKa2LaDeMa,2,6,111.149995,-3.479269
jaka2ladema,JaKa2LaDeMa,2,7,111.599995,-3.254657
jaka2ladema,JaKa2LaDeMa,2,8,111.752925,-2.849274
jaka2ladema,JaKa2LaDeMa,3,0,109.971966,-1.858724
jaka2ladema,JaKa2LaDeMa,3,1,109.574997,-1.906058
jaka2ladema,JaKa2LaDeMa,3,2,109.349997,-2.130918
jaka2ladema,JaKa2LaDeMa,4,0,111.149995,-3.479269
jaka2ladema,JaKa2LaDeMa,4,1,112.049995,-3.928327
jaka2ladema,JaKa2LaDeMa,4,2,112.949994,-3.928327
jaka2ladema,JaKa2LaDeMa,4,3,114.074993,-3.703826
jaka2ladema,JaKa2LaDeMa,4,4,114.603993,-3.327587
jaka2ladema,JaKa2LaDeMa,5,0,117.551061,0.327277
jaka2ladema,JaKa2LaDeMa,5,1,117.899991,0.118588
jaka2ladema,JaKa2LaDeMa,5,2,119.24999,-1.006359
jaka2ladema,JaKa2LaDeMa,5,3,119.38847,-1.142075
jakabare,JAKABARE,0,0,109.182227,-0.061391
jakabare,JAKABARE,0,1,108.899997,0.006089
jakabare,JAKABARE,0,2,106.874999,-0.331409
jakabare,JAKABARE,1,0,104.1332,1.173686
jakabare,JAKABARE,1,1,104.2879,1.201587
jakabare,JAKABARE,1,2,104.625,1.299726
jakabare,JAKABARE,1,3,104.85,1.355961
jakabare,JAKABARE,1,4,105.3,1.24349
jakabare,JAKABARE,1,5,106.874999,-0.331409
jakabare,JAKABARE,1,6,107.153248,-2.130918
jakabare,JAKABARE,1,7,107.269748,-3.029996
jakabare,JAKABARE,1,8,107.549998,-4.601454
jakabare,JAKABARE,1,9,107.099998,-5.273944
jakabare,JAKABARE,1,10,107.120998,-5.981154
jakabare,JAKABARE,2,0,104.85,1.355961
jakabare,JAKABARE,2,1,104.625,1.355961
jakabare,JAKABARE,2,2,104.20156,1.328819
jakabare,JAKABARE,2,3,103.987011,1.389451
janna,Janna,0,0,9.496448,40.923576
janna,Janna,0,1,9.900067,41.097606
janna,Janna,0,2,10.575067,41.435846
janna,Janna,0,3,11.250066,41.744359
janna,Janna,0,4,11.796846,42.091414
janna,Janna,1,0,9.109448,39.215609
janna,Janna,1,1,9.450068,38.739615
janna,Janna,1,2,11.700066,37.634346
janna,Janna,1,3,12.591375,37.650586
chi,CHI,0,0,-158.220663,21.463447
chi,CHI,0,1,-158.399814,21.635297
chi,CHI,0,2,-158.399812,21.739834
chi,CHI,0,3,-158.174814,22.052986
chi,CHI,0,4,-157.949814,22.26137
chi,CHI,0,5,-152.999817,24.532658
chi,CHI,0,6,-147.603098,27.366657
chi,CHI,0,7,-138.603105,28.953515
chi,CHI,0,8,-127.799835,32.052708
chi,CHI,0,9,-122.399839,34.683018
chi,CHI,0,10,-120.847202,35.367078
jerry-newton,Jerry Newton,0,0,-68.284147,12.163815
jerry-newton,Jerry Newton,0,1,-68.512377,12.175887
jerry-newton,Jerry Newton,0,2,-68.892647,12.09044
jonah,Jonah,0,0,34.76968,32.045012
jonah,Jonah,0,1,33.75005,32.528215
jonah,Jonah,0,2,31.050052,33.283811
jonah,Jonah,0,3,25.200056,34.683018
jonah,Jonah,0,4,23.400058,35.220897
jonah,Jonah,0,5,22.050059,35.876871
jonah,Jonah,0,6,19.80006,37.678878
jonah,Jonah,0,7,19.182761,39.48475
jonah,Jonah,0,8,18.900061,40.043692
jonah,Jonah,0,9,18.787561,40.38732
jonah,Jonah,0,10,18.000061,40.98447
jonah,Jonah,0,11,16.868812,41.125709
kattegat-2,Kattegat 2,0,0,11.199286,57.313751
kattegat-2,Kattegat 2,0,1,11.700066,57.024886
kattegat-2,Kattegat 2,0,2,12.150066,56.840739
kattegat-2,Kattegat 2,0,3,12.683365,56.683369
kattegat-2,Kattegat 2,1,0,10.514617,57.244918
kattegat-2,Kattegat 2,1,1,10.687567,57.238576
kattegat-2,Kattegat 2,1,2,10.966956,57.272647
kodiak-kenai-fiber-link-kkfl,Kodiak Kenai Fiber Link (KKFL),0,0,-149.447671,60.110049
kodiak-kenai-fiber-link-kkfl,Kodiak Kenai Fiber Link (KKFL),0,1,-149.39982,59.90607
kodiak-kenai-fiber-link-kkfl,Kodiak Kenai Fiber Link (KKFL),0,2,-149.39982,59.679664
kodiak-kenai-fiber-link-kkfl,Kodiak Kenai Fiber Link (KKFL),0,3,-149.84982,59.451717
kodiak-kenai-fiber-link-kkfl,Kodiak Kenai Fiber Link (KKFL),0,4,-151.199819,58.991177
kodiak-kenai-fiber-link-kkfl,Kodiak Kenai Fiber Link (KKFL),0,5,-151.424818,58.524394
kodiak-kenai-fiber-link-kkfl,Kodiak Kenai Fiber Link (KKFL),0,6,-151.424818,58.051316
kodiak-kenai-fiber-link-kkfl,Kodiak Kenai Fiber Link (KKFL),0,7,-151.874818,57.57189
kodiak-kenai-fiber-link-kkfl,Kodiak Kenai Fiber Link (KKFL),0,8,-152.329069,57.424491
kodiak-kenai-fiber-link-kkfl,Kodiak Kenai Fiber Link (KKFL),0,9,-152.099818,57.57189
kodiak-kenai-fiber-link-kkfl,Kodiak Kenai Fiber Link (KKFL),0,10,-152.099818,57.692345
kodiak-kenai-fiber-link-kkfl,Kodiak Kenai Fiber Link (KKFL),0,11,-152.395179,57.794422
kodiak-kenai-fiber-link-kkfl,Kodiak Kenai Fiber Link (KKFL),0,12,-152.099818,57.8124
kodiak-kenai-fiber-link-kkfl,Kodiak Kenai Fiber Link (KKFL),0,13,-151.649818,58.051316
kodiak-kenai-fiber-link-kkfl,Kodiak Kenai Fiber Link (KKFL),0,14,-151.649818,58.524394
kodiak-kenai-fiber-link-kkfl,Kodiak Kenai Fiber Link (KKFL),0,15,-152.324818,59.106895
kodiak-kenai-fiber-link-kkfl,Kodiak Kenai Fiber Link (KKFL),0,16,-152.324818,59.508849
kodiak-kenai-fiber-link-kkfl,Kodiak Kenai Fiber Link (KKFL),0,17,-152.099818,59.565883
kodiak-kenai-fiber-link-kkfl,Kodiak Kenai Fiber Link (KKFL),0,18,-151.544249,59.646566
kodiak-kenai-fiber-link-kkfl,Kodiak Kenai Fiber Link (KKFL),0,19,-152.099818,59.679664
kodiak-kenai-fiber-link-kkfl,Kodiak Kenai Fiber Link (KKFL),0,20,-152.099818,59.90607
kodiak-kenai-fiber-link-kkfl,Kodiak Kenai Fiber Link (KKFL),0,21,-151.649818,60.354289
kodiak-kenai-fiber-link-kkfl,Kodiak Kenai Fiber Link (KKFL),0,22,-151.268719,60.553103
kodiak-kenai-fiber-link-kkfl,Kodiak Kenai Fiber Link (KKFL),0,23,-151.591859,60.709069
kodiak-kenai-fiber-link-kkfl,Kodiak Kenai Fiber Link (KKFL),0,24,-151.591859,60.867466
kodiak-kenai-fiber-link-kkfl,Kodiak Kenai Fiber Link (KKFL),0,25,-150.23341,61.217558
kodiak-kenai-fiber-link-kkfl,Kodiak Kenai Fiber Link (KKFL),0,26,-149.85841,61.217558
korea-japan-cable-network-kjcn,Korea-Japan Cable Network (KJCN),0,0,131.031911,33.83952
korea-japan-cable-network-kjcn,Korea-Japan Cable Network (KJCN),0,1,130.499982,34.312152
korea-japan-cable-network-kjcn,Korea-Japan Cable Network (KJCN),0,2,128.999493,35.170379
korea-japan-cable-network-kjcn,Korea-Japan Cable Network (KJCN),0,3,130.049982,34.312152
korea-japan-cable-network-kjcn,Korea-Japan Cable Network (KJCN),0,4,130.401642,33.590227
kuwait-iran,Kuwait-Iran,0,0,47.97484,29.374104
kuwait-iran,Kuwait-Iran,0,1,48.48754,29.344567
kuwait-iran,Kuwait-Iran,0,2,49.500039,29.344567
kuwait-iran,Kuwait-Iran,0,3,49.950039,29.442585
kuwait-iran,Kuwait-Iran,0,4,50.521128,29.570753
kuwait-iran,Kuwait-Iran,1,0,49.500039,29.344567
kuwait-iran,Kuwait-Iran,1,1,49.478069,29.072736
kuwait-iran,Kuwait-Iran,2,0,49.950039,29.442585
kuwait-iran,Kuwait-Iran,2,1,50.312049,29.246027
lanis-1,Lanis-1,0,0,-3.050754,53.808976
lanis-1,Lanis-1,0,1,-3.599923,53.868531
lanis-1,Lanis-1,0,2,-4.387223,53.967914
lanis-1,Lanis-1,0,3,-4.566623,54.100286
lanis-2,Lanis-2,0,0,-4.691422,54.222446
lanis-2,Lanis-2,0,1,-4.791422,54.280839
lanis-2,Lanis-2,0,2,-5.384292,54.542944
lanis-2,Lanis-2,0,3,-5.484342,54.542944
latvia-sweden-1-lv-se-1,Latvia-Sweden 1 (LV-SE 1),0,0,21.570079,57.38972
latvia-sweden-1-lv-se-1,Latvia-Sweden 1 (LV-SE 1),0,1,21.150059,57.451036
latvia-sweden-1-lv-se-1,Latvia-Sweden 1 (LV-SE 1),0,2,19.57506,58.051316
latvia-sweden-1-lv-se-1,Latvia-Sweden 1 (LV-SE 1),0,3,18.337561,58.406717
latvia-sweden-1-lv-se-1,Latvia-Sweden 1 (LV-SE 1),0,4,18.000061,58.758569
latvia-sweden-1-lv-se-1,Latvia-Sweden 1 (LV-SE 1),0,5,17.946542,58.903099
lfon-libyan-fiber-optic-network,LFON (Libyan Fiber Optic Network),0,0,12.083366,32.933546
lfon-libyan-fiber-optic-network,LFON (Libyan Fiber Optic Network),0,1,12.375065,33.001219
lfon-libyan-fiber-optic-network,LFON (Libyan Fiber Optic Network),0,2,12.529855,32.774886
lfon-libyan-fiber-optic-network,LFON (Libyan Fiber Optic Network),0,3,12.642241,32.963723
lfon-libyan-fiber-optic-network,LFON (Libyan Fiber Optic Network),0,4,13.050065,33.001219
lfon-libyan-fiber-optic-network,LFON (Libyan Fiber Optic Network),0,5,13.187365,32.877623
lfon-libyan-fiber-optic-network,LFON (Libyan Fiber Optic Network),0,6,13.500065,33.001219
lfon-libyan-fiber-optic-network,LFON (Libyan Fiber Optic Network),0,7,14.175064,32.812319
lfon-libyan-fiber-optic-network,LFON (Libyan Fiber Optic Network),0,8,14.264514,32.649989
lfon-libyan-fiber-optic-network,LFON (Libyan Fiber Optic Network),0,9,14.400064,32.812319
lfon-libyan-fiber-optic-network,LFON (Libyan Fiber Optic Network),0,10,14.850064,32.812319
lfon-libyan-fiber-optic-network,LFON (Libyan Fiber Optic Network),0,11,15.075064,32.623017
lfon-libyan-fiber-optic-network,LFON (Libyan Fiber Optic Network),0,12,15.094984,32.37461
lfon-libyan-fiber-optic-network,LFON (Libyan Fiber Optic Network),0,13,15.300063,32.338312
lfon-libyan-fiber-optic-network,LFON (Libyan Fiber Optic Network),0,14,16.425063,31.478823
lfon-libyan-fiber-optic-network,LFON (Libyan Fiber Optic Network),0,15,16.588442,31.205587
lfon-libyan-fiber-optic-network,LFON (Libyan Fiber Optic Network),0,16,16.875062,31.286739
lfon-libyan-fiber-optic-network,LFON (Libyan Fiber Optic Network),0,17,17.550062,31.286739
lfon-libyan-fiber-optic-network,LFON (Libyan Fiber Optic Network),0,18,18.225061,30.901396
lfon-libyan-fiber-optic-network,LFON (Libyan Fiber Optic Network),0,19,18.411971,30.58699
lfon-libyan-fiber-optic-network,LFON (Libyan Fiber Optic Network),0,20,18.675061,30.70814
lfon-libyan-fiber-optic-network,LFON (Libyan Fiber Optic Network),0,21,19.350061,30.70814
lfon-libyan-fiber-optic-network,LFON (Libyan Fiber Optic Network),0,22,19.57652,30.378448
lfon-libyan-fiber-optic-network,LFON (Libyan Fiber Optic Network),0,23,19.57506,30.70814
lfon-libyan-fiber-optic-network,LFON (Libyan Fiber Optic Network),0,24,19.80006,31.861809
lfon-libyan-fiber-optic-network,LFON (Libyan Fiber Optic Network),0,25,20.06676,32.116914
lfon-libyan-fiber-optic-network,LFON (Libyan Fiber Optic Network),0,26,20.02506,32.433313
lfon-libyan-fiber-optic-network,LFON (Libyan Fiber Optic Network),0,27,20.25006,32.717718
lfon-libyan-fiber-optic-network,LFON (Libyan Fiber Optic Network),0,28,20.70006,32.812319
lfon-libyan-fiber-optic-network,LFON (Libyan Fiber Optic Network),0,29,20.949959,32.716978
lfon-libyan-fiber-optic-network,LFON (Libyan Fiber Optic Network),0,30,21.150059,33.001219
lfon-libyan-fiber-optic-network,LFON (Libyan Fiber Optic Network),0,31,21.600059,33.001219
lfon-libyan-fiber-optic-network,LFON (Libyan Fiber Optic Network),0,32,21.741759,32.882141
lfon-libyan-fiber-optic-network,LFON (Libyan Fiber Optic Network),0,33,22.050059,33.001219
lfon-libyan-fiber-optic-network,LFON (Libyan Fiber Optic Network),0,34,22.500058,33.001219
lfon-libyan-fiber-optic-network,LFON (Libyan Fiber Optic Network),0,35,22.639118,32.763635
lfon-libyan-fiber-optic-network,LFON (Libyan Fiber Optic Network),0,36,22.950058,32.812319
lfon-libyan-fiber-optic-network,LFON (Libyan Fiber Optic Network),0,37,23.850057,32.433313
lfon-libyan-fiber-optic-network,LFON (Libyan Fiber Optic Network),0,38,23.960407,32.079851
libreville-port-gentil-cable,Libreville-Port Gentil Cable,0,0,8.781608,-0.720652
libreville-port-gentil-cable,Libreville-Port Gentil Cable,0,1,8.775049,-0.331409
libreville-port-gentil-cable,Libreville-Port Gentil Cable,0,2,9.020378,0.265947
libreville-port-gentil-cable,Libreville-Port Gentil Cable,0,3,9.454268,0.394465
lower-indian-ocean-network-lion,Lower Indian Ocean Network (LION),0,0,57.510093,-20.077536
lower-indian-ocean-network-lion,Lower Indian Ocean Network (LION),0,1,56.700034,-20.152544
lower-indian-ocean-network-lion,Lower Indian Ocean Network (LION),0,2,55.800035,-20.469058
lower-indian-ocean-network-lion,Lower Indian Ocean Network (LION),0,3,55.575035,-20.574419
lower-indian-ocean-network-lion,Lower Indian Ocean Network (LION),0,4,55.547785,-20.897267
lower-indian-ocean-network-lion,Lower Indian Ocean Network (LION),0,5,55.350035,-20.574419
lower-indian-ocean-network-lion,Lower Indian Ocean Network (LION),0,6,52.200037,-18.88014
lower-indian-ocean-network-lion,Lower Indian Ocean Network (LION),0,7,49.400239,-18.146087
lower-indian-ocean-network-2-lion2,Lower Indian Ocean Network 2 (LION2),0,0,39.700146,-4.050301
lower-indian-ocean-network-2-lion2,Lower Indian Ocean Network 2 (LION2),0,1,42.300044,-5.049857
lower-indian-ocean-network-2-lion2,Lower Indian Ocean Network 2 (LION2),0,2,43.200044,-5.721873
lower-indian-ocean-network-2-lion2,Lower Indian Ocean Network 2 (LION2),0,3,45.450042,-11.943945
lower-indian-ocean-network-2-lion2,Lower Indian Ocean Network 2 (LION2),0,4,47.250041,-11.943945
lower-indian-ocean-network-2-lion2,Lower Indian Ocean Network 2 (LION2),0,5,48.60004,-11.503334
lower-indian-ocean-network-2-lion2,Lower Indian Ocean Network 2 (LION2),0,6,49.500039,-11.503334
lower-indian-ocean-network-2-lion2,Lower Indian Ocean Network 2 (LION2),0,7,50.400039,-12.38384
lower-indian-ocean-network-2-lion2,Lower Indian Ocean Network 2 (LION2),0,8,51.750038,-17.168553
lower-indian-ocean-network-2-lion2,Lower Indian Ocean Network 2 (LION2),0,9,52.200037,-18.88014
lower-indian-ocean-network-2-lion2,Lower Indian Ocean Network 2 (LION2),1,0,45.450042,-11.943945
lower-indian-ocean-network-2-lion2,Lower Indian Ocean Network 2 (LION2),1,1,45.165762,-12.817096
mainone,MainOne,0,0,-9.107439,38.642658
mainone,MainOne,0,1,-9.449919,38.211179
mainone,MainOne,0,2,-9.787419,37.232354
mainone,MainOne,0,3,-10.124919,35.785662
mainone,MainOne,0,4,-10.574918,33.93964
mainone,MainOne,0,5,-13.949916,29.736069
mainone,MainOne,0,6,-14.399916,28.951555
mainone,MainOne,0,7,-14.624915,28.161052
mainone,MainOne,0,8,-15.074915,26.964305
mainone,MainOne,0,9,-18.449913,22.884654
mainone,MainOne,0,10,-19.799912,19.952623
mainone,MainOne,0,11,-19.804121,15.235782
mainone,MainOne,0,12,-19.799912,11.73565
mainone,MainOne,0,13,-18.449913,8.635699
mainone,MainOne,0,14,-13.949916,3.266815
mainone,MainOne,0,15,-10.799918,0.118588
mainone,MainOne,0,16,-3.599923,0.118588
mainone,MainOne,0,17,7.4e-05,0.806605
mainone,MainOne,0,18,1.575073,1.918229
mainone,MainOne,0,19,2.250073,2.480312
mainone,MainOne,0,20,3.150072,4.164913
mainone,MainOne,0,21,3.423512,6.439067
mainone,MainOne,1,0,-0.204316,5.558286
mainone,MainOne,1,1,7.4e-05,3.279837
mainone,MainOne,1,2,7.4e-05,0.806605
mainone,MainOne,2,0,-19.803966,15.235782
mainone,MainOne,2,1,-18.449913,15.235782
mainone,MainOne,2,2,-17.445713,14.686595
mainone,MainOne,3,0,-3.599923,0.118588
mainone,MainOne,3,1,-3.924923,1.468427
mainone,MainOne,3,2,-4.049923,2.367913
mainone,MainOne,3,3,-4.049923,3.266815
mainone,MainOne,3,4,-4.026243,5.323509
malaysia-cambodia-thailand-mct-cable,Malaysia-Cambodia-Thailand (MCT) Cable,0,0,103.506741,10.630402
malaysia-cambodia-thailand-mct-cable,Malaysia-Cambodia-Thailand (MCT) Cable,0,1,103.612501,9.524411
malaysia-cambodia-thailand-mct-cable,Malaysia-Cambodia-Thailand (MCT) Cable,0,2,103.500001,8.190543
malaysia-cambodia-thailand-mct-cable,Malaysia-Cambodia-Thailand (MCT) Cable,0,3,103.950001,5.510072
malaysia-cambodia-thailand-mct-cable,Malaysia-Cambodia-Thailand (MCT) Cable,0,4,103.725001,4.613592
malaysia-cambodia-thailand-mct-cable,Malaysia-Cambodia-Thailand (MCT) Cable,0,5,103.395211,4.11631
malaysia-cambodia-thailand-mct-cable,Malaysia-Cambodia-Thailand (MCT) Cable,1,0,103.500001,8.190543
malaysia-cambodia-thailand-mct-cable,Malaysia-Cambodia-Thailand (MCT) Cable,1,1,101.925002,9.524411
malaysia-cambodia-thailand-mct-cable,Malaysia-Cambodia-Thailand (MCT) Cable,1,2,101.250003,11.294709
malaysia-cambodia-thailand-mct-cable,Malaysia-Cambodia-Thailand (MCT) Cable,1,3,101.137503,12.175887
malaysia-cambodia-thailand-mct-cable,Malaysia-Cambodia-Thailand (MCT) Cable,1,4,101.277342,12.670662
mariana-guam-cable,Mariana-Guam Cable,0,0,145.751141,15.178201
mariana-guam-cable,Mariana-Guam Cable,0,1,145.799971,15.070969
mariana-guam-cable,Mariana-Guam Cable,0,2,145.637471,15.011508
mariana-guam-cable,Mariana-Guam Cable,0,3,145.687471,14.801154
mariana-guam-cable,Mariana-Guam Cable,0,4,145.408221,14.365654
mariana-guam-cable,Mariana-Guam Cable,0,5,145.212471,14.152228
mariana-guam-cable,Mariana-Guam Cable,0,6,145.124971,13.929304
mariana-guam-cable,Mariana-Guam Cable,0,7,145.012472,13.710818
mariana-guam-cable,Mariana-Guam Cable,0,8,144.809542,13.549094
mataram-kupang-cable-system-mkcs,Mataram Kupang Cable System (MKCS),0,0,123.583387,-10.18294
mataram-kupang-cable-system-mkcs,Mataram Kupang Cable System (MKCS),0,1,123.299987,-10.01132
mataram-kupang-cable-system-mkcs,Mataram Kupang Cable System (MKCS),0,2,122.849987,-9.918984
mataram-kupang-cable-system-mkcs,Mataram Kupang Cable System (MKCS),0,3,121.724988,-9.179383
mataram-kupang-cable-system-mkcs,Mataram Kupang Cable System (MKCS),0,4,121.642738,-8.845694
mataram-kupang-cable-system-mkcs,Mataram Kupang Cable System (MKCS),0,5,121.499988,-9.068306
mataram-kupang-cable-system-mkcs,Mataram Kupang Cable System (MKCS),0,6,120.599989,-9.068306
mataram-kupang-cable-system-mkcs,Mataram Kupang Cable System (MKCS),0,7,119.24999,-9.068306
mataram-kupang-cable-system-mkcs,Mataram Kupang Cable System (MKCS),0,8,118.71181,-8.796444
mataram-kupang-cable-system-mkcs,Mataram Kupang Cable System (MKCS),1,0,120.253019,-9.645766
mataram-kupang-cable-system-mkcs,Mataram Kupang Cable System (MKCS),1,1,120.599989,-9.290424
mataram-kupang-cable-system-mkcs,Mataram Kupang Cable System (MKCS),1,2,120.599989,-9.068306
mataram-kupang-cable-system-mkcs,Mataram Kupang Cable System (MKCS),2,0,116.654922,-8.5371
mataram-kupang-cable-system-mkcs,Mataram Kupang Cable System (MKCS),2,1,116.549992,-8.252721
mataram-kupang-cable-system-mkcs,Mataram Kupang Cable System (MKCS),2,2,116.549992,-8.029988
mataram-kupang-cable-system-mkcs,Mataram Kupang Cable System (MKCS),2,3,116.774992,-7.807134
mataram-kupang-cable-system-mkcs,Mataram Kupang Cable System (MKCS),2,4,117.224991,-7.732823
mataram-kupang-cable-system-mkcs,Mataram Kupang Cable System (MKCS),2,5,118.23749,-7.732823
mataram-kupang-cable-system-mkcs,Mataram Kupang Cable System (MKCS),2,6,118.57499,-7.955717
mataram-kupang-cable-system-mkcs,Mataram Kupang Cable System (MKCS),2,7,118.76036,-8.319318
mataram-kupang-cable-system-mkcs,Mataram Kupang Cable System (MKCS),2,8,118.771865,-8.391865
mataram-kupang-cable-system-mkcs,Mataram Kupang Cable System (MKCS),2,9,118.7449,-8.464269
mataram-kupang-cable-system-mkcs,Mataram Kupang Cable System (MKCS),3,0,118.082221,-8.841149
mataram-kupang-cable-system-mkcs,Mataram Kupang Cable System (MKCS),3,1,117.899991,-8.586582
mataram-kupang-cable-system-mkcs,Mataram Kupang Cable System (MKCS),3,2,117.562491,-8.36404
mataram-kupang-cable-system-mkcs,Mataram Kupang Cable System (MKCS),3,3,117.337491,-8.17849
mataram-kupang-cable-system-mkcs,Mataram Kupang Cable System (MKCS),3,4,117.224991,-7.732823
matrix-cable-system,Matrix Cable System,0,0,106.833399,-6.171588
matrix-cable-system,Matrix Cable System,0,1,106.874999,-5.273944
matrix-cable-system,Matrix Cable System,0,2,107.324998,-4.601454
matrix-cable-system,Matrix Cable System,0,3,107.213498,-3.029996
matrix-cable-system,Matrix Cable System,0,4,107.097998,-2.130918
matrix-cable-system,Matrix Cable System,0,5,106.762499,-0.331409
matrix-cable-system,Matrix Cable System,0,6,105.3,1.131014
matrix-cable-system,Matrix Cable System,1,0,105.3,1.131014
matrix-cable-system,Matrix Cable System,1,1,104.85,1.24349
matrix-cable-system,Matrix Cable System,1,2,104.625,1.229456
matrix-cable-system,Matrix Cable System,1,3,104.19443,1.29516
matrix-cable-system,Matrix Cable System,1,4,103.987011,1.389451
matrix-cable-system,Matrix Cable System,2,0,104.016637,1.066798
matrix-cable-system,Matrix Cable System,2,1,104.019921,1.212637
matrix-cable-system,Matrix Cable System,2,2,104.16611,1.230603
matrix-cable-system,Matrix Cable System,2,3,104.2879,1.187553
matrix-cable-system,Matrix Cable System,2,4,104.625,1.187253
matrix-cable-system,Matrix Cable System,2,5,104.85,1.131014
matrix-cable-system,Matrix Cable System,2,6,105.3,1.131014
maya-1-2,Maya-1.2,0,0,-84.824866,19.104405
maya-1-2,Maya-1.2,0,1,-81.166761,19.282956
maya-1-2,Maya-1.2,1,0,-87.946156,15.844982
maya-1-2,Maya-1.2,1,1,-87.299864,16.534196
maya-1-2,Maya-1.2,1,2,-85.499865,18.251816
maya-1-2,Maya-1.2,1,3,-84.824866,19.104405
maya-1-2,Maya-1.2,2,0,-80.160169,26.010549
maya-1-2,Maya-1.2,2,1,-79.649869,25.348717
maya-1-2,Maya-1.2,2,2,-79.874869,24.737178
maya-1-2,Maya-1.2,2,3,-80.999868,23.711258
maya-1-2,Maya-1.2,2,4,-83.249867,23.711258
maya-1-2,Maya-1.2,2,5,-84.824866,22.677206
maya-1-2,Maya-1.2,2,6,-85.274865,21.635297
maya-1-2,Maya-1.2,2,7,-85.499865,20.375041
maya-1-2,Maya-1.2,2,8,-84.824866,19.104405
med-cable-network,Med Cable Network,0,0,6.30007,38.651812
med-cable-network,Med Cable Network,0,1,5.40007,38.211179
med-cable-network,Med Cable Network,0,2,3.150072,37.052999
med-cable-network,Med Cable Network,0,3,3.035712,36.762128
med-cable-network,Med Cable Network,0,4,2.812572,37.052999
med-cable-network,Med Cable Network,0,5,1.800073,37.052999
med-cable-network,Med Cable Network,0,6,7.4e-05,36.331338
med-cable-network,Med Cable Network,0,7,-0.642015,35.701641
med-cable-network,Med Cable Network,1,0,7.755439,36.90282
med-cable-network,Med Cable Network,1,1,7.650069,37.232354
med-cable-network,Med Cable Network,1,2,6.30007,38.651812
med-cable-network,Med Cable Network,1,3,5.51257,41.744359
med-cable-network,Med Cable Network,1,4,5.37253,43.293628
melita-1,Melita 1,0,0,14.458754,35.934136
melita-1,Melita 1,0,1,14.625064,36.149867
melita-1,Melita 1,0,2,14.850064,36.602755
melita-1,Melita 1,0,3,14.853874,36.733883
mid-atlantic-crossing-mac,Mid-Atlantic Crossing (MAC),0,0,-74.249873,33.565491
mid-atlantic-crossing-mac,Mid-Atlantic Crossing (MAC),0,1,-75.599872,30.901396
mid-atlantic-crossing-mac,Mid-Atlantic Crossing (MAC),0,2,-77.399871,28.951555
mid-atlantic-crossing-mac,Mid-Atlantic Crossing (MAC),0,3,-79.19987,26.964305
mid-atlantic-crossing-mac,Mid-Atlantic Crossing (MAC),0,4,-79.649869,26.361086
mid-atlantic-crossing-mac,Mid-Atlantic Crossing (MAC),0,5,-80.160169,26.010549
mid-atlantic-crossing-mac,Mid-Atlantic Crossing (MAC),0,6,-79.649869,26.260241
mid-atlantic-crossing-mac,Mid-Atlantic Crossing (MAC),0,7,-78.97487,26.964305
mid-atlantic-crossing-mac,Mid-Atlantic Crossing (MAC),0,8,-77.849871,27.663994
mid-atlantic-crossing-mac,Mid-Atlantic Crossing (MAC),0,9,-76.949871,27.763589
mid-atlantic-crossing-mac,Mid-Atlantic Crossing (MAC),0,10,-73.349874,26.964305
mid-atlantic-crossing-mac,Mid-Atlantic Crossing (MAC),0,11,-69.299877,24.941363
mid-atlantic-crossing-mac,Mid-Atlantic Crossing (MAC),0,12,-67.049878,22.052986
mid-atlantic-crossing-mac,Mid-Atlantic Crossing (MAC),0,13,-65.924879,20.375041
mid-atlantic-crossing-mac,Mid-Atlantic Crossing (MAC),0,14,-65.24988,18.891662
mid-atlantic-crossing-mac,Mid-Atlantic Crossing (MAC),0,15,-65.13738,18.251816
mid-atlantic-crossing-mac,Mid-Atlantic Crossing (MAC),0,16,-64.81926,17.773909
mid-atlantic-crossing-mac,Mid-Atlantic Crossing (MAC),0,17,-64.57488,18.091483
mid-atlantic-crossing-mac,Mid-Atlantic Crossing (MAC),0,18,-64.23738,18.358623
mid-atlantic-crossing-mac,Mid-Atlantic Crossing (MAC),0,19,-64.23738,18.891662
mid-atlantic-crossing-mac,Mid-Atlantic Crossing (MAC),0,20,-64.59988,20.913117
mid-atlantic-crossing-mac,Mid-Atlantic Crossing (MAC),0,21,-65.24988,24.941363
mid-atlantic-crossing-mac,Mid-Atlantic Crossing (MAC),0,22,-66.599879,28.161052
mid-atlantic-crossing-mac,Mid-Atlantic Crossing (MAC),0,23,-72.449874,38.651812
mid-atlantic-crossing-mac,Mid-Atlantic Crossing (MAC),0,24,-72.912274,40.773521
mid-atlantic-crossing-mac,Mid-Atlantic Crossing (MAC),0,25,-72.674874,38.651812
mid-atlantic-crossing-mac,Mid-Atlantic Crossing (MAC),0,26,-74.249873,33.565491
moratelindo-international-cable-system-1-mic-1,Moratelindo International Cable System-1 (MIC-1),0,0,103.987011,1.389451
moratelindo-international-cable-system-1-mic-1,Moratelindo International Cable System-1 (MIC-1),0,1,103.978126,1.185378
moratelindo-international-cable-system-1-mic-1,Moratelindo International Cable System-1 (MIC-1),0,2,104.016637,1.066798
northstar,NorthStar,0,0,-134.747291,58.551049
northstar,NorthStar,0,1,-134.895441,58.498126
northstar,NorthStar,0,2,-134.983811,58.491693
northstar,NorthStar,0,3,-135.038891,58.460243
northstar,NorthStar,0,4,-135.052661,58.413574
northstar,NorthStar,0,5,-135.029221,58.36551
northstar,NorthStar,0,6,-135.014771,58.305735
northstar,NorthStar,0,7,-135.014771,58.238843
northstar,NorthStar,0,8,-135.063891,58.186809
northstar,NorthStar,0,9,-135.17493,58.179191
northstar,NorthStar,0,10,-135.271311,58.19901
northstar,NorthStar,0,11,-135.352371,58.222726
northstar,NorthStar,0,12,-135.447491,58.287568
northstar,NorthStar,0,13,-135.545871,58.32948
northstar,NorthStar,0,14,-135.631861,58.357899
northstar,NorthStar,0,15,-135.769611,58.360233
northstar,NorthStar,0,16,-135.883471,58.343632
northstar,NorthStar,0,17,-135.986991,58.327122
northstar,NorthStar,0,18,-136.11301,58.301064
northstar,NorthStar,0,19,-136.28406,58.28854
northstar,NorthStar,0,20,-136.39207,58.274503
northstar,NorthStar,0,21,-136.47756,58.240901
northstar,NorthStar,0,22,-136.55056,58.19852
northstar,NorthStar,0,23,-136.87127,58.145192
northstar,NorthStar,0,24,-139.049827,56.840739
northstar,NorthStar,1,0,-146.353433,61.130356
northstar,NorthStar,1,1,-146.559343,61.109154
northstar,NorthStar,1,2,-146.659543,61.067465
northstar,NorthStar,1,3,-146.801043,60.965893
northstar,NorthStar,1,4,-146.820083,60.919223
northstar,NorthStar,1,5,-146.859053,60.858765
northstar,NorthStar,1,6,-147.069842,60.787663
northstar,NorthStar,1,7,-147.329952,60.778701
northstar,NorthStar,1,8,-147.530782,60.766401
northstar,NorthStar,1,9,-147.683321,60.765014
northstar,NorthStar,1,10,-147.787472,60.764633
northstar,NorthStar,1,11,-147.889962,60.765898
northstar,NorthStar,1,12,-148.028242,60.756525
northstar,NorthStar,1,13,-148.210462,60.788165
northstar,NorthStar,1,14,-148.322381,60.78738
northstar,NorthStar,1,15,-148.386881,60.791001
northstar,NorthStar,1,16,-148.473161,60.78347
northstar,NorthStar,1,17,-148.518181,60.777417
northstar,NorthStar,1,18,-148.684731,60.773028
northstar,NorthStar,2,0,-148.684731,60.773028
northstar,NorthStar,2,1,-148.521261,60.769024
northstar,NorthStar,2,2,-148.413541,60.786208
northstar,NorthStar,2,3,-148.313981,60.777129
northstar,NorthStar,2,4,-148.197482,60.776343
northstar,NorthStar,2,5,-148.099621,60.752421
northstar,NorthStar,2,6,-148.082732,60.725572
northstar,NorthStar,2,7,-148.060812,60.691197
northstar,NorthStar,2,8,-148.056462,60.65877
northstar,NorthStar,2,9,-147.875702,60.606423
northstar,NorthStar,2,10,-147.633852,60.602516
northstar,NorthStar,2,11,-147.505732,60.574486
northstar,NorthStar,2,12,-147.495232,60.485026
northstar,NorthStar,2,13,-147.568032,60.311802
northstar,NorthStar,2,14,-147.640542,60.251238
northstar,NorthStar,2,15,-147.762521,60.118734
northstar,NorthStar,2,16,-147.788782,60.024014
northstar,NorthStar,2,17,-147.894252,59.962286
northstar,NorthStar,2,18,-148.009292,59.877903
northstar,NorthStar,2,19,-148.081312,59.839334
northstar,NorthStar,2,20,-147.824821,59.451717
northstar,NorthStar,2,21,-145.349823,58.524394
northstar,NorthStar,2,22,-139.049827,56.840739
northstar,NorthStar,2,23,-138.149828,55.843186
northstar,NorthStar,2,24,-135.44983,54.034038
northstar,NorthStar,2,25,-132.299832,50.740282
northstar,NorthStar,2,26,-127.799835,47.805412
northstar,NorthStar,2,27,-125.099837,46.582355
northstar,NorthStar,2,28,-124.199838,46.038395
northstar,NorthStar,2,29,-123.524838,45.881985
northstar,NorthStar,2,30,-122.989801,45.522899
oran-valencia-orval,Oran-Valencia (ORVAL),0,0,-0.376975,39.459647
oran-valencia-orval,Oran-Valencia (ORVAL),0,1,0.450074,39.177015
oran-valencia-orval,Oran-Valencia (ORVAL),0,2,0.900074,38.651812
oran-valencia-orval,Oran-Valencia (ORVAL),0,3,0.675074,37.589787
oran-valencia-orval,Oran-Valencia (ORVAL),0,4,7.4e-05,36.512388
oran-valencia-orval,Oran-Valencia (ORVAL),0,5,-0.642015,35.701641
oran-valencia-orval,Oran-Valencia (ORVAL),1,0,0.675074,37.589787
oran-valencia-orval,Oran-Valencia (ORVAL),1,1,2.812572,37.14273
oran-valencia-orval,Oran-Valencia (ORVAL),1,2,3.035712,36.762128
pacific-caribbean-cable-system-pccs,Pacific Caribbean Cable System (PCCS),0,0,-79.566619,8.950317
pacific-caribbean-cable-system-pccs,Pacific Caribbean Cable System (PCCS),0,1,-79.31237,8.190543
pacific-caribbean-cable-system-pccs,Pacific Caribbean Cable System (PCCS),0,2,-78.74987,7.298763
pacific-caribbean-cable-system-pccs,Pacific Caribbean Cable System (PCCS),0,3,-78.74987,5.061987
pacific-caribbean-cable-system-pccs,Pacific Caribbean Cable System (PCCS),0,4,-80.999868,2.367913
pacific-caribbean-cable-system-pccs,Pacific Caribbean Cable System (PCCS),0,5,-81.121562,0.553868
pacific-caribbean-cable-system-pccs,Pacific Caribbean Cable System (PCCS),0,6,-80.887368,-0.331409
pacific-caribbean-cable-system-pccs,Pacific Caribbean Cable System (PCCS),0,7,-80.716131,-0.949727
pacific-caribbean-cable-system-pccs,Pacific Caribbean Cable System (PCCS),1,0,-81.65563,30.332101
pacific-caribbean-cable-system-pccs,Pacific Caribbean Cable System (PCCS),1,1,-80.549869,30.320465
pacific-caribbean-cable-system-pccs,Pacific Caribbean Cable System (PCCS),1,2,-79.19987,30.12605
pacific-caribbean-cable-system-pccs,Pacific Caribbean Cable System (PCCS),1,3,-73.349874,29.540508
pacific-caribbean-cable-system-pccs,Pacific Caribbean Cable System (PCCS),1,4,-69.299877,27.564309
pacific-caribbean-cable-system-pccs,Pacific Caribbean Cable System (PCCS),1,5,-66.374879,23.711258
pacific-caribbean-cable-system-pccs,Pacific Caribbean Cable System (PCCS),1,6,-64.79988,20.796306
pacific-caribbean-cable-system-pccs,Pacific Caribbean Cable System (PCCS),1,7,-64.46238,18.891662
pacific-caribbean-cable-system-pccs,Pacific Caribbean Cable System (PCCS),1,8,-64.59715,18.414412
pacific-caribbean-cable-system-pccs,Pacific Caribbean Cable System (PCCS),1,9,-64.34988,18.305228
pacific-caribbean-cable-system-pccs,Pacific Caribbean Cable System (PCCS),1,10,-64.23738,18.251816
pacific-caribbean-cable-system-pccs,Pacific Caribbean Cable System (PCCS),1,11,-64.23738,17.823934
pacific-caribbean-cable-system-pccs,Pacific Caribbean Cable System (PCCS),1,12,-66.149879,16.102326
pacific-caribbean-cable-system-pccs,Pacific Caribbean Cable System (PCCS),1,13,-69.749876,13.929304
pacific-caribbean-cable-system-pccs,Pacific Caribbean Cable System (PCCS),1,14,-71.549875,13.929304
pacific-caribbean-cable-system-pccs,Pacific Caribbean Cable System (PCCS),1,15,-74.249873,12.615396
pacific-caribbean-cable-system-pccs,Pacific Caribbean Cable System (PCCS),1,16,-76.049872,10.85309
pacific-caribbean-cable-system-pccs,Pacific Caribbean Cable System (PCCS),1,17,-78.29987,10.85309
pacific-caribbean-cable-system-pccs,Pacific Caribbean Cable System (PCCS),1,18,-79.31237,9.967915
pacific-caribbean-cable-system-pccs,Pacific Caribbean Cable System (PCCS),1,19,-79.753479,9.437722
pacific-caribbean-cable-system-pccs,Pacific Caribbean Cable System (PCCS),2,0,-70.049926,12.616918
pacific-caribbean-cable-system-pccs,Pacific Caribbean Cable System (PCCS),2,1,-69.299877,12.615396
pacific-caribbean-cable-system-pccs,Pacific Caribbean Cable System (PCCS),2,2,-68.962377,12.395734
pacific-caribbean-cable-system-pccs,Pacific Caribbean Cable System (PCCS),2,3,-68.956977,12.168849
pacific-caribbean-cable-system-pccs,Pacific Caribbean Cable System (PCCS),3,0,-70.049926,12.616918
pacific-caribbean-cable-system-pccs,Pacific Caribbean Cable System (PCCS),3,1,-69.749876,13.929304
pacific-caribbean-cable-system-pccs,Pacific Caribbean Cable System (PCCS),4,0,-76.049872,10.85309
pacific-caribbean-cable-system-pccs,Pacific Caribbean Cable System (PCCS),4,1,-75.505732,10.386807
pacific-caribbean-cable-system-pccs,Pacific Caribbean Cable System (PCCS),5,0,-66.106669,18.466104
pacific-caribbean-cable-system-pccs,Pacific Caribbean Cable System (PCCS),5,1,-65.699879,18.572039
pacific-caribbean-cable-system-pccs,Pacific Caribbean Cable System (PCCS),5,2,-64.83574,18.521953
pacific-caribbean-cable-system-pccs,Pacific Caribbean Cable System (PCCS),5,3,-64.59715,18.414412
pacific-crossing-1-pc-1,Pacific Crossing-1 (PC-1),0,0,179.999927,45.331054
pacific-crossing-1-pc-1,Pacific Crossing-1 (PC-1),0,1,172.799921,45.331054
pacific-crossing-1-pc-1,Pacific Crossing-1 (PC-1),0,2,160.199961,42.079236
pacific-crossing-1-pc-1,Pacific Crossing-1 (PC-1),0,3,143.099973,34.126101
pacific-crossing-1-pc-1,Pacific Crossing-1 (PC-1),0,4,138.599976,33.001219
pacific-crossing-1-pc-1,Pacific Crossing-1 (PC-1),0,5,137.699977,33.4717
pacific-crossing-1-pc-1,Pacific Crossing-1 (PC-1),0,6,136.873997,34.336828
pacific-crossing-1-pc-1,Pacific Crossing-1 (PC-1),0,7,137.699977,33.75277
pacific-crossing-1-pc-1,Pacific Crossing-1 (PC-1),0,8,138.599976,33.565491
pacific-crossing-1-pc-1,Pacific Crossing-1 (PC-1),0,9,140.849974,34.312152
pacific-crossing-1-pc-1,Pacific Crossing-1 (PC-1),0,10,141.524974,35.05223
pacific-crossing-1-pc-1,Pacific Crossing-1 (PC-1),0,11,141.524974,35.785662
pacific-crossing-1-pc-1,Pacific Crossing-1 (PC-1),0,12,140.612475,36.383484
pacific-crossing-1-pc-1,Pacific Crossing-1 (PC-1),0,13,142.199974,36.149867
pacific-crossing-1-pc-1,Pacific Crossing-1 (PC-1),0,14,149.399968,39.698323
pacific-crossing-1-pc-1,Pacific Crossing-1 (PC-1),0,15,160.199961,45.960245
pacific-crossing-1-pc-1,Pacific Crossing-1 (PC-1),0,16,172.799952,49.000334
pacific-crossing-1-pc-1,Pacific Crossing-1 (PC-1),0,17,179.999958,49.000334
pacific-crossing-1-pc-1,Pacific Crossing-1 (PC-1),1,0,-179.999798,49.000334
pacific-crossing-1-pc-1,Pacific Crossing-1 (PC-1),1,1,-151.199819,49.000334
pacific-crossing-1-pc-1,Pacific Crossing-1 (PC-1),1,2,-138.599828,48.406382
pacific-crossing-1-pc-1,Pacific Crossing-1 (PC-1),1,3,-125.099837,48.406382
pacific-crossing-1-pc-1,Pacific Crossing-1 (PC-1),1,4,-124.649837,48.48101
pacific-crossing-1-pc-1,Pacific Crossing-1 (PC-1),1,5,-123.749838,48.256799
pacific-crossing-1-pc-1,Pacific Crossing-1 (PC-1),1,6,-122.849839,48.219334
pacific-crossing-1-pc-1,Pacific Crossing-1 (PC-1),1,7,-122.66605,48.110061
pacific-crossing-1-pc-1,Pacific Crossing-1 (PC-1),1,8,-122.63793,48.03489
pacific-crossing-1-pc-1,Pacific Crossing-1 (PC-1),1,9,-122.58168,47.959608
pacific-crossing-1-pc-1,Pacific Crossing-1 (PC-1),1,10,-122.483246,47.92193
pacific-crossing-1-pc-1,Pacific Crossing-1 (PC-1),1,11,-122.441054,47.903079
pacific-crossing-1-pc-1,Pacific Crossing-1 (PC-1),1,12,-122.302181,47.886323
pacific-crossing-1-pc-1,Pacific Crossing-1 (PC-1),1,13,-122.441054,47.893647
pacific-crossing-1-pc-1,Pacific Crossing-1 (PC-1),1,14,-122.49731,47.92193
pacific-crossing-1-pc-1,Pacific Crossing-1 (PC-1),1,15,-122.595741,47.959608
pacific-crossing-1-pc-1,Pacific Crossing-1 (PC-1),1,16,-122.651986,48.03489
pacific-crossing-1-pc-1,Pacific Crossing-1 (PC-1),1,17,-122.680106,48.110061
pacific-crossing-1-pc-1,Pacific Crossing-1 (PC-1),1,18,-122.849839,48.200591
pacific-crossing-1-pc-1,Pacific Crossing-1 (PC-1),1,19,-123.749838,48.219334
pacific-crossing-1-pc-1,Pacific Crossing-1 (PC-1),1,20,-124.649837,48.406382
pacific-crossing-1-pc-1,Pacific Crossing-1 (PC-1),1,21,-125.099837,48.106776
pacific-crossing-1-pc-1,Pacific Crossing-1 (PC-1),1,22,-127.349836,42.743713
pacific-crossing-1-pc-1,Pacific Crossing-1 (PC-1),1,23,-126.449836,38.651812
pacific-crossing-1-pc-1,Pacific Crossing-1 (PC-1),1,24,-122.849839,35.60293
pacific-crossing-1-pc-1,Pacific Crossing-1 (PC-1),1,25,-120.621522,35.120949
pacific-crossing-1-pc-1,Pacific Crossing-1 (PC-1),1,26,-122.849839,35.419781
pacific-crossing-1-pc-1,Pacific Crossing-1 (PC-1),1,27,-129.599834,38.651812
pacific-crossing-1-pc-1,Pacific Crossing-1 (PC-1),1,28,-138.599828,42.743713
pacific-crossing-1-pc-1,Pacific Crossing-1 (PC-1),1,29,-151.199834,45.328329
pacific-crossing-1-pc-1,Pacific Crossing-1 (PC-1),1,30,-179.999814,45.328329
palawan-iloilo-cable-system,Palawan-Iloilo Cable System,0,0,119.50038,10.82
palawan-iloilo-cable-system,Palawan-Iloilo Cable System,0,1,120.149989,10.85309
palawan-iloilo-cable-system,Palawan-Iloilo Cable System,0,2,121.049988,11.073983
palawan-iloilo-cable-system,Palawan-Iloilo Cable System,0,3,121.499988,10.85309
palawan-iloilo-cable-system,Palawan-Iloilo Cable System,0,4,121.941298,10.749302
pan-american-crossing-pac,Pan-American Crossing (PAC),0,0,-79.546549,8.934107
pan-american-crossing-pac,Pan-American Crossing (PAC),0,1,-79.762369,8.190543
pan-american-crossing-pac,Pan-American Crossing (PAC),0,2,-79.649869,7.298763
pan-american-crossing-pac,Pan-American Crossing (PAC),0,3,-80.099869,6.852191
pan-american-crossing-pac,Pan-American Crossing (PAC),0,4,-80.999868,6.852191
pan-american-crossing-pac,Pan-American Crossing (PAC),0,5,-85.049866,7.744889
pan-american-crossing-pac,Pan-American Crossing (PAC),0,6,-87.299864,9.524411
pan-american-crossing-pac,Pan-American Crossing (PAC),0,7,-98.099856,14.365654
pan-american-crossing-pac,Pan-American Crossing (PAC),0,8,-102.599853,16.102326
pan-american-crossing-pac,Pan-American Crossing (PAC),0,9,-106.64985,18.678647
pan-american-crossing-pac,Pan-American Crossing (PAC),0,10,-107.999849,20.375041
pan-american-crossing-pac,Pan-American Crossing (PAC),0,11,-111.599847,22.469444
pan-american-crossing-pac,Pan-American Crossing (PAC),0,12,-116.099844,27.763589
pan-american-crossing-pac,Pan-American Crossing (PAC),0,13,-118.799842,31.286739
pan-american-crossing-pac,Pan-American Crossing (PAC),0,14,-120.59984,32.812319
pan-american-crossing-pac,Pan-American Crossing (PAC),0,15,-121.04984,34.312152
pan-american-crossing-pac,Pan-American Crossing (PAC),0,16,-120.621522,35.120949
pan-american-crossing-pac,Pan-American Crossing (PAC),1,0,-106.421872,23.199717
pan-american-crossing-pac,Pan-American Crossing (PAC),1,1,-107.54985,22.052986
pan-american-crossing-pac,Pan-American Crossing (PAC),1,2,-107.999849,20.375041
pan-american-crossing-pac,Pan-American Crossing (PAC),2,0,-118.799842,31.286739
pan-american-crossing-pac,Pan-American Crossing (PAC),2,1,-117.449843,32.433313
pan-american-crossing-pac,Pan-American Crossing (PAC),2,2,-117.038224,32.531014
pan-american-crossing-pac,Pan-American Crossing (PAC),3,0,-85.049866,7.744889
pan-american-crossing-pac,Pan-American Crossing (PAC),3,1,-84.599866,8.635699
pan-american-crossing-pac,Pan-American Crossing (PAC),3,2,-84.452208,9.525851
penbal-5,Penbal-5,0,0,2.001343,41.304366
penbal-5,Penbal-5,0,1,1.800073,40.729204
penbal-5,Penbal-5,0,2,1.800073,40.043692
penbal-5,Penbal-5,0,3,2.025073,39.351218
penbal-5,Penbal-5,0,4,2.475072,39.177015
penbal-5,Penbal-5,0,5,2.970972,39.354844
pencan-8,Pencan-8,0,0,-6.087131,36.276723
pencan-8,Pencan-8,0,1,-6.749921,36.240655
pencan-8,Pencan-8,0,2,-8.54992,35.876871
pencan-8,Pencan-8,0,3,-9.449919,35.419781
pencan-8,Pencan-8,0,4,-11.249918,33.93964
pencan-8,Pencan-8,0,5,-14.849915,29.736069
pencan-8,Pencan-8,0,6,-15.187415,28.951555
pencan-8,Pencan-8,0,7,-16.031164,28.441436
pencan-8,Pencan-8,0,8,-16.371744,28.355538
persona,Persona,0,0,-58.686504,47.617684
persona,Persona,0,1,-59.174884,47.197407
persona,Persona,0,2,-59.624884,46.582355
persona,Persona,0,3,-60.135383,46.251456
persona,Persona,1,0,-60.135383,46.251456
persona,Persona,1,1,-59.399884,46.582355
persona,Persona,1,2,-58.949884,47.197407
persona,Persona,1,3,-58.686504,47.617684
picot-1,Picot-1,0,0,165.341557,-20.945614
picot-1,Picot-1,0,1,165.857767,-21.024575
picot-1,Picot-1,0,2,166.161867,-20.977074
picot-1,Picot-1,0,3,166.680426,-20.992667
picot-1,Picot-1,0,4,166.981206,-20.848997
picot-1,Picot-1,0,5,167.151516,-20.780631
picot-1,Picot-1,1,0,166.489016,-20.705648
picot-1,Picot-1,1,1,166.466366,-20.827184
picot-1,Picot-1,1,2,166.161867,-20.977074
pipe-pacific-cable-1-ppc-1,PIPE Pacific Cable-1 (PPC-1),0,0,151.206997,-33.869552
pipe-pacific-cable-1-ppc-1,PIPE Pacific Cable-1 (PPC-1),0,1,152.099966,-33.273631
pipe-pacific-cable-1-ppc-1,PIPE Pacific Cable-1 (PPC-1),0,2,154.020562,-31.851466
pipe-pacific-cable-1-ppc-1,PIPE Pacific Cable-1 (PPC-1),0,3,154.799965,-28.74381
pipe-pacific-cable-1-ppc-1,PIPE Pacific Cable-1 (PPC-1),0,4,154.799965,-25.540896
pipe-pacific-cable-1-ppc-1,PIPE Pacific Cable-1 (PPC-1),0,5,154.349965,-18.88014
pipe-pacific-cable-1-ppc-1,PIPE Pacific Cable-1 (PPC-1),0,6,153.899965,-15.441024
pipe-pacific-cable-1-ppc-1,PIPE Pacific Cable-1 (PPC-1),0,7,154.799965,-11.943945
pipe-pacific-cable-1-ppc-1,PIPE Pacific Cable-1 (PPC-1),0,8,154.799965,-10.177457
pipe-pacific-cable-1-ppc-1,PIPE Pacific Cable-1 (PPC-1),0,9,152.999966,-8.401139
pipe-pacific-cable-1-ppc-1,PIPE Pacific Cable-1 (PPC-1),0,10,149.399968,-7.063446
pipe-pacific-cable-1-ppc-1,PIPE Pacific Cable-1 (PPC-1),0,11,148.049969,-6.225372
pipe-pacific-cable-1-ppc-1,PIPE Pacific Cable-1 (PPC-1),0,12,147.59997,-5.77784
pipe-pacific-cable-1-ppc-1,PIPE Pacific Cable-1 (PPC-1),0,13,147.31872,-5.273944
pipe-pacific-cable-1-ppc-1,PIPE Pacific Cable-1 (PPC-1),0,14,146.907765,-4.838945
pipe-pacific-cable-1-ppc-1,PIPE Pacific Cable-1 (PPC-1),0,15,145.899971,-2.330767
pipe-pacific-cable-1-ppc-1,PIPE Pacific Cable-1 (PPC-1),0,16,146.655307,1.519276
pipe-pacific-cable-1-ppc-1,PIPE Pacific Cable-1 (PPC-1),0,17,146.249971,7.744889
pipe-pacific-cable-1-ppc-1,PIPE Pacific Cable-1 (PPC-1),0,18,145.349971,12.175887
pipe-pacific-cable-1-ppc-1,PIPE Pacific Cable-1 (PPC-1),0,19,145.124971,12.615396
pipe-pacific-cable-1-ppc-1,PIPE Pacific Cable-1 (PPC-1),0,20,144.787472,13.273238
pipe-pacific-cable-1-ppc-1,PIPE Pacific Cable-1 (PPC-1),0,21,144.694702,13.464773
pipe-pacific-cable-1-ppc-1,PIPE Pacific Cable-1 (PPC-1),1,0,145.784741,-5.233684
pipe-pacific-cable-1-ppc-1,PIPE Pacific Cable-1 (PPC-1),1,1,146.024971,-5.161911
pipe-pacific-cable-1-ppc-1,PIPE Pacific Cable-1 (PPC-1),1,2,146.67497,-5.137012
pipe-pacific-cable-1-ppc-1,PIPE Pacific Cable-1 (PPC-1),1,3,146.907765,-4.838945
poseidon,POSEIDON,0,0,32.466651,34.766572
poseidon,POSEIDON,0,1,32.737551,34.497791
poseidon,POSEIDON,0,2,33.300051,34.497791
poseidon,POSEIDON,0,3,33.6106,34.827281
qatar-u-a-e-submarine-cable-system,Qatar-U.A.E. Submarine Cable System,0,0,51.519278,25.294609
qatar-u-a-e-submarine-cable-system,Qatar-U.A.E. Submarine Cable System,0,1,52.200037,25.653337
qatar-u-a-e-submarine-cable-system,Qatar-U.A.E. Submarine Cable System,0,2,52.420247,25.668921
qatar-u-a-e-submarine-cable-system,Qatar-U.A.E. Submarine Cable System,0,3,52.650037,25.450343
qatar-u-a-e-submarine-cable-system,Qatar-U.A.E. Submarine Cable System,0,4,52.865957,25.152633
qatar-u-a-e-submarine-cable-system,Qatar-U.A.E. Submarine Cable System,0,5,54.000036,24.532658
qatar-u-a-e-submarine-cable-system,Qatar-U.A.E. Submarine Cable System,0,6,54.419076,24.443965
fos-quellon-chacabuco,FOS Quellon-Chacabuco,0,0,-73.479464,-43.117476
fos-quellon-chacabuco,FOS Quellon-Chacabuco,0,1,-73.509984,-44.121619
fos-quellon-chacabuco,FOS Quellon-Chacabuco,0,2,-73.570724,-44.697561
fos-quellon-chacabuco,FOS Quellon-Chacabuco,0,3,-73.631514,-45.134058
fos-quellon-chacabuco,FOS Quellon-Chacabuco,0,4,-73.560614,-45.339263
fos-quellon-chacabuco,FOS Quellon-Chacabuco,0,5,-73.421744,-45.353263
fos-quellon-chacabuco,FOS Quellon-Chacabuco,0,6,-73.280094,-45.282123
fos-quellon-chacabuco,FOS Quellon-Chacabuco,0,7,-73.198314,-45.281848
fos-quellon-chacabuco,FOS Quellon-Chacabuco,0,8,-73.047624,-45.41794
fos-quellon-chacabuco,FOS Quellon-Chacabuco,0,9,-72.805094,-45.458301
russia-japan-cable-network-rjcn,Russia-Japan Cable Network (RJCN),0,0,132.89127,42.834536
russia-japan-cable-network-rjcn,Russia-Japan Cable Network (RJCN),0,1,133.64998,42.32924
russia-japan-cable-network-rjcn,Russia-Japan Cable Network (RJCN),0,2,134.774979,41.407726
russia-japan-cable-network-rjcn,Russia-Japan Cable Network (RJCN),0,3,137.024977,38.651812
russia-japan-cable-network-rjcn,Russia-Japan Cable Network (RJCN),0,4,138.236076,37.147847
russia-japan-cable-network-rjcn,Russia-Japan Cable Network (RJCN),0,5,137.249977,38.651812
russia-japan-cable-network-rjcn,Russia-Japan Cable Network (RJCN),0,6,134.999979,41.407726
russia-japan-cable-network-rjcn,Russia-Japan Cable Network (RJCN),0,7,133.64998,42.412355
russia-japan-cable-network-rjcn,Russia-Japan Cable Network (RJCN),0,8,132.89127,42.834536
safe,SAFE,0,0,18.445861,-33.727218
safe,SAFE,0,1,18.000061,-34.11602
safe,SAFE,0,2,17.775062,-34.857839
safe,SAFE,0,3,18.450061,-36.321528
safe,SAFE,0,4,19.80006,-37.401611
safe,SAFE,0,5,23.400058,-37.401611
safe,SAFE,0,6,26.100056,-36.321528
safe,SAFE,0,7,33.300051,-30.309953
safe,SAFE,0,8,38.700047,-28.74381
safe,SAFE,0,9,41.400045,-28.74381
safe,SAFE,0,10,45.450042,-28.743811
safe,SAFE,0,11,47.250041,-27.951747
safe,SAFE,0,12,52.650037,-23.080584
safe,SAFE,0,13,54.000036,-20.995132
safe,SAFE,0,14,54.450036,-20.574419
safe,SAFE,0,15,54.900035,-20.363626
safe,SAFE,0,16,55.800035,-20.363626
safe,SAFE,0,17,56.700034,-20.574419
safe,SAFE,0,18,57.150034,-20.574419
safe,SAFE,0,19,57.485484,-20.473996
safe,SAFE,0,20,57.600033,-20.679707
safe,SAFE,0,21,57.825033,-20.995132
safe,SAFE,1,0,54.450036,-20.574419
safe,SAFE,1,1,54.900035,-20.784922
safe,SAFE,1,2,55.279235,-21.000052
safe,SAFE,1,3,55.350035,-20.784922
safe,SAFE,1,4,55.800035,-20.574419
safe,SAFE,1,5,56.700034,-20.784922
safe,SAFE,1,6,57.150034,-20.995132
safe,SAFE,1,7,57.825033,-20.995132
safe,SAFE,1,8,58.275033,-20.574419
safe,SAFE,1,9,60.300032,-18.88014
safe,SAFE,1,10,63.00003,-14.571726
safe,SAFE,1,11,65.700028,-11.943945
safe,SAFE,1,12,72.900023,-8.401139
safe,SAFE,1,13,75.150021,-6.616651
safe,SAFE,1,14,76.95002,-3.029996
safe,SAFE,1,15,77.400019,0.568579
safe,SAFE,1,16,81.000017,1.468427
safe,SAFE,1,17,85.500014,-1.681115
safe,SAFE,1,18,90.00001,-0.781332
safe,SAFE,1,19,92.700009,3.715978
safe,SAFE,1,20,94.275007,4.71326
safe,SAFE,1,21,95.453282,5.818423
safe,SAFE,1,22,97.425005,5.733989
safe,SAFE,1,23,99.675004,5.398081
safe,SAFE,1,24,100.409823,5.368394
safe,SAFE,2,0,76.26955,9.938386
safe,SAFE,2,1,76.05002,9.524411
safe,SAFE,2,2,76.50002,4.164913
safe,SAFE,2,3,77.400019,0.568579
safe,SAFE,3,0,31.757962,-28.95056
safe,SAFE,3,1,32.625051,-29.529913
safe,SAFE,3,2,33.300051,-30.309953
sint-maarten-puerto-rico-network-one-smpr-1,Sint Maarten Puerto Rico Network One (SMPR-1),0,0,-66.016869,18.44184
sint-maarten-puerto-rico-network-one-smpr-1,Sint Maarten Puerto Rico Network One (SMPR-1),0,1,-65.699879,18.678647
sint-maarten-puerto-rico-network-one-smpr-1,Sint Maarten Puerto Rico Network One (SMPR-1),0,2,-65.24988,18.891662
sint-maarten-puerto-rico-network-one-smpr-1,Sint Maarten Puerto Rico Network One (SMPR-1),0,3,-63.89988,18.678647
sint-maarten-puerto-rico-network-one-smpr-1,Sint Maarten Puerto Rico Network One (SMPR-1),0,4,-63.145681,18.059683
sint-maarten-puerto-rico-network-one-smpr-1,Sint Maarten Puerto Rico Network One (SMPR-1),0,5,-63.115555,18.047705
sint-maarten-puerto-rico-network-one-smpr-1,Sint Maarten Puerto Rico Network One (SMPR-1),0,6,-63.073661,18.031045
samoa-american-samoa-sas,Samoa-American Samoa (SAS),0,0,-171.766694,-13.833489
samoa-american-samoa-sas,Samoa-American Samoa (SAS),0,1,-171.449804,-13.808261
samoa-american-samoa-sas,Samoa-American Samoa (SAS),0,2,-170.999805,-13.917484
samoa-american-samoa-sas,Samoa-American Samoa (SAS),0,3,-170.695705,-14.276545
sat-3wasc,SAT-3/WASC,0,0,-9.102749,38.443079
sat-3wasc,SAT-3/WASC,0,1,-9.224919,38.12273
sat-3wasc,SAT-3/WASC,0,2,-9.562419,37.232354
sat-3wasc,SAT-3/WASC,0,3,-9.899919,35.785662
sat-3wasc,SAT-3/WASC,0,4,-10.349918,33.93964
sat-3wasc,SAT-3/WASC,0,5,-12.824917,30.12605
sat-3wasc,SAT-3/WASC,0,6,-13.472832,28.161052
sat-3wasc,SAT-3/WASC,0,7,-14.849915,26.964305
sat-3wasc,SAT-3/WASC,0,8,-17.999913,22.884654
sat-3wasc,SAT-3/WASC,0,9,-19.349912,19.952623
sat-3wasc,SAT-3/WASC,0,10,-19.349912,15.018579
sat-3wasc,SAT-3/WASC,0,11,-19.349912,11.73565
sat-3wasc,SAT-3/WASC,0,12,-17.999913,8.635699
sat-3wasc,SAT-3/WASC,0,13,-13.499916,3.715978
sat-3wasc,SAT-3/WASC,0,14,-10.799918,1.018534
sat-3wasc,SAT-3/WASC,0,15,-3.599923,1.018534
sat-3wasc,SAT-3/WASC,0,16,-0.224926,1.481466
sat-3wasc,SAT-3/WASC,0,17,1.575073,2.592701
sat-3wasc,SAT-3/WASC,0,18,2.250073,2.929809
sat-3wasc,SAT-3/WASC,0,19,2.925072,4.164913
sat-3wasc,SAT-3/WASC,0,20,3.423512,6.439067
sat-3wasc,SAT-3/WASC,1,0,2.925072,4.164913
sat-3wasc,SAT-3/WASC,1,1,5.40007,2.81745
sat-3wasc,SAT-3/WASC,1,2,6.30007,2.592701
sat-3wasc,SAT-3/WASC,1,3,7.425069,1.468427
sat-3wasc,SAT-3/WASC,1,4,7.650069,0.343586
sat-3wasc,SAT-3/WASC,1,5,8.100068,-4.825692
sat-3wasc,SAT-3/WASC,1,6,8.550068,-6.616651
sat-3wasc,SAT-3/WASC,1,7,9.675067,-10.620065
sat-3wasc,SAT-3/WASC,1,8,9.450068,-18.026426
sat-3wasc,SAT-3/WASC,1,9,10.800067,-23.493922
sat-3wasc,SAT-3/WASC,1,10,14.400064,-30.309953
sat-3wasc,SAT-3/WASC,1,11,15.975063,-32.61276
sat-3wasc,SAT-3/WASC,1,12,17.550062,-33.649045
sat-3wasc,SAT-3/WASC,1,13,18.445861,-33.727218
sat-3wasc,SAT-3/WASC,2,0,-17.445713,14.686595
sat-3wasc,SAT-3/WASC,2,1,-18.449913,15.018579
sat-3wasc,SAT-3/WASC,2,2,-19.349912,15.018579
sat-3wasc,SAT-3/WASC,3,0,-4.026243,5.323509
sat-3wasc,SAT-3/WASC,3,1,-3.937423,3.266815
sat-3wasc,SAT-3/WASC,3,2,-3.824923,2.367913
sat-3wasc,SAT-3/WASC,3,3,-3.699923,1.468427
sat-3wasc,SAT-3/WASC,3,4,-3.599923,1.018534
sat-3wasc,SAT-3/WASC,4,0,-0.204316,5.558286
sat-3wasc,SAT-3/WASC,4,1,-0.224926,3.279837
sat-3wasc,SAT-3/WASC,4,2,-0.224926,1.481466
sat-3wasc,SAT-3/WASC,5,0,9.706417,4.047346
sat-3wasc,SAT-3/WASC,5,1,9.225068,3.266815
sat-3wasc,SAT-3/WASC,5,2,8.100068,2.81745
sat-3wasc,SAT-3/WASC,5,3,6.30007,2.592701
sat-3wasc,SAT-3/WASC,6,0,13.372425,-8.776669
sat-3wasc,SAT-3/WASC,6,1,12.600065,-9.014619
sat-3wasc,SAT-3/WASC,6,2,11.700066,-9.512402
sat-3wasc,SAT-3/WASC,6,3,9.675067,-10.620065
sat-3wasc,SAT-3/WASC,7,0,-14.849915,26.964305
sat-3wasc,SAT-3/WASC,7,1,-15.862465,27.807912
sat-3wasc,SAT-3/WASC,7,2,-15.862465,27.942752
sat-3wasc,SAT-3/WASC,7,3,-15.699965,27.999761
sat-3wasc,SAT-3/WASC,8,0,2.250073,2.929809
sat-3wasc,SAT-3/WASC,8,1,2.025073,3.828234
sat-3wasc,SAT-3/WASC,8,2,2.025073,5.061987
sat-3wasc,SAT-3/WASC,8,3,2.440113,6.356673
sat-3wasc,SAT-3/WASC,9,0,7.650069,0.343586
sat-3wasc,SAT-3/WASC,9,1,8.550068,0.343586
sat-3wasc,SAT-3/WASC,9,2,9.454268,0.394465
sat-3wasc,SAT-3/WASC,10,0,-10.349918,33.93964
sat-3wasc,SAT-3/WASC,10,1,-8.54992,35.419781
sat-3wasc,SAT-3/WASC,10,2,-7.199921,36.331338
sat-3wasc,SAT-3/WASC,10,3,-6.428881,36.731294
scandinavian-ring-north,Scandinavian Ring North,0,0,12.640495,56.070694
scandinavian-ring-north,Scandinavian Ring North,0,1,12.66813,56.05731
scandinavian-ring-north,Scandinavian Ring North,0,2,12.695765,56.043921
scandinavian-ring-north,Scandinavian Ring North,0,3,12.68302,56.02474
scandinavian-ring-north,Scandinavian Ring North,0,4,12.670275,56.005551
scandinavian-ring-north,Scandinavian Ring North,0,5,12.64176,56.019473
scandinavian-ring-north,Scandinavian Ring North,0,6,12.613245,56.03339
scandinavian-ring-north,Scandinavian Ring North,0,7,12.62687,56.052047
scandinavian-ring-north,Scandinavian Ring North,0,8,12.640495,56.070694
scandinavian-ring-south,Scandinavian Ring South,0,0,12.670275,55.593736
scandinavian-ring-south,Scandinavian Ring South,0,1,12.825115,55.589679
scandinavian-ring-south,Scandinavian Ring South,0,2,12.918815,55.556804
scandinavian-ring-south,Scandinavian Ring South,0,3,12.768815,55.557907
scandinavian-ring-south,Scandinavian Ring South,0,4,12.670275,55.593736
seabras-1,Seabras-1,0,0,-46.412493,-24.008868
seabras-1,Seabras-1,0,1,-44.549894,-25.360305
seabras-1,Seabras-1,0,2,-41.399896,-25.540896
seabras-1,Seabras-1,0,3,-36.6749,-24.111503
seabras-1,Seabras-1,0,4,-31.049729,-18.025284
seabras-1,Seabras-1,0,5,-29.24973,-13.69782
seabras-1,Seabras-1,0,6,-28.574906,-9.290424
seabras-1,Seabras-1,0,7,-30.824904,-4.152768
seabras-1,Seabras-1,0,8,-34.199902,0.568579
seabras-1,Seabras-1,0,9,-39.599898,7.744889
seabras-1,Seabras-1,0,10,-48.757322,17.469778
seabras-1,Seabras-1,0,11,-61.805496,29.535337
seabras-1,Seabras-1,0,12,-65.045998,31.43586
seabras-1,Seabras-1,0,13,-65.52234,32.609815
seabras-1,Seabras-1,0,14,-68.056797,34.636547
seabras-1,Seabras-1,0,15,-73.133419,39.63897
seabras-1,Seabras-1,0,16,-74.062863,40.152834
seabras-1,Seabras-1,1,0,-65.556399,32.637365
seabras-1,Seabras-1,1,1,-65.68543,32.41624
seabras-1,Seabras-1,1,2,-65.499995,31.977134
seabras-1,Seabras-1,1,3,-65.097153,31.895737
seabras-1,Seabras-1,1,4,-64.933627,31.938696
seabras-1,Seabras-1,1,5,-64.633565,32.158659
seychelles-to-east-africa-system-seas,Seychelles to East Africa System (SEAS),0,0,39.269676,-6.823132
seychelles-to-east-africa-system-seas,Seychelles to East Africa System (SEAS),0,1,40.500046,-6.840101
seychelles-to-east-africa-system-seas,Seychelles to East Africa System (SEAS),0,2,42.750044,-6.616651
seychelles-to-east-africa-system-seas,Seychelles to East Africa System (SEAS),0,3,52.200037,-4.825692
seychelles-to-east-africa-system-seas,Seychelles to East Africa System (SEAS),0,4,54.000036,-4.601454
seychelles-to-east-africa-system-seas,Seychelles to East Africa System (SEAS),0,5,55.445055,-4.617611
shefa-2,SHEFA-2,0,0,-2.523654,57.666863
shefa-2,SHEFA-2,0,1,-2.699924,57.932057
shefa-2,SHEFA-2,0,2,-2.699924,58.524394
shefa-2,SHEFA-2,0,3,-2.900024,58.83337
shefa-2,SHEFA-2,0,4,-2.474924,58.875068
shefa-2,SHEFA-2,0,5,-1.687425,59.394489
shefa-2,SHEFA-2,0,6,-1.181175,59.679664
shefa-2,SHEFA-2,0,7,-1.124925,59.793059
shefa-2,SHEFA-2,0,8,-1.238545,59.996073
shefa-2,SHEFA-2,0,9,-1.267375,60.004078
shefa-2,SHEFA-2,0,10,-1.323655,60.004078
shefa-2,SHEFA-2,0,11,-1.799924,60.018698
shefa-2,SHEFA-2,0,12,-2.924924,60.354289
shefa-2,SHEFA-2,0,13,-6.299921,61.875571
shefa-2,SHEFA-2,0,14,-6.771841,62.017646
shefa-2,SHEFA-2,1,0,-4.333323,60.333365
shefa-2,SHEFA-2,1,1,-4.049923,60.242807
shefa-2,SHEFA-2,1,2,-3.599923,60.242807
shefa-2,SHEFA-2,1,3,-2.924924,60.354289
shefa-2,SHEFA-2,1,4,-2.699924,60.409888
shefa-2,SHEFA-2,1,5,-2.294924,60.441032
silphium,Silphium,0,0,22.639118,32.763635
silphium,Silphium,0,1,22.950058,33.565491
silphium,Silphium,0,2,23.175058,35.419781
silphium,Silphium,0,3,23.512558,35.740018
silphium,Silphium,0,4,23.737557,35.740018
silphium,Silphium,0,5,24.012167,35.512043
sirius-south,Sirius South,0,0,-3.050754,53.808976
sirius-south,Sirius South,0,1,-3.599923,53.802144
sirius-south,Sirius South,0,2,-5.624922,53.502098
sirius-south,Sirius South,0,3,-6.248311,53.348125
sirius-north,Sirius North,0,0,-5.808122,54.713955
sirius-north,Sirius North,0,1,-5.592112,54.713955
sirius-north,Sirius North,0,2,-4.949922,55.334581
sirius-north,Sirius North,0,3,-4.783462,55.637882
south-america-1-sam-1,South America-1 (SAm-1),0,0,-67.499878,18.465364
south-america-1-sam-1,South America-1 (SAm-1),0,1,-68.062378,18.678647
south-america-1-sam-1,South America-1 (SAm-1),0,2,-68.438157,18.621371
south-america-1-sam-1,South America-1 (SAm-1),1,0,-71.620435,-33.045541
south-america-1-sam-1,South America-1 (SAm-1),1,1,-71.999875,-31.851466
south-america-1-sam-1,South America-1 (SAm-1),1,2,-73.799873,-27.153831
south-america-1-sam-1,South America-1 (SAm-1),1,3,-72.899874,-19.517594
south-america-1-sam-1,South America-1 (SAm-1),1,4,-70.306756,-18.473543
south-america-1-sam-1,South America-1 (SAm-1),1,5,-72.899874,-19.092899
south-america-1-sam-1,South America-1 (SAm-1),1,6,-75.599872,-18.453814
south-america-1-sam-1,South America-1 (SAm-1),1,7,-77.849871,-15.441024
south-america-1-sam-1,South America-1 (SAm-1),1,8,-78.07487,-13.698987
south-america-1-sam-1,South America-1 (SAm-1),1,9,-77.849871,-12.822996
south-america-1-sam-1,South America-1 (SAm-1),1,10,-76.874281,-12.27842
south-america-1-sam-1,South America-1 (SAm-1),1,11,-79.19987,-12.38384
south-america-1-sam-1,South America-1 (SAm-1),1,12,-81.899868,-11.503334
south-america-1-sam-1,South America-1 (SAm-1),1,13,-84.149866,-6.616651
south-america-1-sam-1,South America-1 (SAm-1),1,14,-84.149866,-3.029996
south-america-1-sam-1,South America-1 (SAm-1),1,15,-86.399865,0.568579
south-america-1-sam-1,South America-1 (SAm-1),1,16,-90.449862,3.715978
south-america-1-sam-1,South America-1 (SAm-1),1,17,-91.799861,9.524411
south-america-1-sam-1,South America-1 (SAm-1),1,18,-91.349861,13.054151
south-america-1-sam-1,South America-1 (SAm-1),1,19,-90.822224,13.934797
south-america-1-sam-1,South America-1 (SAm-1),2,0,-80.088932,26.350585
south-america-1-sam-1,South America-1 (SAm-1),2,1,-79.874869,25.348717
south-america-1-sam-1,South America-1 (SAm-1),2,2,-80.324869,24.737178
south-america-1-sam-1,South America-1 (SAm-1),2,3,-80.999868,24.122617
south-america-1-sam-1,South America-1 (SAm-1),2,4,-83.249867,24.122617
south-america-1-sam-1,South America-1 (SAm-1),2,5,-84.824866,23.091785
south-america-1-sam-1,South America-1 (SAm-1),2,6,-85.724865,21.635297
south-america-1-sam-1,South America-1 (SAm-1),2,7,-86.174865,20.375041
south-america-1-sam-1,South America-1 (SAm-1),2,8,-86.962364,18.251816
south-america-1-sam-1,South America-1 (SAm-1),2,9,-87.862364,16.534196
south-america-1-sam-1,South America-1 (SAm-1),2,10,-88.312363,16.102326
south-america-1-sam-1,South America-1 (SAm-1),2,11,-88.597135,15.727237
south-america-1-sam-1,South America-1 (SAm-1),3,0,-38.504488,-12.969972
south-america-1-sam-1,South America-1 (SAm-1),3,1,-37.349899,-13.698987
south-america-1-sam-1,South America-1 (SAm-1),3,2,-36.4499,-13.698987
south-america-1-sam-1,South America-1 (SAm-1),4,0,-66.106669,18.466104
south-america-1-sam-1,South America-1 (SAm-1),4,1,-66.487379,18.678647
south-america-1-sam-1,South America-1 (SAm-1),4,2,-67.049878,18.785188
south-america-1-sam-1,South America-1 (SAm-1),4,3,-67.499878,18.465364
south-america-1-sam-1,South America-1 (SAm-1),4,4,-67.724878,17.823934
south-america-1-sam-1,South America-1 (SAm-1),4,5,-70.199876,14.583512
south-america-1-sam-1,South America-1 (SAm-1),4,6,-71.549875,13.710818
south-america-1-sam-1,South America-1 (SAm-1),4,7,-74.147093,12.416908
south-america-1-sam-1,South America-1 (SAm-1),4,8,-74.812373,11.73565
south-america-1-sam-1,South America-1 (SAm-1),4,9,-74.779753,10.940446
south-america-1-sam-1,South America-1 (SAm-1),5,0,-81.053781,-4.153835
south-america-1-sam-1,South America-1 (SAm-1),5,1,-81.449868,-3.479269
south-america-1-sam-1,South America-1 (SAm-1),5,2,-81.449868,-2.580537
south-america-1-sam-1,South America-1 (SAm-1),6,0,-80.914421,-2.272903
south-america-1-sam-1,South America-1 (SAm-1),6,1,-81.449868,-2.580537
south-america-1-sam-1,South America-1 (SAm-1),6,2,-84.149866,-3.029996
south-america-1-sam-1,South America-1 (SAm-1),7,0,-44.549894,-24.816917
south-america-1-sam-1,South America-1 (SAm-1),7,1,-43.424895,-23.905969
south-america-1-sam-1,South America-1 (SAm-1),7,2,-43.209565,-22.903487
south-america-1-sam-1,South America-1 (SAm-1),8,0,-46.328063,-23.961843
south-america-1-sam-1,South America-1 (SAm-1),8,1,-45.449894,-25.134187
south-america-1-sam-1,South America-1 (SAm-1),8,2,-43.649895,-27.951747
south-america-1-sam-1,South America-1 (SAm-1),8,3,-45.899893,-32.61276
south-america-1-sam-1,South America-1 (SAm-1),8,4,-50.84989,-35.226267
south-america-1-sam-1,South America-1 (SAm-1),8,5,-53.999888,-36.321528
south-america-1-sam-1,South America-1 (SAm-1),8,6,-56.695446,-36.470955
south-america-1-sam-1,South America-1 (SAm-1),9,0,-46.328063,-23.961843
south-america-1-sam-1,South America-1 (SAm-1),9,1,-44.549894,-24.816917
south-america-1-sam-1,South America-1 (SAm-1),9,2,-42.749895,-24.726118
south-america-1-sam-1,South America-1 (SAm-1),9,3,-40.949897,-23.287413
south-america-1-sam-1,South America-1 (SAm-1),9,4,-39.037398,-21.937383
south-america-1-sam-1,South America-1 (SAm-1),9,5,-37.349899,-18.026426
south-america-1-sam-1,South America-1 (SAm-1),9,6,-36.4499,-13.698987
south-america-1-sam-1,South America-1 (SAm-1),9,7,-33.749902,-8.401139
south-america-1-sam-1,South America-1 (SAm-1),9,8,-33.749902,-6.616651
south-america-1-sam-1,South America-1 (SAm-1),9,9,-34.649901,-4.825692
south-america-1-sam-1,South America-1 (SAm-1),9,10,-35.9999,-4.152768
south-america-1-sam-1,South America-1 (SAm-1),9,11,-38.542968,-3.718735
south-america-1-sam-1,South America-1 (SAm-1),9,12,-38.474899,-1.231316
south-america-1-sam-1,South America-1 (SAm-1),9,13,-39.599898,1.468427
south-america-1-sam-1,South America-1 (SAm-1),9,14,-46.799893,8.635699
south-america-1-sam-1,South America-1 (SAm-1),9,15,-52.199889,13.929304
south-america-1-sam-1,South America-1 (SAm-1),9,16,-57.599885,16.534196
south-america-1-sam-1,South America-1 (SAm-1),9,17,-59.399884,17.823934
south-america-1-sam-1,South America-1 (SAm-1),9,18,-62.099882,19.104405
south-america-1-sam-1,South America-1 (SAm-1),9,19,-65.24988,18.998068
south-america-1-sam-1,South America-1 (SAm-1),9,20,-65.699879,18.785188
south-america-1-sam-1,South America-1 (SAm-1),9,21,-65.981079,18.678647
south-america-1-sam-1,South America-1 (SAm-1),9,22,-66.106669,18.466104
south-america-1-sam-1,South America-1 (SAm-1),9,23,-66.374879,19.104405
south-america-1-sam-1,South America-1 (SAm-1),9,24,-66.374879,20.375041
south-america-1-sam-1,South America-1 (SAm-1),9,25,-67.499878,22.052986
south-america-1-sam-1,South America-1 (SAm-1),9,26,-69.299877,23.298598
south-america-1-sam-1,South America-1 (SAm-1),9,27,-73.349874,25.348717
south-america-1-sam-1,South America-1 (SAm-1),9,28,-76.949871,27.364668
south-america-1-sam-1,South America-1 (SAm-1),9,29,-77.849871,27.464534
south-america-1-sam-1,South America-1 (SAm-1),9,30,-79.649869,26.713351
south-america-1-sam-1,South America-1 (SAm-1),9,31,-80.088932,26.350585
south-american-crossing-sac,South American Crossing (SAC),0,0,-71.620435,-33.045541
south-american-crossing-sac,South American Crossing (SAC),0,1,-72.449874,-31.851466
south-american-crossing-sac,South American Crossing (SAC),0,2,-74.249873,-27.153831
south-american-crossing-sac,South American Crossing (SAC),0,3,-78.29987,-15.441024
south-american-crossing-sac,South American Crossing (SAC),0,4,-78.29987,-13.698987
south-american-crossing-sac,South American Crossing (SAC),0,5,-78.07487,-12.822996
south-american-crossing-sac,South American Crossing (SAC),0,6,-76.874281,-12.27842
south-american-crossing-sac,South American Crossing (SAC),0,7,-79.19987,-12.163984
south-american-crossing-sac,South American Crossing (SAC),0,8,-80.999868,-11.503334
south-american-crossing-sac,South American Crossing (SAC),0,9,-83.249867,-6.616651
south-american-crossing-sac,South American Crossing (SAC),0,10,-83.249867,-3.029996
south-american-crossing-sac,South American Crossing (SAC),0,11,-82.799867,0.568579
south-american-crossing-sac,South American Crossing (SAC),0,12,-81.899868,2.367913
south-american-crossing-sac,South American Crossing (SAC),0,13,-79.649869,5.061987
south-american-crossing-sac,South American Crossing (SAC),0,14,-79.19987,7.298763
south-american-crossing-sac,South American Crossing (SAC),0,15,-79.537369,8.190543
south-american-crossing-sac,South American Crossing (SAC),0,16,-79.546549,8.934107
south-american-crossing-sac,South American Crossing (SAC),1,0,-67.033908,10.60813
south-american-crossing-sac,South American Crossing (SAC),1,1,-67.387378,11.294709
south-american-crossing-sac,South American Crossing (SAC),1,2,-67.724878,12.615396
south-american-crossing-sac,South American Crossing (SAC),1,3,-68.849877,13.929304
south-american-crossing-sac,South American Crossing (SAC),1,4,-70.199876,15.235782
south-american-crossing-sac,South American Crossing (SAC),2,0,-56.695446,-36.470955
south-american-crossing-sac,South American Crossing (SAC),2,1,-53.999888,-36.140033
south-american-crossing-sac,South American Crossing (SAC),2,2,-50.84989,-34.857839
south-american-crossing-sac,South American Crossing (SAC),2,3,-46.799893,-32.61276
south-american-crossing-sac,South American Crossing (SAC),2,4,-44.549894,-27.951747
south-american-crossing-sac,South American Crossing (SAC),2,5,-45.674893,-25.134187
south-american-crossing-sac,South American Crossing (SAC),2,6,-46.328063,-23.961843
south-american-crossing-sac,South American Crossing (SAC),2,7,-44.999894,-24.316707
south-american-crossing-sac,South American Crossing (SAC),2,8,-43.649895,-23.700108
south-american-crossing-sac,South American Crossing (SAC),2,9,-43.209565,-22.903487
south-american-crossing-sac,South American Crossing (SAC),2,10,-42.299896,-23.803113
south-american-crossing-sac,South American Crossing (SAC),2,11,-40.949897,-24.111503
south-american-crossing-sac,South American Crossing (SAC),2,12,-37.687399,-23.184038
south-american-crossing-sac,South American Crossing (SAC),2,13,-33.749902,-18.026426
south-american-crossing-sac,South American Crossing (SAC),2,14,-31.949903,-13.698987
south-american-crossing-sac,South American Crossing (SAC),2,15,-30.599904,-9.290424
south-american-crossing-sac,South American Crossing (SAC),2,16,-31.837403,-5.161911
south-american-crossing-sac,South American Crossing (SAC),2,17,-34.199902,-3.816084
south-american-crossing-sac,South American Crossing (SAC),2,18,-35.9999,-3.254657
south-american-crossing-sac,South American Crossing (SAC),2,19,-38.542968,-3.718735
south-american-crossing-sac,South American Crossing (SAC),2,20,-38.699898,-1.231316
south-american-crossing-sac,South American Crossing (SAC),2,21,-40.049897,1.468427
south-american-crossing-sac,South American Crossing (SAC),2,22,-46.799893,6.852191
south-american-crossing-sac,South American Crossing (SAC),2,23,-51.299889,8.635699
south-american-crossing-sac,South American Crossing (SAC),2,24,-54.899887,10.85309
south-american-crossing-sac,South American Crossing (SAC),2,25,-57.149885,13.054151
south-american-crossing-sac,South American Crossing (SAC),2,26,-60.299883,16.534196
south-american-crossing-sac,South American Crossing (SAC),2,27,-61.649882,17.395023
south-american-crossing-sac,South American Crossing (SAC),2,28,-63.449881,17.823934
south-american-crossing-sac,South American Crossing (SAC),2,29,-64.12488,18.038005
south-american-crossing-sac,South American Crossing (SAC),2,30,-64.57488,18.038005
south-american-crossing-sac,South American Crossing (SAC),2,31,-64.81926,17.773909
south-american-crossing-sac,South American Crossing (SAC),2,32,-64.99143,17.831274
south-american-crossing-sac,South American Crossing (SAC),2,33,-66.149879,16.965103
south-american-crossing-sac,South American Crossing (SAC),2,34,-68.399877,15.886036
south-american-crossing-sac,South American Crossing (SAC),2,35,-70.199876,15.235782
south-american-crossing-sac,South American Crossing (SAC),2,36,-71.549875,14.583512
south-american-crossing-sac,South American Crossing (SAC),2,37,-74.249873,13.273238
south-american-crossing-sac,South American Crossing (SAC),2,38,-78.29987,11.515266
south-american-crossing-sac,South American Crossing (SAC),2,39,-79.874869,9.967915
south-american-crossing-sac,South American Crossing (SAC),2,40,-79.900259,9.353803
south-american-crossing-sac,South American Crossing (SAC),3,0,-77.040301,3.883678
south-american-crossing-sac,South American Crossing (SAC),3,1,-78.29987,4.164913
south-american-crossing-sac,South American Crossing (SAC),3,2,-79.649869,5.061987
south-atlantic-cable-system-sacs,South Atlantic Cable System (SACS),0,0,-38.542968,-3.718735
south-atlantic-cable-system-sacs,South Atlantic Cable System (SACS),0,1,-35.9999,-2.805288
south-atlantic-cable-system-sacs,South Atlantic Cable System (SACS),0,2,-34.199902,-2.580537
south-atlantic-cable-system-sacs,South Atlantic Cable System (SACS),0,3,-29.812405,-3.142333
south-atlantic-cable-system-sacs,South Atlantic Cable System (SACS),0,4,-19.799912,-6.616651
south-atlantic-cable-system-sacs,South Atlantic Cable System (SACS),0,5,-5.399922,-8.401139
south-atlantic-cable-system-sacs,South Atlantic Cable System (SACS),0,6,7.200069,-9.068306
south-atlantic-cable-system-sacs,South Atlantic Cable System (SACS),0,7,11.700066,-9.068306
south-atlantic-cable-system-sacs,South Atlantic Cable System (SACS),0,8,12.600065,-9.198513
south-atlantic-cable-system-sacs,South Atlantic Cable System (SACS),0,9,13.20144,-9.490081
southern-cross-cable-network-sccn,Southern Cross Cable Network (SCCN),0,0,174.76792,-36.78781
southern-cross-cable-network-sccn,Southern Cross Cable Network (SCCN),0,1,175.049908,-36.592978
southern-cross-cable-network-sccn,Southern Cross Cable Network (SCCN),0,2,175.049908,-36.140033
southern-cross-cable-network-sccn,Southern Cross Cable Network (SCCN),0,3,175.499907,-35.775783
southern-cross-cable-network-sccn,Southern Cross Cable Network (SCCN),0,4,178.649905,-36.140033
southern-cross-cable-network-sccn,Southern Cross Cable Network (SCCN),0,5,179.999904,-35.593029
southern-cross-cable-network-sccn,Southern Cross Cable Network (SCCN),1,0,151.196257,-33.913572
southern-cross-cable-network-sccn,Southern Cross Cable Network (SCCN),1,1,152.099966,-34.394975
southern-cross-cable-network-sccn,Southern Cross Cable Network (SCCN),1,2,155.699964,-35.226267
southern-cross-cable-network-sccn,Southern Cross Cable Network (SCCN),1,3,159.299961,-35.775783
southern-cross-cable-network-sccn,Southern Cross Cable Network (SCCN),1,4,167.399956,-36.321528
southern-cross-cable-network-sccn,Southern Cross Cable Network (SCCN),1,5,172.799952,-36.683251
southern-cross-cable-network-sccn,Southern Cross Cable Network (SCCN),1,6,174.623391,-36.787578
southern-cross-cable-network-sccn,Southern Cross Cable Network (SCCN),2,0,179.99996,-17.383402
southern-cross-cable-network-sccn,Southern Cross Cable Network (SCCN),2,1,178.874961,-18.028804
southern-cross-cable-network-sccn,Southern Cross Cable Network (SCCN),2,2,178.437448,-18.123811
southern-cross-cable-network-sccn,Southern Cross Cable Network (SCCN),2,3,178.087448,-18.88014
southern-cross-cable-network-sccn,Southern Cross Cable Network (SCCN),2,4,173.699965,-23.905969
southern-cross-cable-network-sccn,Southern Cross Cable Network (SCCN),2,5,166.49997,-27.153831
southern-cross-cable-network-sccn,Southern Cross Cable Network (SCCN),2,6,160.649974,-31.083835
southern-cross-cable-network-sccn,Southern Cross Cable Network (SCCN),2,7,154.799965,-33.009923
southern-cross-cable-network-sccn,Southern Cross Cable Network (SCCN),2,8,152.092065,-34.117356
southern-cross-cable-network-sccn,Southern Cross Cable Network (SCCN),2,9,151.59183,-33.963054
southern-cross-cable-network-sccn,Southern Cross Cable Network (SCCN),2,10,151.273987,-33.761161
southern-cross-cable-network-sccn,Southern Cross Cable Network (SCCN),3,0,-179.999798,-35.593029
southern-cross-cable-network-sccn,Southern Cross Cable Network (SCCN),3,1,-175.499801,-34.11602
southern-cross-cable-network-sccn,Southern Cross Cable Network (SCCN),3,2,-172.799803,-25.540896
southern-cross-cable-network-sccn,Southern Cross Cable Network (SCCN),3,3,-169.199806,-15.441024
southern-cross-cable-network-sccn,Southern Cross Cable Network (SCCN),3,4,-168.299807,-10.177457
southern-cross-cable-network-sccn,Southern Cross Cable Network (SCCN),3,5,-163.79981,2.367913
southern-cross-cable-network-sccn,Southern Cross Cable Network (SCCN),3,6,-160.199812,13.054151
southern-cross-cable-network-sccn,Southern Cross Cable Network (SCCN),3,7,-157.499814,18.678647
southern-cross-cable-network-sccn,Southern Cross Cable Network (SCCN),3,8,-156.487315,19.740987
southern-cross-cable-network-sccn,Southern Cross Cable Network (SCCN),3,9,-155.856356,20.00374
southern-cross-cable-network-sccn,Southern Cross Cable Network (SCCN),3,10,-155.924815,20.269544
southern-cross-cable-network-sccn,Southern Cross Cable Network (SCCN),3,11,-155.699815,20.585819
southern-cross-cable-network-sccn,Southern Cross Cable Network (SCCN),3,12,-152.999817,23.298598
southern-cross-cable-network-sccn,Southern Cross Cable Network (SCCN),3,13,-147.603098,26.564516
southern-cross-cable-network-sccn,Southern Cross Cable Network (SCCN),3,14,-138.603105,28.163027
southern-cross-cable-network-sccn,Southern Cross Cable Network (SCCN),3,15,-127.799835,31.670513
southern-cross-cable-network-sccn,Southern Cross Cable Network (SCCN),3,16,-122.399839,34.497791
southern-cross-cable-network-sccn,Southern Cross Cable Network (SCCN),3,17,-120.847202,35.367078
southern-cross-cable-network-sccn,Southern Cross Cable Network (SCCN),4,0,-122.989801,45.522899
southern-cross-cable-network-sccn,Southern Cross Cable Network (SCCN),4,1,-123.524838,45.823217
southern-cross-cable-network-sccn,Southern Cross Cable Network (SCCN),4,2,-124.199838,45.862403
southern-cross-cable-network-sccn,Southern Cross Cable Network (SCCN),4,3,-125.099837,45.331071
southern-cross-cable-network-sccn,Southern Cross Cable Network (SCCN),4,4,-128.699835,42.743713
southern-cross-cable-network-sccn,Southern Cross Cable Network (SCCN),4,5,-138.603105,35.787479
southern-cross-cable-network-sccn,Southern Cross Cable Network (SCCN),4,6,-147.603098,31.288653
southern-cross-cable-network-sccn,Southern Cross Cable Network (SCCN),4,7,-152.999817,26.562513
southern-cross-cable-network-sccn,Southern Cross Cable Network (SCCN),4,8,-157.949814,22.907684
southern-cross-cable-network-sccn,Southern Cross Cable Network (SCCN),4,9,-158.512313,22.052986
southern-cross-cable-network-sccn,Southern Cross Cable Network (SCCN),4,10,-158.512312,21.739834
southern-cross-cable-network-sccn,Southern Cross Cable Network (SCCN),4,11,-158.512313,21.635297
southern-cross-cable-network-sccn,Southern Cross Cable Network (SCCN),4,12,-158.130574,21.354069
southern-cross-cable-network-sccn,Southern Cross Cable Network (SCCN),4,13,-158.737313,20.796306
southern-cross-cable-network-sccn,Southern Cross Cable Network (SCCN),4,14,-159.974812,18.678647
southern-cross-cable-network-sccn,Southern Cross Cable Network (SCCN),4,15,-162.89981,14.801154
southern-cross-cable-network-sccn,Southern Cross Cable Network (SCCN),4,16,-166.499808,10.410817
southern-cross-cable-network-sccn,Southern Cross Cable Network (SCCN),4,17,-171.899804,2.367913
southern-cross-cable-network-sccn,Southern Cross Cable Network (SCCN),4,18,-176.399801,-6.616651
southern-cross-cable-network-sccn,Southern Cross Cable Network (SCCN),4,19,-179.099799,-15.006817
southern-cross-cable-network-sccn,Southern Cross Cable Network (SCCN),4,20,-179.549799,-16.953455
southern-cross-cable-network-sccn,Southern Cross Cable Network (SCCN),4,21,-179.999798,-17.383402
southern-cross-cable-network-sccn,Southern Cross Cable Network (SCCN),5,0,-155.822036,20.023293
southern-cross-cable-network-sccn,Southern Cross Cable Network (SCCN),5,1,-156.149815,20.269544
southern-cross-cable-network-sccn,Southern Cross Cable Network (SCCN),5,2,-156.896885,20.456951
southern-cross-cable-network-sccn,Southern Cross Cable Network (SCCN),5,3,-157.347325,20.509645
southern-cross-cable-network-sccn,Southern Cross Cable Network (SCCN),5,4,-157.858514,20.893863
southern-cross-cable-network-sccn,Southern Cross Cable Network (SCCN),5,5,-158.130574,21.354069
st-thomas-st-croix-system,St. Thomas-St. Croix System,0,0,-64.99387,18.324604
st-thomas-st-croix-system,St. Thomas-St. Croix System,0,1,-64.98457,18.333504
st-thomas-st-croix-system,St. Thomas-St. Croix System,0,2,-64.97527,18.342402
st-thomas-st-croix-system,St. Thomas-St. Croix System,0,3,-64.961645,18.339066
st-thomas-st-croix-system,St. Thomas-St. Croix System,0,4,-64.94802,18.335729
st-thomas-st-croix-system,St. Thomas-St. Croix System,0,5,-64.945925,18.331975
st-thomas-st-croix-system,St. Thomas-St. Croix System,0,6,-64.94383,18.328221
st-thomas-st-croix-system,St. Thomas-St. Croix System,0,7,-64.95081,18.320574
st-thomas-st-croix-system,St. Thomas-St. Croix System,0,8,-64.95779,18.312928
st-thomas-st-croix-system,St. Thomas-St. Croix System,0,9,-64.92754,18.302774
st-thomas-st-croix-system,St. Thomas-St. Croix System,0,10,-64.89729,18.29262
st-thomas-st-croix-system,St. Thomas-St. Croix System,0,11,-64.870215,18.307545
st-thomas-st-croix-system,St. Thomas-St. Croix System,0,12,-64.84314,18.322468
st-thomas-st-croix-system,St. Thomas-St. Croix System,1,0,-64.84314,18.322468
st-thomas-st-croix-system,St. Thomas-St. Croix System,1,1,-64.68455,17.78228
st-thomas-st-croix-system,St. Thomas-St. Croix System,1,2,-64.7032,17.746663
st-thomas-st-croix-system,St. Thomas-St. Croix System,1,3,-64.7032,17.78228
st-thomas-st-croix-system,St. Thomas-St. Croix System,1,4,-64.72175,17.801342
st-thomas-st-croix-system,St. Thomas-St. Croix System,1,5,-64.90008,17.801342
st-thomas-st-croix-system,St. Thomas-St. Croix System,1,6,-64.90008,17.748053
st-thomas-st-croix-system,St. Thomas-St. Croix System,1,7,-64.88147,17.71243
st-thomas-st-croix-system,St. Thomas-St. Croix System,1,8,-64.91863,17.748053
st-thomas-st-croix-system,St. Thomas-St. Croix System,1,9,-64.99387,18.324604
subcan-link-1,Subcan Link 1,0,0,-16.362314,28.377624
subcan-link-1,Subcan Link 1,0,1,-15.288095,28.388533
subcan-link-1,Subcan Link 1,0,2,-15.180095,28.388533
subcan-link-1,Subcan Link 1,0,3,-15.180095,28.060359
subcan-link-1,Subcan Link 1,0,4,-15.408755,28.04097
subcan-link-2,Subcan Link 2,0,0,-16.362314,28.377624
subcan-link-2,Subcan Link 2,0,1,-15.288095,28.484109
subcan-link-2,Subcan Link 2,0,2,-15.072085,28.484109
subcan-link-2,Subcan Link 2,0,3,-15.072085,28.060359
subcan-link-2,Subcan Link 2,0,4,-15.408755,28.04097
suriname-guyana-submarine-cable-system-sg-scs,Suriname-Guyana Submarine Cable System (SG-SCS),0,0,-58.154865,6.804293
suriname-guyana-submarine-cable-system-sg-scs,Suriname-Guyana Submarine Cable System (SG-SCS),0,1,-57.712385,7.298763
suriname-guyana-submarine-cable-system-sg-scs,Suriname-Guyana Submarine Cable System (SG-SCS),0,2,-57.374885,8.190543
suriname-guyana-submarine-cable-system-sg-scs,Suriname-Guyana Submarine Cable System (SG-SCS),1,0,-56.375376,5.886621
suriname-guyana-submarine-cable-system-sg-scs,Suriname-Guyana Submarine Cable System (SG-SCS),1,1,-56.362386,6.405201
suriname-guyana-submarine-cable-system-sg-scs,Suriname-Guyana Submarine Cable System (SG-SCS),1,2,-56.474886,7.298763
suriname-guyana-submarine-cable-system-sg-scs,Suriname-Guyana Submarine Cable System (SG-SCS),1,3,-57.374885,8.190543
suriname-guyana-submarine-cable-system-sg-scs,Suriname-Guyana Submarine Cable System (SG-SCS),1,4,-60.299883,10.632033
suriname-guyana-submarine-cable-system-sg-scs,Suriname-Guyana Submarine Cable System (SG-SCS),1,5,-60.749883,10.85309
suriname-guyana-submarine-cable-system-sg-scs,Suriname-Guyana Submarine Cable System (SG-SCS),1,6,-60.974883,10.963557
suriname-guyana-submarine-cable-system-sg-scs,Suriname-Guyana Submarine Cable System (SG-SCS),1,7,-61.424882,10.85309
suriname-guyana-submarine-cable-system-sg-scs,Suriname-Guyana Submarine Cable System (SG-SCS),1,8,-61.650812,10.686261
svalbard-undersea-cable-system,Svalbard Undersea Cable System,0,0,15.642983,78.218112
svalbard-undersea-cable-system,Svalbard Undersea Cable System,0,1,14.429373,78.136939
svalbard-undersea-cable-system,Svalbard Undersea Cable System,0,2,13.507532,78.150769
svalbard-undersea-cable-system,Svalbard Undersea Cable System,0,3,12.763751,78.048519
svalbard-undersea-cable-system,Svalbard Undersea Cable System,0,4,11.700066,77.07069
svalbard-undersea-cable-system,Svalbard Undersea Cable System,0,5,12.600065,73.422115
svalbard-undersea-cable-system,Svalbard Undersea Cable System,0,6,16.200063,69.737246
svalbard-undersea-cable-system,Svalbard Undersea Cable System,0,7,16.875062,69.104595
svalbard-undersea-cable-system,Svalbard Undersea Cable System,0,8,16.875062,68.862519
svalbard-undersea-cable-system,Svalbard Undersea Cable System,0,9,16.553188,68.73431
svalbard-undersea-cable-system,Svalbard Undersea Cable System,0,10,16.987562,68.862519
svalbard-undersea-cable-system,Svalbard Undersea Cable System,0,11,17.100062,69.104595
svalbard-undersea-cable-system,Svalbard Undersea Cable System,0,12,16.650062,69.737246
svalbard-undersea-cable-system,Svalbard Undersea Cable System,0,13,13.050065,73.422115
svalbard-undersea-cable-system,Svalbard Undersea Cable System,0,14,12.150066,77.07069
svalbard-undersea-cable-system,Svalbard Undersea Cable System,0,15,13.050065,78.039939
svalbard-undersea-cable-system,Svalbard Undersea Cable System,0,16,13.525563,78.120185
svalbard-undersea-cable-system,Svalbard Undersea Cable System,0,17,14.45226,78.115412
svalbard-undersea-cable-system,Svalbard Undersea Cable System,0,18,15.642983,78.218112
sweden-estonia-ee-s-1,Sweden-Estonia (EE-S 1),0,0,24.752497,59.4364
sweden-estonia-ee-s-1,Sweden-Estonia (EE-S 1),0,1,24.412557,59.508849
sweden-estonia-ee-s-1,Sweden-Estonia (EE-S 1),0,2,23.850057,59.451717
sweden-estonia-ee-s-1,Sweden-Estonia (EE-S 1),0,3,23.175058,59.222224
sweden-estonia-ee-s-1,Sweden-Estonia (EE-S 1),0,4,22.736388,59.000083
sweden-estonia-ee-s-1,Sweden-Estonia (EE-S 1),0,5,22.050059,59.106895
sweden-estonia-ee-s-1,Sweden-Estonia (EE-S 1),0,6,20.25006,59.279743
sweden-estonia-ee-s-1,Sweden-Estonia (EE-S 1),0,7,18.900061,59.279743
sweden-estonia-ee-s-1,Sweden-Estonia (EE-S 1),0,8,18.688361,59.292767
taino-carib,Taino-Carib,0,0,-66.082789,18.453602
taino-carib,Taino-Carib,0,1,-66.030608,18.444291
taino-carib,Taino-Carib,0,2,-66.016869,18.44184
taino-carib,Taino-Carib,0,3,-65.699879,18.465364
taino-carib,Taino-Carib,0,4,-64.93709,18.372992
taiwan-strait-express-1-tse-1,Taiwan Strait Express-1 (TSE-1),0,0,119.607814,25.780771
taiwan-strait-express-1-tse-1,Taiwan Strait Express-1 (TSE-1),0,1,119.924989,25.805356
taiwan-strait-express-1-tse-1,Taiwan Strait Express-1 (TSE-1),0,2,120.824989,25.551883
taiwan-strait-express-1-tse-1,Taiwan Strait Express-1 (TSE-1),0,3,121.274988,25.348717
taiwan-strait-express-1-tse-1,Taiwan Strait Express-1 (TSE-1),0,4,121.462588,25.181713
exelera-north,Exelera North,0,0,32.466651,34.766572
exelera-north,Exelera North,0,1,32.625051,34.497791
exelera-north,Exelera North,0,2,33.52505,33.565491
exelera-north,Exelera North,0,3,34.20005,33.001219
exelera-north,Exelera North,0,4,34.971901,32.7617
tangerine,Tangerine,0,0,1.440993,51.358571
tangerine,Tangerine,0,1,1.800073,51.235992
tangerine,Tangerine,0,2,2.475072,51.235992
tangerine,Tangerine,0,3,2.912772,51.231221
tasman-global-access-tga-cable,Tasman Global Access (TGA) Cable,0,0,174.87183,-37.801382
tasman-global-access-tga-cable,Tasman Global Access (TGA) Cable,0,1,174.599951,-37.758236
tasman-global-access-tga-cable,Tasman Global Access (TGA) Cable,0,2,172.799952,-37.401611
tasman-global-access-tga-cable,Tasman Global Access (TGA) Cable,0,3,167.399956,-37.04328
tasman-global-access-tga-cable,Tasman Global Access (TGA) Cable,0,4,159.299961,-36.5026
tasman-global-access-tga-cable,Tasman Global Access (TGA) Cable,0,5,155.699964,-35.593029
tasman-global-access-tga-cable,Tasman Global Access (TGA) Cable,0,6,152.099966,-34.487754
tasman-global-access-tga-cable,Tasman Global Access (TGA) Cable,0,7,151.245087,-33.737123
tata-tgn-atlantic-south,Tata TGN-Atlantic South,0,0,-2.974874,51.222447
tata-tgn-atlantic-south,Tata TGN-Atlantic South,0,1,-4.049923,51.376652
tata-tgn-atlantic-south,Tata TGN-Atlantic South,0,2,-5.399922,51.1655
tata-tgn-atlantic-south,Tata TGN-Atlantic South,0,3,-7.199921,51.024193
tata-tgn-atlantic-south,Tata TGN-Atlantic South,0,4,-10.799918,50.311167
tata-tgn-atlantic-south,Tata TGN-Atlantic South,0,5,-16.199914,49.878145
tata-tgn-atlantic-south,Tata TGN-Atlantic South,0,6,-23.399909,49.587287
tata-tgn-atlantic-south,Tata TGN-Atlantic South,0,7,-39.599898,45.646541
tata-tgn-atlantic-south,Tata TGN-Atlantic South,0,8,-50.39989,42.578254
tata-tgn-atlantic-south,Tata TGN-Atlantic South,0,9,-61.199882,41.06934
tata-tgn-atlantic-south,Tata TGN-Atlantic South,0,10,-68.399877,40.729204
tata-tgn-atlantic-south,Tata TGN-Atlantic South,0,11,-71.099875,40.301577
tata-tgn-atlantic-south,Tata TGN-Atlantic South,0,12,-74.062863,40.152834
tata-tgn-gulf,Tata TGN-Gulf,0,0,51.519278,25.294609
tata-tgn-gulf,Tata TGN-Gulf,0,1,51.975037,26.058288
tata-tgn-gulf,Tata TGN-Gulf,0,2,52.425037,26.562513
tata-tgn-gulf,Tata TGN-Gulf,1,0,50.576018,26.229495
tata-tgn-gulf,Tata TGN-Gulf,1,1,51.187538,26.562513
tata-tgn-gulf,Tata TGN-Gulf,1,2,51.750038,26.964305
tata-tgn-gulf,Tata TGN-Gulf,2,0,55.308535,25.269354
tata-tgn-gulf,Tata TGN-Gulf,2,1,55.181285,25.551883
tata-tgn-gulf,Tata TGN-Gulf,2,2,55.237535,25.855985
tata-tgn-gulf,Tata TGN-Gulf,2,3,55.350035,26.058288
tata-tgn-gulf,Tata TGN-Gulf,3,0,61.87503,18.678647
tata-tgn-gulf,Tata TGN-Gulf,3,1,61.87503,22.469444
tata-tgn-gulf,Tata TGN-Gulf,3,2,60.750031,22.884654
tata-tgn-gulf,Tata TGN-Gulf,3,3,59.625032,22.884654
tata-tgn-gulf,Tata TGN-Gulf,3,4,59.366662,22.700004
tata-tgn-gulf,Tata TGN-Gulf,3,5,59.400032,22.884654
tata-tgn-gulf,Tata TGN-Gulf,3,6,59.175032,23.608214
tata-tgn-gulf,Tata TGN-Gulf,3,7,58.500033,24.430272
tata-tgn-gulf,Tata TGN-Gulf,3,8,56.925034,25.043329
tata-tgn-gulf,Tata TGN-Gulf,3,9,56.333724,25.12169
tata-tgn-gulf,Tata TGN-Gulf,3,10,56.812534,25.348717
tata-tgn-gulf,Tata TGN-Gulf,3,11,56.925034,26.159308
tata-tgn-gulf,Tata TGN-Gulf,3,12,56.756284,26.562513
tata-tgn-gulf,Tata TGN-Gulf,3,13,56.250034,26.612815
tata-tgn-gulf,Tata TGN-Gulf,3,14,55.800035,26.260241
tata-tgn-gulf,Tata TGN-Gulf,3,15,55.350035,26.058288
tata-tgn-gulf,Tata TGN-Gulf,3,16,53.550036,26.058288
tata-tgn-gulf,Tata TGN-Gulf,3,17,52.425037,26.562513
tata-tgn-gulf,Tata TGN-Gulf,3,18,51.750038,26.964305
tata-tgn-gulf,Tata TGN-Gulf,3,19,51.075038,27.364668
tata-tgn-gulf,Tata TGN-Gulf,3,20,50.512538,26.964305
tata-tgn-gulf,Tata TGN-Gulf,3,21,50.287539,26.461844
tata-tgn-gulf,Tata TGN-Gulf,3,22,50.214199,26.285375
tata-tgn-pacific,Tata TGN-Pacific,0,0,179.999958,47.805412
tata-tgn-pacific,Tata TGN-Pacific,0,1,172.799952,47.805412
tata-tgn-pacific,Tata TGN-Pacific,0,2,160.199961,44.694829
tata-tgn-pacific,Tata TGN-Pacific,0,3,149.399968,39.002379
tata-tgn-pacific,Tata TGN-Pacific,0,4,143.099973,35.05223
tata-tgn-pacific,Tata TGN-Pacific,0,5,138.599976,34.032922
tata-tgn-pacific,Tata TGN-Pacific,0,6,137.699977,34.312152
tata-tgn-pacific,Tata TGN-Pacific,0,7,137.391577,34.769143
tata-tgn-pacific,Tata TGN-Pacific,0,8,137.587477,34.312152
tata-tgn-pacific,Tata TGN-Pacific,0,9,138.599976,24.122617
tata-tgn-pacific,Tata TGN-Pacific,0,10,139.949975,21.635297
tata-tgn-pacific,Tata TGN-Pacific,0,11,142.199974,16.965103
tata-tgn-pacific,Tata TGN-Pacific,0,12,143.324973,15.235782
tata-tgn-pacific,Tata TGN-Pacific,0,13,144.224972,13.929304
tata-tgn-pacific,Tata TGN-Pacific,0,14,144.694702,13.464773
tata-tgn-pacific,Tata TGN-Pacific,1,0,179.999958,48.406382
tata-tgn-pacific,Tata TGN-Pacific,1,1,172.799952,48.406382
tata-tgn-pacific,Tata TGN-Pacific,1,2,160.199961,45.331071
tata-tgn-pacific,Tata TGN-Pacific,1,3,149.399968,39.351218
tata-tgn-pacific,Tata TGN-Pacific,1,4,141.299974,35.05223
tata-tgn-pacific,Tata TGN-Pacific,1,5,140.343725,35.05223
tata-tgn-pacific,Tata TGN-Pacific,1,6,140.061105,35.062298
tata-tgn-pacific,Tata TGN-Pacific,2,0,-122.989801,45.522899
tata-tgn-pacific,Tata TGN-Pacific,2,1,-123.524838,45.862403
tata-tgn-pacific,Tata TGN-Pacific,2,2,-124.199838,45.979793
tata-tgn-pacific,Tata TGN-Pacific,2,3,-125.099837,46.194364
tata-tgn-pacific,Tata TGN-Pacific,2,4,-129.599834,46.582355
tata-tgn-pacific,Tata TGN-Pacific,2,5,-138.599828,47.805412
tata-tgn-pacific,Tata TGN-Pacific,2,6,-151.199819,48.406382
tata-tgn-pacific,Tata TGN-Pacific,2,7,-179.999798,48.406382
tata-tgn-pacific,Tata TGN-Pacific,3,0,-118.245354,34.053397
tata-tgn-pacific,Tata TGN-Pacific,3,1,-118.799842,33.93964
tata-tgn-pacific,Tata TGN-Pacific,3,2,-119.249841,33.877395
tata-tgn-pacific,Tata TGN-Pacific,3,3,-120.59984,33.93964
tata-tgn-pacific,Tata TGN-Pacific,3,4,-122.399839,34.312152
tata-tgn-pacific,Tata TGN-Pacific,3,5,-123.299838,35.05223
tata-tgn-pacific,Tata TGN-Pacific,3,6,-125.549837,38.651812
tata-tgn-pacific,Tata TGN-Pacific,3,7,-126.449836,42.743713
tata-tgn-pacific,Tata TGN-Pacific,3,8,-125.099837,45.013834
tata-tgn-pacific,Tata TGN-Pacific,3,9,-124.199838,45.744764
tata-tgn-pacific,Tata TGN-Pacific,3,10,-123.524838,45.764387
tata-tgn-pacific,Tata TGN-Pacific,3,11,-122.989801,45.522899
tata-tgn-pacific,Tata TGN-Pacific,3,12,-123.524838,45.842813
tata-tgn-pacific,Tata TGN-Pacific,3,13,-124.199838,45.921129
tata-tgn-pacific,Tata TGN-Pacific,3,14,-125.099837,46.038395
tata-tgn-pacific,Tata TGN-Pacific,3,15,-129.599834,46.272183
tata-tgn-pacific,Tata TGN-Pacific,3,16,-138.599828,47.197407
tata-tgn-pacific,Tata TGN-Pacific,3,17,-151.199819,47.805412
tata-tgn-pacific,Tata TGN-Pacific,3,18,-179.999798,47.805412
tata-tgn-tata-indicom,Tata TGN-Tata Indicom,0,0,103.919731,1.172216
tata-tgn-tata-indicom,Tata TGN-Tata Indicom,0,1,103.987011,1.389451
tata-tgn-tata-indicom,Tata TGN-Tata Indicom,1,0,80.242987,13.063853
tata-tgn-tata-indicom,Tata TGN-Tata Indicom,1,1,81.450017,12.175887
tata-tgn-tata-indicom,Tata TGN-Tata Indicom,1,2,83.700015,10.410817
tata-tgn-tata-indicom,Tata TGN-Tata Indicom,1,3,89.100011,9.080331
tata-tgn-tata-indicom,Tata TGN-Tata Indicom,1,4,93.150008,8.518426
tata-tgn-tata-indicom,Tata TGN-Tata Indicom,1,5,95.400007,7.521883
tata-tgn-tata-indicom,Tata TGN-Tata Indicom,1,6,97.425005,6.57287
tata-tgn-tata-indicom,Tata TGN-Tata Indicom,1,7,99.225004,5.28607
tata-tgn-tata-indicom,Tata TGN-Tata Indicom,1,8,100.012503,4.613592
tata-tgn-tata-indicom,Tata TGN-Tata Indicom,1,9,100.575003,3.266815
tata-tgn-tata-indicom,Tata TGN-Tata Indicom,1,10,101.250003,2.592701
tata-tgn-tata-indicom,Tata TGN-Tata Indicom,1,11,102.150002,2.086876
tata-tgn-tata-indicom,Tata TGN-Tata Indicom,1,12,102.682797,1.726895
tata-tgn-tata-indicom,Tata TGN-Tata Indicom,1,13,103.340651,1.327794
tata-tgn-tata-indicom,Tata TGN-Tata Indicom,1,14,103.500001,1.24329
tata-tgn-tata-indicom,Tata TGN-Tata Indicom,1,15,103.919731,1.172216
tata-tgn-western-europe,Tata TGN-Western Europe,0,0,-2.949194,43.27422
tata-tgn-western-europe,Tata TGN-Western Europe,0,1,-4.049923,44.694829
tata-tgn-western-europe,Tata TGN-Western Europe,0,2,-5.849922,46.272183
tata-tgn-western-europe,Tata TGN-Western Europe,0,3,-6.974921,48.106776
tata-tgn-western-europe,Tata TGN-Western Europe,0,4,-6.974921,50.454639
tata-tgn-western-europe,Tata TGN-Western Europe,0,5,-5.399922,51.024193
tata-tgn-western-europe,Tata TGN-Western Europe,0,6,-4.049923,51.271197
tata-tgn-western-europe,Tata TGN-Western Europe,0,7,-2.974874,51.222447
tata-tgn-western-europe,Tata TGN-Western Europe,0,8,-4.049923,51.306376
tata-tgn-western-europe,Tata TGN-Western Europe,0,9,-5.399922,51.0949
tata-tgn-western-europe,Tata TGN-Western Europe,0,10,-7.199921,50.597677
tata-tgn-western-europe,Tata TGN-Western Europe,0,11,-10.799918,48.704235
tata-tgn-western-europe,Tata TGN-Western Europe,0,12,-15.299915,44.694829
tata-tgn-western-europe,Tata TGN-Western Europe,0,13,-15.299915,39.698323
tata-tgn-western-europe,Tata TGN-Western Europe,0,14,-13.949916,39.002379
tata-tgn-western-europe,Tata TGN-Western Europe,0,15,-10.799918,38.651812
tata-tgn-western-europe,Tata TGN-Western Europe,0,16,-9.107439,38.642658
te-northtgn-eurasiaseacomalexandrosmedex,TE North/TGN-Eurasia/SEACOM/Alexandros/Medex,0,0,5.37253,43.293628
te-northtgn-eurasiaseacomalexandrosmedex,TE North/TGN-Eurasia/SEACOM/Alexandros/Medex,0,1,6.07507,41.744359
te-northtgn-eurasiaseacomalexandrosmedex,TE North/TGN-Eurasia/SEACOM/Alexandros/Medex,0,2,7.425069,38.651812
te-northtgn-eurasiaseacomalexandrosmedex,TE North/TGN-Eurasia/SEACOM/Alexandros/Medex,0,3,8.100068,37.94551
te-northtgn-eurasiaseacomalexandrosmedex,TE North/TGN-Eurasia/SEACOM/Alexandros/Medex,0,4,9.000068,37.85674
te-northtgn-eurasiaseacomalexandrosmedex,TE North/TGN-Eurasia/SEACOM/Alexandros/Medex,0,5,10.348617,37.85674
te-northtgn-eurasiaseacomalexandrosmedex,TE North/TGN-Eurasia/SEACOM/Alexandros/Medex,0,6,10.912567,37.500588
te-northtgn-eurasiaseacomalexandrosmedex,TE North/TGN-Eurasia/SEACOM/Alexandros/Medex,0,7,11.700066,37.232354
te-northtgn-eurasiaseacomalexandrosmedex,TE North/TGN-Eurasia/SEACOM/Alexandros/Medex,0,8,11.812566,36.240655
te-northtgn-eurasiaseacomalexandrosmedex,TE North/TGN-Eurasia/SEACOM/Alexandros/Medex,0,9,12.262566,35.785662
te-northtgn-eurasiaseacomalexandrosmedex,TE North/TGN-Eurasia/SEACOM/Alexandros/Medex,0,10,12.656315,35.419781
te-northtgn-eurasiaseacomalexandrosmedex,TE North/TGN-Eurasia/SEACOM/Alexandros/Medex,0,11,14.400064,34.265678
te-northtgn-eurasiaseacomalexandrosmedex,TE North/TGN-Eurasia/SEACOM/Alexandros/Medex,0,12,16.650062,33.565491
te-northtgn-eurasiaseacomalexandrosmedex,TE North/TGN-Eurasia/SEACOM/Alexandros/Medex,0,13,19.350061,33.93964
te-northtgn-eurasiaseacomalexandrosmedex,TE North/TGN-Eurasia/SEACOM/Alexandros/Medex,0,14,22.050059,33.877395
te-northtgn-eurasiaseacomalexandrosmedex,TE North/TGN-Eurasia/SEACOM/Alexandros/Medex,0,15,25.200056,33.142629
te-northtgn-eurasiaseacomalexandrosmedex,TE North/TGN-Eurasia/SEACOM/Alexandros/Medex,0,16,27.900054,32.24321
te-northtgn-eurasiaseacomalexandrosmedex,TE North/TGN-Eurasia/SEACOM/Alexandros/Medex,0,17,29.700933,31.07227
te-northtgn-eurasiaseacomalexandrosmedex,TE North/TGN-Eurasia/SEACOM/Alexandros/Medex,1,0,27.900054,32.24321
te-northtgn-eurasiaseacomalexandrosmedex,TE North/TGN-Eurasia/SEACOM/Alexandros/Medex,1,1,30.600053,32.433313
te-northtgn-eurasiaseacomalexandrosmedex,TE North/TGN-Eurasia/SEACOM/Alexandros/Medex,1,2,32.400051,33.189715
te-northtgn-eurasiaseacomalexandrosmedex,TE North/TGN-Eurasia/SEACOM/Alexandros/Medex,1,3,33.412551,34.497791
te-northtgn-eurasiaseacomalexandrosmedex,TE North/TGN-Eurasia/SEACOM/Alexandros/Medex,1,4,33.6106,34.827281
te-northtgn-eurasiaseacomalexandrosmedex,TE North/TGN-Eurasia/SEACOM/Alexandros/Medex,2,0,8.100068,37.94551
te-northtgn-eurasiaseacomalexandrosmedex,TE North/TGN-Eurasia/SEACOM/Alexandros/Medex,2,1,7.987569,37.232354
te-northtgn-eurasiaseacomalexandrosmedex,TE North/TGN-Eurasia/SEACOM/Alexandros/Medex,2,2,7.755439,36.90282
telstra-endeavour,Telstra Endeavour,0,0,-179.999798,-8.401139
telstra-endeavour,Telstra Endeavour,0,1,-176.399801,-3.029996
telstra-endeavour,Telstra Endeavour,0,2,-172.799803,2.367913
telstra-endeavour,Telstra Endeavour,0,3,-167.399807,10.410817
telstra-endeavour,Telstra Endeavour,0,4,-163.79981,14.801154
telstra-endeavour,Telstra Endeavour,0,5,-160.199812,18.678647
telstra-endeavour,Telstra Endeavour,0,6,-158.849813,20.796306
telstra-endeavour,Telstra Endeavour,0,7,-158.399814,21.425998
telstra-endeavour,Telstra Endeavour,0,8,-158.24205,21.548762
telstra-endeavour,Telstra Endeavour,1,0,151.228487,-33.882039
telstra-endeavour,Telstra Endeavour,1,1,152.033214,-33.848959
telstra-endeavour,Telstra Endeavour,1,2,154.800018,-32.423035
telstra-endeavour,Telstra Endeavour,1,3,160.649974,-30.309953
telstra-endeavour,Telstra Endeavour,1,4,166.49997,-25.540896
telstra-endeavour,Telstra Endeavour,1,5,170.999967,-22.2501
telstra-endeavour,Telstra Endeavour,1,6,173.699965,-17.168553
telstra-endeavour,Telstra Endeavour,1,7,179.99996,-8.401139
thailand-indonesia-singapore-tis,Thailand-Indonesia-Singapore (TIS),0,0,104.016637,1.066798
thailand-indonesia-singapore-tis,Thailand-Indonesia-Singapore (TIS),0,1,104.033501,1.290748
thailand-indonesia-singapore-tis,Thailand-Indonesia-Singapore (TIS),0,2,103.987011,1.389451
thailand-indonesia-singapore-tis,Thailand-Indonesia-Singapore (TIS),0,3,104.19209,1.302655
thailand-indonesia-singapore-tis,Thailand-Indonesia-Singapore (TIS),0,4,104.2879,1.355961
thailand-indonesia-singapore-tis,Thailand-Indonesia-Singapore (TIS),0,5,104.372325,1.468427
thailand-indonesia-singapore-tis,Thailand-Indonesia-Singapore (TIS),0,6,104.652083,2.367913
thailand-indonesia-singapore-tis,Thailand-Indonesia-Singapore (TIS),0,7,104.385966,5.398081
thailand-indonesia-singapore-tis,Thailand-Indonesia-Singapore (TIS),0,8,103.034767,6.893492
thailand-indonesia-singapore-tis,Thailand-Indonesia-Singapore (TIS),0,9,101.700002,7.019706
thailand-indonesia-singapore-tis,Thailand-Indonesia-Singapore (TIS),0,10,100.595103,7.198818
the-east-african-marine-system-teams,The East African Marine System (TEAMS),0,0,39.672896,-4.052924
the-east-african-marine-system-teams,The East African Marine System (TEAMS),0,1,42.300044,-4.601454
the-east-african-marine-system-teams,The East African Marine System (TEAMS),0,2,46.575041,-2.355746
the-east-african-marine-system-teams,The East African Marine System (TEAMS),0,3,53.100037,1.468427
the-east-african-marine-system-teams,The East African Marine System (TEAMS),0,4,56.250034,5.510072
the-east-african-marine-system-teams,The East African Marine System (TEAMS),0,5,57.600033,9.524411
the-east-african-marine-system-teams,The East African Marine System (TEAMS),0,6,62.10003,15.669513
the-east-african-marine-system-teams,The East African Marine System (TEAMS),0,7,63.00003,20.796306
the-east-african-marine-system-teams,The East African Marine System (TEAMS),0,8,63.00003,22.469444
the-east-african-marine-system-teams,The East African Marine System (TEAMS),0,9,59.850032,24.327803
the-east-african-marine-system-teams,The East African Marine System (TEAMS),0,10,58.500033,24.660522
the-east-african-marine-system-teams,The East African Marine System (TEAMS),0,11,56.925034,24.915858
the-east-african-marine-system-teams,The East African Marine System (TEAMS),0,12,56.333724,25.12169
tobrok-emasaed-cable-system,Tobrok-Emasaed Cable System,0,0,23.960407,32.079851
tobrok-emasaed-cable-system,Tobrok-Emasaed Cable System,0,1,24.300057,32.24321
tobrok-emasaed-cable-system,Tobrok-Emasaed Cable System,0,2,24.975057,32.052708
tobrok-emasaed-cable-system,Tobrok-Emasaed Cable System,0,3,25.087356,31.761228
tonga-cable,Tonga Cable,0,0,179.99996,-19.305384
tonga-cable,Tonga Cable,0,1,179.099961,-18.667111
tonga-cable,Tonga Cable,0,2,178.437448,-18.123811
tonga-cable,Tonga Cable,1,0,-179.999798,-19.305384
tonga-cable,Tonga Cable,1,1,-175.949801,-20.995132
tonga-cable,Tonga Cable,1,2,-175.200002,-21.133466
trans-pacific-express-tpe-cable-system,Trans-Pacific Express (TPE) Cable System,0,0,-123.940169,45.644018
trans-pacific-express-tpe-cable-system,Trans-Pacific Express (TPE) Cable System,0,1,-125.099837,44.854552
trans-pacific-express-tpe-cable-system,Trans-Pacific Express (TPE) Cable System,0,2,-129.599834,44.051519
trans-pacific-express-tpe-cable-system,Trans-Pacific Express (TPE) Cable System,0,3,-138.599828,45.646541
trans-pacific-express-tpe-cable-system,Trans-Pacific Express (TPE) Cable System,0,4,-151.199819,46.582355
trans-pacific-express-tpe-cable-system,Trans-Pacific Express (TPE) Cable System,0,5,-179.999798,46.582355
trans-pacific-express-tpe-cable-system,Trans-Pacific Express (TPE) Cable System,1,0,134.999979,30.70814
trans-pacific-express-tpe-cable-system,Trans-Pacific Express (TPE) Cable System,1,1,132.74998,30.320465
trans-pacific-express-tpe-cable-system,Trans-Pacific Express (TPE) Cable System,1,2,130.499982,30.514496
trans-pacific-express-tpe-cable-system,Trans-Pacific Express (TPE) Cable System,1,3,124.199986,31.861809
trans-pacific-express-tpe-cable-system,Trans-Pacific Express (TPE) Cable System,1,4,122.849987,31.957308
trans-pacific-express-tpe-cable-system,Trans-Pacific Express (TPE) Cable System,1,5,121.949988,31.76621
trans-pacific-express-tpe-cable-system,Trans-Pacific Express (TPE) Cable System,1,6,121.395298,31.6198
trans-pacific-express-tpe-cable-system,Trans-Pacific Express (TPE) Cable System,2,0,121.408188,31.618966
trans-pacific-express-tpe-cable-system,Trans-Pacific Express (TPE) Cable System,2,1,122.174988,31.19055
trans-pacific-express-tpe-cable-system,Trans-Pacific Express (TPE) Cable System,2,2,123.524987,30.12605
trans-pacific-express-tpe-cable-system,Trans-Pacific Express (TPE) Cable System,2,3,123.749987,28.161052
trans-pacific-express-tpe-cable-system,Trans-Pacific Express (TPE) Cable System,2,4,121.949988,26.562513
trans-pacific-express-tpe-cable-system,Trans-Pacific Express (TPE) Cable System,2,5,121.499988,25.754704
trans-pacific-express-tpe-cable-system,Trans-Pacific Express (TPE) Cable System,2,6,121.462588,25.181713
trans-pacific-express-tpe-cable-system,Trans-Pacific Express (TPE) Cable System,2,7,121.612488,25.754704
trans-pacific-express-tpe-cable-system,Trans-Pacific Express (TPE) Cable System,2,8,121.949988,26.361086
trans-pacific-express-tpe-cable-system,Trans-Pacific Express (TPE) Cable System,2,9,125.261893,27.590347
trans-pacific-express-tpe-cable-system,Trans-Pacific Express (TPE) Cable System,2,10,130.499982,30.70814
trans-pacific-express-tpe-cable-system,Trans-Pacific Express (TPE) Cable System,3,0,139.975467,35.005433
trans-pacific-express-tpe-cable-system,Trans-Pacific Express (TPE) Cable System,3,1,140.104662,34.898593
trans-pacific-express-tpe-cable-system,Trans-Pacific Express (TPE) Cable System,3,2,140.062475,34.690726
trans-pacific-express-tpe-cable-system,Trans-Pacific Express (TPE) Cable System,3,3,139.949975,34.405023
trans-pacific-express-tpe-cable-system,Trans-Pacific Express (TPE) Cable System,3,4,139.049976,33.93964
trans-pacific-express-tpe-cable-system,Trans-Pacific Express (TPE) Cable System,3,5,136.799977,31.861809
trans-pacific-express-tpe-cable-system,Trans-Pacific Express (TPE) Cable System,3,6,134.999979,31.094263
trans-pacific-express-tpe-cable-system,Trans-Pacific Express (TPE) Cable System,3,7,132.74998,30.70814
trans-pacific-express-tpe-cable-system,Trans-Pacific Express (TPE) Cable System,4,0,132.74998,30.320465
trans-pacific-express-tpe-cable-system,Trans-Pacific Express (TPE) Cable System,4,1,132.74998,30.70814
trans-pacific-express-tpe-cable-system,Trans-Pacific Express (TPE) Cable System,4,2,130.499982,30.70814
trans-pacific-express-tpe-cable-system,Trans-Pacific Express (TPE) Cable System,4,3,128.924983,31.670513
trans-pacific-express-tpe-cable-system,Trans-Pacific Express (TPE) Cable System,4,4,127.850288,33.197589
trans-pacific-express-tpe-cable-system,Trans-Pacific Express (TPE) Cable System,4,5,128.362483,34.312152
trans-pacific-express-tpe-cable-system,Trans-Pacific Express (TPE) Cable System,4,6,128.620783,34.880728
trans-pacific-express-tpe-cable-system,Trans-Pacific Express (TPE) Cable System,4,7,127.912484,34.312152
trans-pacific-express-tpe-cable-system,Trans-Pacific Express (TPE) Cable System,4,8,127.124984,33.189715
trans-pacific-express-tpe-cable-system,Trans-Pacific Express (TPE) Cable System,4,9,125.999985,32.812319
trans-pacific-express-tpe-cable-system,Trans-Pacific Express (TPE) Cable System,4,10,124.199986,33.189715
trans-pacific-express-tpe-cable-system,Trans-Pacific Express (TPE) Cable System,4,11,122.849987,33.93964
trans-pacific-express-tpe-cable-system,Trans-Pacific Express (TPE) Cable System,4,12,120.824989,35.419781
trans-pacific-express-tpe-cable-system,Trans-Pacific Express (TPE) Cable System,4,13,120.342469,36.087311
trans-pacific-express-tpe-cable-system,Trans-Pacific Express (TPE) Cable System,4,14,120.599989,35.419781
trans-pacific-express-tpe-cable-system,Trans-Pacific Express (TPE) Cable System,4,15,122.399988,33.93964
trans-pacific-express-tpe-cable-system,Trans-Pacific Express (TPE) Cable System,4,16,123.749987,33.001219
trans-pacific-express-tpe-cable-system,Trans-Pacific Express (TPE) Cable System,4,17,124.199986,31.861809
trans-pacific-express-tpe-cable-system,Trans-Pacific Express (TPE) Cable System,5,0,134.999979,30.70814
trans-pacific-express-tpe-cable-system,Trans-Pacific Express (TPE) Cable System,5,1,136.799977,31.478823
trans-pacific-express-tpe-cable-system,Trans-Pacific Express (TPE) Cable System,5,2,138.599976,32.623017
trans-pacific-express-tpe-cable-system,Trans-Pacific Express (TPE) Cable System,5,3,140.399975,33.377806
trans-pacific-express-tpe-cable-system,Trans-Pacific Express (TPE) Cable System,5,4,143.099973,34.497791
trans-pacific-express-tpe-cable-system,Trans-Pacific Express (TPE) Cable System,5,5,149.399968,37.94551
trans-pacific-express-tpe-cable-system,Trans-Pacific Express (TPE) Cable System,5,6,160.199961,43.401145
trans-pacific-express-tpe-cable-system,Trans-Pacific Express (TPE) Cable System,5,7,172.799952,46.582355
trans-pacific-express-tpe-cable-system,Trans-Pacific Express (TPE) Cable System,5,8,179.999958,46.582355
transworld-tw1,Transworld (TW1),0,0,56.333724,25.12169
transworld-tw1,Transworld (TW1),0,1,56.925034,25.068807
transworld-tw1,Transworld (TW1),0,2,58.725033,25.14521
transworld-tw1,Transworld (TW1),0,3,59.850033,24.941359
transworld-tw1,Transworld (TW1),0,4,62.55003,24.532658
transworld-tw1,Transworld (TW1),0,5,67.028547,24.889732
transworld-tw1,Transworld (TW1),1,0,58.176203,23.684878
transworld-tw1,Transworld (TW1),1,1,58.275083,23.917101
transworld-tw1,Transworld (TW1),1,2,58.725033,24.225251
transworld-tw1,Transworld (TW1),1,3,59.850033,24.941359
tt1,TT1,0,0,-60.949593,10.831512
tt1,TT1,0,1,-60.974883,11.016812
tt1,TT1,0,2,-60.840263,11.165776
turcyos-1,Turcyos-1,0,0,32.966701,36.099997
turcyos-1,Turcyos-1,0,1,32.962551,35.90725
turcyos-1,Turcyos-1,0,2,33.075051,35.541927
turcyos-1,Turcyos-1,0,3,33.236281,35.299122
turcyos-2,Turcyos-2,0,0,35.999369,36.082341
turcyos-2,Turcyos-2,0,1,35.550049,35.785662
turcyos-2,Turcyos-2,0,2,34.87505,35.419781
turcyos-2,Turcyos-2,0,3,34.20005,35.236213
turcyos-2,Turcyos-2,0,4,33.91945,35.284389
uae-iran,UAE-Iran,0,0,56.333724,25.12169
uae-iran,UAE-Iran,0,1,56.925034,25.09428
uae-iran,UAE-Iran,0,2,57.603643,25.234289
uae-iran,UAE-Iran,0,3,57.797303,25.681323
ugarit,UGARIT,0,0,35.897799,34.891703
ugarit,UGARIT,0,1,35.550049,34.867831
ugarit,UGARIT,0,2,33.97505,34.775476
ugarit,UGARIT,0,3,33.6106,34.827281
uk-channel-islands-8,UK-Channel Islands-8,0,0,-2.225994,49.215709
uk-channel-islands-8,UK-Channel Islands-8,0,1,-2.420674,49.218648
uk-channel-islands-8,UK-Channel Islands-8,0,2,-3.599923,49.441204
uk-channel-islands-8,UK-Channel Islands-8,0,3,-4.499923,49.587287
uk-channel-islands-8,UK-Channel Islands-8,0,4,-5.172972,50.022541
unityeac-pacific,Unity/EAC-Pacific,0,0,139.954855,34.97657
unityeac-pacific,Unity/EAC-Pacific,0,1,140.062475,34.967765
unityeac-pacific,Unity/EAC-Pacific,0,2,140.343725,34.960082
unityeac-pacific,Unity/EAC-Pacific,0,3,141.299974,34.867831
unityeac-pacific,Unity/EAC-Pacific,0,4,143.099973,34.867831
unityeac-pacific,Unity/EAC-Pacific,0,5,149.399968,36.149867
unityeac-pacific,Unity/EAC-Pacific,0,6,160.199961,41.407726
unityeac-pacific,Unity/EAC-Pacific,0,7,172.799921,44.694812
unityeac-pacific,Unity/EAC-Pacific,0,8,179.999927,44.694812
unityeac-pacific,Unity/EAC-Pacific,1,0,-118.388023,33.84447
unityeac-pacific,Unity/EAC-Pacific,1,1,-120.59984,33.799526
unityeac-pacific,Unity/EAC-Pacific,1,2,-122.399839,34.126101
unityeac-pacific,Unity/EAC-Pacific,1,3,-129.599834,37.94551
unityeac-pacific,Unity/EAC-Pacific,1,4,-138.599828,42.079236
unityeac-pacific,Unity/EAC-Pacific,1,5,-151.199834,44.692057
unityeac-pacific,Unity/EAC-Pacific,1,6,-179.999814,44.692057
west-africa-cable-system-wacs,West Africa Cable System (WACS),0,0,-16.199914,27.763589
west-africa-cable-system-wacs,West Africa Cable System (WACS),0,1,-15.749915,27.564309
west-africa-cable-system-wacs,West Africa Cable System (WACS),0,2,-15.468665,27.564309
west-africa-cable-system-wacs,West Africa Cable System (WACS),0,3,-15.299915,27.663994
west-africa-cable-system-wacs,West Africa Cable System (WACS),0,4,-15.299915,27.813351
west-africa-cable-system-wacs,West Africa Cable System (WACS),0,5,-15.398745,27.959394
west-africa-cable-system-wacs,West Africa Cable System (WACS),1,0,-23.521209,14.923036
west-africa-cable-system-wacs,West Africa Cable System (WACS),1,1,-22.49991,15.018579
west-africa-cable-system-wacs,West Africa Cable System (WACS),1,2,-20.249911,15.018579
west-africa-cable-system-wacs,West Africa Cable System (WACS),2,0,-4.026243,5.323509
west-africa-cable-system-wacs,West Africa Cable System (WACS),2,1,-4.162423,3.266815
west-africa-cable-system-wacs,West Africa Cable System (WACS),2,2,-4.274923,2.367913
west-africa-cable-system-wacs,West Africa Cable System (WACS),2,3,-4.149923,1.468427
west-africa-cable-system-wacs,West Africa Cable System (WACS),2,4,-3.599923,-0.781387
west-africa-cable-system-wacs,West Africa Cable System (WACS),3,0,-0.204316,5.558286
west-africa-cable-system-wacs,West Africa Cable System (WACS),3,1,0.225074,3.279837
west-africa-cable-system-wacs,West Africa Cable System (WACS),3,2,0.225074,0.131632
west-africa-cable-system-wacs,West Africa Cable System (WACS),4,0,-9.107439,38.642658
west-africa-cable-system-wacs,West Africa Cable System (WACS),4,1,-9.449919,38.299521
west-africa-cable-system-wacs,West Africa Cable System (WACS),4,2,-11.024918,36.512388
west-africa-cable-system-wacs,West Africa Cable System (WACS),4,3,-11.924917,35.419781
west-africa-cable-system-wacs,West Africa Cable System (WACS),4,4,-13.499916,32.052708
west-africa-cable-system-wacs,West Africa Cable System (WACS),4,5,-14.624915,30.514496
west-africa-cable-system-wacs,West Africa Cable System (WACS),4,6,-15.299915,28.951555
west-africa-cable-system-wacs,West Africa Cable System (WACS),4,7,-16.199914,27.763589
west-africa-cable-system-wacs,West Africa Cable System (WACS),4,8,-17.999913,24.941363
west-africa-cable-system-wacs,West Africa Cable System (WACS),4,9,-18.899912,22.884654
west-africa-cable-system-wacs,West Africa Cable System (WACS),4,10,-20.249911,19.952623
west-africa-cable-system-wacs,West Africa Cable System (WACS),4,11,-20.249911,15.235782
west-africa-cable-system-wacs,West Africa Cable System (WACS),4,12,-20.249911,11.73565
west-africa-cable-system-wacs,West Africa Cable System (WACS),4,13,-18.899912,8.635699
west-africa-cable-system-wacs,West Africa Cable System (WACS),4,14,-14.399916,2.81745
west-africa-cable-system-wacs,West Africa Cable System (WACS),4,15,-10.799918,-0.781387
west-africa-cable-system-wacs,West Africa Cable System (WACS),4,16,-3.599923,-0.781387
west-africa-cable-system-wacs,West Africa Cable System (WACS),4,17,0.225074,0.131632
west-africa-cable-system-wacs,West Africa Cable System (WACS),4,18,1.575073,1.355961
west-africa-cable-system-wacs,West Africa Cable System (WACS),4,19,2.250073,2.030662
west-africa-cable-system-wacs,West Africa Cable System (WACS),4,20,4.500071,0.118588
west-africa-cable-system-wacs,West Africa Cable System (WACS),4,21,6.30007,-1.231316
west-africa-cable-system-wacs,West Africa Cable System (WACS),4,22,7.650069,-4.825692
west-africa-cable-system-wacs,West Africa Cable System (WACS),4,23,8.100068,-6.616651
west-africa-cable-system-wacs,West Africa Cable System (WACS),4,24,9.000068,-10.620065
west-africa-cable-system-wacs,West Africa Cable System (WACS),4,25,8.550068,-18.026426
west-africa-cable-system-wacs,West Africa Cable System (WACS),4,26,9.900067,-23.493922
west-africa-cable-system-wacs,West Africa Cable System (WACS),4,27,13.950064,-30.309953
west-africa-cable-system-wacs,West Africa Cable System (WACS),4,28,15.750063,-32.61276
west-africa-cable-system-wacs,West Africa Cable System (WACS),4,29,16.650062,-33.273631
west-africa-cable-system-wacs,West Africa Cable System (WACS),4,30,18.155531,-33.348058
west-africa-cable-system-wacs,West Africa Cable System (WACS),5,0,1.227803,6.126307
west-africa-cable-system-wacs,West Africa Cable System (WACS),5,1,1.462573,5.061987
west-africa-cable-system-wacs,West Africa Cable System (WACS),5,2,3.375072,4.164913
west-africa-cable-system-wacs,West Africa Cable System (WACS),6,0,3.423512,6.439067
west-africa-cable-system-wacs,West Africa Cable System (WACS),6,1,3.375072,4.164913
west-africa-cable-system-wacs,West Africa Cable System (WACS),6,2,2.250073,2.030662
west-africa-cable-system-wacs,West Africa Cable System (WACS),7,0,4.500071,0.118588
west-africa-cable-system-wacs,West Africa Cable System (WACS),7,1,6.30007,1.693341
west-africa-cable-system-wacs,West Africa Cable System (WACS),7,2,8.100068,2.367913
west-africa-cable-system-wacs,West Africa Cable System (WACS),7,3,9.000068,3.266815
west-africa-cable-system-wacs,West Africa Cable System (WACS),7,4,9.208658,4.014706
west-africa-cable-system-wacs,West Africa Cable System (WACS),8,0,10.800067,-5.945707
west-africa-cable-system-wacs,West Africa Cable System (WACS),8,1,11.250066,-5.236602
west-africa-cable-system-wacs,West Africa Cable System (WACS),8,2,11.863636,-4.778788
west-africa-cable-system-wacs,West Africa Cable System (WACS),9,0,9.000068,-10.620065
west-africa-cable-system-wacs,West Africa Cable System (WACS),9,1,11.700066,-9.290424
west-africa-cable-system-wacs,West Africa Cable System (WACS),9,2,12.600065,-9.290424
west-africa-cable-system-wacs,West Africa Cable System (WACS),9,3,13.20144,-9.490081
west-africa-cable-system-wacs,West Africa Cable System (WACS),10,0,12.349965,-5.933374
west-africa-cable-system-wacs,West Africa Cable System (WACS),10,1,10.800067,-5.945707
west-africa-cable-system-wacs,West Africa Cable System (WACS),10,2,8.100068,-6.616651
west-africa-cable-system-wacs,West Africa Cable System (WACS),11,0,14.533464,-22.68543
west-africa-cable-system-wacs,West Africa Cable System (WACS),11,1,13.050065,-22.873435
west-africa-cable-system-wacs,West Africa Cable System (WACS),11,2,9.900067,-23.493922
cross-straits-cable-network-cscn,Cross-Straits Cable Network (CSCN),0,0,118.189051,24.493916
cross-straits-cable-network-cscn,Cross-Straits Cable Network (CSCN),0,1,118.23949,24.474718
cross-straits-cable-network-cscn,Cross-Straits Cable Network (CSCN),0,2,118.28993,24.455517
cross-straits-cable-network-cscn,Cross-Straits Cable Network (CSCN),1,0,118.30692,24.476051
cross-straits-cable-network-cscn,Cross-Straits Cable Network (CSCN),1,1,118.303895,24.516395
cross-straits-cable-network-cscn,Cross-Straits Cable Network (CSCN),1,2,118.30087,24.556727
yellow,Yellow,0,0,-72.937864,40.755843
yellow,Yellow,0,1,-71.099875,40.129763
yellow,Yellow,0,2,-68.399877,40.38732
yellow,Yellow,0,3,-61.199882,40.38732
yellow,Yellow,0,4,-50.39989,41.576262
yellow,Yellow,0,5,-39.599898,44.374058
yellow,Yellow,0,6,-23.399909,48.406382
yellow,Yellow,0,7,-16.199914,49.294684
yellow,Yellow,0,8,-10.799918,50.02292
yellow,Yellow,0,9,-8.09992,50.311167
yellow,Yellow,0,10,-5.399922,50.811422
yellow,Yellow,0,11,-4.544403,50.828201
baltic-sea-submarine-cable,Baltic Sea Submarine Cable,0,0,21.375059,59.537378
baltic-sea-submarine-cable,Baltic Sea Submarine Cable,0,1,20.25006,59.451717
baltic-sea-submarine-cable,Baltic Sea Submarine Cable,0,2,18.900061,59.337164
baltic-sea-submarine-cable,Baltic Sea Submarine Cable,0,3,18.062761,59.332309
baltic-sea-submarine-cable,Baltic Sea Submarine Cable,0,4,18.900061,59.394489
baltic-sea-submarine-cable,Baltic Sea Submarine Cable,0,5,20.25006,59.508849
baltic-sea-submarine-cable,Baltic Sea Submarine Cable,0,6,21.375059,59.622822
baltic-sea-submarine-cable,Baltic Sea Submarine Cable,0,7,23.850057,59.679664
baltic-sea-submarine-cable,Baltic Sea Submarine Cable,0,8,24.412557,59.793059
baltic-sea-submarine-cable,Baltic Sea Submarine Cable,0,9,24.932477,60.171163
baltic-sea-submarine-cable,Baltic Sea Submarine Cable,0,10,24.918807,60.074868
baltic-sea-submarine-cable,Baltic Sea Submarine Cable,0,11,24.862557,59.962432
baltic-sea-submarine-cable,Baltic Sea Submarine Cable,0,12,24.750057,59.679664
baltic-sea-submarine-cable,Baltic Sea Submarine Cable,0,13,24.752497,59.4364
baltic-sea-submarine-cable,Baltic Sea Submarine Cable,0,14,24.412557,59.565883
baltic-sea-submarine-cable,Baltic Sea Submarine Cable,0,15,23.850057,59.565883
baltic-sea-submarine-cable,Baltic Sea Submarine Cable,0,16,21.375059,59.537378
solas,Solas,0,0,-4.169503,51.558095
solas,Solas,0,1,-5.399922,51.44682
solas,Solas,0,2,-5.849922,51.586834
solas,Solas,0,3,-6.585031,52.171648
pan-european-crossing-uk-ireland,Pan European Crossing (UK-Ireland),0,0,-4.544403,50.828201
pan-european-crossing-uk-ireland,Pan European Crossing (UK-Ireland),0,1,-5.399922,51.586834
pan-european-crossing-uk-ireland,Pan European Crossing (UK-Ireland),0,2,-5.849922,52.142593
pan-european-crossing-uk-ireland,Pan European Crossing (UK-Ireland),0,3,-6.364861,52.40176
pan-european-crossing-uk-ireland,Pan European Crossing (UK-Ireland),1,0,-6.558811,52.184256
pan-european-crossing-uk-ireland,Pan European Crossing (UK-Ireland),1,1,-6.074921,51.586834
pan-european-crossing-uk-ireland,Pan European Crossing (UK-Ireland),1,2,-5.737422,50.740282
pan-european-crossing-uk-ireland,Pan European Crossing (UK-Ireland),1,3,-5.698462,50.0787
alaska-united-southeast-au-se,Alaska United Southeast (AU-SE),0,0,-135.334401,57.053019
alaska-united-southeast-au-se,Alaska United Southeast (AU-SE),0,1,-135.476151,57.142854
alaska-united-southeast-au-se,Alaska United Southeast (AU-SE),0,2,-135.565601,57.256327
alaska-united-southeast-au-se,Alaska United Southeast (AU-SE),0,3,-135.620141,57.292943
alaska-united-southeast-au-se,Alaska United Southeast (AU-SE),0,4,-135.684741,57.327908
alaska-united-southeast-au-se,Alaska United Southeast (AU-SE),0,5,-135.702911,57.351545
alaska-united-southeast-au-se,Alaska United Southeast (AU-SE),0,6,-135.652371,57.376644
alaska-united-southeast-au-se,Alaska United Southeast (AU-SE),0,7,-135.616921,57.397642
alaska-united-southeast-au-se,Alaska United Southeast (AU-SE),0,8,-135.572341,57.431538
alaska-united-southeast-au-se,Alaska United Southeast (AU-SE),0,9,-135.529761,57.465796
alaska-united-southeast-au-se,Alaska United Southeast (AU-SE),0,10,-135.532401,57.507001
alaska-united-southeast-au-se,Alaska United Southeast (AU-SE),0,11,-135.532401,57.549206
alaska-united-southeast-au-se,Alaska United Southeast (AU-SE),0,12,-135.505401,57.568539
alaska-united-southeast-au-se,Alaska United Southeast (AU-SE),0,13,-135.418581,57.583777
alaska-united-southeast-au-se,Alaska United Southeast (AU-SE),0,14,-135.325321,57.563744
alaska-united-southeast-au-se,Alaska United Southeast (AU-SE),0,15,-135.163111,57.497346
alaska-united-southeast-au-se,Alaska United Southeast (AU-SE),0,16,-135.059791,57.449879
alaska-united-southeast-au-se,Alaska United Southeast (AU-SE),0,17,-134.969751,57.430462
alaska-united-southeast-au-se,Alaska United Southeast (AU-SE),0,18,-134.857251,57.415897
alaska-united-southeast-au-se,Alaska United Southeast (AU-SE),0,19,-134.771701,57.425573
alaska-united-southeast-au-se,Alaska United Southeast (AU-SE),0,20,-134.582252,57.50194
alaska-united-southeast-au-se,Alaska United Southeast (AU-SE),0,21,-134.696515,57.594609
alaska-united-southeast-au-se,Alaska United Southeast (AU-SE),0,22,-134.760678,57.734649
alaska-united-southeast-au-se,Alaska United Southeast (AU-SE),0,23,-134.810678,58.012979
alaska-united-southeast-au-se,Alaska United Southeast (AU-SE),0,24,-134.812924,58.077479
alaska-united-southeast-au-se,Alaska United Southeast (AU-SE),0,25,-134.741721,58.128205
alaska-united-southeast-au-se,Alaska United Southeast (AU-SE),0,26,-134.636162,58.212977
alaska-united-southeast-au-se,Alaska United Southeast (AU-SE),0,27,-134.711741,58.291673
alaska-united-southeast-au-se,Alaska United Southeast (AU-SE),0,28,-134.701391,58.309993
alaska-united-southeast-au-se,Alaska United Southeast (AU-SE),0,29,-134.603152,58.326917
alaska-united-southeast-au-se,Alaska United Southeast (AU-SE),0,30,-134.542212,58.318893
alaska-united-southeast-au-se,Alaska United Southeast (AU-SE),0,31,-134.406862,58.299577
alaska-united-southeast-au-se,Alaska United Southeast (AU-SE),0,32,-134.295831,58.237095
alaska-united-southeast-au-se,Alaska United Southeast (AU-SE),0,33,-134.136552,58.165131
alaska-united-southeast-au-se,Alaska United Southeast (AU-SE),0,34,-134.124831,58.101249
alaska-united-southeast-au-se,Alaska United Southeast (AU-SE),0,35,-133.991431,57.986403
alaska-united-southeast-au-se,Alaska United Southeast (AU-SE),0,36,-133.824731,57.823712
alaska-united-southeast-au-se,Alaska United Southeast (AU-SE),0,37,-133.802562,57.707894
alaska-united-southeast-au-se,Alaska United Southeast (AU-SE),0,38,-133.691431,57.558771
alaska-united-southeast-au-se,Alaska United Southeast (AU-SE),0,39,-133.664772,57.373037
alaska-united-southeast-au-se,Alaska United Southeast (AU-SE),0,40,-133.630492,57.313962
alaska-united-southeast-au-se,Alaska United Southeast (AU-SE),0,41,-133.658131,57.229668
alaska-united-southeast-au-se,Alaska United Southeast (AU-SE),0,42,-133.629482,57.137662
alaska-united-southeast-au-se,Alaska United Southeast (AU-SE),0,43,-133.516331,57.094422
alaska-united-southeast-au-se,Alaska United Southeast (AU-SE),0,44,-133.232943,57.051159
alaska-united-southeast-au-se,Alaska United Southeast (AU-SE),0,45,-133.008232,57.020977
alaska-united-southeast-au-se,Alaska United Southeast (AU-SE),0,46,-132.970243,56.983296
alaska-united-southeast-au-se,Alaska United Southeast (AU-SE),0,47,-132.901103,56.913366
alaska-united-southeast-au-se,Alaska United Southeast (AU-SE),0,48,-132.969853,56.807791
alaska-united-southeast-au-se,Alaska United Southeast (AU-SE),0,49,-132.887449,56.722764
alaska-united-southeast-au-se,Alaska United Southeast (AU-SE),0,50,-132.845108,56.66104
alaska-united-southeast-au-se,Alaska United Southeast (AU-SE),0,51,-132.760733,56.599161
alaska-united-southeast-au-se,Alaska United Southeast (AU-SE),0,52,-132.704383,56.537179
alaska-united-southeast-au-se,Alaska United Southeast (AU-SE),0,53,-132.535583,56.475041
alaska-united-southeast-au-se,Alaska United Southeast (AU-SE),0,54,-132.383813,56.470788
alaska-united-southeast-au-se,Alaska United Southeast (AU-SE),0,55,-132.459013,56.386222
alaska-united-southeast-au-se,Alaska United Southeast (AU-SE),0,56,-132.519753,56.368054
alaska-united-southeast-au-se,Alaska United Southeast (AU-SE),0,57,-132.591823,56.350471
alaska-united-southeast-au-se,Alaska United Southeast (AU-SE),0,58,-132.597193,56.313172
alaska-united-southeast-au-se,Alaska United Southeast (AU-SE),0,59,-132.626003,56.259644
alaska-united-southeast-au-se,Alaska United Southeast (AU-SE),0,60,-132.729713,56.232896
alaska-united-southeast-au-se,Alaska United Southeast (AU-SE),0,61,-132.841043,56.190508
alaska-united-southeast-au-se,Alaska United Southeast (AU-SE),0,62,-132.855013,56.127039
alaska-united-southeast-au-se,Alaska United Southeast (AU-SE),0,63,-132.741823,56.066792
alaska-united-southeast-au-se,Alaska United Southeast (AU-SE),0,64,-132.613503,56.006345
alaska-united-southeast-au-se,Alaska United Southeast (AU-SE),0,65,-132.451493,55.892664
alaska-united-southeast-au-se,Alaska United Southeast (AU-SE),0,66,-132.343483,55.797653
alaska-united-southeast-au-se,Alaska United Southeast (AU-SE),0,67,-132.276003,55.633778
alaska-united-southeast-au-se,Alaska United Southeast (AU-SE),0,68,-132.133623,55.526742
alaska-united-southeast-au-se,Alaska United Southeast (AU-SE),0,69,-131.975513,55.452132
alaska-united-southeast-au-se,Alaska United Southeast (AU-SE),0,70,-131.913314,55.4662
alaska-united-southeast-au-se,Alaska United Southeast (AU-SE),0,71,-131.825324,55.434271
alaska-united-southeast-au-se,Alaska United Southeast (AU-SE),0,72,-131.647884,55.341968
america-movil-submarine-cable-system-1-amx-1,America Movil Submarine Cable System-1 (AMX-1),0,0,-65.699879,19.529071
america-movil-submarine-cable-system-1-amx-1,America Movil Submarine Cable System-1 (AMX-1),0,1,-66.037379,19.104405
america-movil-submarine-cable-system-1-amx-1,America Movil Submarine Cable System-1 (AMX-1),0,2,-66.106669,18.466104
america-movil-submarine-cable-system-1-amx-1,America Movil Submarine Cable System-1 (AMX-1),1,0,-43.209565,-22.903487
america-movil-submarine-cable-system-1-amx-1,America Movil Submarine Cable System-1 (AMX-1),1,1,-42.299896,-23.494057
america-movil-submarine-cable-system-1-amx-1,America Movil Submarine Cable System-1 (AMX-1),1,2,-40.949897,-23.493922
america-movil-submarine-cable-system-1-amx-1,America Movil Submarine Cable System-1 (AMX-1),1,3,-38.699898,-22.2501
america-movil-submarine-cable-system-1-amx-1,America Movil Submarine Cable System-1 (AMX-1),1,4,-36.4499,-18.026426
america-movil-submarine-cable-system-1-amx-1,America Movil Submarine Cable System-1 (AMX-1),1,5,-35.549901,-13.698987
america-movil-submarine-cable-system-1-amx-1,America Movil Submarine Cable System-1 (AMX-1),1,6,-33.299902,-8.401139
america-movil-submarine-cable-system-1-amx-1,America Movil Submarine Cable System-1 (AMX-1),1,7,-33.299902,-6.616651
america-movil-submarine-cable-system-1-amx-1,America Movil Submarine Cable System-1 (AMX-1),1,8,-34.199902,-4.825692
america-movil-submarine-cable-system-1-amx-1,America Movil Submarine Cable System-1 (AMX-1),1,9,-35.9999,-3.928327
america-movil-submarine-cable-system-1-amx-1,America Movil Submarine Cable System-1 (AMX-1),1,10,-38.542968,-3.718735
america-movil-submarine-cable-system-1-amx-1,America Movil Submarine Cable System-1 (AMX-1),1,11,-38.249899,-1.231316
america-movil-submarine-cable-system-1-amx-1,America Movil Submarine Cable System-1 (AMX-1),1,12,-39.149898,1.468427
america-movil-submarine-cable-system-1-amx-1,America Movil Submarine Cable System-1 (AMX-1),1,13,-46.799893,9.524411
america-movil-submarine-cable-system-1-amx-1,America Movil Submarine Cable System-1 (AMX-1),1,14,-52.199889,14.801154
america-movil-submarine-cable-system-1-amx-1,America Movil Submarine Cable System-1 (AMX-1),1,15,-57.599885,17.395023
america-movil-submarine-cable-system-1-amx-1,America Movil Submarine Cable System-1 (AMX-1),1,16,-59.399884,18.251816
america-movil-submarine-cable-system-1-amx-1,America Movil Submarine Cable System-1 (AMX-1),1,17,-62.099882,19.316876
america-movil-submarine-cable-system-1-amx-1,America Movil Submarine Cable System-1 (AMX-1),1,18,-63.89988,19.316876
america-movil-submarine-cable-system-1-amx-1,America Movil Submarine Cable System-1 (AMX-1),1,19,-65.699879,19.529071
america-movil-submarine-cable-system-1-amx-1,America Movil Submarine Cable System-1 (AMX-1),1,20,-67.499878,21.216398
america-movil-submarine-cable-system-1-amx-1,America Movil Submarine Cable System-1 (AMX-1),1,21,-69.299877,22.26137
america-movil-submarine-cable-system-1-amx-1,America Movil Submarine Cable System-1 (AMX-1),1,22,-73.349874,24.327803
america-movil-submarine-cable-system-1-amx-1,America Movil Submarine Cable System-1 (AMX-1),1,23,-76.949871,26.964305
america-movil-submarine-cable-system-1-amx-1,America Movil Submarine Cable System-1 (AMX-1),1,24,-79.19987,29.148249
america-movil-submarine-cable-system-1-amx-1,America Movil Submarine Cable System-1 (AMX-1),1,25,-80.549869,30.12605
america-movil-submarine-cable-system-1-amx-1,America Movil Submarine Cable System-1 (AMX-1),1,26,-81.65563,30.332101
america-movil-submarine-cable-system-1-amx-1,America Movil Submarine Cable System-1 (AMX-1),2,0,-38.504488,-12.969972
america-movil-submarine-cable-system-1-amx-1,America Movil Submarine Cable System-1 (AMX-1),2,1,-37.349899,-13.455974
america-movil-submarine-cable-system-1-amx-1,America Movil Submarine Cable System-1 (AMX-1),2,2,-35.9999,-13.504597
america-movil-submarine-cable-system-1-amx-1,America Movil Submarine Cable System-1 (AMX-1),2,3,-35.549901,-13.698987
america-movil-submarine-cable-system-1-amx-1,America Movil Submarine Cable System-1 (AMX-1),3,0,-88.597135,15.727237
america-movil-submarine-cable-system-1-amx-1,America Movil Submarine Cable System-1 (AMX-1),3,1,-88.199863,16.102326
america-movil-submarine-cable-system-1-amx-1,America Movil Submarine Cable System-1 (AMX-1),3,2,-87.637364,16.534196
america-movil-submarine-cable-system-1-amx-1,America Movil Submarine Cable System-1 (AMX-1),3,3,-86.737364,18.251816
america-movil-submarine-cable-system-1-amx-1,America Movil Submarine Cable System-1 (AMX-1),3,4,-85.274865,20.375041
america-movil-submarine-cable-system-1-amx-1,America Movil Submarine Cable System-1 (AMX-1),4,0,-75.505732,10.386807
america-movil-submarine-cable-system-1-amx-1,America Movil Submarine Cable System-1 (AMX-1),4,1,-76.049872,11.515266
america-movil-submarine-cable-system-1-amx-1,America Movil Submarine Cable System-1 (AMX-1),4,2,-79.19987,14.946128
america-movil-submarine-cable-system-1-amx-1,America Movil Submarine Cable System-1 (AMX-1),4,3,-80.549869,16.102326
america-movil-submarine-cable-system-1-amx-1,America Movil Submarine Cable System-1 (AMX-1),4,4,-81.899868,17.395023
america-movil-submarine-cable-system-1-amx-1,America Movil Submarine Cable System-1 (AMX-1),4,5,-84.599866,19.104405
america-movil-submarine-cable-system-1-amx-1,America Movil Submarine Cable System-1 (AMX-1),4,6,-85.274865,20.375041
america-movil-submarine-cable-system-1-amx-1,America Movil Submarine Cable System-1 (AMX-1),4,7,-85.049866,21.635297
america-movil-submarine-cable-system-1-amx-1,America Movil Submarine Cable System-1 (AMX-1),4,8,-84.824866,22.469444
america-movil-submarine-cable-system-1-amx-1,America Movil Submarine Cable System-1 (AMX-1),4,9,-83.249867,23.50509
america-movil-submarine-cable-system-1-amx-1,America Movil Submarine Cable System-1 (AMX-1),4,10,-80.999868,23.50509
america-movil-submarine-cable-system-1-amx-1,America Movil Submarine Cable System-1 (AMX-1),4,11,-79.649869,24.737178
america-movil-submarine-cable-system-1-amx-1,America Movil Submarine Cable System-1 (AMX-1),4,12,-79.537369,25.348717
america-movil-submarine-cable-system-1-amx-1,America Movil Submarine Cable System-1 (AMX-1),4,13,-80.160169,26.010549
america-movil-submarine-cable-system-1-amx-1,America Movil Submarine Cable System-1 (AMX-1),5,0,-69.299877,22.26137
america-movil-submarine-cable-system-1-amx-1,America Movil Submarine Cable System-1 (AMX-1),5,1,-70.649876,21.216398
america-movil-submarine-cable-system-1-amx-1,America Movil Submarine Cable System-1 (AMX-1),5,2,-73.349874,20.585819
america-movil-submarine-cable-system-1-amx-1,America Movil Submarine Cable System-1 (AMX-1),5,3,-73.912373,19.952623
america-movil-submarine-cable-system-1-amx-1,America Movil Submarine Cable System-1 (AMX-1),5,4,-74.474873,19.316876
america-movil-submarine-cable-system-1-amx-1,America Movil Submarine Cable System-1 (AMX-1),5,5,-74.924873,18.251816
america-movil-submarine-cable-system-1-amx-1,America Movil Submarine Cable System-1 (AMX-1),5,6,-75.262372,17.395023
america-movil-submarine-cable-system-1-amx-1,America Movil Submarine Cable System-1 (AMX-1),5,7,-75.262372,11.73565
america-movil-submarine-cable-system-1-amx-1,America Movil Submarine Cable System-1 (AMX-1),5,8,-74.779753,10.940446
america-movil-submarine-cable-system-1-amx-1,America Movil Submarine Cable System-1 (AMX-1),6,0,-70.691186,19.799436
america-movil-submarine-cable-system-1-amx-1,America Movil Submarine Cable System-1 (AMX-1),6,1,-70.649876,20.375041
america-movil-submarine-cable-system-1-amx-1,America Movil Submarine Cable System-1 (AMX-1),6,2,-70.649876,21.216398
america-movil-submarine-cable-system-1-amx-1,America Movil Submarine Cable System-1 (AMX-1),7,0,-70.683566,19.803388
america-movil-submarine-cable-system-1-amx-1,America Movil Submarine Cable System-1 (AMX-1),7,1,-70.199876,20.058335
america-movil-submarine-cable-system-1-amx-1,America Movil Submarine Cable System-1 (AMX-1),7,2,-69.299877,19.952623
america-movil-submarine-cable-system-1-amx-1,America Movil Submarine Cable System-1 (AMX-1),7,3,-67.049878,19.210675
america-movil-submarine-cable-system-1-amx-1,America Movil Submarine Cable System-1 (AMX-1),7,4,-66.487379,18.891662
america-movil-submarine-cable-system-1-amx-1,America Movil Submarine Cable System-1 (AMX-1),7,5,-66.106669,18.466104
america-movil-submarine-cable-system-1-amx-1,America Movil Submarine Cable System-1 (AMX-1),8,0,-81.73,12.551127
america-movil-submarine-cable-system-1-amx-1,America Movil Submarine Cable System-1 (AMX-1),8,1,-81.899868,12.871429
america-movil-submarine-cable-system-1-amx-1,America Movil Submarine Cable System-1 (AMX-1),8,2,-82.237368,12.981078
america-movil-submarine-cable-system-1-amx-1,America Movil Submarine Cable System-1 (AMX-1),9,0,-83.037659,9.988598
america-movil-submarine-cable-system-1-amx-1,America Movil Submarine Cable System-1 (AMX-1),9,1,-83.024867,10.410817
america-movil-submarine-cable-system-1-amx-1,America Movil Submarine Cable System-1 (AMX-1),9,2,-82.124868,11.662208
america-movil-submarine-cable-system-1-amx-1,America Movil Submarine Cable System-1 (AMX-1),9,3,-82.237368,12.981078
america-movil-submarine-cable-system-1-amx-1,America Movil Submarine Cable System-1 (AMX-1),9,4,-82.124868,13.419187
america-movil-submarine-cable-system-1-amx-1,America Movil Submarine Cable System-1 (AMX-1),9,5,-81.899868,14.074847
america-movil-submarine-cable-system-1-amx-1,America Movil Submarine Cable System-1 (AMX-1),9,6,-80.549869,16.102326
america-movil-submarine-cable-system-1-amx-1,America Movil Submarine Cable System-1 (AMX-1),0,0,-66.626636,17.982654
america-movil-submarine-cable-system-1-amx-1,America Movil Submarine Cable System-1 (AMX-1),0,1,-66.824878,17.609606
america-movil-submarine-cable-system-1-amx-1,America Movil Submarine Cable System-1 (AMX-1),0,2,-67.499878,17.287636
america-movil-submarine-cable-system-1-amx-1,America Movil Submarine Cable System-1 (AMX-1),0,3,-69.862376,17.395023
america-movil-submarine-cable-system-1-amx-1,America Movil Submarine Cable System-1 (AMX-1),0,4,-70.649876,17.180187
america-movil-submarine-cable-system-1-amx-1,America Movil Submarine Cable System-1 (AMX-1),0,5,-71.999875,17.072676
america-movil-submarine-cable-system-1-amx-1,America Movil Submarine Cable System-1 (AMX-1),0,6,-74.699873,17.180187
america-movil-submarine-cable-system-1-amx-1,America Movil Submarine Cable System-1 (AMX-1),0,7,-75.262372,17.395023
america-movil-submarine-cable-system-1-amx-1,America Movil Submarine Cable System-1 (AMX-1),1,0,-69.862376,17.395023
america-movil-submarine-cable-system-1-amx-1,America Movil Submarine Cable System-1 (AMX-1),1,1,-69.749876,17.823934
america-movil-submarine-cable-system-1-amx-1,America Movil Submarine Cable System-1 (AMX-1),1,2,-69.806126,18.144944
america-movil-submarine-cable-system-1-amx-1,America Movil Submarine Cable System-1 (AMX-1),1,3,-69.940536,18.486809
avassa,Avassa,0,0,43.489204,-11.923116
avassa,Avassa,0,1,43.489204,-12.04538
avassa,Avassa,0,2,43.312544,-12.053987
avassa,Avassa,0,3,43.200044,-11.943945
avassa,Avassa,0,4,43.243305,-11.700587
avassa,Avassa,1,0,44.400043,-12.166275
avassa,Avassa,1,1,44.400043,-11.921731
avassa,Avassa,1,2,44.650043,-11.921731
avassa,Avassa,1,3,45.233294,-12.539377
avassa,Avassa,1,4,45.233294,-12.783297
indigo-central,INDIGO-Central,0,0,151.196257,-33.913572
indigo-central,INDIGO-Central,0,1,151.348793,-34.826982
indigo-central,INDIGO-Central,0,2,150.274968,-37.942454
indigo-central,INDIGO-Central,0,3,149.399968,-38.642301
indigo-central,INDIGO-Central,0,4,147.59997,-39.167574
indigo-central,INDIGO-Central,0,5,146.249971,-39.515594
indigo-central,INDIGO-Central,0,6,144.449972,-39.341801
indigo-central,INDIGO-Central,0,7,143.999972,-39.167574
indigo-central,INDIGO-Central,0,8,142.199974,-39.167574
indigo-central,INDIGO-Central,0,9,140.399975,-38.817824
indigo-central,INDIGO-Central,0,10,134.850858,-36.676359
indigo-central,INDIGO-Central,0,11,127.092562,-36.016829
indigo-central,INDIGO-Central,0,12,119.550185,-36.079205
indigo-central,INDIGO-Central,0,13,115.44677,-35.91724
indigo-central,INDIGO-Central,0,14,114.053216,-34.6113
indigo-central,INDIGO-Central,0,15,114.053216,-33.061829
indigo-central,INDIGO-Central,0,16,115.857316,-31.953439
eastern-africa-submarine-system-eassy,Eastern Africa Submarine System (EASSy),0,0,43.161644,11.57366
eastern-africa-submarine-system-eassy,Eastern Africa Submarine System (EASSy),0,1,43.650043,11.565447
eastern-africa-submarine-system-eassy,Eastern Africa Submarine System (EASSy),0,2,44.550043,11.460143
eastern-africa-submarine-system-eassy,Eastern Africa Submarine System (EASSy),1,0,37.219678,19.615567
eastern-africa-submarine-system-eassy,Eastern Africa Submarine System (EASSy),1,1,37.800047,19.529071
eastern-africa-submarine-system-eassy,Eastern Africa Submarine System (EASSy),1,2,39.150047,18.251816
eastern-africa-submarine-system-eassy,Eastern Africa Submarine System (EASSy),1,3,40.162546,16.534196
eastern-africa-submarine-system-eassy,Eastern Africa Submarine System (EASSy),1,4,41.625045,14.801154
eastern-africa-submarine-system-eassy,Eastern Africa Submarine System (EASSy),1,5,42.131294,13.929304
eastern-africa-submarine-system-eassy,Eastern Africa Submarine System (EASSy),1,6,42.806294,13.054151
eastern-africa-submarine-system-eassy,Eastern Africa Submarine System (EASSy),1,7,43.129731,12.834869
eastern-africa-submarine-system-eassy,Eastern Africa Submarine System (EASSy),1,8,43.214106,12.615396
eastern-africa-submarine-system-eassy,Eastern Africa Submarine System (EASSy),1,9,43.453168,12.395734
eastern-africa-submarine-system-eassy,Eastern Africa Submarine System (EASSy),1,10,44.550043,11.460143
eastern-africa-submarine-system-eassy,Eastern Africa Submarine System (EASSy),1,11,45.450042,11.405009
eastern-africa-submarine-system-eassy,Eastern Africa Submarine System (EASSy),1,12,48.60004,12.175887
eastern-africa-submarine-system-eassy,Eastern Africa Submarine System (EASSy),1,13,52.650037,13.163719
eastern-africa-submarine-system-eassy,Eastern Africa Submarine System (EASSy),1,14,54.000036,13.492128
eastern-africa-submarine-system-eassy,Eastern Africa Submarine System (EASSy),1,15,55.575035,12.615396
eastern-africa-submarine-system-eassy,Eastern Africa Submarine System (EASSy),1,16,55.350035,9.524411
eastern-africa-submarine-system-eassy,Eastern Africa Submarine System (EASSy),1,17,54.450036,5.510072
eastern-africa-submarine-system-eassy,Eastern Africa Submarine System (EASSy),1,18,51.300038,1.468427
eastern-africa-submarine-system-eassy,Eastern Africa Submarine System (EASSy),1,19,46.125042,-1.906058
eastern-africa-submarine-system-eassy,Eastern Africa Submarine System (EASSy),1,20,42.300044,-4.152768
eastern-africa-submarine-system-eassy,Eastern Africa Submarine System (EASSy),1,21,40.950045,-5.497951
eastern-africa-submarine-system-eassy,Eastern Africa Submarine System (EASSy),1,22,40.500046,-6.169451
eastern-africa-submarine-system-eassy,Eastern Africa Submarine System (EASSy),1,23,39.825046,-6.523516
eastern-africa-submarine-system-eassy,Eastern Africa Submarine System (EASSy),1,24,39.269676,-6.823132
eastern-africa-submarine-system-eassy,Eastern Africa Submarine System (EASSy),2,0,40.500046,-6.169451
eastern-africa-submarine-system-eassy,Eastern Africa Submarine System (EASSy),2,1,41.625045,-9.290424
eastern-africa-submarine-system-eassy,Eastern Africa Submarine System (EASSy),2,2,42.075044,-11.943945
eastern-africa-submarine-system-eassy,Eastern Africa Submarine System (EASSy),2,3,42.525044,-14.861884
eastern-africa-submarine-system-eassy,Eastern Africa Submarine System (EASSy),2,4,42.525044,-15.224032
eastern-africa-submarine-system-eassy,Eastern Africa Submarine System (EASSy),2,5,42.525044,-20.574419
eastern-africa-submarine-system-eassy,Eastern Africa Submarine System (EASSy),2,6,41.400045,-23.493922
eastern-africa-submarine-system-eassy,Eastern Africa Submarine System (EASSy),2,7,35.550049,-26.752713
eastern-africa-submarine-system-eassy,Eastern Africa Submarine System (EASSy),2,8,33.75005,-28.546349
eastern-africa-submarine-system-eassy,Eastern Africa Submarine System (EASSy),2,9,32.850051,-28.940899
eastern-africa-submarine-system-eassy,Eastern Africa Submarine System (EASSy),2,10,31.757962,-28.95056
eastern-africa-submarine-system-eassy,Eastern Africa Submarine System (EASSy),3,0,39.672896,-4.052924
eastern-africa-submarine-system-eassy,Eastern Africa Submarine System (EASSy),3,1,42.300044,-4.152768
eastern-africa-submarine-system-eassy,Eastern Africa Submarine System (EASSy),4,0,32.580621,-25.968268
eastern-africa-submarine-system-eassy,Eastern Africa Submarine System (EASSy),4,1,33.75005,-26.450942
eastern-africa-submarine-system-eassy,Eastern Africa Submarine System (EASSy),4,2,35.550049,-26.752713
eastern-africa-submarine-system-eassy,Eastern Africa Submarine System (EASSy),5,0,43.663143,-23.354725
eastern-africa-submarine-system-eassy,Eastern Africa Submarine System (EASSy),5,1,42.750044,-23.597056
eastern-africa-submarine-system-eassy,Eastern Africa Submarine System (EASSy),5,2,41.400045,-23.493922
eastern-africa-submarine-system-eassy,Eastern Africa Submarine System (EASSy),6,0,43.243304,-11.700589
eastern-africa-submarine-system-eassy,Eastern Africa Submarine System (EASSy),6,1,42.750044,-11.943945
eastern-africa-submarine-system-eassy,Eastern Africa Submarine System (EASSy),6,2,42.075044,-11.943945
eastern-africa-submarine-system-eassy,Eastern Africa Submarine System (EASSy),7,0,51.300038,1.468427
eastern-africa-submarine-system-eassy,Eastern Africa Submarine System (EASSy),7,1,46.800041,2.255504
eastern-africa-submarine-system-eassy,Eastern Africa Submarine System (EASSy),7,2,45.344182,2.041205
dumai-melaka-cable-system-dmcs,Dumai-Melaka Cable System (DMCS),0,0,101.447662,1.665523
dumai-melaka-cable-system-dmcs,Dumai-Melaka Cable System (DMCS),0,1,101.418752,2.143087
dumai-melaka-cable-system-dmcs,Dumai-Melaka Cable System (DMCS),0,2,101.812502,2.255504
dumai-melaka-cable-system-dmcs,Dumai-Melaka Cable System (DMCS),0,3,102.220902,2.27326
aden-djibouti,Aden-Djibouti,0,0,43.147993,11.594881
aden-djibouti,Aden-Djibouti,0,1,43.650043,11.955956
aden-djibouti,Aden-Djibouti,0,2,45.033538,12.800886
chuuk-pohnpei-cable,Chuuk-Pohnpei Cable,0,0,151.858487,7.439994
chuuk-pohnpei-cable,Chuuk-Pohnpei Cable,0,1,152.999966,7.744889
chuuk-pohnpei-cable,Chuuk-Pohnpei Cable,0,2,157.949962,7.744889
chuuk-pohnpei-cable,Chuuk-Pohnpei Cable,0,3,159.070262,7.786405
pacific-light-cable-network-plcn,Pacific Light Cable Network (PLCN),0,0,125.999985,21.0065
pacific-light-cable-network-plcn,Pacific Light Cable Network (PLCN),0,1,124.649986,19.246083
pacific-light-cable-network-plcn,Pacific Light Cable Network (PLCN),0,2,123.299987,17.823934
pacific-light-cable-network-plcn,Pacific Light Cable Network (PLCN),0,3,122.399988,16.102326
pacific-light-cable-network-plcn,Pacific Light Cable Network (PLCN),0,4,122.174988,15.886036
pacific-light-cable-network-plcn,Pacific Light Cable Network (PLCN),0,5,121.949988,15.777803
pacific-light-cable-network-plcn,Pacific Light Cable Network (PLCN),0,6,121.560188,15.761539
pacific-light-cable-network-plcn,Pacific Light Cable Network (PLCN),1,0,125.999985,21.0065
pacific-light-cable-network-plcn,Pacific Light Cable Network (PLCN),1,1,124.148766,23.551705
pacific-light-cable-network-plcn,Pacific Light Cable Network (PLCN),1,2,122.849987,24.532658
pacific-light-cable-network-plcn,Pacific Light Cable Network (PLCN),1,3,122.174988,24.788256
pacific-light-cable-network-plcn,Pacific Light Cable Network (PLCN),1,4,121.801453,24.863504
pacific-light-cable-network-plcn,Pacific Light Cable Network (PLCN),2,0,125.999985,21.0065
pacific-light-cable-network-plcn,Pacific Light Cable Network (PLCN),2,1,130.949981,22.469444
pacific-light-cable-network-plcn,Pacific Light Cable Network (PLCN),2,2,132.74998,23.298598
pacific-light-cable-network-plcn,Pacific Light Cable Network (PLCN),2,3,138.599976,25.754704
pacific-light-cable-network-plcn,Pacific Light Cable Network (PLCN),2,4,160.199961,40.043692
pacific-light-cable-network-plcn,Pacific Light Cable Network (PLCN),2,5,172.799921,43.401127
pacific-light-cable-network-plcn,Pacific Light Cable Network (PLCN),2,6,179.999927,43.401127
pacific-light-cable-network-plcn,Pacific Light Cable Network (PLCN),3,0,-118.415961,33.87323
pacific-light-cable-network-plcn,Pacific Light Cable Network (PLCN),3,1,-120.59984,33.612349
pacific-light-cable-network-plcn,Pacific Light Cable Network (PLCN),3,2,-122.399839,33.75277
pacific-light-cable-network-plcn,Pacific Light Cable Network (PLCN),3,3,-129.599834,37.232354
pacific-light-cable-network-plcn,Pacific Light Cable Network (PLCN),3,4,-138.599828,40.729204
pacific-light-cable-network-plcn,Pacific Light Cable Network (PLCN),3,5,-151.199834,43.398311
pacific-light-cable-network-plcn,Pacific Light Cable Network (PLCN),3,6,-179.999814,43.398311
colombia-florida-express-cfx-1,Colombia-Florida Express (CFX-1),0,0,-76.689361,17.942953
colombia-florida-express-cfx-1,Colombia-Florida Express (CFX-1),0,1,-76.499872,17.823934
colombia-florida-express-cfx-1,Colombia-Florida Express (CFX-1),0,2,-76.274872,17.823934
colombia-florida-express-cfx-1,Colombia-Florida Express (CFX-1),0,3,-76.184344,17.918366
colombia-florida-express-cfx-1,Colombia-Florida Express (CFX-1),0,4,-76.049872,17.823934
colombia-florida-express-cfx-1,Colombia-Florida Express (CFX-1),0,5,-75.599872,17.395023
colombia-florida-express-cfx-1,Colombia-Florida Express (CFX-1),1,0,-80.088932,26.350586
colombia-florida-express-cfx-1,Colombia-Florida Express (CFX-1),1,1,-79.424869,25.95718
colombia-florida-express-cfx-1,Colombia-Florida Express (CFX-1),1,2,-79.31237,25.348717
colombia-florida-express-cfx-1,Colombia-Florida Express (CFX-1),1,3,-78.97487,24.737178
colombia-florida-express-cfx-1,Colombia-Florida Express (CFX-1),1,4,-78.97487,23.711258
colombia-florida-express-cfx-1,Colombia-Florida Express (CFX-1),1,5,-78.29987,22.884654
colombia-florida-express-cfx-1,Colombia-Florida Express (CFX-1),1,6,-76.049872,21.635297
colombia-florida-express-cfx-1,Colombia-Florida Express (CFX-1),1,7,-74.699873,21.0065
colombia-florida-express-cfx-1,Colombia-Florida Express (CFX-1),1,8,-73.968623,20.375041
colombia-florida-express-cfx-1,Colombia-Florida Express (CFX-1),1,9,-73.912373,20.163975
colombia-florida-express-cfx-1,Colombia-Florida Express (CFX-1),1,10,-74.024873,19.952623
colombia-florida-express-cfx-1,Colombia-Florida Express (CFX-1),1,11,-74.587373,19.316876
colombia-florida-express-cfx-1,Colombia-Florida Express (CFX-1),1,12,-75.037373,18.251816
colombia-florida-express-cfx-1,Colombia-Florida Express (CFX-1),1,13,-75.599872,17.395023
colombia-florida-express-cfx-1,Colombia-Florida Express (CFX-1),1,14,-75.599872,11.073983
colombia-florida-express-cfx-1,Colombia-Florida Express (CFX-1),1,15,-75.505732,10.386791
imewe,IMEWE,0,0,38.137547,22.052986
imewe,IMEWE,0,1,39.182756,21.481533
imewe,IMEWE,1,0,67.028547,24.889732
imewe,IMEWE,1,1,66.487527,23.298598
imewe,IMEWE,1,2,66.150027,20.375041
imewe,IMEWE,1,3,66.600027,19.529071
imewe,IMEWE,2,0,32.529931,29.972545
imewe,IMEWE,2,1,32.568776,29.638336
imewe,IMEWE,2,2,32.737551,29.344567
imewe,IMEWE,2,3,33.018801,28.951555
imewe,IMEWE,2,4,33.511263,28.161052
imewe,IMEWE,2,5,34.31255,27.364668
imewe,IMEWE,2,6,35.184424,26.562513
imewe,IMEWE,2,7,35.887549,25.754704
imewe,IMEWE,2,8,36.900048,24.122617
imewe,IMEWE,2,9,38.137547,22.052986
imewe,IMEWE,2,10,38.925047,20.375041
imewe,IMEWE,2,11,40.275046,18.251816
imewe,IMEWE,2,12,41.287545,16.534196
imewe,IMEWE,2,13,42.243794,14.801154
imewe,IMEWE,2,14,42.750044,13.929304
imewe,IMEWE,2,15,43.115669,13.054151
imewe,IMEWE,2,16,43.270356,12.834869
imewe,IMEWE,2,17,43.354731,12.615396
imewe,IMEWE,2,18,43.734418,12.395734
imewe,IMEWE,2,19,44.550043,12.010882
imewe,IMEWE,2,20,45.450042,12.175887
imewe,IMEWE,2,21,48.60004,12.944534
imewe,IMEWE,2,22,55.350035,15.235782
imewe,IMEWE,2,23,58.950032,16.965103
imewe,IMEWE,2,24,62.10003,19.104405
imewe,IMEWE,2,25,66.600027,19.529071
imewe,IMEWE,2,26,70.200025,19.316876
imewe,IMEWE,2,27,72.875903,19.076074
imewe,IMEWE,3,0,5.37253,43.293628
imewe,IMEWE,3,1,5.96257,41.744359
imewe,IMEWE,3,2,7.200069,38.651812
imewe,IMEWE,3,3,7.875069,37.94551
imewe,IMEWE,3,4,9.000068,37.767862
imewe,IMEWE,3,5,10.348617,37.767862
imewe,IMEWE,3,6,10.912567,37.411284
imewe,IMEWE,3,7,11.587566,37.232354
imewe,IMEWE,3,8,12.712565,35.967974
imewe,IMEWE,3,9,13.668815,35.419781
imewe,IMEWE,3,10,14.400064,35.098265
imewe,IMEWE,3,11,16.650062,34.683018
imewe,IMEWE,3,12,19.350061,35.05223
imewe,IMEWE,3,13,22.050059,34.713849
imewe,IMEWE,3,14,25.200056,33.986294
imewe,IMEWE,3,15,28.800054,32.623017
imewe,IMEWE,3,16,29.893513,31.191465
imewe,IMEWE,3,17,30.825052,31.118344
imewe,IMEWE,3,18,31.387552,30.997835
imewe,IMEWE,3,19,31.950052,30.780635
imewe,IMEWE,3,20,32.287551,30.417529
imewe,IMEWE,3,21,32.529931,29.972545
imewe,IMEWE,4,0,15.067444,37.513447
imewe,IMEWE,4,1,15.750063,37.411284
imewe,IMEWE,4,2,16.256313,36.87322
imewe,IMEWE,4,3,16.425063,35.785662
imewe,IMEWE,4,4,16.650062,34.683018
imewe,IMEWE,5,0,35.859229,34.439742
imewe,IMEWE,5,1,35.550049,34.405023
imewe,IMEWE,5,2,32.400051,33.283811
imewe,IMEWE,5,3,30.600053,32.623017
imewe,IMEWE,5,4,28.800054,32.623017
imewe,IMEWE,6,0,56.333724,25.12169
imewe,IMEWE,6,1,56.925034,24.864833
imewe,IMEWE,6,2,58.500033,24.507069
imewe,IMEWE,6,3,59.850032,23.917101
imewe,IMEWE,6,4,62.10003,22.469444
imewe,IMEWE,6,5,62.10003,19.104405
imewe,IMEWE,7,0,32.529931,29.972545
imewe,IMEWE,7,1,32.287551,30.466025
imewe,IMEWE,7,2,31.950052,30.877239
imewe,IMEWE,7,3,31.387552,31.09422
imewe,IMEWE,7,4,30.825052,31.19055
imewe,IMEWE,7,5,29.893513,31.191465
seacomtata-tgn-eurasia,SEACOM/Tata TGN-Eurasia,0,0,38.057481,22.066173
seacomtata-tgn-eurasia,SEACOM/Tata TGN-Eurasia,0,1,39.21519,21.494773
seacomtata-tgn-eurasia,SEACOM/Tata TGN-Eurasia,1,0,43.180427,11.608807
seacomtata-tgn-eurasia,SEACOM/Tata TGN-Eurasia,1,1,43.682477,11.804598
seacomtata-tgn-eurasia,SEACOM/Tata TGN-Eurasia,1,2,44.582476,11.969778
seacomtata-tgn-eurasia,SEACOM/Tata TGN-Eurasia,2,0,31.790395,-28.938108
seacomtata-tgn-eurasia,SEACOM/Tata TGN-Eurasia,2,1,32.882484,-29.026862
seacomtata-tgn-eurasia,SEACOM/Tata TGN-Eurasia,2,2,33.782484,-28.731334
seacomtata-tgn-eurasia,SEACOM/Tata TGN-Eurasia,2,3,35.807482,-26.940767
seacomtata-tgn-eurasia,SEACOM/Tata TGN-Eurasia,2,4,41.657478,-23.687079
seacomtata-tgn-eurasia,SEACOM/Tata TGN-Eurasia,2,5,42.782477,-20.561097
seacomtata-tgn-eurasia,SEACOM/Tata TGN-Eurasia,2,6,42.782477,-15.210303
seacomtata-tgn-eurasia,SEACOM/Tata TGN-Eurasia,2,7,42.782477,-14.848131
seacomtata-tgn-eurasia,SEACOM/Tata TGN-Eurasia,2,8,42.332478,-11.930024
seacomtata-tgn-eurasia,SEACOM/Tata TGN-Eurasia,2,9,41.882478,-9.276382
seacomtata-tgn-eurasia,SEACOM/Tata TGN-Eurasia,2,10,40.644979,-6.155304
seacomtata-tgn-eurasia,SEACOM/Tata TGN-Eurasia,3,0,55.382468,15.032321
seacomtata-tgn-eurasia,SEACOM/Tata TGN-Eurasia,3,1,55.832468,12.62928
seacomtata-tgn-eurasia,SEACOM/Tata TGN-Eurasia,3,2,55.832468,9.538444
seacomtata-tgn-eurasia,SEACOM/Tata TGN-Eurasia,3,3,55.382468,5.524234
seacomtata-tgn-eurasia,SEACOM/Tata TGN-Eurasia,3,4,52.232471,1.482651
seacomtata-tgn-eurasia,SEACOM/Tata TGN-Eurasia,3,5,46.382475,-2.1167
seacomtata-tgn-eurasia,SEACOM/Tata TGN-Eurasia,3,6,42.332478,-4.362957
seacomtata-tgn-eurasia,SEACOM/Tata TGN-Eurasia,3,7,40.982479,-5.707715
seacomtata-tgn-eurasia,SEACOM/Tata TGN-Eurasia,3,8,40.644979,-6.155304
seacomtata-tgn-eurasia,SEACOM/Tata TGN-Eurasia,3,9,39.857479,-6.565264
seacomtata-tgn-eurasia,SEACOM/Tata TGN-Eurasia,3,10,39.30211,-6.809004
seacomtata-tgn-eurasia,SEACOM/Tata TGN-Eurasia,4,0,42.332478,-4.362957
seacomtata-tgn-eurasia,SEACOM/Tata TGN-Eurasia,4,1,39.705329,-4.038731
seacomtata-tgn-eurasia,SEACOM/Tata TGN-Eurasia,5,0,32.613054,-25.955475
seacomtata-tgn-eurasia,SEACOM/Tata TGN-Eurasia,5,1,33.782484,-26.538892
seacomtata-tgn-eurasia,SEACOM/Tata TGN-Eurasia,5,2,35.807482,-26.940767
seacomtata-tgn-eurasia,SEACOM/Tata TGN-Eurasia,6,0,72.908336,19.089521
seacomtata-tgn-eurasia,SEACOM/Tata TGN-Eurasia,6,1,70.232458,19.224111
seacomtata-tgn-eurasia,SEACOM/Tata TGN-Eurasia,6,2,66.63246,19.330303
seacomtata-tgn-eurasia,SEACOM/Tata TGN-Eurasia,6,3,61.907464,18.692126
seacomtata-tgn-eurasia,SEACOM/Tata TGN-Eurasia,6,4,58.982466,16.763396
seacomtata-tgn-eurasia,SEACOM/Tata TGN-Eurasia,6,5,55.382468,15.032321
seacomtata-tgn-eurasia,SEACOM/Tata TGN-Eurasia,6,6,48.632473,12.848742
seacomtata-tgn-eurasia,SEACOM/Tata TGN-Eurasia,6,7,45.482475,12.079809
seacomtata-tgn-eurasia,SEACOM/Tata TGN-Eurasia,6,8,44.582476,11.969778
seacomtata-tgn-eurasia,SEACOM/Tata TGN-Eurasia,6,9,43.738727,12.409631
seacomtata-tgn-eurasia,SEACOM/Tata TGN-Eurasia,6,10,43.373102,12.62928
seacomtata-tgn-eurasia,SEACOM/Tata TGN-Eurasia,6,11,43.288727,12.848742
seacomtata-tgn-eurasia,SEACOM/Tata TGN-Eurasia,6,12,43.119977,13.068011
seacomtata-tgn-eurasia,SEACOM/Tata TGN-Eurasia,6,13,42.726227,13.943114
seacomtata-tgn-eurasia,SEACOM/Tata TGN-Eurasia,6,14,42.219978,14.81491
seacomtata-tgn-eurasia,SEACOM/Tata TGN-Eurasia,6,15,41.207478,16.547836
seacomtata-tgn-eurasia,SEACOM/Tata TGN-Eurasia,6,16,40.194979,18.265329
seacomtata-tgn-eurasia,SEACOM/Tata TGN-Eurasia,6,17,38.84498,20.388379
seacomtata-tgn-eurasia,SEACOM/Tata TGN-Eurasia,6,18,38.057481,22.066173
seacomtata-tgn-eurasia,SEACOM/Tata TGN-Eurasia,6,19,36.819981,24.135602
seacomtata-tgn-eurasia,SEACOM/Tata TGN-Eurasia,6,20,35.807482,25.767519
seacomtata-tgn-eurasia,SEACOM/Tata TGN-Eurasia,6,21,35.132483,26.575239
seacomtata-tgn-eurasia,SEACOM/Tata TGN-Eurasia,6,22,34.288733,27.377304
seacomtata-tgn-eurasia,SEACOM/Tata TGN-Eurasia,6,23,33.473459,28.173596
seacomtata-tgn-eurasia,SEACOM/Tata TGN-Eurasia,6,24,32.649891,29.116662
middle-east-north-africa-mena-cable-systemgulf-bridge-international,Middle East North Africa (MENA) Cable System/Gulf Bridge International,0,0,37.687548,22.052986
middle-east-north-africa-mena-cable-systemgulf-bridge-international,Middle East North Africa (MENA) Cable System/Gulf Bridge International,0,1,39.182756,21.481533
middle-east-north-africa-mena-cable-systemgulf-bridge-international,Middle East North Africa (MENA) Cable System/Gulf Bridge International,1,0,12.591375,37.650586
middle-east-north-africa-mena-cable-systemgulf-bridge-international,Middle East North Africa (MENA) Cable System/Gulf Bridge International,1,1,12.173016,37.278758
middle-east-north-africa-mena-cable-systemgulf-bridge-international,Middle East North Africa (MENA) Cable System/Gulf Bridge International,1,2,12.037566,36.87322
middle-east-north-africa-mena-cable-systemgulf-bridge-international,Middle East North Africa (MENA) Cable System/Gulf Bridge International,1,3,12.150066,35.785662
middle-east-north-africa-mena-cable-systemgulf-bridge-international,Middle East North Africa (MENA) Cable System/Gulf Bridge International,1,4,12.487565,35.419781
middle-east-north-africa-mena-cable-systemgulf-bridge-international,Middle East North Africa (MENA) Cable System/Gulf Bridge International,1,5,14.400064,34.126101
middle-east-north-africa-mena-cable-systemgulf-bridge-international,Middle East North Africa (MENA) Cable System/Gulf Bridge International,1,6,16.650062,33.377806
middle-east-north-africa-mena-cable-systemgulf-bridge-international,Middle East North Africa (MENA) Cable System/Gulf Bridge International,1,7,19.350061,33.75277
middle-east-north-africa-mena-cable-systemgulf-bridge-international,Middle East North Africa (MENA) Cable System/Gulf Bridge International,1,8,22.050059,33.737179
middle-east-north-africa-mena-cable-systemgulf-bridge-international,Middle East North Africa (MENA) Cable System/Gulf Bridge International,1,9,25.200056,33.001219
middle-east-north-africa-mena-cable-systemgulf-bridge-international,Middle East North Africa (MENA) Cable System/Gulf Bridge International,1,10,27.900054,32.148009
middle-east-north-africa-mena-cable-systemgulf-bridge-international,Middle East North Africa (MENA) Cable System/Gulf Bridge International,1,11,29.700933,31.07227
middle-east-north-africa-mena-cable-systemgulf-bridge-international,Middle East North Africa (MENA) Cable System/Gulf Bridge International,2,0,29.700933,31.07227
middle-east-north-africa-mena-cable-systemgulf-bridge-international,Middle East North Africa (MENA) Cable System/Gulf Bridge International,2,1,29.981303,30.659765
middle-east-north-africa-mena-cable-systemgulf-bridge-international,Middle East North Africa (MENA) Cable System/Gulf Bridge International,2,2,30.375053,30.393272
middle-east-north-africa-mena-cable-systemgulf-bridge-international,Middle East North Africa (MENA) Cable System/Gulf Bridge International,2,3,31.050052,30.028698
middle-east-north-africa-mena-cable-systemgulf-bridge-international,Middle East North Africa (MENA) Cable System/Gulf Bridge International,2,4,31.725052,29.784901
middle-east-north-africa-mena-cable-systemgulf-bridge-international,Middle East North Africa (MENA) Cable System/Gulf Bridge International,2,5,32.175051,29.442367
middle-east-north-africa-mena-cable-systemgulf-bridge-international,Middle East North Africa (MENA) Cable System/Gulf Bridge International,2,6,32.653181,29.113614
middle-east-north-africa-mena-cable-systemgulf-bridge-international,Middle East North Africa (MENA) Cable System/Gulf Bridge International,3,0,29.700933,31.07227
middle-east-north-africa-mena-cable-systemgulf-bridge-international,Middle East North Africa (MENA) Cable System/Gulf Bridge International,3,1,29.981303,30.611366
middle-east-north-africa-mena-cable-systemgulf-bridge-international,Middle East North Africa (MENA) Cable System/Gulf Bridge International,3,2,30.375053,30.296185
middle-east-north-africa-mena-cable-systemgulf-bridge-international,Middle East North Africa (MENA) Cable System/Gulf Bridge International,3,3,31.050052,29.931251
middle-east-north-africa-mena-cable-systemgulf-bridge-international,Middle East North Africa (MENA) Cable System/Gulf Bridge International,3,4,31.725052,29.687215
middle-east-north-africa-mena-cable-systemgulf-bridge-international,Middle East North Africa (MENA) Cable System/Gulf Bridge International,3,5,32.175051,29.393413
middle-east-north-africa-mena-cable-systemgulf-bridge-international,Middle East North Africa (MENA) Cable System/Gulf Bridge International,3,6,32.653181,29.113614
middle-east-north-africa-mena-cable-systemgulf-bridge-international,Middle East North Africa (MENA) Cable System/Gulf Bridge International,4,0,32.653181,29.113614
middle-east-north-africa-mena-cable-systemgulf-bridge-international,Middle East North Africa (MENA) Cable System/Gulf Bridge International,4,1,33.426988,28.161052
middle-east-north-africa-mena-cable-systemgulf-bridge-international,Middle East North Africa (MENA) Cable System/Gulf Bridge International,4,2,34.0313,27.364668
middle-east-north-africa-mena-cable-systemgulf-bridge-international,Middle East North Africa (MENA) Cable System/Gulf Bridge International,4,3,34.846925,26.562513
middle-east-north-africa-mena-cable-systemgulf-bridge-international,Middle East North Africa (MENA) Cable System/Gulf Bridge International,4,4,35.437549,25.754704
middle-east-north-africa-mena-cable-systemgulf-bridge-international,Middle East North Africa (MENA) Cable System/Gulf Bridge International,4,5,36.450048,24.122617
middle-east-north-africa-mena-cable-systemgulf-bridge-international,Middle East North Africa (MENA) Cable System/Gulf Bridge International,4,6,37.687548,22.052986
middle-east-north-africa-mena-cable-systemgulf-bridge-international,Middle East North Africa (MENA) Cable System/Gulf Bridge International,4,7,38.475047,20.375041
middle-east-north-africa-mena-cable-systemgulf-bridge-international,Middle East North Africa (MENA) Cable System/Gulf Bridge International,4,8,39.825046,18.251816
middle-east-north-africa-mena-cable-systemgulf-bridge-international,Middle East North Africa (MENA) Cable System/Gulf Bridge International,4,9,40.837545,16.534196
middle-east-north-africa-mena-cable-systemgulf-bridge-international,Middle East North Africa (MENA) Cable System/Gulf Bridge International,4,10,41.962545,14.801154
middle-east-north-africa-mena-cable-systemgulf-bridge-international,Middle East North Africa (MENA) Cable System/Gulf Bridge International,4,11,42.468794,13.929304
middle-east-north-africa-mena-cable-systemgulf-bridge-international,Middle East North Africa (MENA) Cable System/Gulf Bridge International,4,12,42.975044,13.054151
middle-east-north-africa-mena-cable-systemgulf-bridge-international,Middle East North Africa (MENA) Cable System/Gulf Bridge International,4,13,43.200044,12.834869
middle-east-north-africa-mena-cable-systemgulf-bridge-international,Middle East North Africa (MENA) Cable System/Gulf Bridge International,4,14,43.284419,12.615396
middle-east-north-africa-mena-cable-systemgulf-bridge-international,Middle East North Africa (MENA) Cable System/Gulf Bridge International,4,15,43.593793,12.395734
middle-east-north-africa-mena-cable-systemgulf-bridge-international,Middle East North Africa (MENA) Cable System/Gulf Bridge International,4,16,44.550043,12.175887
middle-east-north-africa-mena-cable-systemgulf-bridge-international,Middle East North Africa (MENA) Cable System/Gulf Bridge International,4,17,45.450042,12.615396
middle-east-north-africa-mena-cable-systemgulf-bridge-international,Middle East North Africa (MENA) Cable System/Gulf Bridge International,4,18,48.60004,13.382708
middle-east-north-africa-mena-cable-systemgulf-bridge-international,Middle East North Africa (MENA) Cable System/Gulf Bridge International,4,19,55.350035,16.102326
middle-east-north-africa-mena-cable-systemgulf-bridge-international,Middle East North Africa (MENA) Cable System/Gulf Bridge International,4,20,58.950032,17.823934
middle-east-north-africa-mena-cable-systemgulf-bridge-international,Middle East North Africa (MENA) Cable System/Gulf Bridge International,4,21,60.075032,19.104405
middle-east-north-africa-mena-cable-systemgulf-bridge-international,Middle East North Africa (MENA) Cable System/Gulf Bridge International,4,22,60.187532,22.469444
middle-east-north-africa-mena-cable-systemgulf-bridge-international,Middle East North Africa (MENA) Cable System/Gulf Bridge International,4,23,59.850032,22.98826
middle-east-north-africa-mena-cable-systemgulf-bridge-international,Middle East North Africa (MENA) Cable System/Gulf Bridge International,4,24,58.500033,24.122617
middle-east-north-africa-mena-cable-systemgulf-bridge-international,Middle East North Africa (MENA) Cable System/Gulf Bridge International,5,0,58.500033,24.122617
middle-east-north-africa-mena-cable-systemgulf-bridge-international,Middle East North Africa (MENA) Cable System/Gulf Bridge International,5,1,58.331283,23.917101
middle-east-north-africa-mena-cable-systemgulf-bridge-international,Middle East North Africa (MENA) Cable System/Gulf Bridge International,5,2,58.176203,23.684878
saudi-arabia-sudan-2-sas-2,Saudi Arabia-Sudan-2 (SAS-2),0,0,37.219678,19.615567
saudi-arabia-sudan-2-sas-2,Saudi Arabia-Sudan-2 (SAS-2),0,1,37.589238,20.236025
saudi-arabia-sudan-2-sas-2,Saudi Arabia-Sudan-2 (SAS-2),0,2,38.100047,20.796306
saudi-arabia-sudan-2-sas-2,Saudi Arabia-Sudan-2 (SAS-2),0,3,39.182756,21.481533
eac-c2c,EAC-C2C,0,0,120.127888,21.457552
eac-c2c,EAC-C2C,0,1,120.374989,21.635297
eac-c2c,EAC-C2C,0,2,120.543739,22.052986
eac-c2c,EAC-C2C,0,3,120.662199,22.249255
eac-c2c,EAC-C2C,1,0,125.099986,24.109782
eac-c2c,EAC-C2C,1,1,123.749987,25.234287
eac-c2c,EAC-C2C,1,2,122.849987,25.539195
eac-c2c,EAC-C2C,1,3,121.949988,25.437644
eac-c2c,EAC-C2C,1,4,121.383288,25.137251
eac-c2c,EAC-C2C,1,5,121.949988,25.336008
eac-c2c,EAC-C2C,1,6,122.399988,24.928611
eac-c2c,EAC-C2C,1,7,122.849987,24.007055
eac-c2c,EAC-C2C,1,8,122.399988,22.456448
eac-c2c,EAC-C2C,1,9,121.049988,19.727751
eac-c2c,EAC-C2C,1,10,119.76866,18.516117
eac-c2c,EAC-C2C,1,11,118.935971,17.741879
eac-c2c,EAC-C2C,1,12,118.79999,15.222213
eac-c2c,EAC-C2C,1,13,119.36249,14.569902
eac-c2c,EAC-C2C,1,14,120.149989,14.352031
eac-c2c,EAC-C2C,1,15,120.820199,14.273021
eac-c2c,EAC-C2C,1,16,120.149989,14.024827
eac-c2c,EAC-C2C,1,17,118.79999,13.040451
eac-c2c,EAC-C2C,1,18,115.649992,9.066444
eac-c2c,EAC-C2C,1,19,113.849994,7.730955
eac-c2c,EAC-C2C,1,20,110.474996,5.943832
eac-c2c,EAC-C2C,1,21,109.799996,5.496074
eac-c2c,EAC-C2C,1,22,107.999998,4.711703
eac-c2c,EAC-C2C,1,23,107.099998,4.150887
eac-c2c,EAC-C2C,1,24,105.749999,3.365087
eac-c2c,EAC-C2C,1,25,105.1875,2.803405
eac-c2c,EAC-C2C,1,26,104.596925,1.454369
eac-c2c,EAC-C2C,1,27,104.2879,1.229631
eac-c2c,EAC-C2C,1,28,104.17314,1.236269
eac-c2c,EAC-C2C,1,29,103.987011,1.375393
eac-c2c,EAC-C2C,2,0,114.258683,22.318293
eac-c2c,EAC-C2C,2,1,114.974993,22.313417
eac-c2c,EAC-C2C,2,2,115.649992,22.000841
eac-c2c,EAC-C2C,2,3,117.449991,21.739834
eac-c2c,EAC-C2C,2,4,118.79999,21.216398
eac-c2c,EAC-C2C,2,5,121.027756,21.038143
eac-c2c,EAC-C2C,2,6,122.849987,21.216398
eac-c2c,EAC-C2C,2,7,124.199986,22.052986
eac-c2c,EAC-C2C,2,8,125.099986,24.122617
eac-c2c,EAC-C2C,2,9,125.381235,25.551883
eac-c2c,EAC-C2C,2,10,125.662485,26.159308
eac-c2c,EAC-C2C,2,11,126.674984,28.557045
eac-c2c,EAC-C2C,2,12,126.899984,29.540508
eac-c2c,EAC-C2C,2,13,127.349984,30.70814
eac-c2c,EAC-C2C,2,14,125.099986,33.189715
eac-c2c,EAC-C2C,2,15,124.649986,34.312152
eac-c2c,EAC-C2C,2,16,124.649986,35.419781
eac-c2c,EAC-C2C,2,17,125.549985,36.149867
eac-c2c,EAC-C2C,2,18,126.391585,36.57633
eac-c2c,EAC-C2C,2,19,125.549985,35.967974
eac-c2c,EAC-C2C,2,20,125.099986,35.419781
eac-c2c,EAC-C2C,2,21,125.099986,34.312152
eac-c2c,EAC-C2C,2,22,125.324985,33.189715
eac-c2c,EAC-C2C,2,23,128.249983,30.70814
eac-c2c,EAC-C2C,2,24,130.499982,29.540508
eac-c2c,EAC-C2C,2,25,132.74998,29.344567
eac-c2c,EAC-C2C,2,26,134.999979,29.344567
eac-c2c,EAC-C2C,2,27,137.699977,30.12605
eac-c2c,EAC-C2C,2,28,139.274976,30.901396
eac-c2c,EAC-C2C,2,29,141.299974,32.052708
eac-c2c,EAC-C2C,2,30,142.199974,34.405023
eac-c2c,EAC-C2C,2,31,142.199974,35.05223
eac-c2c,EAC-C2C,2,32,141.974974,35.785662
eac-c2c,EAC-C2C,2,33,140.612475,36.383484
eac-c2c,EAC-C2C,2,34,141.749974,35.785662
eac-c2c,EAC-C2C,2,35,141.749974,35.05223
eac-c2c,EAC-C2C,2,36,140.849974,34.126101
eac-c2c,EAC-C2C,2,37,138.599976,33.377806
eac-c2c,EAC-C2C,2,38,137.699977,33.659182
eac-c2c,EAC-C2C,2,39,136.873997,34.336828
eac-c2c,EAC-C2C,2,40,137.474977,32.812319
eac-c2c,EAC-C2C,2,41,137.699977,31.286739
eac-c2c,EAC-C2C,2,42,137.249977,29.344567
eac-c2c,EAC-C2C,2,43,132.74998,26.159308
eac-c2c,EAC-C2C,3,0,114.258683,22.318293
eac-c2c,EAC-C2C,3,1,114.974993,22.26137
eac-c2c,EAC-C2C,3,2,115.649992,21.948678
eac-c2c,EAC-C2C,3,3,117.449991,21.635297
eac-c2c,EAC-C2C,3,4,118.79999,21.0065
eac-c2c,EAC-C2C,3,5,121.027756,20.827994
eac-c2c,EAC-C2C,3,6,122.849987,20.796306
eac-c2c,EAC-C2C,3,7,125.999985,22.052986
eac-c2c,EAC-C2C,3,8,128.699983,23.298598
eac-c2c,EAC-C2C,3,9,132.74998,26.159308
eac-c2c,EAC-C2C,4,0,121.383288,25.149981
eac-c2c,EAC-C2C,4,1,121.724988,25.754704
eac-c2c,EAC-C2C,4,2,121.949988,26.058288
eac-c2c,EAC-C2C,4,3,122.849987,26.260241
eac-c2c,EAC-C2C,4,4,128.699983,25.754704
eac-c2c,EAC-C2C,4,5,131.399981,26.159308
eac-c2c,EAC-C2C,4,6,132.74998,26.159308
eac-c2c,EAC-C2C,5,0,103.987011,1.389451
eac-c2c,EAC-C2C,5,1,104.1874,1.289569
eac-c2c,EAC-C2C,5,2,104.2879,1.341927
eac-c2c,EAC-C2C,5,3,104.4004,1.468427
eac-c2c,EAC-C2C,5,4,104.7375,2.81745
eac-c2c,EAC-C2C,5,5,105.749999,4.277108
eac-c2c,EAC-C2C,5,6,107.099998,5.061987
eac-c2c,EAC-C2C,5,7,107.999998,5.733989
eac-c2c,EAC-C2C,5,8,110.249996,7.744889
eac-c2c,EAC-C2C,5,9,111.487495,9.967915
eac-c2c,EAC-C2C,5,10,112.499995,12.615396
eac-c2c,EAC-C2C,5,11,114.074993,17.10852
eac-c2c,EAC-C2C,5,12,114.299993,18.251816
eac-c2c,EAC-C2C,5,13,114.074993,20.796306
eac-c2c,EAC-C2C,5,14,114.202923,22.22205
eac-c2c,EAC-C2C,6,0,124.649986,35.419781
eac-c2c,EAC-C2C,6,1,121.499988,35.785662
eac-c2c,EAC-C2C,6,2,120.342469,36.087311
eac-c2c,EAC-C2C,7,0,121.462588,25.168986
eac-c2c,EAC-C2C,7,1,121.387488,25.742038
eac-c2c,EAC-C2C,7,2,121.949988,26.75103
eac-c2c,EAC-C2C,7,3,123.524987,28.148654
eac-c2c,EAC-C2C,7,4,123.299987,30.113886
eac-c2c,EAC-C2C,7,5,122.174988,30.744405
eac-c2c,EAC-C2C,7,6,121.925088,30.852679
eac-c2c,EAC-C2C,7,7,122.174988,31.034034
eac-c2c,EAC-C2C,7,8,122.849987,31.466829
eac-c2c,EAC-C2C,7,9,128.024984,32.800499
eac-c2c,EAC-C2C,7,10,128.699983,34.300536
eac-c2c,EAC-C2C,7,11,128.999493,35.158883
eac-c2c,EAC-C2C,7,12,129.599982,34.300536
eac-c2c,EAC-C2C,7,13,129.599982,32.800499
eac-c2c,EAC-C2C,7,14,129.599982,31.658544
eac-c2c,EAC-C2C,7,15,130.499982,30.889329
eac-c2c,EAC-C2C,7,16,132.74998,30.889329
eac-c2c,EAC-C2C,7,17,134.999979,31.274721
eac-c2c,EAC-C2C,7,18,136.799977,32.040788
eac-c2c,EAC-C2C,7,19,137.024977,32.800499
eac-c2c,EAC-C2C,7,20,136.873997,34.325216
eac-c2c,EAC-C2C,7,21,137.699977,33.927973
eac-c2c,EAC-C2C,7,22,138.599976,33.927973
eac-c2c,EAC-C2C,7,23,139.274976,34.114459
eac-c2c,EAC-C2C,7,24,139.893725,34.393419
eac-c2c,EAC-C2C,7,25,140.03435,34.679163
eac-c2c,EAC-C2C,7,26,140.020288,34.840905
eac-c2c,EAC-C2C,7,27,139.954855,34.965047
eac-c2c,EAC-C2C,7,28,140.0906,34.840905
eac-c2c,EAC-C2C,7,29,140.3156,34.679163
eac-c2c,EAC-C2C,7,30,140.456225,34.393419
eac-c2c,EAC-C2C,7,31,140.737475,33.927973
eac-c2c,EAC-C2C,7,32,140.624975,32.421444
eac-c2c,EAC-C2C,7,33,140.174975,30.889329
eac-c2c,EAC-C2C,7,34,138.824976,28.544693
eac-c2c,EAC-C2C,7,35,137.249977,26.95177
eac-c2c,EAC-C2C,7,36,132.74998,23.698382
eac-c2c,EAC-C2C,7,37,130.949981,22.871698
eac-c2c,EAC-C2C,7,38,125.999985,21.203288
eac-c2c,EAC-C2C,7,39,122.849987,20.361858
eac-c2c,EAC-C2C,7,40,121.112553,19.18943
eac-c2c,EAC-C2C,7,41,120.243083,18.601844
eac-c2c,EAC-C2C,7,42,119.119063,17.549363
eac-c2c,EAC-C2C,7,43,119.02499,15.222213
eac-c2c,EAC-C2C,7,44,119.58749,14.569902
eac-c2c,EAC-C2C,7,45,120.149989,13.915654
eac-c2c,EAC-C2C,7,46,121.066008,13.748759
eac-c2c,EAC-C2C,7,47,120.149989,13.259551
eac-c2c,EAC-C2C,7,48,118.79999,12.601672
eac-c2c,EAC-C2C,7,49,116.099992,9.066444
eac-c2c,EAC-C2C,7,50,114.074993,7.730955
eac-c2c,EAC-C2C,7,51,110.699996,5.943832
eac-c2c,EAC-C2C,7,52,110.024996,5.496074
eac-c2c,EAC-C2C,7,53,107.999998,4.599575
eac-c2c,EAC-C2C,7,54,107.099998,4.038675
eac-c2c,EAC-C2C,7,55,105.749999,3.252775
eac-c2c,EAC-C2C,7,56,105.24375,2.803405
eac-c2c,EAC-C2C,7,57,104.625,1.454369
eac-c2c,EAC-C2C,7,58,104.2879,1.215597
eac-c2c,EAC-C2C,7,59,104.16377,1.210005
eac-c2c,EAC-C2C,7,60,103.987011,1.375393
eac-c2c,EAC-C2C,7,61,104.17793,1.249346
eac-c2c,EAC-C2C,7,62,104.2879,1.299801
eac-c2c,EAC-C2C,7,63,104.428475,1.454369
eac-c2c,EAC-C2C,7,64,104.79375,2.803405
eac-c2c,EAC-C2C,7,65,105.749999,4.150887
eac-c2c,EAC-C2C,7,66,107.099998,4.935906
eac-c2c,EAC-C2C,7,67,107.999998,5.608046
eac-c2c,EAC-C2C,7,68,110.474996,7.730955
eac-c2c,EAC-C2C,7,69,111.712495,9.954065
eac-c2c,EAC-C2C,7,70,112.724994,12.601672
eac-c2c,EAC-C2C,7,71,114.299993,17.095079
eac-c2c,EAC-C2C,7,72,114.524993,18.238461
eac-c2c,EAC-C2C,7,73,114.187493,20.783159
eac-c2c,EAC-C2C,7,74,114.258683,22.305283
eac-c2c,EAC-C2C,8,0,114.202923,22.22205
eac-c2c,EAC-C2C,8,1,114.637493,20.796306
eac-c2c,EAC-C2C,8,2,115.424992,18.238461
eac-c2c,EAC-C2C,8,3,116.999991,16.102326
eac-c2c,EAC-C2C,8,4,119.24999,14.365654
eac-c2c,EAC-C2C,8,5,120.149989,13.820086
eac-c2c,EAC-C2C,8,6,121.066008,13.762418
eac-c2c,EAC-C2C,9,0,120.127888,21.457552
eac-c2c,EAC-C2C,9,1,118.79999,21.530685
eac-c2c,EAC-C2C,9,2,117.449991,21.844294
eac-c2c,EAC-C2C,9,3,115.649992,22.052986
eac-c2c,EAC-C2C,9,4,114.974993,22.365446
eac-c2c,EAC-C2C,9,5,114.258683,22.318293
asia-submarine-cable-express-asecahaya-malaysia,Asia Submarine-cable Express (ASE)/Cahaya Malaysia,0,0,119.449223,18.712817
asia-submarine-cable-express-asecahaya-malaysia,Asia Submarine-cable Express (ASE)/Cahaya Malaysia,0,1,118.34999,20.163975
asia-submarine-cable-express-asecahaya-malaysia,Asia Submarine-cable Express (ASE)/Cahaya Malaysia,0,2,116.999991,21.111486
asia-submarine-cable-express-asecahaya-malaysia,Asia Submarine-cable Express (ASE)/Cahaya Malaysia,0,3,115.649992,21.792073
asia-submarine-cable-express-asecahaya-malaysia,Asia Submarine-cable Express (ASE)/Cahaya Malaysia,0,4,114.974993,22.157216
asia-submarine-cable-express-asecahaya-malaysia,Asia Submarine-cable Express (ASE)/Cahaya Malaysia,0,5,114.258683,22.318293
asia-submarine-cable-express-asecahaya-malaysia,Asia Submarine-cable Express (ASE)/Cahaya Malaysia,1,0,139.975467,35.005433
asia-submarine-cable-express-asecahaya-malaysia,Asia Submarine-cable Express (ASE)/Cahaya Malaysia,1,1,140.132787,34.898593
asia-submarine-cable-express-asecahaya-malaysia,Asia Submarine-cable Express (ASE)/Cahaya Malaysia,1,2,140.118725,34.690726
asia-submarine-cable-express-asecahaya-malaysia,Asia Submarine-cable Express (ASE)/Cahaya Malaysia,1,3,140.062475,34.405023
asia-submarine-cable-express-asecahaya-malaysia,Asia Submarine-cable Express (ASE)/Cahaya Malaysia,1,4,139.724975,33.93964
asia-submarine-cable-express-asecahaya-malaysia,Asia Submarine-cable Express (ASE)/Cahaya Malaysia,1,5,139.949975,32.433313
asia-submarine-cable-express-asecahaya-malaysia,Asia Submarine-cable Express (ASE)/Cahaya Malaysia,1,6,139.499975,30.901396
asia-submarine-cable-express-asecahaya-malaysia,Asia Submarine-cable Express (ASE)/Cahaya Malaysia,1,7,138.824976,29.736069
asia-submarine-cable-express-asecahaya-malaysia,Asia Submarine-cable Express (ASE)/Cahaya Malaysia,1,8,137.249977,28.557045
asia-submarine-cable-express-asecahaya-malaysia,Asia Submarine-cable Express (ASE)/Cahaya Malaysia,1,9,132.74998,25.348717
asia-submarine-cable-express-asecahaya-malaysia,Asia Submarine-cable Express (ASE)/Cahaya Malaysia,1,10,130.949981,23.917101
asia-submarine-cable-express-asecahaya-malaysia,Asia Submarine-cable Express (ASE)/Cahaya Malaysia,1,11,126.857214,19.479734
asia-submarine-cable-express-asecahaya-malaysia,Asia Submarine-cable Express (ASE)/Cahaya Malaysia,1,12,124.199986,15.235782
asia-submarine-cable-express-asecahaya-malaysia,Asia Submarine-cable Express (ASE)/Cahaya Malaysia,1,13,123.524987,14.365654
asia-submarine-cable-express-asecahaya-malaysia,Asia Submarine-cable Express (ASE)/Cahaya Malaysia,1,14,122.950087,14.116523
asia-submarine-cable-express-asecahaya-malaysia,Asia Submarine-cable Express (ASE)/Cahaya Malaysia,2,0,126.857214,19.466476
asia-submarine-cable-express-asecahaya-malaysia,Asia Submarine-cable Express (ASE)/Cahaya Malaysia,2,1,125.549985,19.303605
asia-submarine-cable-express-asecahaya-malaysia,Asia Submarine-cable Express (ASE)/Cahaya Malaysia,2,2,120.969882,19.751487
asia-submarine-cable-express-asecahaya-malaysia,Asia Submarine-cable Express (ASE)/Cahaya Malaysia,2,3,120.320939,19.446974
asia-submarine-cable-express-asecahaya-malaysia,Asia Submarine-cable Express (ASE)/Cahaya Malaysia,2,4,119.449223,18.712817
asia-submarine-cable-express-asecahaya-malaysia,Asia Submarine-cable Express (ASE)/Cahaya Malaysia,2,5,118.550169,17.891289
asia-submarine-cable-express-asecahaya-malaysia,Asia Submarine-cable Express (ASE)/Cahaya Malaysia,2,6,117.563291,15.439679
asia-submarine-cable-express-asecahaya-malaysia,Asia Submarine-cable Express (ASE)/Cahaya Malaysia,2,7,116.212492,12.601672
asia-submarine-cable-express-asecahaya-malaysia,Asia Submarine-cable Express (ASE)/Cahaya Malaysia,2,8,114.749993,9.066444
asia-submarine-cable-express-asecahaya-malaysia,Asia Submarine-cable Express (ASE)/Cahaya Malaysia,2,9,112.949994,7.730955
asia-submarine-cable-express-asecahaya-malaysia,Asia Submarine-cable Express (ASE)/Cahaya Malaysia,2,10,110.024996,5.943832
asia-submarine-cable-express-asecahaya-malaysia,Asia Submarine-cable Express (ASE)/Cahaya Malaysia,2,11,109.349997,5.496074
asia-submarine-cable-express-asecahaya-malaysia,Asia Submarine-cable Express (ASE)/Cahaya Malaysia,2,12,107.999998,4.935906
asia-submarine-cable-express-asecahaya-malaysia,Asia Submarine-cable Express (ASE)/Cahaya Malaysia,2,13,107.099998,4.375265
asia-submarine-cable-express-asecahaya-malaysia,Asia Submarine-cable Express (ASE)/Cahaya Malaysia,2,14,105.749999,3.589673
asia-submarine-cable-express-asecahaya-malaysia,Asia Submarine-cable Express (ASE)/Cahaya Malaysia,2,15,105.075,2.803405
asia-submarine-cable-express-asecahaya-malaysia,Asia Submarine-cable Express (ASE)/Cahaya Malaysia,2,16,104.540775,1.454369
asia-submarine-cable-express-asecahaya-malaysia,Asia Submarine-cable Express (ASE)/Cahaya Malaysia,2,17,104.2879,1.271733
asia-submarine-cable-express-asecahaya-malaysia,Asia Submarine-cable Express (ASE)/Cahaya Malaysia,2,18,104.19932,1.308321
asia-submarine-cable-express-asecahaya-malaysia,Asia Submarine-cable Express (ASE)/Cahaya Malaysia,2,19,103.985941,1.371284
asia-submarine-cable-express-asecahaya-malaysia,Asia Submarine-cable Express (ASE)/Cahaya Malaysia,3,0,105.075,2.803405
asia-submarine-cable-express-asecahaya-malaysia,Asia Submarine-cable Express (ASE)/Cahaya Malaysia,3,1,104.797519,2.513407
asia-submarine-cable-express-asecahaya-malaysia,Asia Submarine-cable Express (ASE)/Cahaya Malaysia,3,2,104.4,2.424113
asia-submarine-cable-express-asecahaya-malaysia,Asia Submarine-cable Express (ASE)/Cahaya Malaysia,3,3,103.850681,2.295702
asia-submarine-cable-express-asecahaya-malaysia,Asia Submarine-cable Express (ASE)/Cahaya Malaysia,4,0,130.901875,23.86576
asia-submarine-cable-express-asecahaya-malaysia,Asia Submarine-cable Express (ASE)/Cahaya Malaysia,4,1,128.699983,25.551883
asia-submarine-cable-express-asecahaya-malaysia,Asia Submarine-cable Express (ASE)/Cahaya Malaysia,4,2,128.024984,25.95718
asia-submarine-cable-express-asecahaya-malaysia,Asia Submarine-cable Express (ASE)/Cahaya Malaysia,4,3,127.700784,26.08775
pldt-domestic-fiber-optic-network-dfon,PLDT Domestic Fiber Optic Network (DFON),0,0,120.622989,14.088232
pldt-domestic-fiber-optic-network-dfon,PLDT Domestic Fiber Optic Network (DFON),0,1,120.487489,13.929304
pldt-domestic-fiber-optic-network-dfon,PLDT Domestic Fiber Optic Network (DFON),0,2,120.599989,13.710818
pldt-domestic-fiber-optic-network-dfon,PLDT Domestic Fiber Optic Network (DFON),0,3,121.049988,13.546819
pldt-domestic-fiber-optic-network-dfon,PLDT Domestic Fiber Optic Network (DFON),0,4,121.456238,13.492128
pldt-domestic-fiber-optic-network-dfon,PLDT Domestic Fiber Optic Network (DFON),0,5,121.568738,13.273238
pldt-domestic-fiber-optic-network-dfon,PLDT Domestic Fiber Optic Network (DFON),0,6,121.464538,13.045783
pldt-domestic-fiber-optic-network-dfon,PLDT Domestic Fiber Optic Network (DFON),0,7,121.668738,12.834869
pldt-domestic-fiber-optic-network-dfon,PLDT Domestic Fiber Optic Network (DFON),0,8,121.781238,12.615396
pldt-domestic-fiber-optic-network-dfon,PLDT Domestic Fiber Optic Network (DFON),0,9,121.949988,12.175887
pldt-domestic-fiber-optic-network-dfon,PLDT Domestic Fiber Optic Network (DFON),0,10,122.062488,12.065895
pldt-domestic-fiber-optic-network-dfon,PLDT Domestic Fiber Optic Network (DFON),0,11,122.399988,11.955858
pldt-domestic-fiber-optic-network-dfon,PLDT Domestic Fiber Optic Network (DFON),0,12,122.749987,11.583202
pldt-domestic-fiber-optic-network-dfon,PLDT Domestic Fiber Optic Network (DFON),0,13,122.962487,11.845776
pldt-domestic-fiber-optic-network-dfon,PLDT Domestic Fiber Optic Network (DFON),0,14,123.299987,11.845776
pldt-domestic-fiber-optic-network-dfon,PLDT Domestic Fiber Optic Network (DFON),0,15,123.412487,11.955858
pldt-domestic-fiber-optic-network-dfon,PLDT Domestic Fiber Optic Network (DFON),0,16,123.646177,12.366735
pldt-domestic-fiber-optic-network-dfon,PLDT Domestic Fiber Optic Network (DFON),0,17,123.581337,12.505588
pldt-domestic-fiber-optic-network-dfon,PLDT Domestic Fiber Optic Network (DFON),0,18,123.524987,12.615396
pldt-domestic-fiber-optic-network-dfon,PLDT Domestic Fiber Optic Network (DFON),0,19,123.524987,12.834869
pldt-domestic-fiber-optic-network-dfon,PLDT Domestic Fiber Optic Network (DFON),0,20,123.637487,13.054151
pldt-domestic-fiber-optic-network-dfon,PLDT Domestic Fiber Optic Network (DFON),0,21,123.743737,13.138995
pldt-domestic-fiber-optic-network-dfon,PLDT Domestic Fiber Optic Network (DFON),0,22,123.974986,13.163719
pldt-domestic-fiber-optic-network-dfon,PLDT Domestic Fiber Optic Network (DFON),0,23,124.199986,13.054151
pldt-domestic-fiber-optic-network-dfon,PLDT Domestic Fiber Optic Network (DFON),0,24,124.198716,12.617972
pldt-domestic-fiber-optic-network-dfon,PLDT Domestic Fiber Optic Network (DFON),0,25,124.199986,12.285834
pldt-domestic-fiber-optic-network-dfon,PLDT Domestic Fiber Optic Network (DFON),0,26,124.424986,12.120897
pldt-domestic-fiber-optic-network-dfon,PLDT Domestic Fiber Optic Network (DFON),0,27,124.600276,12.069905
pldt-domestic-fiber-optic-network-dfon,PLDT Domestic Fiber Optic Network (DFON),1,0,124.612776,11.006888
pldt-domestic-fiber-optic-network-dfon,PLDT Domestic Fiber Optic Network (DFON),1,1,124.537486,10.742582
pldt-domestic-fiber-optic-network-dfon,PLDT Domestic Fiber Optic Network (DFON),1,2,124.424986,10.521445
pldt-domestic-fiber-optic-network-dfon,PLDT Domestic Fiber Optic Network (DFON),1,3,124.199986,10.410817
pldt-domestic-fiber-optic-network-dfon,PLDT Domestic Fiber Optic Network (DFON),1,4,123.894616,10.309948
pldt-domestic-fiber-optic-network-dfon,PLDT Domestic Fiber Optic Network (DFON),1,5,124.087486,10.410817
pldt-domestic-fiber-optic-network-dfon,PLDT Domestic Fiber Optic Network (DFON),1,6,124.190416,10.932012
pldt-domestic-fiber-optic-network-dfon,PLDT Domestic Fiber Optic Network (DFON),1,7,124.087486,11.294709
pldt-domestic-fiber-optic-network-dfon,PLDT Domestic Fiber Optic Network (DFON),1,8,123.749987,11.294709
pldt-domestic-fiber-optic-network-dfon,PLDT Domestic Fiber Optic Network (DFON),1,9,123.299987,10.950038
pldt-domestic-fiber-optic-network-dfon,PLDT Domestic Fiber Optic Network (DFON),2,0,124.612776,11.006888
pldt-domestic-fiber-optic-network-dfon,PLDT Domestic Fiber Optic Network (DFON),2,1,124.649986,10.742582
pldt-domestic-fiber-optic-network-dfon,PLDT Domestic Fiber Optic Network (DFON),2,2,124.649986,10.410817
pldt-domestic-fiber-optic-network-dfon,PLDT Domestic Fiber Optic Network (DFON),2,3,124.762486,9.967915
pldt-domestic-fiber-optic-network-dfon,PLDT Domestic Fiber Optic Network (DFON),2,4,125.043736,9.746237
pldt-domestic-fiber-optic-network-dfon,PLDT Domestic Fiber Optic Network (DFON),2,5,125.381235,9.302442
pldt-domestic-fiber-optic-network-dfon,PLDT Domestic Fiber Optic Network (DFON),2,6,125.540615,8.94761
pldt-domestic-fiber-optic-network-dfon,PLDT Domestic Fiber Optic Network (DFON),2,7,125.324985,9.302442
pldt-domestic-fiber-optic-network-dfon,PLDT Domestic Fiber Optic Network (DFON),2,8,125.099986,9.524411
pldt-domestic-fiber-optic-network-dfon,PLDT Domestic Fiber Optic Network (DFON),2,9,124.649986,9.413444
pldt-domestic-fiber-optic-network-dfon,PLDT Domestic Fiber Optic Network (DFON),2,10,124.537486,9.080331
pldt-domestic-fiber-optic-network-dfon,PLDT Domestic Fiber Optic Network (DFON),2,11,124.706236,8.635699
pldt-domestic-fiber-optic-network-dfon,PLDT Domestic Fiber Optic Network (DFON),2,12,124.631916,8.454148
pldt-domestic-fiber-optic-network-dfon,PLDT Domestic Fiber Optic Network (DFON),2,13,124.424986,8.635699
pldt-domestic-fiber-optic-network-dfon,PLDT Domestic Fiber Optic Network (DFON),2,14,124.199986,8.635699
pldt-domestic-fiber-optic-network-dfon,PLDT Domestic Fiber Optic Network (DFON),2,15,124.057657,8.325649
pldt-domestic-fiber-optic-network-dfon,PLDT Domestic Fiber Optic Network (DFON),2,16,123.849986,8.14994
pldt-domestic-fiber-optic-network-dfon,PLDT Domestic Fiber Optic Network (DFON),2,17,123.974986,8.413185
pldt-domestic-fiber-optic-network-dfon,PLDT Domestic Fiber Optic Network (DFON),2,18,123.749987,8.802499
pldt-domestic-fiber-optic-network-dfon,PLDT Domestic Fiber Optic Network (DFON),2,19,123.412487,9.080331
pldt-domestic-fiber-optic-network-dfon,PLDT Domestic Fiber Optic Network (DFON),2,20,123.281437,9.295504
tata-tgn-intra-asia-tgn-ia,Tata TGN-Intra Asia (TGN-IA),0,0,107.079198,10.342138
tata-tgn-intra-asia-tgn-ia,Tata TGN-Intra Asia (TGN-IA),0,1,107.774998,9.635342
tata-tgn-intra-asia-tgn-ia,Tata TGN-Intra Asia (TGN-IA),0,2,108.674997,9.302442
tata-tgn-intra-asia-tgn-ia,Tata TGN-Intra Asia (TGN-IA),0,3,111.599995,9.302442
tata-tgn-intra-asia-tgn-ia,Tata TGN-Intra Asia (TGN-IA),0,4,113.399994,9.080331
tata-tgn-intra-asia-tgn-ia,Tata TGN-Intra Asia (TGN-IA),0,5,114.974993,9.080331
tata-tgn-intra-asia-tgn-ia,Tata TGN-Intra Asia (TGN-IA),1,0,103.987011,1.375393
tata-tgn-intra-asia-tgn-ia,Tata TGN-Intra Asia (TGN-IA),1,1,104.18262,1.262333
tata-tgn-intra-asia-tgn-ia,Tata TGN-Intra Asia (TGN-IA),1,2,104.2879,1.243665
tata-tgn-intra-asia-tgn-ia,Tata TGN-Intra Asia (TGN-IA),1,3,104.56885,1.454369
tata-tgn-intra-asia-tgn-ia,Tata TGN-Intra Asia (TGN-IA),1,4,105.13125,2.803405
tata-tgn-intra-asia-tgn-ia,Tata TGN-Intra Asia (TGN-IA),1,5,105.749999,3.477387
tata-tgn-intra-asia-tgn-ia,Tata TGN-Intra Asia (TGN-IA),1,6,107.099998,4.263084
tata-tgn-intra-asia-tgn-ia,Tata TGN-Intra Asia (TGN-IA),1,7,107.999998,4.823814
tata-tgn-intra-asia-tgn-ia,Tata TGN-Intra Asia (TGN-IA),1,8,109.574997,5.496074
tata-tgn-intra-asia-tgn-ia,Tata TGN-Intra Asia (TGN-IA),1,9,110.249996,5.943832
tata-tgn-intra-asia-tgn-ia,Tata TGN-Intra Asia (TGN-IA),1,10,113.174994,7.730955
tata-tgn-intra-asia-tgn-ia,Tata TGN-Intra Asia (TGN-IA),1,11,114.974993,9.066444
tata-tgn-intra-asia-tgn-ia,Tata TGN-Intra Asia (TGN-IA),1,12,116.549992,12.601672
tata-tgn-intra-asia-tgn-ia,Tata TGN-Intra Asia (TGN-IA),1,13,118.013271,15.439679
tata-tgn-intra-asia-tgn-ia,Tata TGN-Intra Asia (TGN-IA),1,14,119.027517,17.654665
tata-tgn-intra-asia-tgn-ia,Tata TGN-Intra Asia (TGN-IA),1,15,120.012685,18.601844
tata-tgn-intra-asia-tgn-ia,Tata TGN-Intra Asia (TGN-IA),1,16,121.049988,19.515817
tata-tgn-intra-asia-tgn-ia,Tata TGN-Intra Asia (TGN-IA),1,17,122.849987,19.727751
tata-tgn-intra-asia-tgn-ia,Tata TGN-Intra Asia (TGN-IA),1,18,125.999985,20.361858
tata-tgn-intra-asia-tgn-ia,Tata TGN-Intra Asia (TGN-IA),1,19,130.949981,21.203288
tata-tgn-intra-asia-tgn-ia,Tata TGN-Intra Asia (TGN-IA),1,20,138.599976,24.109782
tata-tgn-intra-asia-tgn-ia,Tata TGN-Intra Asia (TGN-IA),2,0,114.183973,22.249616
tata-tgn-intra-asia-tgn-ia,Tata TGN-Intra Asia (TGN-IA),2,1,114.749993,21.896496
tata-tgn-intra-asia-tgn-ia,Tata TGN-Intra Asia (TGN-IA),2,2,115.649992,21.635251
tata-tgn-intra-asia-tgn-ia,Tata TGN-Intra Asia (TGN-IA),2,3,116.999991,21.321235
tata-tgn-intra-asia-tgn-ia,Tata TGN-Intra Asia (TGN-IA),2,4,118.34999,20.585819
tata-tgn-intra-asia-tgn-ia,Tata TGN-Intra Asia (TGN-IA),2,5,120.149989,19.740987
tata-tgn-intra-asia-tgn-ia,Tata TGN-Intra Asia (TGN-IA),2,6,121.049988,19.529071
tata-tgn-intra-asia-tgn-ia,Tata TGN-Intra Asia (TGN-IA),3,0,120.220313,18.785188
tata-tgn-intra-asia-tgn-ia,Tata TGN-Intra Asia (TGN-IA),3,1,120.599989,18.785188
tata-tgn-intra-asia-tgn-ia,Tata TGN-Intra Asia (TGN-IA),3,2,121.049988,18.785188
tata-tgn-intra-asia-tgn-ia,Tata TGN-Intra Asia (TGN-IA),3,3,121.513078,18.418302
asia-pacific-gateway-apg,Asia Pacific Gateway (APG),0,0,103.987011,1.389451
asia-pacific-gateway-apg,Asia Pacific Gateway (APG),0,1,104.1874,1.302655
asia-pacific-gateway-apg,Asia Pacific Gateway (APG),0,2,104.484625,1.468427
asia-pacific-gateway-apg,Asia Pacific Gateway (APG),0,3,105.3,2.367913
asia-pacific-gateway-apg,Asia Pacific Gateway (APG),0,4,106.199999,4.613592
asia-pacific-gateway-apg,Asia Pacific Gateway (APG),0,5,106.199999,5.510072
asia-pacific-gateway-apg,Asia Pacific Gateway (APG),1,0,103.387892,4.128193
asia-pacific-gateway-apg,Asia Pacific Gateway (APG),1,1,103.950001,3.940476
asia-pacific-gateway-apg,Asia Pacific Gateway (APG),1,2,106.199999,5.510072
asia-pacific-gateway-apg,Asia Pacific Gateway (APG),1,3,107.999998,6.852191
asia-pacific-gateway-apg,Asia Pacific Gateway (APG),1,4,111.037496,9.967915
asia-pacific-gateway-apg,Asia Pacific Gateway (APG),1,5,112.049995,12.615396
asia-pacific-gateway-apg,Asia Pacific Gateway (APG),1,6,113.849994,18.251816
asia-pacific-gateway-apg,Asia Pacific Gateway (APG),1,7,116.999991,19.740987
asia-pacific-gateway-apg,Asia Pacific Gateway (APG),1,8,120.149989,20.375041
asia-pacific-gateway-apg,Asia Pacific Gateway (APG),1,9,121.049988,20.585819
asia-pacific-gateway-apg,Asia Pacific Gateway (APG),1,10,122.849987,21.0065
asia-pacific-gateway-apg,Asia Pacific Gateway (APG),1,11,124.649986,22.052986
asia-pacific-gateway-apg,Asia Pacific Gateway (APG),1,12,125.549985,24.122617
asia-pacific-gateway-apg,Asia Pacific Gateway (APG),1,13,125.943735,25.551883
asia-pacific-gateway-apg,Asia Pacific Gateway (APG),1,14,126.337485,26.159308
asia-pacific-gateway-apg,Asia Pacific Gateway (APG),1,15,127.574984,28.557045
asia-pacific-gateway-apg,Asia Pacific Gateway (APG),1,16,127.799984,29.540508
asia-pacific-gateway-apg,Asia Pacific Gateway (APG),1,17,128.699983,30.514496
asia-pacific-gateway-apg,Asia Pacific Gateway (APG),1,18,130.499982,30.320465
asia-pacific-gateway-apg,Asia Pacific Gateway (APG),1,19,132.74998,30.12605
asia-pacific-gateway-apg,Asia Pacific Gateway (APG),1,20,134.999979,30.514496
asia-pacific-gateway-apg,Asia Pacific Gateway (APG),1,21,136.799977,31.286739
asia-pacific-gateway-apg,Asia Pacific Gateway (APG),1,22,138.599976,32.433313
asia-pacific-gateway-apg,Asia Pacific Gateway (APG),1,23,139.499975,33.93964
asia-pacific-gateway-apg,Asia Pacific Gateway (APG),1,24,140.006225,34.405023
asia-pacific-gateway-apg,Asia Pacific Gateway (APG),1,25,140.0906,34.690726
asia-pacific-gateway-apg,Asia Pacific Gateway (APG),1,26,140.118725,34.898593
asia-pacific-gateway-apg,Asia Pacific Gateway (APG),1,27,139.975467,35.005433
asia-pacific-gateway-apg,Asia Pacific Gateway (APG),2,0,128.699983,30.514496
asia-pacific-gateway-apg,Asia Pacific Gateway (APG),2,1,128.699983,31.670513
asia-pacific-gateway-apg,Asia Pacific Gateway (APG),2,2,128.924983,32.812319
asia-pacific-gateway-apg,Asia Pacific Gateway (APG),2,3,129.149983,34.312152
asia-pacific-gateway-apg,Asia Pacific Gateway (APG),2,4,128.999493,35.170379
asia-pacific-gateway-apg,Asia Pacific Gateway (APG),3,0,113.849994,18.251816
asia-pacific-gateway-apg,Asia Pacific Gateway (APG),3,1,113.849994,20.796306
asia-pacific-gateway-apg,Asia Pacific Gateway (APG),3,2,114.258683,22.318293
asia-pacific-gateway-apg,Asia Pacific Gateway (APG),4,0,107.999998,6.852191
asia-pacific-gateway-apg,Asia Pacific Gateway (APG),4,1,105.3,7.075531
asia-pacific-gateway-apg,Asia Pacific Gateway (APG),4,2,103.048831,7.228432
asia-pacific-gateway-apg,Asia Pacific Gateway (APG),4,3,101.700002,7.187161
asia-pacific-gateway-apg,Asia Pacific Gateway (APG),4,4,100.595103,7.198818
asia-pacific-gateway-apg,Asia Pacific Gateway (APG),5,0,112.049995,12.615396
asia-pacific-gateway-apg,Asia Pacific Gateway (APG),5,1,111.599995,13.054151
asia-pacific-gateway-apg,Asia Pacific Gateway (APG),5,2,110.699996,14.801154
asia-pacific-gateway-apg,Asia Pacific Gateway (APG),5,3,109.799996,15.561166
asia-pacific-gateway-apg,Asia Pacific Gateway (APG),5,4,108.899997,15.886036
asia-pacific-gateway-apg,Asia Pacific Gateway (APG),5,5,108.192478,16.043393
asia-pacific-gateway-apg,Asia Pacific Gateway (APG),6,0,136.799977,31.286739
asia-pacific-gateway-apg,Asia Pacific Gateway (APG),6,1,137.249977,32.812319
asia-pacific-gateway-apg,Asia Pacific Gateway (APG),6,2,136.873997,34.336828
asia-pacific-gateway-apg,Asia Pacific Gateway (APG),7,0,127.799984,29.540508
asia-pacific-gateway-apg,Asia Pacific Gateway (APG),7,1,125.999985,30.70814
asia-pacific-gateway-apg,Asia Pacific Gateway (APG),7,2,124.199986,31.478823
asia-pacific-gateway-apg,Asia Pacific Gateway (APG),7,3,122.849987,31.76621
asia-pacific-gateway-apg,Asia Pacific Gateway (APG),7,4,121.949988,31.670513
asia-pacific-gateway-apg,Asia Pacific Gateway (APG),7,5,121.395298,31.6198
asia-pacific-gateway-apg,Asia Pacific Gateway (APG),8,0,121.925088,30.86475
asia-pacific-gateway-apg,Asia Pacific Gateway (APG),8,1,122.174988,30.804817
asia-pacific-gateway-apg,Asia Pacific Gateway (APG),8,2,124.199986,30.12605
asia-pacific-gateway-apg,Asia Pacific Gateway (APG),8,3,125.549985,29.540508
asia-pacific-gateway-apg,Asia Pacific Gateway (APG),8,4,127.574984,28.557045
asia-pacific-gateway-apg,Asia Pacific Gateway (APG),9,0,125.549985,24.122617
asia-pacific-gateway-apg,Asia Pacific Gateway (APG),9,1,122.849987,24.839313
asia-pacific-gateway-apg,Asia Pacific Gateway (APG),9,2,122.174988,24.890349
asia-pacific-gateway-apg,Asia Pacific Gateway (APG),9,3,121.801448,24.863504
seamewe-4,SeaMeWe-4,0,0,101.250003,2.480312
seamewe-4,SeaMeWe-4,0,1,101.700002,2.367913
seamewe-4,SeaMeWe-4,0,2,102.220902,2.27326
seamewe-4,SeaMeWe-4,1,0,66.600027,19.952623
seamewe-4,SeaMeWe-4,1,1,66.375027,20.375041
seamewe-4,SeaMeWe-4,1,2,66.600027,23.298598
seamewe-4,SeaMeWe-4,1,3,67.028547,24.889732
seamewe-4,SeaMeWe-4,2,0,91.994829,21.429275
seamewe-4,SeaMeWe-4,2,1,91.800009,19.952623
seamewe-4,SeaMeWe-4,2,2,88.200012,13.49208
seamewe-4,SeaMeWe-4,3,0,79.872088,6.927037
seamewe-4,SeaMeWe-4,3,1,79.425018,5.957819
seamewe-4,SeaMeWe-4,3,2,78.46195,4.807252
seamewe-4,SeaMeWe-4,4,0,103.646091,1.338586
seamewe-4,SeaMeWe-4,4,1,103.500001,1.229281
seamewe-4,SeaMeWe-4,4,2,103.340651,1.299701
seamewe-4,SeaMeWe-4,4,3,102.682797,1.698782
seamewe-4,SeaMeWe-4,4,4,102.150002,2.030662
seamewe-4,SeaMeWe-4,4,5,101.250003,2.480312
seamewe-4,SeaMeWe-4,4,6,100.462503,3.266815
seamewe-4,SeaMeWe-4,4,7,99.787504,4.613592
seamewe-4,SeaMeWe-4,4,8,99.000004,5.28607
seamewe-4,SeaMeWe-4,4,9,97.425005,6.405201
seamewe-4,SeaMeWe-4,4,10,95.400007,8.190543
seamewe-4,SeaMeWe-4,4,11,93.144928,9.524411
seamewe-4,SeaMeWe-4,4,12,91.800009,10.410817
seamewe-4,SeaMeWe-4,4,13,90.00001,12.395734
seamewe-4,SeaMeWe-4,4,14,88.200012,13.49208
seamewe-4,SeaMeWe-4,4,15,83.700015,13.929256
seamewe-4,SeaMeWe-4,4,16,81.450017,13.273238
seamewe-4,SeaMeWe-4,4,17,80.242987,13.063853
seamewe-4,SeaMeWe-4,4,18,81.450017,11.073983
seamewe-4,SeaMeWe-4,4,19,82.125016,9.524411
seamewe-4,SeaMeWe-4,4,20,82.575016,7.744853
seamewe-4,SeaMeWe-4,4,21,82.350016,5.510023
seamewe-4,SeaMeWe-4,4,22,81.000017,4.613592
seamewe-4,SeaMeWe-4,4,23,78.69513,4.613592
seamewe-4,SeaMeWe-4,4,24,76.390244,6.852191
seamewe-4,SeaMeWe-4,4,25,74.195134,9.524411
seamewe-4,SeaMeWe-4,4,26,72.845135,13.492128
seamewe-4,SeaMeWe-4,4,27,72.225023,16.965103
seamewe-4,SeaMeWe-4,4,28,72.875903,19.076074
seamewe-4,SeaMeWe-4,5,0,7.755439,36.90282
seamewe-4,SeaMeWe-4,5,1,7.875069,37.232354
seamewe-4,SeaMeWe-4,5,2,7.987569,37.94551
seamewe-4,SeaMeWe-4,5,3,8.100068,38.387755
seamewe-4,SeaMeWe-4,6,0,9.867357,37.276816
seamewe-4,SeaMeWe-4,6,1,9.675067,37.589787
seamewe-4,SeaMeWe-4,6,2,9.000068,38.387755
seamewe-4,SeaMeWe-4,7,0,13.358655,38.116122
seamewe-4,SeaMeWe-4,7,1,13.050065,38.387755
seamewe-4,SeaMeWe-4,7,2,12.600065,38.519865
seamewe-4,SeaMeWe-4,7,3,12.150066,38.387755
seamewe-4,SeaMeWe-4,7,4,10.348617,38.387755
seamewe-4,SeaMeWe-4,7,5,9.000068,38.387755
seamewe-4,SeaMeWe-4,7,6,8.100068,38.387755
seamewe-4,SeaMeWe-4,7,7,7.650069,38.651812
seamewe-4,SeaMeWe-4,7,8,6.18757,41.744359
seamewe-4,SeaMeWe-4,7,9,5.37253,43.293628
seamewe-4,SeaMeWe-4,8,0,39.182756,21.481533
seamewe-4,SeaMeWe-4,8,1,39.262546,20.375041
seamewe-4,SeaMeWe-4,8,2,40.612545,18.251816
seamewe-4,SeaMeWe-4,8,3,41.625045,16.534196
seamewe-4,SeaMeWe-4,8,4,42.412544,14.801154
seamewe-4,SeaMeWe-4,8,5,42.918794,13.929304
seamewe-4,SeaMeWe-4,8,6,43.200044,13.054151
seamewe-4,SeaMeWe-4,8,7,43.312544,12.834869
seamewe-4,SeaMeWe-4,8,8,43.396918,12.615396
seamewe-4,SeaMeWe-4,8,9,43.818793,12.395734
seamewe-4,SeaMeWe-4,8,10,44.550043,12.120897
seamewe-4,SeaMeWe-4,8,11,45.450042,12.395734
seamewe-4,SeaMeWe-4,8,12,48.60004,13.163719
seamewe-4,SeaMeWe-4,8,13,55.350035,15.669513
seamewe-4,SeaMeWe-4,8,14,58.950032,17.395023
seamewe-4,SeaMeWe-4,8,15,62.55003,19.952623
seamewe-4,SeaMeWe-4,8,16,66.600027,19.952623
seamewe-4,SeaMeWe-4,8,17,70.200025,19.529071
seamewe-4,SeaMeWe-4,8,18,72.875903,19.076074
seamewe-4,SeaMeWe-4,9,0,62.55003,19.952623
seamewe-4,SeaMeWe-4,9,1,62.55003,22.469444
seamewe-4,SeaMeWe-4,9,2,59.850032,24.122617
seamewe-4,SeaMeWe-4,9,3,58.500033,24.583819
seamewe-4,SeaMeWe-4,9,4,56.925034,24.890349
seamewe-4,SeaMeWe-4,9,5,56.333724,25.12169
seamewe-4,SeaMeWe-4,10,0,100.066113,6.613519
seamewe-4,SeaMeWe-4,10,1,100.057913,6.354447
seamewe-4,SeaMeWe-4,10,2,99.992483,6.205536
seamewe-4,SeaMeWe-4,10,3,99.673504,5.956367
seamewe-4,SeaMeWe-4,10,4,99.000004,5.845915
seamewe-4,SeaMeWe-4,10,5,97.425005,6.405201
seamewe-4,SeaMeWe-4,11,0,29.893513,31.191465
seamewe-4,SeaMeWe-4,11,1,30.825052,30.901396
seamewe-4,SeaMeWe-4,11,2,31.387552,30.708097
seamewe-4,SeaMeWe-4,11,3,31.950052,30.490242
seamewe-4,SeaMeWe-4,11,4,32.287551,30.271898
seamewe-4,SeaMeWe-4,11,5,32.529931,29.972545
seamewe-4,SeaMeWe-4,12,0,12.150066,38.387755
seamewe-4,SeaMeWe-4,12,1,12.262566,38.211179
seamewe-4,SeaMeWe-4,12,2,12.262566,36.87322
seamewe-4,SeaMeWe-4,12,3,12.487565,36.240655
seamewe-4,SeaMeWe-4,12,4,12.712565,35.876871
seamewe-4,SeaMeWe-4,12,5,13.500065,35.419781
seamewe-4,SeaMeWe-4,12,6,14.400064,34.960082
seamewe-4,SeaMeWe-4,12,7,16.650062,34.497791
seamewe-4,SeaMeWe-4,12,8,19.350061,34.867831
seamewe-4,SeaMeWe-4,12,9,22.050059,34.575019
seamewe-4,SeaMeWe-4,12,10,25.200056,33.846256
seamewe-4,SeaMeWe-4,12,11,28.800054,32.528215
seamewe-4,SeaMeWe-4,12,12,29.893513,31.191465
seamewe-4,SeaMeWe-4,12,13,30.825052,30.828971
seamewe-4,SeaMeWe-4,12,14,31.387552,30.611323
seamewe-4,SeaMeWe-4,12,15,31.950052,30.393251
seamewe-4,SeaMeWe-4,12,16,32.287551,30.223306
seamewe-4,SeaMeWe-4,12,17,32.542821,29.959091
seamewe-4,SeaMeWe-4,12,18,32.596876,29.638336
seamewe-4,SeaMeWe-4,12,19,32.765676,29.344567
seamewe-4,SeaMeWe-4,12,20,33.046926,28.951555
seamewe-4,SeaMeWe-4,12,21,33.525275,28.161052
seamewe-4,SeaMeWe-4,12,22,34.4813,27.364668
seamewe-4,SeaMeWe-4,12,23,35.437549,26.562513
seamewe-4,SeaMeWe-4,12,24,36.225049,25.754704
seamewe-4,SeaMeWe-4,12,25,37.237548,24.122617
seamewe-4,SeaMeWe-4,12,26,38.475047,22.052986
seamewe-4,SeaMeWe-4,12,27,39.182756,21.481533
batam-rengit-cable-system-brcs,Batam-Rengit Cable System (BRCS),0,0,103.147751,1.677428
batam-rengit-cable-system-brcs,Batam-Rengit Cable System (BRCS),0,1,103.340651,1.383978
batam-rengit-cable-system-brcs,Batam-Rengit Cable System (BRCS),0,2,103.500001,1.271308
batam-rengit-cable-system-brcs,Batam-Rengit Cable System (BRCS),0,3,103.668751,1.074775
batam-rengit-cable-system-brcs,Batam-Rengit Cable System (BRCS),0,4,103.781251,1.018534
batam-rengit-cable-system-brcs,Batam-Rengit Cable System (BRCS),0,5,104.013757,1.065548
southeast-asia-japan-cable-sjc,Southeast Asia-Japan Cable (SJC),0,0,114.570693,4.703623
southeast-asia-japan-cable-sjc,Southeast Asia-Japan Cable (SJC),0,1,114.299993,5.061987
southeast-asia-japan-cable-sjc,Southeast Asia-Japan Cable (SJC),0,2,111.824995,7.744889
southeast-asia-japan-cable-sjc,Southeast Asia-Japan Cable (SJC),1,0,103.646091,1.324527
southeast-asia-japan-cable-sjc,Southeast Asia-Japan Cable (SJC),1,1,104.16846,1.223182
southeast-asia-japan-cable-sjc,Southeast Asia-Japan Cable (SJC),1,2,104.2879,1.257699
southeast-asia-japan-cable-sjc,Southeast Asia-Japan Cable (SJC),1,3,104.5127,1.454369
southeast-asia-japan-cable-sjc,Southeast Asia-Japan Cable (SJC),1,4,105.01875,2.803405
southeast-asia-japan-cable-sjc,Southeast Asia-Japan Cable (SJC),1,5,105.749999,3.701945
southeast-asia-japan-cable-sjc,Southeast Asia-Japan Cable (SJC),1,6,107.099998,4.487428
southeast-asia-japan-cable-sjc,Southeast Asia-Japan Cable (SJC),1,7,107.999998,5.047979
southeast-asia-japan-cable-sjc,Southeast Asia-Japan Cable (SJC),1,8,108.674997,5.496074
southeast-asia-japan-cable-sjc,Southeast Asia-Japan Cable (SJC),1,9,109.349997,5.943832
southeast-asia-japan-cable-sjc,Southeast Asia-Japan Cable (SJC),1,10,111.824995,7.730955
southeast-asia-japan-cable-sjc,Southeast Asia-Japan Cable (SJC),1,11,113.737502,9.954065
southeast-asia-japan-cable-sjc,Southeast Asia-Japan Cable (SJC),1,12,114.749993,13.040451
southeast-asia-japan-cable-sjc,Southeast Asia-Japan Cable (SJC),1,13,115.199993,14.787558
southeast-asia-japan-cable-sjc,Southeast Asia-Japan Cable (SJC),1,14,116.099992,18.238461
southeast-asia-japan-cable-sjc,Southeast Asia-Japan Cable (SJC),1,15,120.149989,20.150774
southeast-asia-japan-cable-sjc,Southeast Asia-Japan Cable (SJC),1,16,121.049988,20.150774
southeast-asia-japan-cable-sjc,Southeast Asia-Japan Cable (SJC),1,17,122.849987,20.572654
southeast-asia-japan-cable-sjc,Southeast Asia-Japan Cable (SJC),1,18,125.999985,21.412907
southeast-asia-japan-cable-sjc,Southeast Asia-Japan Cable (SJC),1,19,130.949981,23.285682
southeast-asia-japan-cable-sjc,Southeast Asia-Japan Cable (SJC),1,20,132.74998,24.109782
southeast-asia-japan-cable-sjc,Southeast Asia-Japan Cable (SJC),1,21,137.249977,27.352178
southeast-asia-japan-cable-sjc,Southeast Asia-Japan Cable (SJC),1,22,138.824976,28.939249
southeast-asia-japan-cable-sjc,Southeast Asia-Japan Cable (SJC),1,23,139.949975,30.889329
southeast-asia-japan-cable-sjc,Southeast Asia-Japan Cable (SJC),1,24,140.399975,32.421444
southeast-asia-japan-cable-sjc,Southeast Asia-Japan Cable (SJC),1,25,139.949975,33.927973
southeast-asia-japan-cable-sjc,Southeast Asia-Japan Cable (SJC),1,26,140.343725,34.393419
southeast-asia-japan-cable-sjc,Southeast Asia-Japan Cable (SJC),1,27,140.25935,34.679163
southeast-asia-japan-cable-sjc,Southeast Asia-Japan Cable (SJC),1,28,140.062475,34.840905
southeast-asia-japan-cable-sjc,Southeast Asia-Japan Cable (SJC),1,29,139.954855,34.965047
southeast-asia-japan-cable-sjc,Southeast Asia-Japan Cable (SJC),2,0,116.099992,18.251816
southeast-asia-japan-cable-sjc,Southeast Asia-Japan Cable (SJC),2,1,115.199993,19.529071
southeast-asia-japan-cable-sjc,Southeast Asia-Japan Cable (SJC),2,2,114.749993,20.796306
southeast-asia-japan-cable-sjc,Southeast Asia-Japan Cable (SJC),2,3,114.299993,21.635297
southeast-asia-japan-cable-sjc,Southeast Asia-Japan Cable (SJC),2,4,114.202923,22.22205
southeast-asia-japan-cable-sjc,Southeast Asia-Japan Cable (SJC),3,0,115.199993,14.801154
southeast-asia-japan-cable-sjc,Southeast Asia-Japan Cable (SJC),3,1,116.999991,14.147584
southeast-asia-japan-cable-sjc,Southeast Asia-Japan Cable (SJC),3,2,118.79999,13.929304
southeast-asia-japan-cable-sjc,Southeast Asia-Japan Cable (SJC),3,3,120.149989,14.147584
southeast-asia-japan-cable-sjc,Southeast Asia-Japan Cable (SJC),3,4,120.622989,14.088232
southeast-asia-japan-cable-sjc,Southeast Asia-Japan Cable (SJC),4,0,116.677532,23.355007
southeast-asia-japan-cable-sjc,Southeast Asia-Japan Cable (SJC),4,1,117.168741,22.884654
southeast-asia-japan-cable-sjc,Southeast Asia-Japan Cable (SJC),4,2,118.34999,22.105111
southeast-asia-japan-cable-sjc,Southeast Asia-Japan Cable (SJC),4,3,120.149989,20.163975
europe-india-gateway-eig,Europe India Gateway (EIG),0,0,56.333724,25.12169
europe-india-gateway-eig,Europe India Gateway (EIG),0,1,56.925034,24.660522
europe-india-gateway-eig,Europe India Gateway (EIG),0,2,57.886049,23.678724
europe-india-gateway-eig,Europe India Gateway (EIG),0,3,58.162533,23.968511
europe-india-gateway-eig,Europe India Gateway (EIG),0,4,58.725033,24.327803
europe-india-gateway-eig,Europe India Gateway (EIG),0,5,59.850032,24.0199
europe-india-gateway-eig,Europe India Gateway (EIG),0,6,62.32503,22.469444
europe-india-gateway-eig,Europe India Gateway (EIG),0,7,62.32503,19.529071
europe-india-gateway-eig,Europe India Gateway (EIG),1,0,38.250047,22.052986
europe-india-gateway-eig,Europe India Gateway (EIG),1,1,39.182756,21.481533
europe-india-gateway-eig,Europe India Gateway (EIG),2,0,44.550043,12.065895
europe-india-gateway-eig,Europe India Gateway (EIG),2,1,43.650043,11.818224
europe-india-gateway-eig,Europe India Gateway (EIG),2,2,43.161644,11.57366
europe-india-gateway-eig,Europe India Gateway (EIG),3,0,7.426729,43.738256
europe-india-gateway-eig,Europe India Gateway (EIG),3,1,7.312569,43.401145
europe-india-gateway-eig,Europe India Gateway (EIG),3,2,7.425069,41.744359
europe-india-gateway-eig,Europe India Gateway (EIG),3,3,7.969109,39.42352
europe-india-gateway-eig,Europe India Gateway (EIG),3,4,8.325068,38.651812
europe-india-gateway-eig,Europe India Gateway (EIG),3,5,8.437568,38.387755
europe-india-gateway-eig,Europe India Gateway (EIG),3,6,9.000068,38.034174
europe-india-gateway-eig,Europe India Gateway (EIG),4,0,14.400064,33.986294
europe-india-gateway-eig,Europe India Gateway (EIG),4,1,13.500065,33.095517
europe-india-gateway-eig,Europe India Gateway (EIG),4,2,13.187365,32.877623
europe-india-gateway-eig,Europe India Gateway (EIG),5,0,-11.249918,37.94551
europe-india-gateway-eig,Europe India Gateway (EIG),5,1,-10.349918,37.94551
europe-india-gateway-eig,Europe India Gateway (EIG),5,2,-9.337419,38.12273
europe-india-gateway-eig,Europe India Gateway (EIG),5,3,-9.102749,38.443079
europe-india-gateway-eig,Europe India Gateway (EIG),6,0,32.653181,29.113614
europe-india-gateway-eig,Europe India Gateway (EIG),6,1,32.175051,29.295436
europe-india-gateway-eig,Europe India Gateway (EIG),6,2,31.725052,29.491558
europe-india-gateway-eig,Europe India Gateway (EIG),6,3,31.050052,29.736069
europe-india-gateway-eig,Europe India Gateway (EIG),6,4,30.375053,30.101721
europe-india-gateway-eig,Europe India Gateway (EIG),6,5,29.981303,30.514496
europe-india-gateway-eig,Europe India Gateway (EIG),6,6,29.700933,31.07227
europe-india-gateway-eig,Europe India Gateway (EIG),6,7,27.900054,32.052708
europe-india-gateway-eig,Europe India Gateway (EIG),6,8,25.200056,32.859581
europe-india-gateway-eig,Europe India Gateway (EIG),6,9,22.050059,33.596733
europe-india-gateway-eig,Europe India Gateway (EIG),6,10,19.350061,33.565491
europe-india-gateway-eig,Europe India Gateway (EIG),6,11,16.650062,33.189715
europe-india-gateway-eig,Europe India Gateway (EIG),6,12,14.400064,33.986294
europe-india-gateway-eig,Europe India Gateway (EIG),6,13,12.318816,35.419781
europe-india-gateway-eig,Europe India Gateway (EIG),6,14,12.037566,35.785662
europe-india-gateway-eig,Europe India Gateway (EIG),6,15,11.925066,36.240655
europe-india-gateway-eig,Europe India Gateway (EIG),6,16,11.925066,37.232354
europe-india-gateway-eig,Europe India Gateway (EIG),6,17,10.912567,37.678878
europe-india-gateway-eig,Europe India Gateway (EIG),6,18,10.348617,38.034174
europe-india-gateway-eig,Europe India Gateway (EIG),6,19,9.000068,38.034174
europe-india-gateway-eig,Europe India Gateway (EIG),6,20,5.40007,38.12273
europe-india-gateway-eig,Europe India Gateway (EIG),6,21,2.250073,37.767862
europe-india-gateway-eig,Europe India Gateway (EIG),6,22,-2.249924,36.058973
europe-india-gateway-eig,Europe India Gateway (EIG),6,23,-4.499923,35.967974
europe-india-gateway-eig,Europe India Gateway (EIG),6,24,-5.624922,35.922436
europe-india-gateway-eig,Europe India Gateway (EIG),6,25,-6.299921,35.876871
europe-india-gateway-eig,Europe India Gateway (EIG),6,26,-8.999919,36.058973
europe-india-gateway-eig,Europe India Gateway (EIG),6,27,-9.899919,36.421916
europe-india-gateway-eig,Europe India Gateway (EIG),6,28,-11.249918,37.94551
europe-india-gateway-eig,Europe India Gateway (EIG),6,29,-13.499916,39.698323
europe-india-gateway-eig,Europe India Gateway (EIG),6,30,-13.499916,44.051519
europe-india-gateway-eig,Europe India Gateway (EIG),6,31,-9.449919,48.704235
europe-india-gateway-eig,Europe India Gateway (EIG),6,32,-7.64992,49.587287
europe-india-gateway-eig,Europe India Gateway (EIG),6,33,-6.074881,50.311167
europe-india-gateway-eig,Europe India Gateway (EIG),6,34,-4.544403,50.828201
europe-india-gateway-eig,Europe India Gateway (EIG),7,0,32.653181,29.113614
europe-india-gateway-eig,Europe India Gateway (EIG),7,1,33.455063,28.161052
europe-india-gateway-eig,Europe India Gateway (EIG),7,2,34.3688,27.364668
europe-india-gateway-eig,Europe India Gateway (EIG),7,3,35.268799,26.562513
europe-india-gateway-eig,Europe India Gateway (EIG),7,4,36.000049,25.754704
europe-india-gateway-eig,Europe India Gateway (EIG),7,5,37.012548,24.122617
europe-india-gateway-eig,Europe India Gateway (EIG),7,6,38.250047,22.052986
europe-india-gateway-eig,Europe India Gateway (EIG),7,7,39.037547,20.375041
europe-india-gateway-eig,Europe India Gateway (EIG),7,8,40.387546,18.251816
europe-india-gateway-eig,Europe India Gateway (EIG),7,9,41.400045,16.534196
europe-india-gateway-eig,Europe India Gateway (EIG),7,10,42.300044,14.801154
europe-india-gateway-eig,Europe India Gateway (EIG),7,11,42.806294,13.929304
europe-india-gateway-eig,Europe India Gateway (EIG),7,12,43.143794,13.054151
europe-india-gateway-eig,Europe India Gateway (EIG),7,13,43.284419,12.834869
europe-india-gateway-eig,Europe India Gateway (EIG),7,14,43.368794,12.615396
europe-india-gateway-eig,Europe India Gateway (EIG),7,15,43.762543,12.395734
europe-india-gateway-eig,Europe India Gateway (EIG),7,16,44.550043,12.065895
europe-india-gateway-eig,Europe India Gateway (EIG),7,17,45.450042,12.285834
europe-india-gateway-eig,Europe India Gateway (EIG),7,18,48.60004,13.054151
europe-india-gateway-eig,Europe India Gateway (EIG),7,19,55.350035,15.452761
europe-india-gateway-eig,Europe India Gateway (EIG),7,20,58.950032,17.180187
europe-india-gateway-eig,Europe India Gateway (EIG),7,21,62.32503,19.529071
europe-india-gateway-eig,Europe India Gateway (EIG),7,22,66.600027,19.740987
europe-india-gateway-eig,Europe India Gateway (EIG),7,23,70.200025,19.423008
europe-india-gateway-eig,Europe India Gateway (EIG),7,24,72.875903,19.076074
europe-india-gateway-eig,Europe India Gateway (EIG),8,0,-5.624922,35.922436
europe-india-gateway-eig,Europe India Gateway (EIG),8,1,-5.347582,36.15602
europe-india-gateway-eig,Europe India Gateway (EIG),9,0,29.700933,31.07227
europe-india-gateway-eig,Europe India Gateway (EIG),9,1,29.981303,30.562943
europe-india-gateway-eig,Europe India Gateway (EIG),9,2,30.375053,30.199001
europe-india-gateway-eig,Europe India Gateway (EIG),9,3,31.050052,29.833708
europe-india-gateway-eig,Europe India Gateway (EIG),9,4,31.725052,29.589434
europe-india-gateway-eig,Europe India Gateway (EIG),9,5,32.175051,29.344436
europe-india-gateway-eig,Europe India Gateway (EIG),9,6,32.653181,29.113614
asia-africa-europe-1-aae-1,Asia Africa Europe-1 (AAE-1),0,0,67.028547,24.889732
asia-africa-europe-1-aae-1,Asia Africa Europe-1 (AAE-1),0,1,65.250028,24.156838
asia-africa-europe-1-aae-1,Asia Africa Europe-1 (AAE-1),0,2,61.200031,22.469444
asia-africa-europe-1-aae-1,Asia Africa Europe-1 (AAE-1),1,0,39.182756,21.481533
asia-africa-europe-1-aae-1,Asia Africa Europe-1 (AAE-1),1,1,37.575048,22.052986
asia-africa-europe-1-aae-1,Asia Africa Europe-1 (AAE-1),2,0,43.147994,11.594869
asia-africa-europe-1-aae-1,Asia Africa Europe-1 (AAE-1),2,1,43.650043,11.735552
asia-africa-europe-1-aae-1,Asia Africa Europe-1 (AAE-1),2,2,44.550043,11.790719
asia-africa-europe-1-aae-1,Asia Africa Europe-1 (AAE-1),3,0,5.37253,43.293628
asia-africa-europe-1-aae-1,Asia Africa Europe-1 (AAE-1),3,1,6.30007,41.744359
asia-africa-europe-1-aae-1,Asia Africa Europe-1 (AAE-1),3,2,7.875069,38.651812
asia-africa-europe-1-aae-1,Asia Africa Europe-1 (AAE-1),3,3,8.212568,38.387755
asia-africa-europe-1-aae-1,Asia Africa Europe-1 (AAE-1),3,4,9.000068,38.12273
asia-africa-europe-1-aae-1,Asia Africa Europe-1 (AAE-1),3,5,10.348617,38.12273
asia-africa-europe-1-aae-1,Asia Africa Europe-1 (AAE-1),3,6,10.912567,37.767862
asia-africa-europe-1-aae-1,Asia Africa Europe-1 (AAE-1),3,7,12.037566,37.232354
asia-africa-europe-1-aae-1,Asia Africa Europe-1 (AAE-1),3,8,12.037566,36.240655
asia-africa-europe-1-aae-1,Asia Africa Europe-1 (AAE-1),3,9,12.375065,35.785662
asia-africa-europe-1-aae-1,Asia Africa Europe-1 (AAE-1),3,10,12.825065,35.419781
asia-africa-europe-1-aae-1,Asia Africa Europe-1 (AAE-1),3,11,14.400064,34.405023
asia-africa-europe-1-aae-1,Asia Africa Europe-1 (AAE-1),3,12,16.650062,33.75277
asia-africa-europe-1-aae-1,Asia Africa Europe-1 (AAE-1),3,13,19.350061,34.126101
asia-africa-europe-1-aae-1,Asia Africa Europe-1 (AAE-1),3,14,22.050059,34.017382
asia-africa-europe-1-aae-1,Asia Africa Europe-1 (AAE-1),3,15,25.200056,33.283811
asia-africa-europe-1-aae-1,Asia Africa Europe-1 (AAE-1),3,16,27.900054,32.338312
asia-africa-europe-1-aae-1,Asia Africa Europe-1 (AAE-1),3,17,29.700933,31.07227
asia-africa-europe-1-aae-1,Asia Africa Europe-1 (AAE-1),3,18,29.981303,30.70814
asia-africa-europe-1-aae-1,Asia Africa Europe-1 (AAE-1),3,19,30.375053,30.490263
asia-africa-europe-1-aae-1,Asia Africa Europe-1 (AAE-1),3,20,31.050052,30.12605
asia-africa-europe-1-aae-1,Asia Africa Europe-1 (AAE-1),3,21,31.725052,29.882491
asia-africa-europe-1-aae-1,Asia Africa Europe-1 (AAE-1),3,22,32.175051,29.491297
asia-africa-europe-1-aae-1,Asia Africa Europe-1 (AAE-1),3,23,32.653181,29.113614
asia-africa-europe-1-aae-1,Asia Africa Europe-1 (AAE-1),3,24,33.398913,28.161052
asia-africa-europe-1-aae-1,Asia Africa Europe-1 (AAE-1),3,25,33.97505,27.364668
asia-africa-europe-1-aae-1,Asia Africa Europe-1 (AAE-1),3,26,34.76255,26.562513
asia-africa-europe-1-aae-1,Asia Africa Europe-1 (AAE-1),3,27,35.325049,25.754704
asia-africa-europe-1-aae-1,Asia Africa Europe-1 (AAE-1),3,28,36.337548,24.122617
asia-africa-europe-1-aae-1,Asia Africa Europe-1 (AAE-1),3,29,37.575048,22.052986
asia-africa-europe-1-aae-1,Asia Africa Europe-1 (AAE-1),3,30,38.362547,20.375041
asia-africa-europe-1-aae-1,Asia Africa Europe-1 (AAE-1),3,31,39.712546,18.251816
asia-africa-europe-1-aae-1,Asia Africa Europe-1 (AAE-1),3,32,40.725045,16.534196
asia-africa-europe-1-aae-1,Asia Africa Europe-1 (AAE-1),3,33,41.906295,14.801154
asia-africa-europe-1-aae-1,Asia Africa Europe-1 (AAE-1),3,34,42.412544,13.929304
asia-africa-europe-1-aae-1,Asia Africa Europe-1 (AAE-1),3,35,42.946919,13.054151
asia-africa-europe-1-aae-1,Asia Africa Europe-1 (AAE-1),3,36,43.185981,12.834869
asia-africa-europe-1-aae-1,Asia Africa Europe-1 (AAE-1),3,37,43.270356,12.615396
asia-africa-europe-1-aae-1,Asia Africa Europe-1 (AAE-1),3,38,43.565668,12.395734
asia-africa-europe-1-aae-1,Asia Africa Europe-1 (AAE-1),3,39,44.550043,11.790719
asia-africa-europe-1-aae-1,Asia Africa Europe-1 (AAE-1),3,40,45.450042,11.845776
asia-africa-europe-1-aae-1,Asia Africa Europe-1 (AAE-1),3,41,48.60004,12.615396
asia-africa-europe-1-aae-1,Asia Africa Europe-1 (AAE-1),3,42,55.350035,14.583512
asia-africa-europe-1-aae-1,Asia Africa Europe-1 (AAE-1),3,43,58.950032,16.102326
asia-africa-europe-1-aae-1,Asia Africa Europe-1 (AAE-1),3,44,61.200031,17.395023
asia-africa-europe-1-aae-1,Asia Africa Europe-1 (AAE-1),3,45,66.600027,18.465364
asia-africa-europe-1-aae-1,Asia Africa Europe-1 (AAE-1),3,46,71.775023,16.965103
asia-africa-europe-1-aae-1,Asia Africa Europe-1 (AAE-1),3,47,71.945135,13.492128
asia-africa-europe-1-aae-1,Asia Africa Europe-1 (AAE-1),3,48,73.295134,9.524411
asia-africa-europe-1-aae-1,Asia Africa Europe-1 (AAE-1),3,49,75.490245,6.852191
asia-africa-europe-1-aae-1,Asia Africa Europe-1 (AAE-1),3,50,78.69513,4.164913
asia-africa-europe-1-aae-1,Asia Africa Europe-1 (AAE-1),3,51,79.650018,3.641133
asia-africa-europe-1-aae-1,Asia Africa Europe-1 (AAE-1),3,52,81.000017,3.266815
asia-africa-europe-1-aae-1,Asia Africa Europe-1 (AAE-1),3,53,85.500014,3.715978
asia-africa-europe-1-aae-1,Asia Africa Europe-1 (AAE-1),3,54,90.00001,4.613592
asia-africa-europe-1-aae-1,Asia Africa Europe-1 (AAE-1),3,55,92.700009,5.061987
asia-africa-europe-1-aae-1,Asia Africa Europe-1 (AAE-1),3,56,94.275007,6.057269
asia-africa-europe-1-aae-1,Asia Africa Europe-1 (AAE-1),3,57,95.380368,6.386924
asia-africa-europe-1-aae-1,Asia Africa Europe-1 (AAE-1),3,58,95.381141,6.38715
asia-africa-europe-1-aae-1,Asia Africa Europe-1 (AAE-1),3,59,95.381917,6.387369
asia-africa-europe-1-aae-1,Asia Africa Europe-1 (AAE-1),3,60,95.382694,6.387579
asia-africa-europe-1-aae-1,Asia Africa Europe-1 (AAE-1),3,61,95.383474,6.387782
asia-africa-europe-1-aae-1,Asia Africa Europe-1 (AAE-1),3,62,95.384254,6.387977
asia-africa-europe-1-aae-1,Asia Africa Europe-1 (AAE-1),3,63,95.385036,6.388163
asia-africa-europe-1-aae-1,Asia Africa Europe-1 (AAE-1),3,64,95.38582,6.388342
asia-africa-europe-1-aae-1,Asia Africa Europe-1 (AAE-1),3,65,95.386605,6.388513
asia-africa-europe-1-aae-1,Asia Africa Europe-1 (AAE-1),3,66,95.387391,6.388676
asia-africa-europe-1-aae-1,Asia Africa Europe-1 (AAE-1),3,67,95.388179,6.388831
asia-africa-europe-1-aae-1,Asia Africa Europe-1 (AAE-1),3,68,95.388968,6.388978
asia-africa-europe-1-aae-1,Asia Africa Europe-1 (AAE-1),3,69,95.389758,6.389117
asia-africa-europe-1-aae-1,Asia Africa Europe-1 (AAE-1),3,70,95.390549,6.389248
asia-africa-europe-1-aae-1,Asia Africa Europe-1 (AAE-1),3,71,95.391342,6.389371
asia-africa-europe-1-aae-1,Asia Africa Europe-1 (AAE-1),3,72,95.392135,6.389486
asia-africa-europe-1-aae-1,Asia Africa Europe-1 (AAE-1),3,73,95.392929,6.389593
asia-africa-europe-1-aae-1,Asia Africa Europe-1 (AAE-1),3,74,95.393724,6.389692
asia-africa-europe-1-aae-1,Asia Africa Europe-1 (AAE-1),3,75,95.39452,6.389784
asia-africa-europe-1-aae-1,Asia Africa Europe-1 (AAE-1),3,76,95.395317,6.389867
asia-africa-europe-1-aae-1,Asia Africa Europe-1 (AAE-1),3,77,95.396114,6.389942
asia-africa-europe-1-aae-1,Asia Africa Europe-1 (AAE-1),3,78,95.396912,6.390009
asia-africa-europe-1-aae-1,Asia Africa Europe-1 (AAE-1),3,79,95.397711,6.390069
asia-africa-europe-1-aae-1,Asia Africa Europe-1 (AAE-1),3,80,95.39851,6.39012
asia-africa-europe-1-aae-1,Asia Africa Europe-1 (AAE-1),3,81,95.399309,6.390163
asia-africa-europe-1-aae-1,Asia Africa Europe-1 (AAE-1),3,82,95.400109,6.390198
asia-africa-europe-1-aae-1,Asia Africa Europe-1 (AAE-1),3,83,95.400909,6.390226
asia-africa-europe-1-aae-1,Asia Africa Europe-1 (AAE-1),3,84,95.401709,6.390245
asia-africa-europe-1-aae-1,Asia Africa Europe-1 (AAE-1),3,85,95.40251,6.390256
asia-africa-europe-1-aae-1,Asia Africa Europe-1 (AAE-1),3,86,95.403311,6.39026
asia-africa-europe-1-aae-1,Asia Africa Europe-1 (AAE-1),3,87,95.404111,6.390255
asia-africa-europe-1-aae-1,Asia Africa Europe-1 (AAE-1),3,88,95.404912,6.390242
asia-africa-europe-1-aae-1,Asia Africa Europe-1 (AAE-1),3,89,95.405713,6.390221
asia-africa-europe-1-aae-1,Asia Africa Europe-1 (AAE-1),3,90,95.406514,6.390193
asia-africa-europe-1-aae-1,Asia Africa Europe-1 (AAE-1),3,91,95.407314,6.390156
asia-africa-europe-1-aae-1,Asia Africa Europe-1 (AAE-1),3,92,95.408114,6.390111
asia-africa-europe-1-aae-1,Asia Africa Europe-1 (AAE-1),3,93,95.408914,6.390058
asia-africa-europe-1-aae-1,Asia Africa Europe-1 (AAE-1),3,94,95.409714,6.389997
asia-africa-europe-1-aae-1,Asia Africa Europe-1 (AAE-1),3,95,95.410513,6.389929
asia-africa-europe-1-aae-1,Asia Africa Europe-1 (AAE-1),3,96,95.411312,6.389852
asia-africa-europe-1-aae-1,Asia Africa Europe-1 (AAE-1),3,97,95.41211,6.389767
asia-africa-europe-1-aae-1,Asia Africa Europe-1 (AAE-1),3,98,95.412907,6.389674
asia-africa-europe-1-aae-1,Asia Africa Europe-1 (AAE-1),3,99,95.413704,6.389573
asia-africa-europe-1-aae-1,Asia Africa Europe-1 (AAE-1),3,100,95.4145,6.389464
asia-africa-europe-1-aae-1,Asia Africa Europe-1 (AAE-1),3,101,95.415296,6.389347
asia-africa-europe-1-aae-1,Asia Africa Europe-1 (AAE-1),3,102,95.41609,6.389222
asia-africa-europe-1-aae-1,Asia Africa Europe-1 (AAE-1),3,103,95.416884,6.389089
asia-africa-europe-1-aae-1,Asia Africa Europe-1 (AAE-1),3,104,95.417676,6.388947
asia-africa-europe-1-aae-1,Asia Africa Europe-1 (AAE-1),3,105,95.418468,6.388798
asia-africa-europe-1-aae-1,Asia Africa Europe-1 (AAE-1),3,106,95.420048,6.388476
asia-africa-europe-1-aae-1,Asia Africa Europe-1 (AAE-1),3,107,95.420048,6.388476
asia-africa-europe-1-aae-1,Asia Africa Europe-1 (AAE-1),3,108,97.425005,5.957819
asia-africa-europe-1-aae-1,Asia Africa Europe-1 (AAE-1),3,109,99.675004,5.733989
asia-africa-europe-1-aae-1,Asia Africa Europe-1 (AAE-1),3,110,100.409823,5.368394
asia-africa-europe-1-aae-1,Asia Africa Europe-1 (AAE-1),4,0,72.875903,19.076074
asia-africa-europe-1-aae-1,Asia Africa Europe-1 (AAE-1),4,1,71.775023,16.965103
asia-africa-europe-1-aae-1,Asia Africa Europe-1 (AAE-1),5,0,61.200031,17.395023
asia-africa-europe-1-aae-1,Asia Africa Europe-1 (AAE-1),5,1,61.200031,22.469444
asia-africa-europe-1-aae-1,Asia Africa Europe-1 (AAE-1),5,2,59.850032,23.50509
asia-africa-europe-1-aae-1,Asia Africa Europe-1 (AAE-1),5,3,59.04198,23.912038
asia-africa-europe-1-aae-1,Asia Africa Europe-1 (AAE-1),5,4,58.500033,24.199601
asia-africa-europe-1-aae-1,Asia Africa Europe-1 (AAE-1),5,5,56.925034,24.788256
asia-africa-europe-1-aae-1,Asia Africa Europe-1 (AAE-1),5,6,56.333724,25.12169
asia-africa-europe-1-aae-1,Asia Africa Europe-1 (AAE-1),5,7,56.925034,25.348717
asia-africa-europe-1-aae-1,Asia Africa Europe-1 (AAE-1),5,8,56.981284,26.159308
asia-africa-europe-1-aae-1,Asia Africa Europe-1 (AAE-1),5,9,56.812534,26.562513
asia-africa-europe-1-aae-1,Asia Africa Europe-1 (AAE-1),5,10,56.250034,26.663094
asia-africa-europe-1-aae-1,Asia Africa Europe-1 (AAE-1),5,11,55.800035,26.310675
asia-africa-europe-1-aae-1,Asia Africa Europe-1 (AAE-1),5,12,55.350035,26.159308
asia-africa-europe-1-aae-1,Asia Africa Europe-1 (AAE-1),5,13,53.550036,26.159308
asia-africa-europe-1-aae-1,Asia Africa Europe-1 (AAE-1),5,14,52.200037,25.95718
asia-africa-europe-1-aae-1,Asia Africa Europe-1 (AAE-1),5,15,51.519278,25.294609
asia-africa-europe-1-aae-1,Asia Africa Europe-1 (AAE-1),6,0,58.606083,23.576085
asia-africa-europe-1-aae-1,Asia Africa Europe-1 (AAE-1),6,1,58.950032,23.608214
asia-africa-europe-1-aae-1,Asia Africa Europe-1 (AAE-1),6,2,59.850032,23.50509
asia-africa-europe-1-aae-1,Asia Africa Europe-1 (AAE-1),7,0,97.425005,5.957819
asia-africa-europe-1-aae-1,Asia Africa Europe-1 (AAE-1),7,1,99.000004,6.069699
asia-africa-europe-1-aae-1,Asia Africa Europe-1 (AAE-1),7,2,100.066113,6.613519
asia-africa-europe-1-aae-1,Asia Africa Europe-1 (AAE-1),7,3,100.237653,6.908036
asia-africa-europe-1-aae-1,Asia Africa Europe-1 (AAE-1),7,4,100.595103,7.198818
asia-africa-europe-1-aae-1,Asia Africa Europe-1 (AAE-1),7,5,101.700002,7.242965
asia-africa-europe-1-aae-1,Asia Africa Europe-1 (AAE-1),7,6,103.048831,7.340024
asia-africa-europe-1-aae-1,Asia Africa Europe-1 (AAE-1),7,7,105.3,7.298763
asia-africa-europe-1-aae-1,Asia Africa Europe-1 (AAE-1),7,8,107.999998,8.079176
asia-africa-europe-1-aae-1,Asia Africa Europe-1 (AAE-1),7,9,110.249996,9.967915
asia-africa-europe-1-aae-1,Asia Africa Europe-1 (AAE-1),7,10,111.599995,12.615396
asia-africa-europe-1-aae-1,Asia Africa Europe-1 (AAE-1),7,11,113.624994,18.251816
asia-africa-europe-1-aae-1,Asia Africa Europe-1 (AAE-1),7,12,113.737494,20.796306
asia-africa-europe-1-aae-1,Asia Africa Europe-1 (AAE-1),7,13,114.260243,22.208034
asia-africa-europe-1-aae-1,Asia Africa Europe-1 (AAE-1),8,0,103.506741,10.630402
asia-africa-europe-1-aae-1,Asia Africa Europe-1 (AAE-1),8,1,103.725001,9.524411
asia-africa-europe-1-aae-1,Asia Africa Europe-1 (AAE-1),8,2,103.725001,8.190543
asia-africa-europe-1-aae-1,Asia Africa Europe-1 (AAE-1),8,3,103.048831,7.340024
asia-africa-europe-1-aae-1,Asia Africa Europe-1 (AAE-1),9,0,22.579202,33.894593
asia-africa-europe-1-aae-1,Asia Africa Europe-1 (AAE-1),9,1,22.950058,35.419781
asia-africa-europe-1-aae-1,Asia Africa Europe-1 (AAE-1),9,2,23.512558,35.785662
asia-africa-europe-1-aae-1,Asia Africa Europe-1 (AAE-1),9,3,23.737557,35.785662
asia-africa-europe-1-aae-1,Asia Africa Europe-1 (AAE-1),9,4,24.012167,35.512043
asia-africa-europe-1-aae-1,Asia Africa Europe-1 (AAE-1),10,0,45.033542,12.800878
asia-africa-europe-1-aae-1,Asia Africa Europe-1 (AAE-1),10,1,45.450042,11.845776
asia-africa-europe-1-aae-1,Asia Africa Europe-1 (AAE-1),11,0,19.350061,34.126101
asia-africa-europe-1-aae-1,Asia Africa Europe-1 (AAE-1),11,1,19.350061,37.678878
asia-africa-europe-1-aae-1,Asia Africa Europe-1 (AAE-1),11,2,18.957771,39.48475
asia-africa-europe-1-aae-1,Asia Africa Europe-1 (AAE-1),11,3,18.787561,40.043692
asia-africa-europe-1-aae-1,Asia Africa Europe-1 (AAE-1),11,4,18.675061,40.38732
asia-africa-europe-1-aae-1,Asia Africa Europe-1 (AAE-1),11,5,18.000061,40.899491
asia-africa-europe-1-aae-1,Asia Africa Europe-1 (AAE-1),11,6,16.868812,41.125709
asia-africa-europe-1-aae-1,Asia Africa Europe-1 (AAE-1),12,0,100.066113,6.613519
asia-africa-europe-1-aae-1,Asia Africa Europe-1 (AAE-1),12,1,100.350053,6.908036
asia-africa-europe-1-aae-1,Asia Africa Europe-1 (AAE-1),12,2,100.595103,7.198818
asia-africa-europe-1-aae-1,Asia Africa Europe-1 (AAE-1),13,0,94.391217,16.858032
asia-africa-europe-1-aae-1,Asia Africa Europe-1 (AAE-1),13,1,93.600008,16.749771
asia-africa-europe-1-aae-1,Asia Africa Europe-1 (AAE-1),13,2,92.250009,14.801154
asia-africa-europe-1-aae-1,Asia Africa Europe-1 (AAE-1),13,3,90.90001,9.524411
asia-africa-europe-1-aae-1,Asia Africa Europe-1 (AAE-1),13,4,90.45001,6.181561
asia-africa-europe-1-aae-1,Asia Africa Europe-1 (AAE-1),13,5,90.00001,4.613592
asia-africa-europe-1-aae-1,Asia Africa Europe-1 (AAE-1),14,0,107.079198,10.342138
asia-africa-europe-1-aae-1,Asia Africa Europe-1 (AAE-1),14,1,107.774998,9.857095
asia-africa-europe-1-aae-1,Asia Africa Europe-1 (AAE-1),14,2,108.674997,9.746237
asia-africa-europe-1-aae-1,Asia Africa Europe-1 (AAE-1),14,3,110.249996,9.967915
asia-africa-europe-1-aae-1,Asia Africa Europe-1 (AAE-1),15,0,29.700933,31.07227
asia-africa-europe-1-aae-1,Asia Africa Europe-1 (AAE-1),15,1,29.981303,30.75649
asia-africa-europe-1-aae-1,Asia Africa Europe-1 (AAE-1),15,2,30.375053,30.587158
asia-africa-europe-1-aae-1,Asia Africa Europe-1 (AAE-1),15,3,31.050052,30.223306
asia-africa-europe-1-aae-1,Asia Africa Europe-1 (AAE-1),15,4,31.725052,29.979986
asia-africa-europe-1-aae-1,Asia Africa Europe-1 (AAE-1),15,5,32.175051,29.491297
asia-africa-europe-1-aae-1,Asia Africa Europe-1 (AAE-1),15,6,32.653181,29.113614
pishgaman-oman-iran-poi-network,Pishgaman Oman Iran (POI) Network,0,0,60.632841,25.295929
pishgaman-oman-iran-poi-network,Pishgaman Oman Iran (POI) Network,0,1,60.300032,25.14521
pishgaman-oman-iran-poi-network,Pishgaman Oman Iran (POI) Network,0,2,58.950032,24.839313
pishgaman-oman-iran-poi-network,Pishgaman Oman Iran (POI) Network,0,3,58.050033,24.122617
pishgaman-oman-iran-poi-network,Pishgaman Oman Iran (POI) Network,0,4,57.886049,23.679603
pishgaman-oman-iran-poi-network,Pishgaman Oman Iran (POI) Network,1,0,57.797303,25.681323
pishgaman-oman-iran-poi-network,Pishgaman Oman Iran (POI) Network,1,1,57.959313,25.190816
pishgaman-oman-iran-poi-network,Pishgaman Oman Iran (POI) Network,1,2,57.937533,24.122617
pishgaman-oman-iran-poi-network,Pishgaman Oman Iran (POI) Network,1,3,57.886049,23.678724
omranepeg,OMRAN/EPEG,0,0,57.886053,23.678723
omranepeg,OMRAN/EPEG,0,1,58.106283,24.122617
omranepeg,OMRAN/EPEG,0,2,58.950032,24.737178
omranepeg,OMRAN/EPEG,0,3,60.300032,25.09428
omranepeg,OMRAN/EPEG,0,4,60.632844,25.29593
omranepeg,OMRAN/EPEG,1,0,57.797299,25.681327
omranepeg,OMRAN/EPEG,1,1,57.797299,25.190817
omranepeg,OMRAN/EPEG,1,2,57.323862,24.420847
omranepeg,OMRAN/EPEG,2,0,56.246812,26.181307
omranepeg,OMRAN/EPEG,2,1,56.362534,26.411476
omranepeg,OMRAN/EPEG,2,2,56.587534,26.411476
omranepeg,OMRAN/EPEG,2,3,56.700034,26.159308
omranepeg,OMRAN/EPEG,2,4,56.570835,25.790848
omranepeg,OMRAN/EPEG,2,5,56.257945,25.616975
omranepeg,OMRAN/EPEG,3,0,56.257945,25.616975
omranepeg,OMRAN/EPEG,3,1,56.587534,25.348717
omranepeg,OMRAN/EPEG,3,2,57.323862,24.420847
omranepeg,OMRAN/EPEG,3,3,57.886053,23.678723
bay-of-bengal-gateway-bbg,Bay of Bengal Gateway (BBG),0,0,58.725033,24.941363
bay-of-bengal-gateway-bbg,Bay of Bengal Gateway (BBG),0,1,58.162533,24.0199
bay-of-bengal-gateway-bbg,Bay of Bengal Gateway (BBG),0,2,57.886053,23.678723
bay-of-bengal-gateway-bbg,Bay of Bengal Gateway (BBG),1,0,97.425005,7.1313
bay-of-bengal-gateway-bbg,Bay of Bengal Gateway (BBG),1,1,95.400007,6.504567
bay-of-bengal-gateway-bbg,Bay of Bengal Gateway (BBG),1,2,94.275007,6.380356
bay-of-bengal-gateway-bbg,Bay of Bengal Gateway (BBG),1,3,92.700009,5.510072
bay-of-bengal-gateway-bbg,Bay of Bengal Gateway (BBG),1,4,90.00001,5.510072
bay-of-bengal-gateway-bbg,Bay of Bengal Gateway (BBG),1,5,85.500014,4.613592
bay-of-bengal-gateway-bbg,Bay of Bengal Gateway (BBG),1,6,81.000017,3.491423
bay-of-bengal-gateway-bbg,Bay of Bengal Gateway (BBG),1,7,79.650018,3.86565
bay-of-bengal-gateway-bbg,Bay of Bengal Gateway (BBG),1,8,78.69513,4.389286
bay-of-bengal-gateway-bbg,Bay of Bengal Gateway (BBG),1,9,75.940244,6.852191
bay-of-bengal-gateway-bbg,Bay of Bengal Gateway (BBG),1,10,73.745134,9.524411
bay-of-bengal-gateway-bbg,Bay of Bengal Gateway (BBG),1,11,72.395135,13.492128
bay-of-bengal-gateway-bbg,Bay of Bengal Gateway (BBG),1,12,72.000023,16.965103
bay-of-bengal-gateway-bbg,Bay of Bengal Gateway (BBG),1,13,66.825027,20.585819
bay-of-bengal-gateway-bbg,Bay of Bengal Gateway (BBG),1,14,62.66253,23.917101
bay-of-bengal-gateway-bbg,Bay of Bengal Gateway (BBG),1,15,59.850033,24.839309
bay-of-bengal-gateway-bbg,Bay of Bengal Gateway (BBG),1,16,58.725033,24.941363
bay-of-bengal-gateway-bbg,Bay of Bengal Gateway (BBG),1,17,56.925034,25.017846
bay-of-bengal-gateway-bbg,Bay of Bengal Gateway (BBG),1,18,56.333724,25.12169
bay-of-bengal-gateway-bbg,Bay of Bengal Gateway (BBG),2,0,72.000023,16.965103
bay-of-bengal-gateway-bbg,Bay of Bengal Gateway (BBG),2,1,72.875903,19.076074
bay-of-bengal-gateway-bbg,Bay of Bengal Gateway (BBG),3,0,80.242987,13.063853
bay-of-bengal-gateway-bbg,Bay of Bengal Gateway (BBG),3,1,81.450017,12.615396
bay-of-bengal-gateway-bbg,Bay of Bengal Gateway (BBG),3,2,83.700015,12.175887
bay-of-bengal-gateway-bbg,Bay of Bengal Gateway (BBG),3,3,89.100011,10.85309
bay-of-bengal-gateway-bbg,Bay of Bengal Gateway (BBG),3,4,93.150008,9.296323
bay-of-bengal-gateway-bbg,Bay of Bengal Gateway (BBG),3,5,95.400007,7.967777
bay-of-bengal-gateway-bbg,Bay of Bengal Gateway (BBG),3,6,97.425005,7.1313
bay-of-bengal-gateway-bbg,Bay of Bengal Gateway (BBG),3,7,99.675004,5.622041
bay-of-bengal-gateway-bbg,Bay of Bengal Gateway (BBG),3,8,100.409823,5.368394
bay-of-bengal-gateway-bbg,Bay of Bengal Gateway (BBG),4,0,79.889378,6.820776
bay-of-bengal-gateway-bbg,Bay of Bengal Gateway (BBG),4,1,79.537518,5.957819
bay-of-bengal-gateway-bbg,Bay of Bengal Gateway (BBG),4,2,78.450834,4.580645
jasuka,JaSuKa,0,0,105.2541,-5.409294
jasuka,JaSuKa,0,1,105.35625,-5.721873
jasuka,JaSuKa,0,2,105.880269,-5.868191
jasuka,JaSuKa,0,3,106.424999,-5.721873
jasuka,JaSuKa,0,4,106.833399,-6.171588
jasuka,JaSuKa,1,0,107.120998,-5.981154
jasuka,JaSuKa,1,1,107.212498,-5.273944
jasuka,JaSuKa,1,2,107.662498,-4.601454
jasuka,JaSuKa,1,3,107.325998,-3.029996
jasuka,JaSuKa,1,4,107.304936,-2.783714
jasuka,JaSuKa,1,5,107.411046,-2.628239
jasuka,JaSuKa,1,6,107.662888,-2.767443
jasuka,JaSuKa,1,7,107.662888,-2.517709
jasuka,JaSuKa,1,8,107.760548,-2.237971
jasuka,JaSuKa,1,9,108.224998,-1.231316
jasuka,JaSuKa,1,10,108.899997,-0.218911
jasuka,JaSuKa,1,11,109.335547,-0.027021
jasuka,JaSuKa,1,12,108.899997,0.118588
jasuka,JaSuKa,1,13,104.85,0.737318
jasuka,JaSuKa,1,14,104.4,0.793563
jasuka,JaSuKa,1,15,104.2875,0.90605
jasuka,JaSuKa,1,16,104.175,0.962293
jasuka,JaSuKa,1,17,104.016637,1.066798
jasuka,JaSuKa,1,18,103.884381,1.159129
jasuka,JaSuKa,1,19,103.500001,1.159084
jasuka,JaSuKa,1,20,103.340651,1.131139
jasuka,JaSuKa,1,21,102.682797,1.473919
jasuka,JaSuKa,1,22,102.150002,1.637115
jasuka,JaSuKa,1,23,101.728127,1.693341
jasuka,JaSuKa,1,24,101.447662,1.665523
indonesia-global-gateway-igg-system,Indonesia Global Gateway (IGG) System,0,0,101.447662,1.665523
indonesia-global-gateway-igg-system,Indonesia Global Gateway (IGG) System,0,1,101.728127,1.749465
indonesia-global-gateway-igg-system,Indonesia Global Gateway (IGG) System,0,2,102.150002,1.749565
indonesia-global-gateway-igg-system,Indonesia Global Gateway (IGG) System,0,3,102.682797,1.530149
indonesia-global-gateway-igg-system,Indonesia Global Gateway (IGG) System,0,4,103.340651,1.215422
indonesia-global-gateway-igg-system,Indonesia Global Gateway (IGG) System,0,5,103.500001,1.187253
indonesia-global-gateway-igg-system,Indonesia Global Gateway (IGG) System,0,6,103.898836,1.191469
indonesia-global-gateway-igg-system,Indonesia Global Gateway (IGG) System,0,7,104.13781,1.238391
indonesia-global-gateway-igg-system,Indonesia Global Gateway (IGG) System,0,8,104.2879,1.173518
indonesia-global-gateway-igg-system,Indonesia Global Gateway (IGG) System,0,9,104.625,1.131014
indonesia-global-gateway-igg-system,Indonesia Global Gateway (IGG) System,0,10,104.85,1.018534
indonesia-global-gateway-igg-system,Indonesia Global Gateway (IGG) System,0,11,105.3,1.018534
indonesia-global-gateway-igg-system,Indonesia Global Gateway (IGG) System,0,12,106.649999,-0.331409
indonesia-global-gateway-igg-system,Indonesia Global Gateway (IGG) System,0,13,107.036648,-2.130918
indonesia-global-gateway-igg-system,Indonesia Global Gateway (IGG) System,0,14,107.153098,-3.029996
indonesia-global-gateway-igg-system,Indonesia Global Gateway (IGG) System,0,15,107.212498,-4.601454
indonesia-global-gateway-igg-system,Indonesia Global Gateway (IGG) System,0,16,112.049995,-5.049857
indonesia-global-gateway-igg-system,Indonesia Global Gateway (IGG) System,0,17,114.469706,-5.945707
indonesia-global-gateway-igg-system,Indonesia Global Gateway (IGG) System,0,18,116.583102,-5.749116
indonesia-global-gateway-igg-system,Indonesia Global Gateway (IGG) System,0,19,117.449991,-4.377144
indonesia-global-gateway-igg-system,Indonesia Global Gateway (IGG) System,0,20,117.599991,-2.730375
indonesia-global-gateway-igg-system,Indonesia Global Gateway (IGG) System,0,21,117.851906,-1.515334
indonesia-global-gateway-igg-system,Indonesia Global Gateway (IGG) System,0,22,118.541288,-0.810555
indonesia-global-gateway-igg-system,Indonesia Global Gateway (IGG) System,0,23,119.24999,0.568579
indonesia-global-gateway-igg-system,Indonesia Global Gateway (IGG) System,0,24,119.47499,1.018534
indonesia-global-gateway-igg-system,Indonesia Global Gateway (IGG) System,0,25,120.599989,1.918229
indonesia-global-gateway-igg-system,Indonesia Global Gateway (IGG) System,0,26,124.199986,1.918229
indonesia-global-gateway-igg-system,Indonesia Global Gateway (IGG) System,0,27,124.839636,1.490779
indonesia-global-gateway-igg-system,Indonesia Global Gateway (IGG) System,1,0,107.212498,-4.601454
indonesia-global-gateway-igg-system,Indonesia Global Gateway (IGG) System,1,1,106.762499,-5.273944
indonesia-global-gateway-igg-system,Indonesia Global Gateway (IGG) System,1,2,106.833399,-6.128965
indonesia-global-gateway-igg-system,Indonesia Global Gateway (IGG) System,2,0,103.646091,1.338586
indonesia-global-gateway-igg-system,Indonesia Global Gateway (IGG) System,2,1,103.898836,1.191469
indonesia-global-gateway-igg-system,Indonesia Global Gateway (IGG) System,3,0,104.016637,1.066798
indonesia-global-gateway-igg-system,Indonesia Global Gateway (IGG) System,3,1,103.898836,1.191469
indonesia-global-gateway-igg-system,Indonesia Global Gateway (IGG) System,4,0,114.469706,-5.945707
indonesia-global-gateway-igg-system,Indonesia Global Gateway (IGG) System,4,1,113.399994,-6.616651
indonesia-global-gateway-igg-system,Indonesia Global Gateway (IGG) System,4,2,113.28349,-6.902249
indonesia-global-gateway-igg-system,Indonesia Global Gateway (IGG) System,5,0,116.583102,-5.749116
indonesia-global-gateway-igg-system,Indonesia Global Gateway (IGG) System,5,1,116.549992,-6.616651
indonesia-global-gateway-igg-system,Indonesia Global Gateway (IGG) System,5,2,115.874992,-8.17849
indonesia-global-gateway-igg-system,Indonesia Global Gateway (IGG) System,5,3,115.844426,-8.371311
indonesia-global-gateway-igg-system,Indonesia Global Gateway (IGG) System,5,4,115.6924,-8.405888
indonesia-global-gateway-igg-system,Indonesia Global Gateway (IGG) System,6,0,117.449991,-4.377144
indonesia-global-gateway-igg-system,Indonesia Global Gateway (IGG) System,6,1,118.79999,-4.937784
indonesia-global-gateway-igg-system,Indonesia Global Gateway (IGG) System,6,2,119.41239,-5.15218
indonesia-global-gateway-igg-system,Indonesia Global Gateway (IGG) System,7,0,120.599989,1.918229
indonesia-global-gateway-igg-system,Indonesia Global Gateway (IGG) System,7,1,118.79999,2.81745
indonesia-global-gateway-igg-system,Indonesia Global Gateway (IGG) System,7,2,117.899991,3.154491
indonesia-global-gateway-igg-system,Indonesia Global Gateway (IGG) System,7,3,117.674991,3.154491
indonesia-global-gateway-igg-system,Indonesia Global Gateway (IGG) System,7,4,117.578511,3.327354
indonesia-global-gateway-igg-system,Indonesia Global Gateway (IGG) System,8,0,116.831291,-1.26539
indonesia-global-gateway-igg-system,Indonesia Global Gateway (IGG) System,8,1,117.081241,-1.40287
indonesia-global-gateway-igg-system,Indonesia Global Gateway (IGG) System,8,2,117.851906,-1.515334
global-caribbean-network-gcn,Global Caribbean Network (GCN),0,0,-64.57488,18.144944
global-caribbean-network-gcn,Global Caribbean Network (GCN),0,1,-64.83574,18.415247
global-caribbean-network-gcn,Global Caribbean Network (GCN),0,2,-65.362379,18.572039
global-caribbean-network-gcn,Global Caribbean Network (GCN),0,3,-65.531129,18.572039
global-caribbean-network-gcn,Global Caribbean Network (GCN),0,4,-65.699879,18.678647
global-caribbean-network-gcn,Global Caribbean Network (GCN),0,5,-65.868629,18.678647
global-caribbean-network-gcn,Global Caribbean Network (GCN),0,6,-66.106669,18.466104
global-caribbean-network-gcn,Global Caribbean Network (GCN),1,0,-63.082466,18.067519
global-caribbean-network-gcn,Global Caribbean Network (GCN),1,1,-63.464191,17.711782
global-caribbean-network-gcn,Global Caribbean Network (GCN),1,2,-63.464191,17.616497
global-caribbean-network-gcn,Global Caribbean Network (GCN),1,3,-63.283211,17.422853
global-caribbean-network-gcn,Global Caribbean Network (GCN),1,4,-62.943581,17.180187
global-caribbean-network-gcn,Global Caribbean Network (GCN),1,5,-61.874882,15.94013
global-caribbean-network-gcn,Global Caribbean Network (GCN),1,6,-61.746192,16.020845
global-caribbean-network-gcn,Global Caribbean Network (GCN),1,7,-61.607792,15.892797
global-caribbean-network-gcn,Global Caribbean Network (GCN),1,8,-61.526392,15.988769
global-caribbean-network-gcn,Global Caribbean Network (GCN),1,9,-61.571682,16.24448
global-caribbean-network-gcn,Global Caribbean Network (GCN),2,0,-64.81926,17.773909
global-caribbean-network-gcn,Global Caribbean Network (GCN),2,1,-64.57488,18.144944
global-caribbean-network-gcn,Global Caribbean Network (GCN),2,2,-64.12488,18.251816
global-caribbean-network-gcn,Global Caribbean Network (GCN),2,3,-63.449881,18.144944
global-caribbean-network-gcn,Global Caribbean Network (GCN),2,4,-63.082466,18.067519
global-caribbean-network-gcn,Global Caribbean Network (GCN),2,5,-62.999881,17.986414
global-caribbean-network-gcn,Global Caribbean Network (GCN),2,6,-62.850551,17.897908
jakarta-bangka-bintan-batam-singapore-b3js,Jakarta-Bangka-Bintan-Batam-Singapore (B3JS),0,0,106.827829,-6.171876
jakarta-bangka-bintan-batam-singapore-b3js,Jakarta-Bangka-Bintan-Batam-Singapore (B3JS),0,1,106.312499,-5.273944
jakarta-bangka-bintan-batam-singapore-b3js,Jakarta-Bangka-Bintan-Batam-Singapore (B3JS),0,2,106.537499,-4.601454
jakarta-bangka-bintan-batam-singapore-b3js,Jakarta-Bangka-Bintan-Batam-Singapore (B3JS),0,3,106.537499,-3.479269
jakarta-bangka-bintan-batam-singapore-b3js,Jakarta-Bangka-Bintan-Batam-Singapore (B3JS),0,4,106.547459,-3.079925
jakarta-bangka-bintan-batam-singapore-b3js,Jakarta-Bangka-Bintan-Batam-Singapore (B3JS),0,5,106.199999,-2.580537
jakarta-bangka-bintan-batam-singapore-b3js,Jakarta-Bangka-Bintan-Batam-Singapore (B3JS),0,6,105.749999,-1.906058
jakarta-bangka-bintan-batam-singapore-b3js,Jakarta-Bangka-Bintan-Batam-Singapore (B3JS),0,7,105.582709,-1.55388
jakarta-bangka-bintan-batam-singapore-b3js,Jakarta-Bangka-Bintan-Batam-Singapore (B3JS),0,8,105.4125,-1.231316
jakarta-bangka-bintan-batam-singapore-b3js,Jakarta-Bangka-Bintan-Batam-Singapore (B3JS),0,9,105.075,0.118588
jakarta-bangka-bintan-batam-singapore-b3js,Jakarta-Bangka-Bintan-Batam-Singapore (B3JS),0,10,104.85,0.290337
jakarta-bangka-bintan-batam-singapore-b3js,Jakarta-Bangka-Bintan-Batam-Singapore (B3JS),0,11,104.175,0.398835
jakarta-bangka-bintan-batam-singapore-b3js,Jakarta-Bangka-Bintan-Batam-Singapore (B3JS),0,12,103.668751,0.793563
jakarta-bangka-bintan-batam-singapore-b3js,Jakarta-Bangka-Bintan-Batam-Singapore (B3JS),0,13,103.668751,1.018534
jakarta-bangka-bintan-batam-singapore-b3js,Jakarta-Bangka-Bintan-Batam-Singapore (B3JS),0,14,103.878131,1.190952
jakarta-bangka-bintan-batam-singapore-b3js,Jakarta-Bangka-Bintan-Batam-Singapore (B3JS),0,15,104.016637,1.066798
jakarta-bangka-bintan-batam-singapore-b3js,Jakarta-Bangka-Bintan-Batam-Singapore (B3JS),0,16,103.978151,1.185378
jakarta-bangka-bintan-batam-singapore-b3js,Jakarta-Bangka-Bintan-Batam-Singapore (B3JS),0,17,103.946481,1.327259
jakarta-bangka-bintan-batam-singapore-b3js,Jakarta-Bangka-Bintan-Batam-Singapore (B3JS),0,18,104.011331,1.233727
jakarta-bangka-bintan-batam-singapore-b3js,Jakarta-Bangka-Bintan-Batam-Singapore (B3JS),0,19,104.1496,1.184523
jakarta-bangka-bintan-batam-singapore-b3js,Jakarta-Bangka-Bintan-Batam-Singapore (B3JS),0,20,104.34415,1.201587
jakarta-bangka-bintan-batam-singapore-b3js,Jakarta-Bangka-Bintan-Batam-Singapore (B3JS),0,21,104.4258,1.136713
seamewe-5,SeaMeWe-5,0,0,59.366662,22.700004
seamewe-5,SeaMeWe-5,0,1,59.512532,22.884654
seamewe-5,SeaMeWe-5,0,2,59.850032,24.430272
seamewe-5,SeaMeWe-5,1,0,43.161644,11.57366
seamewe-5,SeaMeWe-5,1,1,43.650043,11.707989
seamewe-5,SeaMeWe-5,1,2,44.550043,11.73565
seamewe-5,SeaMeWe-5,2,0,80.539857,5.940821
seamewe-5,SeaMeWe-5,2,1,81.000017,5.510072
seamewe-5,SeaMeWe-5,2,2,82.800016,5.510072
seamewe-5,SeaMeWe-5,2,3,85.500014,6.405201
seamewe-5,SeaMeWe-5,2,4,90.00001,7.298763
seamewe-5,SeaMeWe-5,2,5,92.700009,6.852191
seamewe-5,SeaMeWe-5,2,6,94.275007,6.852191
seamewe-5,SeaMeWe-5,2,7,95.400007,6.740482
seamewe-5,SeaMeWe-5,2,8,97.425005,6.237477
seamewe-5,SeaMeWe-5,2,9,98.775004,5.28607
seamewe-5,SeaMeWe-5,2,10,99.562504,4.613592
seamewe-5,SeaMeWe-5,2,11,100.350003,3.266815
seamewe-5,SeaMeWe-5,2,12,101.250003,2.367913
seamewe-5,SeaMeWe-5,2,13,102.150002,1.974446
seamewe-5,SeaMeWe-5,2,14,102.682797,1.670619
seamewe-5,SeaMeWe-5,2,15,103.340651,1.271608
seamewe-5,SeaMeWe-5,2,16,103.500001,1.215272
seamewe-5,SeaMeWe-5,2,17,103.646091,1.338586
seamewe-5,SeaMeWe-5,3,0,5.93034,43.125292
seamewe-5,SeaMeWe-5,3,1,6.30007,42.743713
seamewe-5,SeaMeWe-5,3,2,6.52507,41.744359
seamewe-5,SeaMeWe-5,3,3,8.100068,38.651812
seamewe-5,SeaMeWe-5,3,4,8.325068,38.387755
seamewe-5,SeaMeWe-5,3,5,9.000068,38.211179
seamewe-5,SeaMeWe-5,3,6,10.348617,38.211179
seamewe-5,SeaMeWe-5,3,7,10.912567,37.85674
seamewe-5,SeaMeWe-5,3,8,12.150066,37.232354
seamewe-5,SeaMeWe-5,3,9,12.150066,36.240655
seamewe-5,SeaMeWe-5,3,10,12.487565,35.785662
seamewe-5,SeaMeWe-5,3,11,12.993815,35.419781
seamewe-5,SeaMeWe-5,3,12,14.400064,34.544136
seamewe-5,SeaMeWe-5,3,13,16.650062,33.93964
seamewe-5,SeaMeWe-5,3,14,19.350061,34.312152
seamewe-5,SeaMeWe-5,3,15,22.050059,34.157138
seamewe-5,SeaMeWe-5,3,16,25.200056,33.424765
seamewe-5,SeaMeWe-5,3,17,27.900054,32.433313
seamewe-5,SeaMeWe-5,3,18,29.700933,31.07227
seamewe-5,SeaMeWe-5,3,19,29.981303,30.466025
seamewe-5,SeaMeWe-5,3,20,30.375053,30.004345
seamewe-5,SeaMeWe-5,3,21,31.050052,29.638336
seamewe-5,SeaMeWe-5,3,22,31.725052,29.393588
seamewe-5,SeaMeWe-5,3,23,32.175051,29.246411
seamewe-5,SeaMeWe-5,3,24,32.653181,29.113614
seamewe-5,SeaMeWe-5,3,25,33.469101,28.161052
seamewe-5,SeaMeWe-5,3,26,34.42505,27.364668
seamewe-5,SeaMeWe-5,3,27,35.353174,26.562513
seamewe-5,SeaMeWe-5,3,28,36.112549,25.754704
seamewe-5,SeaMeWe-5,3,29,37.125048,24.122617
seamewe-5,SeaMeWe-5,3,30,38.362547,22.052986
seamewe-5,SeaMeWe-5,3,31,39.150047,20.375041
seamewe-5,SeaMeWe-5,3,32,40.500046,18.251816
seamewe-5,SeaMeWe-5,3,33,41.512545,16.534196
seamewe-5,SeaMeWe-5,3,34,42.356294,14.801154
seamewe-5,SeaMeWe-5,3,35,42.862544,13.929304
seamewe-5,SeaMeWe-5,3,36,43.171919,13.054151
seamewe-5,SeaMeWe-5,3,37,43.298481,12.834869
seamewe-5,SeaMeWe-5,3,38,43.382856,12.615396
seamewe-5,SeaMeWe-5,3,39,43.537543,12.395734
seamewe-5,SeaMeWe-5,3,40,44.550043,11.73565
seamewe-5,SeaMeWe-5,3,41,45.450042,11.73565
seamewe-5,SeaMeWe-5,3,42,48.60004,12.505588
seamewe-5,SeaMeWe-5,3,43,55.350035,14.365654
seamewe-5,SeaMeWe-5,3,44,58.950032,15.886036
seamewe-5,SeaMeWe-5,3,45,60.975031,15.99421
seamewe-5,SeaMeWe-5,3,46,65.754916,16.886337
seamewe-5,SeaMeWe-5,3,47,70.650024,13.412055
seamewe-5,SeaMeWe-5,3,48,72.109799,9.280734
seamewe-5,SeaMeWe-5,3,49,74.30491,6.606897
seamewe-5,SeaMeWe-5,3,50,76.95002,5.510072
seamewe-5,SeaMeWe-5,3,51,79.650018,5.510072
seamewe-5,SeaMeWe-5,3,52,80.539857,5.940821
seamewe-5,SeaMeWe-5,4,0,29.700933,31.07227
seamewe-5,SeaMeWe-5,4,1,29.981303,30.417486
seamewe-5,SeaMeWe-5,4,2,30.375053,29.906874
seamewe-5,SeaMeWe-5,4,3,31.050052,29.540508
seamewe-5,SeaMeWe-5,4,4,31.725052,29.295523
seamewe-5,SeaMeWe-5,4,5,32.175051,29.197364
seamewe-5,SeaMeWe-5,4,6,32.653181,29.113614
seamewe-5,SeaMeWe-5,5,0,65.754916,16.886337
seamewe-5,SeaMeWe-5,5,1,63.458363,20.880771
seamewe-5,SeaMeWe-5,5,2,63.225029,22.469444
seamewe-5,SeaMeWe-5,5,3,59.850032,24.430272
seamewe-5,SeaMeWe-5,5,4,58.500033,24.737178
seamewe-5,SeaMeWe-5,5,5,56.925034,24.941363
seamewe-5,SeaMeWe-5,5,6,56.333724,25.12169
seamewe-5,SeaMeWe-5,6,0,67.028547,24.889732
seamewe-5,SeaMeWe-5,6,1,65.250028,24.054148
seamewe-5,SeaMeWe-5,6,2,63.225029,22.469444
seamewe-5,SeaMeWe-5,7,0,90.11661,21.820818
seamewe-5,SeaMeWe-5,7,1,90.90001,20.375041
seamewe-5,SeaMeWe-5,7,2,91.800009,17.823934
seamewe-5,SeaMeWe-5,7,3,91.800009,14.801154
seamewe-5,SeaMeWe-5,7,4,90.45001,9.524411
seamewe-5,SeaMeWe-5,7,5,90.22501,7.967777
seamewe-5,SeaMeWe-5,7,6,90.00001,7.298763
seamewe-5,SeaMeWe-5,8,0,102.220902,2.27326
seamewe-5,SeaMeWe-5,8,1,102.150002,1.974446
seamewe-5,SeaMeWe-5,9,0,94.391217,16.858032
seamewe-5,SeaMeWe-5,9,1,93.600008,16.965103
seamewe-5,SeaMeWe-5,9,2,91.800009,17.823934
seamewe-5,SeaMeWe-5,10,0,16.650062,33.93964
seamewe-5,SeaMeWe-5,10,1,16.425063,34.683018
seamewe-5,SeaMeWe-5,10,2,16.200063,35.785662
seamewe-5,SeaMeWe-5,10,3,16.087563,36.87322
seamewe-5,SeaMeWe-5,10,4,15.750063,37.321872
seamewe-5,SeaMeWe-5,10,5,15.067444,37.513447
seamewe-5,SeaMeWe-5,11,0,27.900054,32.433313
seamewe-5,SeaMeWe-5,11,1,28.800054,34.312152
seamewe-5,SeaMeWe-5,11,2,28.575054,36.149867
seamewe-5,SeaMeWe-5,11,3,28.462554,36.512388
seamewe-5,SeaMeWe-5,11,4,28.253574,36.85525
seamewe-5,SeaMeWe-5,12,0,99.562504,4.613592
seamewe-5,SeaMeWe-5,12,1,98.675984,3.752031
seamewe-5,SeaMeWe-5,13,0,101.250003,2.367913
seamewe-5,SeaMeWe-5,13,1,101.362552,2.143087
seamewe-5,SeaMeWe-5,13,2,101.447662,1.665523
seamewe-5,SeaMeWe-5,14,0,42.954524,14.797809
seamewe-5,SeaMeWe-5,14,1,42.750044,14.746764
seamewe-5,SeaMeWe-5,14,2,42.356294,14.801154
seamewe-5,SeaMeWe-5,15,0,38.106977,24.070648
seamewe-5,SeaMeWe-5,15,1,37.800047,24.0199
seamewe-5,SeaMeWe-5,15,2,37.340514,24.035381
seamewe-5,SeaMeWe-5,15,3,37.125048,24.122617
italy-malta,Italy-Malta,0,0,15.067444,37.513447
italy-malta,Italy-Malta,0,1,15.750063,37.232354
italy-malta,Italy-Malta,0,2,15.918813,36.87322
italy-malta,Italy-Malta,0,3,15.525063,36.149867
italy-malta,Italy-Malta,0,4,15.075064,35.922436
italy-malta,Italy-Malta,0,5,14.492544,35.920966
epic-malta-sicily-cable-system-emscs,Epic Malta-Sicily Cable System (EMSCS),0,0,15.067444,37.513447
epic-malta-sicily-cable-system-emscs,Epic Malta-Sicily Cable System (EMSCS),0,1,15.637563,37.232354
epic-malta-sicily-cable-system-emscs,Epic Malta-Sicily Cable System (EMSCS),0,2,15.750063,36.87322
epic-malta-sicily-cable-system-emscs,Epic Malta-Sicily Cable System (EMSCS),0,3,15.300063,36.149867
epic-malta-sicily-cable-system-emscs,Epic Malta-Sicily Cable System (EMSCS),0,4,15.075064,36.013487
epic-malta-sicily-cable-system-emscs,Epic Malta-Sicily Cable System (EMSCS),0,5,14.380044,35.934064
hannibal-system,HANNIBAL System,0,0,11.090886,36.849937
hannibal-system,HANNIBAL System,0,1,11.427366,36.849311
hannibal-system,HANNIBAL System,0,2,12.173016,37.368221
hannibal-system,HANNIBAL System,0,3,12.591375,37.650586
didon,Didon,0,0,11.090886,36.849937
didon,Didon,0,1,11.427366,36.939295
didon,Didon,0,2,12.173016,37.457577
didon,Didon,0,3,12.591375,37.650586
mednautilus-submarine-system,MedNautilus Submarine System,0,0,34.971901,32.7617
mednautilus-submarine-system,MedNautilus Submarine System,0,1,34.20005,33.095517
mednautilus-submarine-system,MedNautilus Submarine System,0,2,31.050052,33.565491
mednautilus-submarine-system,MedNautilus Submarine System,0,3,28.800054,34.312152
mednautilus-submarine-system,MedNautilus Submarine System,0,4,26.574796,35.455341
mednautilus-submarine-system,MedNautilus Submarine System,0,5,25.933624,35.836586
mednautilus-submarine-system,MedNautilus Submarine System,0,6,25.386283,35.785859
mednautilus-submarine-system,MedNautilus Submarine System,0,7,24.012167,35.512043
mednautilus-submarine-system,MedNautilus Submarine System,0,8,23.737557,35.831279
mednautilus-submarine-system,MedNautilus Submarine System,0,9,22.950058,35.967974
mednautilus-submarine-system,MedNautilus Submarine System,0,10,18.000061,36.87322
mednautilus-submarine-system,MedNautilus Submarine System,0,11,15.750063,37.589787
mednautilus-submarine-system,MedNautilus Submarine System,0,12,15.067444,37.513447
mednautilus-submarine-system,MedNautilus Submarine System,1,0,15.067444,37.513447
mednautilus-submarine-system,MedNautilus Submarine System,1,1,15.750063,37.500588
mednautilus-submarine-system,MedNautilus Submarine System,1,2,18.000061,36.512388
mednautilus-submarine-system,MedNautilus Submarine System,1,3,19.342346,36.330709
mednautilus-submarine-system,MedNautilus Submarine System,1,4,22.050059,35.541927
mednautilus-submarine-system,MedNautilus Submarine System,1,5,23.400058,35.082923
mednautilus-submarine-system,MedNautilus Submarine System,1,6,25.200056,34.544136
mednautilus-submarine-system,MedNautilus Submarine System,1,7,31.050052,33.095517
mednautilus-submarine-system,MedNautilus Submarine System,1,8,33.75005,32.338312
mednautilus-submarine-system,MedNautilus Submarine System,1,9,34.76968,32.045012
mednautilus-submarine-system,MedNautilus Submarine System,1,10,34.53755,32.24321
mednautilus-submarine-system,MedNautilus Submarine System,1,11,34.65005,32.623017
mednautilus-submarine-system,MedNautilus Submarine System,1,12,34.971901,32.7617
mednautilus-submarine-system,MedNautilus Submarine System,2,0,24.012167,35.512043
mednautilus-submarine-system,MedNautilus Submarine System,2,1,23.962557,35.785662
mednautilus-submarine-system,MedNautilus Submarine System,2,2,23.850057,36.512388
mednautilus-submarine-system,MedNautilus Submarine System,2,3,23.737557,37.589787
mednautilus-submarine-system,MedNautilus Submarine System,2,4,23.736187,37.976078
mednautilus-submarine-system,MedNautilus Submarine System,3,0,34.20005,33.095517
mednautilus-submarine-system,MedNautilus Submarine System,3,1,33.75005,33.565491
mednautilus-submarine-system,MedNautilus Submarine System,3,2,33.75005,34.497791
mednautilus-submarine-system,MedNautilus Submarine System,3,3,33.6106,34.827281
mednautilus-submarine-system,MedNautilus Submarine System,4,0,28.988234,41.040618
mednautilus-submarine-system,MedNautilus Submarine System,4,1,28.305814,40.727431
mednautilus-submarine-system,MedNautilus Submarine System,4,2,27.678865,40.552319
mednautilus-submarine-system,MedNautilus Submarine System,4,3,27.180035,40.495681
mednautilus-submarine-system,MedNautilus Submarine System,4,4,26.754935,40.437359
mednautilus-submarine-system,MedNautilus Submarine System,4,5,26.677105,40.37981
mednautilus-submarine-system,MedNautilus Submarine System,4,6,26.605625,40.30783
mednautilus-submarine-system,MedNautilus Submarine System,4,7,26.531695,40.262686
mednautilus-submarine-system,MedNautilus Submarine System,4,8,26.481695,40.22139
mednautilus-submarine-system,MedNautilus Submarine System,4,9,26.388626,40.191704
mednautilus-submarine-system,MedNautilus Submarine System,4,10,26.390776,40.132454
mednautilus-submarine-system,MedNautilus Submarine System,4,11,26.348196,40.086741
mednautilus-submarine-system,MedNautilus Submarine System,4,12,26.260016,40.042345
mednautilus-submarine-system,MedNautilus Submarine System,4,13,26.098196,39.977723
mednautilus-submarine-system,MedNautilus Submarine System,4,14,25.425056,39.524987
mednautilus-submarine-system,MedNautilus Submarine System,4,15,25.425056,38.651812
mednautilus-submarine-system,MedNautilus Submarine System,4,16,25.875056,37.411284
mednautilus-submarine-system,MedNautilus Submarine System,4,17,26.212556,37.232354
mednautilus-submarine-system,MedNautilus Submarine System,4,18,26.325056,36.87322
mednautilus-submarine-system,MedNautilus Submarine System,4,19,25.875056,36.602755
mednautilus-submarine-system,MedNautilus Submarine System,4,20,25.933624,35.836586
mednautilus-submarine-system,MedNautilus Submarine System,5,0,25.875056,36.602755
mednautilus-submarine-system,MedNautilus Submarine System,5,1,25.425056,36.602755
mednautilus-submarine-system,MedNautilus Submarine System,5,2,24.975057,36.331338
mednautilus-submarine-system,MedNautilus Submarine System,5,3,24.525057,36.331338
mednautilus-submarine-system,MedNautilus Submarine System,5,4,24.187557,36.512388
mednautilus-submarine-system,MedNautilus Submarine System,5,5,23.850057,37.589787
mednautilus-submarine-system,MedNautilus Submarine System,5,6,23.736187,37.976078
mednautilus-submarine-system,MedNautilus Submarine System,6,0,28.988234,41.040618
mednautilus-submarine-system,MedNautilus Submarine System,6,1,28.283554,40.744518
mednautilus-submarine-system,MedNautilus Submarine System,6,2,27.670665,40.571463
mednautilus-submarine-system,MedNautilus Submarine System,6,3,27.204355,40.51729
mednautilus-submarine-system,MedNautilus Submarine System,6,4,26.755425,40.455646
mednautilus-submarine-system,MedNautilus Submarine System,6,5,26.644005,40.37549
mednautilus-submarine-system,MedNautilus Submarine System,6,6,26.592925,40.317362
mednautilus-submarine-system,MedNautilus Submarine System,6,7,26.516555,40.276771
mednautilus-submarine-system,MedNautilus Submarine System,6,8,26.447806,40.223703
mednautilus-submarine-system,MedNautilus Submarine System,6,9,26.372226,40.194393
mednautilus-submarine-system,MedNautilus Submarine System,6,10,26.376226,40.146788
mednautilus-submarine-system,MedNautilus Submarine System,6,11,26.344196,40.104595
mednautilus-submarine-system,MedNautilus Submarine System,6,12,26.246056,40.055649
mednautilus-submarine-system,MedNautilus Submarine System,6,13,25.312556,39.524987
mednautilus-submarine-system,MedNautilus Submarine System,6,14,25.312556,38.651812
mednautilus-submarine-system,MedNautilus Submarine System,6,15,25.650056,37.411284
mednautilus-submarine-system,MedNautilus Submarine System,6,16,25.200056,37.232354
mednautilus-submarine-system,MedNautilus Submarine System,6,17,24.637557,37.277127
mednautilus-submarine-system,MedNautilus Submarine System,6,18,24.166307,37.239619
mednautilus-submarine-system,MedNautilus Submarine System,6,19,23.962557,37.589787
mednautilus-submarine-system,MedNautilus Submarine System,6,20,23.736187,37.976078
channel-islands-9-liberty-submarine-cable,Channel Islands-9 Liberty Submarine Cable,0,0,-3.59846,50.324261
channel-islands-9-liberty-submarine-cable,Channel Islands-9 Liberty Submarine Cable,0,1,-3.149924,50.239269
channel-islands-9-liberty-submarine-cable,Channel Islands-9 Liberty Submarine Cable,0,2,-2.812424,50.095145
channel-islands-9-liberty-submarine-cable,Channel Islands-9 Liberty Submarine Cable,0,3,-2.474924,49.587287
channel-islands-9-liberty-submarine-cable,Channel Islands-9 Liberty Submarine Cable,0,4,-2.533374,49.503391
circe-south,Circe South,0,0,0.366674,50.81932
circe-south,Circe South,0,1,0.450074,50.740282
circe-south,Circe South,0,2,1.350073,50.239269
circe-south,Circe South,0,3,1.493433,50.179174
uk-channel-islands-7,UK-Channel Islands-7,0,0,-2.533374,49.503391
uk-channel-islands-7,UK-Channel Islands-7,0,1,-2.418674,49.587287
uk-channel-islands-7,UK-Channel Islands-7,0,2,-2.699924,50.167261
uk-channel-islands-7,UK-Channel Islands-7,0,3,-3.037424,50.311167
uk-channel-islands-7,UK-Channel Islands-7,0,4,-3.59846,50.324261
pan-european-crossing-uk-belgium,Pan European Crossing (UK-Belgium),0,0,1.440993,51.358571
pan-european-crossing-uk-belgium,Pan European Crossing (UK-Belgium),0,1,1.800073,51.306376
pan-european-crossing-uk-belgium,Pan European Crossing (UK-Belgium),0,2,2.475072,51.306376
pan-european-crossing-uk-belgium,Pan European Crossing (UK-Belgium),0,3,2.961892,51.24666
concerto,Concerto,0,0,4.524191,52.363666
concerto,Concerto,0,1,4.520748,52.363307
concerto,Concerto,0,2,4.516014,52.362825
concerto,Concerto,0,3,4.510043,52.362226
concerto,Concerto,0,4,4.502889,52.361515
concerto,Concerto,0,5,4.494607,52.360697
concerto,Concerto,0,6,4.485249,52.359776
concerto,Concerto,0,7,4.474869,52.35876
concerto,Concerto,0,8,4.463521,52.357651
concerto,Concerto,0,9,4.451259,52.356456
concerto,Concerto,0,10,4.438137,52.355179
concerto,Concerto,0,11,4.424209,52.353826
concerto,Concerto,0,12,4.409527,52.352402
concerto,Concerto,0,13,4.394147,52.350911
concerto,Concerto,0,14,4.378121,52.349359
concerto,Concerto,0,15,4.361504,52.347751
concerto,Concerto,0,16,4.344349,52.346092
concerto,Concerto,0,17,4.32671,52.344388
concerto,Concerto,0,18,4.308642,52.342642
concerto,Concerto,0,19,4.290196,52.340861
concerto,Concerto,0,20,4.271428,52.33905
concerto,Concerto,0,21,4.252392,52.337212
concerto,Concerto,0,22,4.23314,52.335355
concerto,Concerto,0,23,4.213726,52.333482
concerto,Concerto,0,24,4.194206,52.331599
concerto,Concerto,0,25,4.174631,52.329711
concerto,Concerto,0,26,4.155057,52.327823
concerto,Concerto,0,27,4.135536,52.32594
concerto,Concerto,0,28,4.116123,52.324067
concerto,Concerto,0,29,4.096871,52.322209
concerto,Concerto,0,30,4.077834,52.320372
concerto,Concerto,0,31,4.059066,52.31856
concerto,Concerto,0,32,4.040621,52.316779
concerto,Concerto,0,33,4.022552,52.315034
concerto,Concerto,0,34,4.004913,52.313329
concerto,Concerto,0,35,3.987758,52.31167
concerto,Concerto,0,36,3.971141,52.310062
concerto,Concerto,0,37,3.955116,52.30851
concerto,Concerto,0,38,3.939735,52.30702
concerto,Concerto,0,39,3.925054,52.305595
concerto,Concerto,0,40,3.911125,52.304242
concerto,Concerto,0,41,3.898003,52.302965
concerto,Concerto,0,42,3.885741,52.30177
concerto,Concerto,0,43,3.874394,52.300661
concerto,Concerto,0,44,3.864014,52.299644
concerto,Concerto,0,45,3.854656,52.298724
concerto,Concerto,0,46,3.846373,52.297905
concerto,Concerto,0,47,3.83922,52.297194
concerto,Concerto,0,48,3.833249,52.296595
concerto,Concerto,0,49,3.825072,52.295753
concerto,Concerto,0,50,3.825072,52.295753
concerto,Concerto,0,51,3.816072,52.294224
concerto,Concerto,0,52,3.807072,52.292694
concerto,Concerto,0,53,3.798072,52.291164
concerto,Concerto,0,54,3.789072,52.289635
concerto,Concerto,0,55,3.780072,52.288105
concerto,Concerto,0,56,3.771072,52.286576
concerto,Concerto,0,57,3.762072,52.285046
concerto,Concerto,0,58,3.753072,52.283516
concerto,Concerto,0,59,3.744072,52.281987
concerto,Concerto,0,60,3.735072,52.280457
concerto,Concerto,0,61,3.726072,52.278927
concerto,Concerto,0,62,3.717072,52.277397
concerto,Concerto,0,63,3.708072,52.275867
concerto,Concerto,0,64,3.699072,52.274338
concerto,Concerto,0,65,3.690072,52.272808
concerto,Concerto,0,66,3.681072,52.271278
concerto,Concerto,0,67,3.672072,52.269748
concerto,Concerto,0,68,3.663072,52.268218
concerto,Concerto,0,69,3.654072,52.266688
concerto,Concerto,0,70,3.645072,52.265158
concerto,Concerto,0,71,3.636072,52.263628
concerto,Concerto,0,72,3.627072,52.262098
concerto,Concerto,0,73,3.618072,52.260567
concerto,Concerto,0,74,3.609072,52.259037
concerto,Concerto,0,75,3.600072,52.257507
concerto,Concerto,0,76,3.591072,52.255977
concerto,Concerto,0,77,3.582072,52.254446
concerto,Concerto,0,78,3.573072,52.252916
concerto,Concerto,0,79,3.564072,52.251386
concerto,Concerto,0,80,3.555072,52.249855
concerto,Concerto,0,81,3.546072,52.248325
concerto,Concerto,0,82,3.537072,52.246794
concerto,Concerto,0,83,3.528072,52.245264
concerto,Concerto,0,84,3.519072,52.243733
concerto,Concerto,0,85,3.510072,52.242203
concerto,Concerto,0,86,3.501072,52.240672
concerto,Concerto,0,87,3.492072,52.239141
concerto,Concerto,0,88,3.483072,52.237611
concerto,Concerto,0,89,3.474072,52.23608
concerto,Concerto,0,90,3.465072,52.234549
concerto,Concerto,0,91,3.456072,52.233018
concerto,Concerto,0,92,3.447072,52.231487
concerto,Concerto,0,93,3.438072,52.229957
concerto,Concerto,0,94,3.429072,52.228426
concerto,Concerto,0,95,3.420072,52.226895
concerto,Concerto,0,96,3.411072,52.225364
concerto,Concerto,0,97,3.402072,52.223832
concerto,Concerto,0,98,3.393072,52.222301
concerto,Concerto,0,99,3.375072,52.219239
concerto,Concerto,0,100,3.375072,52.219239
concerto,Concerto,0,101,2.025073,52.21158
concerto,Concerto,0,102,1.620288,52.207212
farland-north,Farland North,0,0,1.590603,52.15784
farland-north,Farland North,0,1,2.025073,52.004297
farland-north,Farland North,0,2,2.925072,51.586834
farland-north,Farland North,0,3,3.496162,51.563951
circe-north,Circe North,0,0,1.729273,52.468823
circe-north,Circe North,0,1,2.250073,52.417901
circe-north,Circe North,0,2,3.825072,52.417901
circe-north,Circe North,0,3,4.524191,52.363666
e-llan,E-LLAN,0,0,-4.480883,54.150478
e-llan,E-LLAN,0,1,-4.274923,54.100057
e-llan,E-LLAN,0,2,-3.599923,53.901685
e-llan,E-LLAN,0,3,-3.050754,53.808976
lanis-3,Lanis-3,0,0,-4.659932,55.541332
lanis-3,Lanis-3,0,1,-4.949922,55.46235
lanis-3,Lanis-3,0,2,-5.624922,54.819362
lanis-3,Lanis-3,0,3,-5.718722,54.753702
finland-estonia-3-eesf-3,Finland-Estonia 3 (EESF-3),0,0,24.276617,59.400955
finland-estonia-3-eesf-3,Finland-Estonia 3 (EESF-3),0,1,24.412557,59.679664
finland-estonia-3-eesf-3,Finland-Estonia 3 (EESF-3),0,2,24.750057,59.962432
finland-estonia-3-eesf-3,Finland-Estonia 3 (EESF-3),0,3,24.932477,60.171163
bcs-east,BCS East,0,0,21.011189,56.508369
bcs-east,BCS East,0,1,20.812559,56.407518
bcs-east,BCS East,0,2,20.812559,56.157726
bcs-east,BCS East,0,3,21.082679,56.028507
batam-dumai-melaka-bdm,Batam Dumai Melaka (BDM),0,0,104.016637,1.066798
batam-dumai-melaka-bdm,Batam Dumai Melaka (BDM),0,1,103.500001,1.173168
batam-dumai-melaka-bdm,Batam Dumai Melaka (BDM),0,2,103.340651,1.187328
batam-dumai-melaka-bdm,Batam Dumai Melaka (BDM),0,3,102.682797,1.502034
batam-dumai-melaka-bdm,Batam Dumai Melaka (BDM),0,4,102.150002,1.693341
batam-dumai-melaka-bdm,Batam Dumai Melaka (BDM),0,5,101.728127,1.721403
batam-dumai-melaka-bdm,Batam Dumai Melaka (BDM),0,6,101.447662,1.665523
batam-dumai-melaka-bdm,Batam Dumai Melaka (BDM),1,0,101.447662,1.665523
batam-dumai-melaka-bdm,Batam Dumai Melaka (BDM),1,1,101.728127,1.777527
batam-dumai-melaka-bdm,Batam Dumai Melaka (BDM),1,2,101.925002,1.918229
batam-dumai-melaka-bdm,Batam Dumai Melaka (BDM),1,3,102.220902,2.27326
pgascom,PGASCOM,0,0,103.466701,-0.816543
pgascom,PGASCOM,0,1,103.893751,-0.331409
pgascom,PGASCOM,0,2,103.893751,0.118588
pgascom,PGASCOM,0,3,103.556251,0.793563
pgascom,PGASCOM,0,4,103.668751,1.018534
pgascom,PGASCOM,0,5,104.016637,1.066798
pgascom,PGASCOM,1,0,103.705961,1.259306
pgascom,PGASCOM,1,1,103.865576,1.185378
pgascom,PGASCOM,1,2,104.016637,1.066798
boracay-palawan-submarine-cable-system-bpscs,Boracay-Palawan Submarine Cable System (BPSCS),0,0,119.50038,10.82
boracay-palawan-submarine-cable-system-bpscs,Boracay-Palawan Submarine Cable System (BPSCS),0,1,120.149989,10.975828
boracay-palawan-submarine-cable-system-bpscs,Boracay-Palawan Submarine Cable System (BPSCS),0,2,120.599989,11.73565
boracay-palawan-submarine-cable-system-bpscs,Boracay-Palawan Submarine Cable System (BPSCS),0,3,120.824989,12.175887
boracay-palawan-submarine-cable-system-bpscs,Boracay-Palawan Submarine Cable System (BPSCS),0,4,121.050188,12.363013
boracay-palawan-submarine-cable-system-bpscs,Boracay-Palawan Submarine Cable System (BPSCS),1,0,120.200769,12.005434
boracay-palawan-submarine-cable-system-bpscs,Boracay-Palawan Submarine Cable System (BPSCS),1,1,120.374989,11.845776
boracay-palawan-submarine-cable-system-bpscs,Boracay-Palawan Submarine Cable System (BPSCS),1,2,120.599989,11.73565
boracay-palawan-submarine-cable-system-bpscs,Boracay-Palawan Submarine Cable System (BPSCS),2,0,121.944812,11.949266
boracay-palawan-submarine-cable-system-bpscs,Boracay-Palawan Submarine Cable System (BPSCS),2,1,121.93593,11.937514
boracay-palawan-submarine-cable-system-bpscs,Boracay-Palawan Submarine Cable System (BPSCS),2,2,121.950778,11.93093
saudi-arabia-sudan-1-sas-1,Saudi Arabia-Sudan-1 (SAS-1),0,0,37.219678,19.615567
saudi-arabia-sudan-1-sas-1,Saudi Arabia-Sudan-1 (SAS-1),0,1,37.589238,20.130436
saudi-arabia-sudan-1-sas-1,Saudi Arabia-Sudan-1 (SAS-1),0,2,38.100047,20.656014
saudi-arabia-sudan-1-sas-1,Saudi Arabia-Sudan-1 (SAS-1),0,3,39.182756,21.481533
falcon,FALCON,0,0,39.182756,21.481533
falcon,FALCON,0,1,38.700047,20.375041
falcon,FALCON,0,2,37.589238,19.813238
falcon,FALCON,0,3,37.219678,19.615567
falcon,FALCON,1,0,72.875903,19.076074
falcon,FALCON,1,1,70.200025,19.740987
falcon,FALCON,1,2,66.600027,20.375041
falcon,FALCON,1,3,63.675029,22.469444
falcon,FALCON,1,4,59.850033,24.634956
falcon,FALCON,1,5,58.500033,23.968511
falcon,FALCON,1,6,58.176203,23.684878
falcon,FALCON,1,7,57.881283,24.122617
falcon,FALCON,1,8,57.375034,25.348717
falcon,FALCON,1,9,57.150034,26.159308
falcon,FALCON,1,10,56.981284,26.562513
falcon,FALCON,1,11,56.743004,26.973182
falcon,FALCON,1,12,56.274154,27.187253
falcon,FALCON,1,13,56.250034,26.813799
falcon,FALCON,1,14,55.800035,26.411476
falcon,FALCON,1,15,55.350035,26.361086
falcon,FALCON,1,16,53.550036,26.361086
falcon,FALCON,1,17,52.875037,26.562513
falcon,FALCON,1,18,52.200037,26.964305
falcon,FALCON,1,19,51.525038,27.364668
falcon,FALCON,1,20,50.175039,27.962503
falcon,FALCON,1,21,49.162539,28.655812
falcon,FALCON,1,22,48.60004,29.148249
falcon,FALCON,1,23,48.48754,29.246455
falcon,FALCON,1,24,47.97484,29.374104
falcon,FALCON,1,25,48.60004,28.853067
falcon,FALCON,1,26,49.162539,28.458186
falcon,FALCON,1,27,50.175039,26.964305
falcon,FALCON,1,28,50.175039,26.461844
falcon,FALCON,1,29,50.214199,26.285375
falcon,FALCON,1,30,50.343789,26.461844
falcon,FALCON,1,31,50.512538,26.461844
falcon,FALCON,1,32,50.576018,26.229495
falcon,FALCON,1,33,51.187538,26.361086
falcon,FALCON,1,34,51.637538,26.260241
falcon,FALCON,1,35,51.750038,26.058288
falcon,FALCON,1,36,51.519278,25.294609
falcon,FALCON,1,37,52.200037,25.754704
falcon,FALCON,1,38,53.550036,25.855985
falcon,FALCON,1,39,55.125035,25.855985
falcon,FALCON,1,40,55.125035,25.551883
falcon,FALCON,1,41,55.308535,25.269354
falcon,FALCON,1,42,55.237585,25.551883
falcon,FALCON,1,43,55.350035,25.754704
falcon,FALCON,1,44,55.800035,26.108809
falcon,FALCON,1,45,56.246814,26.181305
falcon,FALCON,1,46,56.362534,26.461844
falcon,FALCON,1,47,56.587534,26.461844
falcon,FALCON,1,48,56.756284,26.159308
falcon,FALCON,1,49,57.262534,25.348717
falcon,FALCON,1,50,57.825033,24.122617
falcon,FALCON,1,51,58.176203,23.684878
falcon,FALCON,1,52,58.500033,23.814221
falcon,FALCON,1,53,58.950032,23.659746
falcon,FALCON,1,54,59.850032,22.884654
falcon,FALCON,1,55,60.075032,22.469444
falcon,FALCON,1,56,59.850032,19.104405
falcon,FALCON,1,57,58.950032,18.038005
falcon,FALCON,1,58,55.350035,16.31838
falcon,FALCON,1,59,52.650037,15.235782
falcon,FALCON,1,60,48.60004,13.492128
falcon,FALCON,1,61,45.450042,12.725156
falcon,FALCON,1,62,44.550043,12.230866
falcon,FALCON,1,63,43.678168,12.395734
falcon,FALCON,1,64,43.326606,12.615396
falcon,FALCON,1,65,43.242231,12.834869
falcon,FALCON,1,66,43.059419,13.054151
falcon,FALCON,1,67,42.637544,13.929304
falcon,FALCON,1,68,42.131294,14.801154
falcon,FALCON,1,69,41.062545,16.534196
falcon,FALCON,1,70,40.050046,18.251816
falcon,FALCON,1,71,38.700047,20.375041
falcon,FALCON,1,72,37.912547,22.052986
falcon,FALCON,1,73,36.675048,24.122617
falcon,FALCON,1,74,35.662549,25.754704
falcon,FALCON,1,75,35.015674,26.562513
falcon,FALCON,1,76,34.20005,27.364668
falcon,FALCON,1,77,33.497251,28.161052
falcon,FALCON,1,78,32.990676,28.951555
falcon,FALCON,1,79,32.709426,29.344567
falcon,FALCON,1,80,32.540673,29.638336
falcon,FALCON,1,81,32.540681,29.974235
falcon,FALCON,2,0,76.97023,8.798161
falcon,FALCON,2,1,76.50002,8.190543
falcon,FALCON,2,2,75.545133,6.628747
falcon,FALCON,2,3,74.250022,5.398081
falcon,FALCON,2,4,73.500022,4.166668
falcon,FALCON,3,0,75.545133,6.628747
falcon,FALCON,3,1,79.200018,6.628747
falcon,FALCON,3,2,79.872088,6.927037
falcon,FALCON,4,0,52.182457,16.213004
falcon,FALCON,4,1,52.650037,15.669513
falcon,FALCON,4,2,52.650037,15.235782
falcon,FALCON,5,0,60.627371,25.258665
falcon,FALCON,5,1,59.850033,24.634956
falcon,FALCON,6,0,48.53178,29.923633
falcon,FALCON,6,1,48.60004,29.540508
falcon,FALCON,6,2,48.48754,29.246455
falcon,FALCON,7,0,48.53178,29.923633
falcon,FALCON,7,1,48.71254,29.540508
falcon,FALCON,7,2,48.60004,29.148249
falcon,FALCON,8,0,42.954524,14.797809
falcon,FALCON,8,1,42.750044,14.69236
falcon,FALCON,8,2,42.131294,14.801154
